?? ???,?????,??? ??????
???? ?? -?????,"????? ?????? ?????? ???, ??? ???","???? ??? ????? ??? ?????? ??????? ??????? ?????? ??????? ??????? ???????. ????? ??? ????? ?????? ?? ???? ????? ???????, ??????, J.N.F ???? ????? ????? ?????? ??????? ????? ????? ????????? ??'????. ?????? ?????? ?????? ?? ?????? ?????? ???? ????? ???? ????? ??? ?????? ?????? (???? ?????? ????? ?????). ???? ?? ????? ????? ????? ?????? ??????? ??? ?? ?????? ??????? ?????? ????? ??????. ?????? ?????? ????? ?????? ?? ????? ??? ????? ???????? ???-??????? ??????? ?????? ?????? ?????? ????? ???????? ??????. ???? ??? ??? ???? ????? ????? ???? ?????? ?????? ??????? ????? ?????? ?? ??????? ???????? ??????? ????? ????, ??????? ??????? ????? ?? ?? ????? “????? ??? ????”. ?????, ???? ???? ?????? ??????? ????? ????? ????? ???? ?????? ?? ???? ????? ??????? ?? ??? ????????."
???? ?? ???,"????""??? ????? ????? ????? ?????? ?? ?????","???? ??? ????""??? ????? ????? ????? ?????? ?? ?????. ???? ?? ????? ??????? ???? ??? ?????. ?????? ?????? ????? ?????? ?? ????? ??? ?????? ?? ?????, ???? ????? ?????? ??????? ?????? ???????? ?????? ???? ?????? ?????? ?????, ??????? ???????? ?????? ?? ????????? ?? ????. ?????, ??? ????? ??????? ??, ?????? ???? ??????? ???????? ??????? ?????, ???? ???????? ?????? ??????? ????????? ?????? ???? ???????, ?????? ???? ???? ????? ????? ?????, ???? ??????? ????? ?????? ???? ??????, ???? ?? ??????, ???? ?? ????? ????? ?????, ?????, ?????, ?????, ??????, ?????? ??????? ?????? ?????, ?????? ???? ?????? ?????. ???? ????? ?????? ????? ????? ????? ??????? ??? ????? ??????? ????? ????? ????? ???? ??????? ?????. ?? ?????? ??????? ???????? ?????? ???? ?????? ?????, ???? ?????? ?? ??????? ?????? ????? ????? ?? ????? ?????, ????? ???? ??????? ?????? ?????? ????? ??????? ???????, ?????? ???????? ????."
???? ????????,????? ?????? ???? ???? ?????? ??????,"????, ????? ?????? ?????? ???????, ??? ??? ???? ????? ????? ?????? ???? ???? ?????? ??????. ???? ??????? ????? ??? ?????? ???? ????? ????? ????? ????? ????? ???? ????? ?????? ?? ????? ????? ???? ?????, ?????? ?-1500 ??????. ?????? ????? ?? ???? ??? ????? ??? ???? ??????, ??????????, ?????? ??????? ??????. ???? ???? ?? ????? ???????? ?? ??? ???? ?? ???? ?????, ?????? ?????? ?? ??? ""?? ?? ????"" ?????? ????? ??????? ????? ????? ???? ?????? ?????? ???!"
??? ???????,"????? ???? ?????? ???? ????? (???""?) ????? ???? ????? ??????","??? ????? ?? ??? ???????? ???????? ???????? ?? ????? ????? ?????? – ?????? ??????? ?? ????? ?????, ????? ?????? ????? ?? ?????? ???????? ???? (Long Life Learning). ???? ???""? ???? ????? ????? ?? ?-6,000 ????? ????? ???? ??????. ???? ??? ??? ????? ?? ??? ?????? ????? ??????? ??????? ??????? ????????? ?????? ?????? ??? ????? ????? ?????, ????? ??????? ?????? ???????? ???????? ?????????? ??????? ?????? ??????. ??? ??? ????? ?????? ??????? ?????? ????? ?????? ?? ?????? ????? ???? ?????? ?????? ????? ????? ????????. ?????, ??? ??? ???? ??????? ??????? ???? ?????? ????? ?????? ??????."
????? ??????,"????""? ?????? ????? ?????? ????, ??????","???? ?????? ??????? ""????"" ?? ???? ?????? ????? ?????? ????????. ??? ?????? ?? ???? ?-17 ???? ?????? ????? ?????? ?????, ????? ??????, ????? ???????? ???????. ???? 2004 ??? 2021 ????  ???? ?? ??????? ???????? ?????? ?????, ????? ??????? ??????? ???????? ?????"
???? ?????,???? ???? - ???????? ?????? ?????? ?????? ?? ?? ???? ????,"???? ???? ???? ????? ???? ???????? ??  ???? ?????? ???????? ?????? ?????? ?????? ?? ?? ???? ??????? ???? ?????? ???? ????? ?? ????? ????? ??? ????? ?????? ??????, ????? ???? ?? ????? ?? ????? ???? ?????? ????? ???????? ?????????,  ????? ?????? ???? ?????? ??? ??? ?????? ????? ???? ??? ?? ???? ?????? ??? ????? ???????.  ???? ?? ???? ?? ???? ?????  ???? ?????? ????? ?? ????? ???? - ???? 105. ??????? ????? ??? ???? ???? ???? ?????? ? ???? - ???? ????? ?????? ?????? ??? ???? ????? ??????? ????? ??? ???? ?????? ?? ?????? ????????, ??????? ??????? ????. ???? ??? ??? ???? ????? ????? ?????? ??? ????? ????? ???? ????? ??????. ?????? ?????? ????? ????? ?????? ????? ??????? ??????? ??????? ?????? ??????? ???????? ????????? ?????? ????? ????? ?????. ?????? ???? ????? ??????? ????????, ??? ?????? ?? ????? ????? ???????? ?????. ??????? ?????? ???? ????? ???????? ??????? ?????? ?????? ????, ????? ?? ???? ??????? ??????? ????? ???????."
????? ????,"??? ??? ???? ?????? ????? ????""? ???? TAGA URBANIC","????? ??? ??? ??? ???? ?????? ????? ????""? ???? TAGA URBANIC ?????? ????""? ????????. ???? ??? ??? ???? ????? ?? ????? ?????, ?? ?? ???? ?????? ??? ????'?? ?""?, ??????? ???? ???? ?????? ???? ?? ????????, ?????? ???????, ????? ??????? ????? ????? ????????. ?????? ?????? ?????? ??? ???? ?? ?????? ????? ??????? ?????? ????? ???? ??? ?????? ??????? ??????? ?????? ?????? ??????????, ??? ?? ??? ???? ??”? ????? ?????? ???? ???? 2011. ?????? ???????, ????? ??? ??? ????? ???? ??? ?????."
????? ????,???? ???? ???? ?????? ?????????,"????? ???? ????? ???? ???? ?? ?????? ????????? ??? ???? 2019. ?????? ????? ?? ??? ???? ?? ????? ????? ????? ?????? ????? ????? ????, ????? ?????? ?? ??? ?????? ?????? ????????. ???????? ??????? ??? ????? ?? ?????? ??????? ???? ??? ???? ???? ?????? ??????. ????? ???? ?????? ??????? ??????? ?? ????."
??? ????,"???""? ????? ?????","???""? ????? ????? ????? ????? ?????? ?????? ?????? ????? ??????.
??? ??? ???? ???'??"
???? ???????,???? ???? ???? ????? ???? ?????? ????? ?????,"??????? ?????? ???? ???? ????? ???? ???? ????? ???? ?????? ?????. ??? ?????? ?????? ???? 1994 ???? ?????? ????? ?????? ?????. ??? ??????? ??????? ??????: ??? ???? ?????? ????? ??????? ?????""?, ???? ????""? ????? ?? ????? ?????? ????? ?? ????, ?? ????? ( ???? ??????? ?????? ?????), ????? ???????? ??????, , ???? ???? ???? ( ?????, ??????, ????? ??, ????? ????? ??????) ????? ???? ????? (????, ??????, ????? ?????, ???????, ???? ????)."
???? ??????,"???? ????? ?????, ????","???? ????? ???? ????? ??? ????
 ???? ???? ????? ?????? ????? ?????? 
???? ???? ??? ????? ????? ???? ????"
????? ????? ?????,"???? ??""? ???? ?""? ?????? ?????","????? ??? ???? ???? ????? ????? ?????? ?????. ??? ??????, ??? ????? ????? ???? ?? ?????? ???? ?????, ?????? ??? ???? ??????? ??????? ?????? ???? ?????? ???????, ?????, ?????, ???????? ?????? ????. ???????? ??????? ??? ??? ???? ????? ?????, ??? ???? ????? ???? ?????? ????, ??? ???? ????? ?????? ?? ???? ???? ???? ??? ????? ???? ????? ?? ???? ???? ?????, ????? ??????? ?? ?????? ????????? ?? ?-2 ?????? ????? ?????. ???? ??? ?? ???? ????? ??""? ?? ????? ????? ????? ???? ???? ????? ????? ????? ?????? ?????. ?????? ???? ????? ?????? ???? ?????? ??? ????, ???? ???? ???? ?????? ???, ???? ??????, ???? ????? ????? ????? ???""?. ?? ?????? ???????? ??? ????? ???? 1991 ???????? ???""?, ???? ???? ??""? 1."
????? ?????,???? ????? ????? ???? ?????,"????? ??? ???""? ????? ?????? ????? ???????. ??????? ????? ??? ??? ???""? ??-?????? - ????? ?????? ??????? ???????? ????? ??????? ????? ?????? ????? ?????? ????? ?????? ?????? ??????? ????? ?????????, ?????? ?????, ????? ???? ??????? ????. ??? ??, ???? ?????, ??? ??? ??? ???? ?????? ????? ???? ???? ???? ??????? ??????? ?????? ???? ??????? ???????? ??????? ????? ??????? ??????. ??????, ??? ???? ????? ????? ???? ????? ?????? ?????? ??????, ???? ?????? ????? ??????? ???????? ????? ???""? ?????? ???? ?????? ??????? ????? ??????? ????? ????? ?? ??? ??????. ???? ???, ??? ????? ?????? ????? ????? ?????? ???? ???? - ??????? ????? ??????."
???? ?????,????? ?????? ????? ?????? ????,"????? ?? ??? ?????? ?? ????? ??????? ???? 2020, ???? ????? ?????? ????? ?????? ?? ????? ?????? ???? - ??? ?????. ??? ?????? ?????? ??, ????? ????? ?????? ???, ????? ??????. ?? ???? ???????? ???? ???""? ?????? 10 ???? ?????? ?????? ??? ???????? ????? ???? ??????. ???? 2004 ????? ????? ?????? ???""?, ???? ?????? ?????? ?????? ?????? ???? ????? ??????, ????? ????? ?????? ????? ??????? ???????????. ????? ????? ???? ????? ????? ????""? ?????? ?????? ????? ????? ????? ????????. ???? ????? ?????? ????? ????? ????? ???? ????? ????? ???? 2001."
???? ?????,"???""? ??????","???? ???? ?????? ??? ????? ?????????? ?-15 ????? ????????. ??? ????""? ????? ??????? (??? ??????) ??? 2017, ????? ?? ???? ?? ??????? ?????? ?? ????? ??????. ???? ???? ?? ??????? ?? ????? ????????? ??? ????? ????????? ?????? ???? - Appleseeds."
??? ??????,"????""? ???????? ??????? ?????? ???""?","??? ??? ????""? ???????? ??????? ?????? ?????? ?????? ?????. 
?????? ?????? ??? ????? ?? ????? ??????? ?? ???? ?????? ???""?, ?????? ?? ??? ??????? ?????? ????? ??? ??? ??????? ???????? ???????? ??? ?? ????? ????????? ?????? ?????? ??????.
????? ??? ??? ?????? ?? ?????? ??? ????????? ???????? ?????? ?????? ?????? ????? ?????? ??????? ?????????? ??? ?????? ????? ?? ?????? ?????? ??????? ??? ????.
????, ?????? ?? ???? ????? ?????? ?????? ?????????? ??????? ??? ???? ???? ??????? ???? ??????? ??????? ??""?- ??""?. 
??? ????? ?????? ???? ??????? ?? ??""? ??""? ??????? ??????? ??????? ??????? ????? ??????. 
?????? ???""? ??? ?????? ?? ??????? ?? ????? ???""? ?????? ????? ???."
???? ???????,??? ???? ?????? ???????? ??????? ????????? ??????,"????? ??? ??? ???? ?????? ???????? ??????? ????????? ??????. ?????? ?????? ??? ???? ?????? ???? ?????? ??????? ????? ????: ?????? ?????, ???????? ???????????, ???? ????? ??????? ?????????. ?????, ??? ???? ???? ????? ???? ?????? ????? ??????? ?????? ????? ?? ????? ?????? ?? ????? ?????? ?????? ???""?. 
??? ????, ??? ????? ????? ?? ????? ????????? ???? ?????? ""???? ?????"" ??????? ??????? ????? ???? ????? ""????? ????"".
???????, ????? ?????? ???? ????????? ?? ?????? ""?????? ?? ??????"", ?????? ???????? ?? ????? ????? ??? ??? ?????? ?????? ??????? ????? ??????.
????,  ??? ?????? ??????? ?????? ?????????, ?? ??? ?????? ??????? ????? ???????, ?????? ??? ??????? ?????. 
??????? ??????? ?? ????? ????? ?? ????? ?? ??? ????? ???? ??? ????? ????? ???. ?????, ??? ??? ??? ??????? ??????? ?? ????? ????? ??? ?????? ???? ??? ????? ???? ?????? ??? ????? ???? ????? ?????? ????? ????-??????? ?????? ????? ?? ????.
????? ??? ???? ?????."
????? ???????,?????? ????? ????? ?????,"????? ???? ?????? ????? ????? ????? - ?????? ?? ????? ???????? ????????, ?? ????? ??????? ?????? ?????? ??? ?????? ??????????? ?? ???? ?????. ??????? ????? ??? ??? ???????? ??????. ???? ?? ???? ???? ??? ???? ?????? ??????? ??????, ???? ??? ??????. ???? ???, ???? ????? ???? ?????? ???? ???????? ?????? ???? ?????? ?????. ????? ????? ??? ????? ??????? ??????? ?????? ??? ????, ?????? ???????, ??????, ????? ??????, ???????? ????-???????. ?????? ??????? ?????? ??????? ????? ???? ????""?, ????? ?????? ??????? ??? ?? ?????. ??? ??, ?????? ????? ????? ???? ?????? ?????? ???????????? ??????."
???? ????,"???""? ????? ?????? ???? ???? ????????","???? ??? ???""? ????? ?????? ???? ???? ????????. ???? ???? ????? ????? ?65,000 ??????. ???? ?? ???? ?? ????? ?????? ????? ?????? ????????. ???? ?? ???? ????? ???? ?? ?????? ??? ??? ?????? ?? ????? ??????? ???? ????? ????? ??????? ?????? ??? ?????? ????? ??????? ??????? ???? ???? ????? ???? ?????? ????? ????. ????, ???? ??? ????, ??? ????? ??? ???? ??? ?-12 ????? ???????? ??????/?????? ????? ???? ?????? ???????? ????? ????."
????? ???????,???? ????? ??? ?? ???,"?'???? ??? ???? ?????? ??? ?? ??? ??? ??? 2013. ???? ??? ???? ???? ????? ????? ???? ??????? ?????? ??????? ?????? ????? ?????? ?? ?????? ???????, ?????, ?????? ????????. ??? ?? ??? ??????? ???? ?? ????? ??? ??? ???? ????? ??????."
???? ???????,"???? ??????? ???????, ???? ?????? ??????","???? ??? ???? ??????? ???????, ????? ?????? ??????. ??? ??? ?????? ?? ?????? ???????? ???????, ??????? ????????? ?????????. ???? ????? ?? ?????? ????? ????? ?? ??? ???? ???? ????? ??????. ???? ?????? ?????? ????? ????????? ?????? ???????? ?????? ?????? ?????. ???? ?????? ??????? ????? ??????? ???? ???? 2018 ??????? ??????? ??? ????? ???? ??????????? ??????. ??? ???? ????? ?????? ?????? ?????? ??????? ????, ????? ???????? ????? ?????? ??????, ????? ???? ?????? ???? ???????, ???? ???? ??? ???????? ??????? ??????????? ?? ????."
?????? ???????,????? ?????? ???????? ??????? ??????? ??? ?????,"?????? ??? ????? ???????? ???? ?????, ?????? ??????? ??? ????? ?????? ??????: ?? ??? 2013 ???? ?????? ???????? ??????? ???? ???????, ?????? ??????? ????? ??????? ???????? ??? ?????? ??????, ????? ???? ?????? ???????, ?????? ?????? ????? ?????? ??????, ??????? ?????? ?????? ??? ????. ???? 2013 ???? ????? ??? ??? ????? ?????? ?????? ?????? ?? ?????? ?????? ???? - ????? ???? ?????? ?????? ?????? ?????? ??????? ?? ????? ?????? ?????. ???? ???? ???? ??? ??? ????? ????? ?? ?????? ?????? ?????. ??? ??????? 2021 ??? ????? ?? ?????? ???????? ??????? ???? ?????, ????? ????? ???? ?????? ????."
??? ?????,???? ??????  ????? ?????,"??? ??? ???? ?????? ????? ?????. ???? ?? ????? ???? ????? ?????? ????? ???? ???????? ?? ???? ?????. ?????? ?????? ????? ????? ?????? ?? ????? ???????? ??? ????? ?????? ??????, ?????? ??????? ??????."
??? ??????,"???? ??? ???? ??????? ?????""?, ???? ????? ????? ??? ???? ?????? ????? ?????""?, ???? ?????","??? ??? ???? ??? ???? ??????? ?????""? ????? ????? ?????? ?? ???? ??? ???? ?????? ?????, ???? ???? ???""? ???? ?????? ?????? ?????? ???? ?????.  ???? ??? ???? ???""? ???? ?????? ?????? ????? ???? ?????. ???? ?? ???? ?? ????? ??? ????????? ????? ???????. ????? 2013-2017 ???? ????? ?????? ?? ?????? ??""? ????""?. ????? ????? ?????? ?????? ????, ????? ????? ????? ??????? ???? ?? ??????? ???????? ??????? ????? ?????? ???? ???????."
???? ???,"???? ????? ?????????? ????????, ???? ???? ???????, ????? ??????? ???? ??? ?????? ??????","???? ????? ?????????? ???????? ????? ???? ??????? ????? ??????? ???? ???.
?????? ???? ?-5 ???? ????? ??? ????? ??????????? ??????.
????? ???? ??????? ????? ???? ?????? ???? ?????? ???????????."
????? ????'??,????? ????? ????? ?????? ????????,"????? ??? ????? ????? ?????? ?????? ???? ????? ???????. ??? ??????? ???? ??????? ???? 2020 ??? ????? ?? ?????? ??????? ???? ??????, ????? ??? ????? ?? ?????? ?????? ??????? ?-2017. ?? ???? ???????? ????? ?????? ???? 2007 ?????? ?????? ?? ??? ????""?., ????? ??? ???? ?-2014 ?????? ????? ??? ????-????????? ???? ????? ???????."
????? ????,????? ???? ????? ?????? ???? ?????? ??????? ???????? ????? ?????,"????? ????? ?? ???? ????? ?????? ???? ?????? ??????? ???????? ????? ????? ???? 2022. ???? ???? ???? ?????? ?????: ?????? ???????? (??????? ??????? ?????""?, ?????? ???? ????), ?????? ???? (????? ???? ??????? ??????? ?????? ?????""?), ????? ?????? (??????? ???????? ????? ??????? ?????) ??????? ????????? (?????? ?????, ??????? ?????????). ???? ?? ??? ????? ?? ??? ?????? ???? ????? ????? ?????? ????? ?? ???? ??? ???? ???? ?????? ???? ?????? ??????. ???? ??? ????? ?? ????? ????????, ????? ????? ???? ??????? ????? ??????. ????? ?????? ?????? ?????? ???? ??????? ???????? ?????? ?????? ?????? ????? ??? ????? ????? ????? ????? ????? ?????? ???????? ????? ??????."
???? ????,"???? ???? ????? ??????? ??""?","???? ??? ???""? ???? ????? ??????? ??""?. ???? ???? ???? ????? ???????? ????? ?????? ???????, ????? ?? ??? ??? ????? ?????? ????? ???????. ???? ??? ??? ???""? ????? ??""? ????? ?? ???? ????""? ?????? ?????? ????. ??????, ??? ??? ?????? ??????? ????? ?? ???? ??????, ???? ???""? (????????) ?? ?????? ???? ????? ????, ???? ???? ????? ?????? ??????? ?????? ????? ???""? ?????? ?????? - ????? ??????? ?????. ???? ???? ???? ????""? ???????? ?????? ??????????."
???? ????,???? ?????? ??? ???,"???? 2004 ???? ??? ???? ????? ????? ????? ?? ?????? ??? ??? - ???? ???? ?????? ?????? ??????? ???? ???? ?????? ??????? ?????? ?????? ??????? ???????. ????? 2004-2000 ??? ????""? ????? ????? ??? ????? ???? ????? ????. ??????, ???? ???? ??????? ??????? ??????????: ???? ???? ???? ????? ???????? ????? ?????? ?????? ??????? ????? ???????? ???????, ?????? ????? ???????? ?? ??????? ????????? ?? ????? ?????? ?????, ???????? ?????? ??? ????? ?????? ?????????? ?????? ????? ????????. ???? ???? ???????? ???? ??? ????? ?????? ??????? ?????? ????."
??? ????,"???""? ????? ?????? ?????","??? ???? ???? ????""? ????? ?????? ?????.
 
???? ??? ???? ????? ???? ???? ???? ???? ????????????? ?????? ???? ???? ????? ?????.

????? ??? ????? ?""? ??? ???? ????.
??????? ????? ??? ?????? ??????? ????? ?????? ??? ??? ??????. 
???? ?? ???? ???????? ???????? ??????,
???? ?????? ??????? ????, ???? ??? ??? ????? ?????,
???? ???????? ?? ????? ???? ????? ???? ???? ???? ?????."
???? ??????,"????? ??? ?' ?????, ???? ???? ????? ??????","???? ??? ????? ??? ?' ?????, ???? ???? ????? ??????. ??????? ????? ????? ????""? ??????, ???? ??????. ???? ?? ???? ????? ???? ???? ???? ????? ????? ??????? ????? ?????, ????? ????? ???????. ????? ???? ??? ???? ?? ??????? ????- ????? ?????? ??? ????? ???? ???. ????? ???? ?????? ???? ??????? ?????? ????? ????? ????? ??? ????? ????? ??????? ?????? ?????? ""????? ???????"". ???? ?????? ????? ???? ??? (???""?) ??????."
?? ?????,?????????? ????? ????? ????,"?? ????? ?????? ????? ?????, ?????? ?????? ?????? ??????? ????? ?????? ?????? ????????. ????? ????? ???? ????? ?????? ?????, ???? ??????? ??????? ????????, ?????????? ????? ?????? ?????? ?? ?????. ???? ??? ????? ?????? ?????? ???? ??? ????? ????? ??????? ?? ??? ?????? ??????? ????????. ????? 2010-2009 ??? ????? ?????? ????? ""?????? ??????, ????? ?? ???? ??????? ???? ??????? ????? ?????? ?? ??????? ?????? ???????? ???????? ?? ???? ????. ??? ???? ?? ????? ????? ?????? ??????? ???????? ???? ??""? ?????? ??????? ??? ?????? ????? ??????? ????????? ??????? ?????. ???? 2007 ??? ???? ?????? ????? ????? ?????? ??? ?????? ???????? ????? ??? ???? ?????? ?????? ????? ???? ????? ???""? ????, ?????? ????? ???? ??????? ?? ??? ??? ???? ??????, ?????? ???????? ????? ????????? ??""? ??????, ?????? ?????? ?????? ??""? ?????? ????? ?? ????? ??????. ????? 2005-2004 ????? ???????? ????? ????? ????""? ?????, ????? ?? ????? ??????? ???"" ?????? ????? ?????? ????? ???? ????? ????? ?????? ???????? ?? ???? ??? ????."
???? ?????,"???""??? ?????? ??????? ???? ?????","???? ??? ???""??? ?????? ??????? ????. ??????? ????? ????? ????""??? ????????? ??????? ??????? ?????? ???????? ?????? ?? ???????, ?????? ??? ??????? ???? 2016 ?????? ?? ?? ?????? ???????? ?? ??????. ?????? ?????? ????? ???? ?????? ????? ??????? ????? ?? ????? ???????? ??????? ????? ??????, ????? ????????? ?????-??????, ?????? ????? ???? ????? ????? ????? ???????."
???? ?????????,"??? ??""? ???????? ???????? ????? ??? ?' ????? ?????? ????? ??????","???? ??? ??? ??""? ???????? ???????? ????? ??? ?' ????? ?????? ????? ??????. ?????? ?????? ??? ????? ?? ????? ?????? ???????? ?? ????? ???? ????? ?????? ?????? ???""? ???????? ???????? ???? ?? ???????? ???????? ?????? ??????. ??????? ????? ??? ???? ??? ??????? ??????, ?????? ?? ????? ???????? ???????? ???????? ?????? ???? ???? ?? ??????? ?????? ??????. ???? ???? ?? ??? ???? ?????? ???? ???."
????? (????) ?????????,"????""??? ????? ????? ?????","????? ??? ????""??? ????? ????? ?????. ???? ?? ???? ????? ?????? ????? ???? ?????? ?????? ?????? ???? ???. ?????? ????? ?? ??? ?????? ????? ?? ?-19 ?????? ???????, ????? ?????? ?? ????? ???? ???? ???? ?????? ?????? ???????, ????? ?????? ????? ?????? ?? ??? 3 ??????? ? ???? ????? ??? ????? ??? ?????. ?????? ???? ????? ?????? ????? ??? ????? ????? ??????. ?? ???? ??????? ????????, ??? ???? ???? ???? ?????? ????????? ??????? ?????."
???? ????,????? ????? ???? ????? ??? ????? ?? ????'?????,"???? ???? ??? ?????? ?????? ?? ???? ????? ??? ????? ?? ????'?????, ?????? ????? ???? ??????? ????????? ????. ???? ????? ??? ????? ?????? ???????? ??????? - ????? ????? ?????? ???????, ???????? ?????? ???????, ????? ???? ???? ???? ???. ??? ???? ????? ????? ?????? ???, ????? ????? ??? ????????? ?????? ???? ?????? ?????? ?????? ????????.
????? ???????? ????? ?? ?????? ?????? ????? ?? ????? ????????? ??????, ?????? ??????? ?? ?????? ????? ??????."
??? ???????,"????? ??? ???? ????? ?????, ????? ??????? ???? ??????","??? ??? ????? ??? ????' ????? ????? ????? ??????. ???? ??? ????? ?? ???? ???? ?????? ???? ?????? ????? ?? ????? ???? ???? ???? – ???? ???-????? ?????? ?????? ?????? ???? ????? ??????. ??? ????? ?? ?? ???? ?????? ???? ?????? ????? ??? ???""? ????? ??????. ?????, ??? ???? ????? ??? ?????? ?????? ???""? (????? ???????? ???????). ??????? ????? ????? ??? ????? ????? ??? ????? ?????? ?? ?????? ??????? ??? ?????? ???? ???, ????? ?? ????? ????? ?? ?????? ????????. ??? ??????? ???? ?????? ??? ????? ?????? ?????? ??????, ???? ????? ???????? ???????? ????? ????? ?? ???? ????????? ?????? ????????? ????????? ??????? ?????."
????? ?? ???,???? ?????,"????? ????? ?????? ??????? ??? ??? - ??? ????? ??????? ????? ???????? ???????? ??????. ??? ?? ????? ?????????? ????? ???????? ???????? ???????? ???????, ? ??""? ?????? ?????? ?????. ????? ?????? ????? ?????? ?????? ????? ????' ???? ????? ??""?' ??????? ?????? ?????? ?? ?????? ??????? ???? ??????? ??????? ???????. ?? ?????? ????? ????? ????? ????? ????? ??????? ?????."
?????? ?? ???,??? ????? ??? ??? ???? ????? ????? ??? ??? ???????,"?????? ??? ??? ?????, ??? ????? ??? ??? ???? ????? ????? ??? ??? ???????. ?????? ?????? ???? ?????? ?????? ????? ?????. ?????? ???? ?????? ????? ???? ???????? ??????"
????? ????,Cheif business officer - ???? ????? ??????,"????? ??? ??""?, ???? ?????? ????? ?????? (???? ??????? ?????? ????? ???????)."
??? ????????? ??????,"????? ??? ???? ??????, ?????? ????","??? ????? ?? ??? ???? ?????? ??????? ???? ??? ???? 2021. ??? ???? ?????? ???? ?????? ???????? ??????? ?? ?????? ?? ???? ???? ?????? ????? ???? ??????? ?????? ??? ????????, ??????? ???????, ???? ????? ???????, ?????? ??????? ?????? ????. ?????? ????, ??? ????? ?????? ????? ??????? ????? ?? ?????? ?? ????? ?????? ???????? ?????? ???? ???? ?-60 ?????? ???????? ??????? ???? ??? ????? ???? ???????? ???????? ???? ????????. ???? ??, ??? ????? ???? ???? ?????? ???? ???? ????? ?????? ????""??? ??????? ??????? ?? ???? ????? ????? ?????."
???? ??????,"????? ??? ???? ????? , ????? ???? . ????? ???? ?????? ?????? ????? PlanNet","??? ???? 2017 ????? ?????? ??? ???? ????? , ????? ???? ????? ?????? ???? ?? ????? . ???? ??? ???? ? 2013 ????? ??????  ????? ????? ? ????? ?????? ???? ??? ????? .
???? ?? ???? ???? 2011 ????? ??? ???? ????? ????? ???????? ????? ?????? ???? .
???? ?? ???? ???? 2004 ????? 7 ???? ????? ????? ????? ????? ???? ?????? ???? ??? ??????? .
?? ??????? ????? ????? ??? ?????? ,????? ????? ?????? ????? ."
????? ??????,???? ??? ?????,????? ??? ???? ??? ?????. ??? ??? ???? ????? ????? ?????? ??????. ?????? ???? ???? ???? ?????? ????? ??????? ?? ?????? ???? ????? ??????? ???? ?????? ?? ????? ????? ?? ????? ??????. ?????? ?????? ????? ?? ??? ?? ????? ???? ??????? ???????.
????? ??????,????? ?.? ??????,"????? ???? ????? ??? ?????? , ?.? ??????. ???? ??????? ??? ????? ????? ???? ???????? ????? ??? ???? ???? ???? ??? ?????. ???? ???? ????? ???? ??? ??????. ??? ?????? ????? ?????? ????? ?-15 ??? (????? ????? ?????? ?????, ????? ????? ,??????? ???????? ). ???? ?????? ??? ????? ???? ?????? ???? ?????? ????? ????? ??????? ?????, ????? ?? ??? ????? ?????? ??????? ????. ??? ??? ??? ??? ?? ?????? ???? ???? ????? ????? ??? ????? ?????? ???????. ????? ???? ???? ??????? ??????? ????? ??????? ?????? ????? ?? ?? ????????? ????????. ??? ?????? ?????? ????? ??????? ?? ??? ????? ,????? ?????? ??? ???? ?????? ???????? ??????????."
???? ????,"????""? ????? ????? ????? ?????",
????? ????,"???""? ?????? ????","????? ??? ???""? ?????? ????. ?????? ?????? ??? ???? ?? ????? ???? ?? ?????? ??????? ?????? ??? ????? ??????? ?? ?????? ????????? ???????? ?????? ????? ??????? ?? ???????. ????? 2004–2010 ??? ????? ???""? ????? ??????? ????."
???? ???? ????,"???????? ????? ?????? ????? ????? ?????? ?????? ??????? ???? ??????? . ???""? ???? ????? ?????","???? ??? ???????? ????? ?????? ????? ????? ??????? ?????? ????? ?????? ??????? ???? ???????? ?????. ???? ?? ??? ????? ????? ????? ????? ?????, ????? ??? ???? ????? ???? ?????? ????? ?????. ?????? ?????? ???? ????? ??????? ???? ?????? ??????? ?????, ???? ???? ????? ????? ????? ?????? ?????? ????? ???? ??? ??? ???????? ???????? ?? ??? ????? ?????? ?????, ?????? ?????? ?????? ??????. ??? ??? ?????? ?????? ????? ?????? ?????? ?? 100 ?????? ????? ????? ??? ?????, ?????, ?????? ???????."
????? ?????,"???""? ?????? ???","????? ??? ???""? ?????? ??? ??? ???? 2013. ?????? ?????? ??? ????? ?? ?????? ????? ?? ???????, ??? ????? ??????? ?????? ????? ?? ??? ???? ???????. ???? ??? ???? ?? ?????? ?????? ???? ???? ????? ???? ??? ????. ?????, ???? ?? ?????? ????-????? ???? ??? ????? ??? ????? ???? ???? ??????."
????? ????,"????? ????? ???? ???????, ?????? ???????","?????? ?? ???? ???????? ??????? ??????? ?????? ???, ????? ?????? ????? ?? ????? ???? ????? ???????, ???? ?????? ???? ??????, ?????? ??????? ?????? ???????, ????? ????? ??? ???? ???? ?????? ??? ??????? ?? ??????? ?????? ???????, ????? ?????? ?????, 28 ???? ????, ???? ????? ???? ????? ?? ????? ?????? ?""?. ????? ???????? ?????? ??????, ?????? ??? ??????? ???? ??????."
???? ??? ???????,????? ????? ??? ???? - ???? ????? ?????? ??????? ?????? ?????,"??????? 2023 ???? ????? ?????? ????? ??? ????, ???? ????? ?????? ???????  ?????? ?????. ???? ?? ???? ??? ???? ????? ?? ????? ???????? ????? ?????? ????. ??? ????? 2013- 2018 ???? ?????? ????? ????? ???????? ??????? ?????? ? ????? ?????? ????. ????? ??? ????? ???? ???? ?????? ???????? ??????? ????? ???????? ???? ?????? ????? ??????????? ?? ???? ????? ?????? ?? ???????? ??????.  ????? ?????? ?????? ?????? ??????????, ?? ????? ???? ????? ????? ????."
???? ????,??? ????? ????? ??????? ??????,"???? ??? ??? ????? ?????? ???????. ???? ???? ?? ????? ?????? ?????? ??????? ?????? ?? ???? ????? ??????? ????? ?????? ?????? ???? ?????? ????? ????? ??????, ?????? ????? ????????? ?????. ??? ???? ????? ????? ????? ??????, ????? ?????? ??”?, ??? ????? ????? ??????, ????? ?????? ??????? ?????, ????? ??????? ?????? ??????? ???, ???? ???? ????????? ?? ??? ?? ????."
???? ????,"??? ?????, ????? ?????? ??? ?????",??? ?????? ??????? ???? ????
????? ??????,"???""? ?????? ?????? ?'???? ?????? ?????","????? ??? ????? ?????? ?? ?????? ?'???? ?????? ?????. ???? ???? ????? ???""? ?? ???? ?????. ???? 2005 ??? ??? ???????? ????? ??????? ??? ?????? ????? ???? ???? ???????, ?????? ????? ?? ??????? ????? ?????? ????????? ????????? ??????? ?? ??????."
??? ????,"???""??? ????? ??????? ?????? ??????? ???? ?????","??? ??? 2010 ??? ??? ???""??? ????? ??????? ?????? ??????? ???? ????? (?""?), ????? ???? ????""??? ?? ????? ????""???. ????? ?????? ??? ?????? ?? ?? ????? ?????, ????? ??????? ????? ??????: ?????? ?????????? ???? ???, ???? ?????? ?????? - ?????, ?????? ????????, ???? ?????? ????? ??????, ??? ?? ????? ?????? ??????? ??????. ???? ?????? ?????? ????? ??? ???? ???? ??? ?????? ????? ?????? ??????? ?? ?????, ????? ??? ???? ??????."
??? ?????,"??? ?????? ??????? ??????, ???? ???????","??? ??? ??? ?????? ??????? ?????? ????? ???????. ???? ?? ??? ????""? ????? ????????? ????? ??? ????? ????? ??? ??? ???? ??????-????? ????? ??? ??????, ?? ??? ????? ?? ????? ?????? ??????? ????? ??????? ??? ???? ??????, ???? ?????, ?????, ?????? ???????. ?????, ??? ???? ?? ????? ??????? ?????? ?????? ???????? ?? ??? ??? ?????? ???? ????? ?? ?? ????? ???????, ?????? ??????, ????? ????? ??? ?????? ??????? ?????? ????????. ???? ??? ??? ??? ???? ?????? ?????? ?????? ????? ??????? ????? ??????? ????? Deloitte."
????? ???????,"????""??? ????? ????? ???? ?????, ????? ??? ????","????? ????? ??????? ??? 20 ??? ???? ???? ??????? ????? ??????. 

????? ????? ???? ??? ???????? ?????? ???????? ???????? ??????, ??? ?????? ???????? ??????? ?????? ??????? ?????? ??????? ?????? ??????, ????? ???????,  ????? ??????? ????????, ????? ?????? ????, ????? ??????? ?? ????? ?????? ???? ??????, ????? ????? ???? ????, ????? ????????? ?????? ???????? ?????? ?????? ???????.

????? ????? ????? ?????????? ????? (????? ?????? ???????) ????? ????? ????? ????? ??????.
??? ????? ??? ???????? ?????? ?????? ????? ?????? ????""? ?????? ???? ?????? ??????,  ?????? ?????? ????? ?????? ???? (???? 2010) ????? ??????? ?? ????? ?????? ?????? ?????."
???? ????,????? ???? ???,"??????? ?????? ????? ???? ???? ???? ????? ?????? ?????? ???????? ?????? ?????? ???? ??????? ????? ??????? ??????. ?????? ?? ??? ???? ?????? ?????? ????? ??????? ??????? ???? ?????? ????? ?????? ??????, ??????? ??????. ???? ????? ?? ?????? ????? ??????? ?????? ???????, ???????? ?????? ?????? ?????? ?????? ???????? ???? ??????? ????? ??????? ??? ????? ???????? ?????? ?????? ???????? ???? ????? ???-?????. ???? 2017 ????? ???? ???? ?????? ???? ??????? ""??????? ????? ???? ???????"", ????? ?????? ????? ????? ???????. ?????? ?? ????? ????? ?????? ???? ????? ???????. ???? ??? ???? ????? ??? ?????? ??????? ?????? ???????? ????? ???????."
???? ???? ??????,"???""??? ??????- ?????? ????? ??????????? ?????? ????? ??????","????, ??????? ????????- ??? ?????????? (?????? ?? ???? ?????) ?????? ????? ?????? ????? ??? ?????. ????? ????? ???? 17 ???? ????? ??????? ?????? ???????, ??????? ?????? ???????? ???? ??????."
????? ???? ????,"????? ????? ??????, ????? ????? ????? ???? ?????","????? ??? ????? ????? ??????, ????? ????? ????? ???? ?????. ???? ?? ????? ???? ??? ????????, ???? ???????, ???? ????, ????? ?????????? ??????? ????? ????? ??????? ?????? ????? ?????? ?? ????? ?????, ????? ?????? ???????? ????????, ????? ?????? ????? ?????? ????????? ???? ?????? ???. ??????? ????? ????? ????? ??????? ?????? ??????? ???? ?????. ???? ??? ???? ?????? ?????? ??????? ????? ??????, ??????? ?????????? ????? ?? ????? ?????? ????? ??????? ????????? ?? ??????????? ??????. ?????, ???? ?????? ???? ?????? ?????? ????????????? ????? ?????. ????? ?????? ????? ??? ????? ???? ???? ????? ??""? , ?????? ??????? ?????? ?????? ?????????? ???????? ???????? ????? ????? ?? ?????? ?????."
??? ??? ???????,"????""??? ????? ????? ???????","????? ??? ??? ????? ?????""??? ????? ????? ???????. ??????? ?????, ??? ???? ??? ???? ?? ???? ?????""? ????? ????? ?????? ???????? ???? ?????. ?????, ?????? ????""??? ?? ????? ????? ??????, ????? ????? ????? ?????? ????? ????????? ?????? ??????. ????? ???? ???????, ????? ?????? ????????? ??????? ???????? ?????? ????? ?????."
???? ???????,???? ???? ?????? ???? ?? ???? ????? ??????,"???? ??? ???? ?????? ?? ?????? ???? ????? ????? ???? ???????? ??????? ?? ???? ????? ??????? ?????? ?????. ??? ?? ??? ???? ????? ?????? ???? ?????? ????????? ?????, ???? ??????? ??????? ???????? ????? ???? ??????????? ???? ???? ????? ?? ???? ????? ?????? ???? ????? ?????."
????? ??-????,"???""? ???? ???? - ???? ?????? ?????","????? ??? ???""? ???? ??????? ?????? ???? ????. ??? ???? ????? ???? ???? ????? ???? ????? ?? ?????? ?????????. ????? ??? ????? ????? ???? ??? ???? ???? ???? ?????? ??? ???. ??? ?? ??? ????? ??????. ????? ???? ????? ???? ??? ???? ?? ????? ???? ?????? ????? ?????? ""?? ???"" ???? ??""? ?????????? ?????? ???? ???? ????."
????? (???) ?????,"???""? ?????? ??????? - ???? ?????, ??????? ?????? ??????? ??????","??? ???? ????""? ?????? ??????? ????? ????? ????????? ??????. ???? ??? ???? ????? ????""? ??????? ?????, ??? ??? ???? ?? ????? ?????? ????? ?????? ??????? ??????, ???? ???????, ????? ??????, ????? ???????? ??????? ????. ???? ?? ???? ????? ???? ??? ???? ??""? ?????? ????? ??????? ???? ?????? ??????, ??? ????? ?????? ?????? ???????. ??? ????, ???? ?????, ???? ??? ?????? ?????? ????? ?????? ???? ??""? (?????? ????) ??????? ??? ????? ????? (?????""?). ?? ???? ??? ????? ????? ????? ?????? ??????."
???? ??????,???? ????? ?????? ????,"???? ??? ???? ????? ?????? ????. ???? ?? ???? ????? ???? ???? ?????? ????? ?????? – ????? ?????? ???? ?????? ?????? ?? ???. ?????? ?????? ??? ?? ???????? ???????? ??????? ????? ???? ?????? ????? ??????? - ??????? ????? ??????? ?????? ???? ??????? ?????????? ?????????? ?????? ????? ????? ??????? ????? ?? ??? ????? ?????? ?????? ????? ??????. ???? ??? ??? ???? ?????? ????? ?????? ?????? ???????, ?????? ??????? ?????? ?????? ?????? ???? ??????. ??? ??? ??????? ???????? ????? ?????? ????? ?????? ????? ?????? ???????? ??? ?????? ??? ?????? ?????? ??????? ????? ?????????? ???????. ??? ?? ??? ????? ??????? ?????? ???? ????? ????? ?????? ????? ?????? ?????."
??? ????,????? ?????? ??? ????? ???????,"??? ??? ????? ?????? ??? ????? ???????. ??????? ????? ??? ????? ???? ?????? ???? ?????? ??? ???? ??????? ??? ?????? ?????? ?????. ????? ??? ??? ????? ?? ???? ?. ??? ????? ?????? ????. ??? ???? ????""? ?????? ????? ????? 2019 - 2022 ????? ??? ?????? ?? ?-20 ???? ????? ??? ?? ?????? ?????? ????? ?????? ???????? ??????? ????? ?????????? ?????? IT ??????, ????? ??????, ?????? ???????? ??????? ???? ????? ?????. ?????? ?????? ????????? ????? ???????? ????????? ??????? ?? ?-100 ?????? ???? ???????? ????????? ???? ?????? ??? ????? ?????????? ?????? ?????? ?????????. ?????? ?????? ????? ???????-????????? ???? ???? ???????, ??????? ?????? ????""? ?????? ????? ??????? ????????? ?????? ??????, ????? ?? ????????? ??????, ????????, ????? ??????-??????, ????? ?? ?????? ?????, ????? ????? ?????? ???? ?? ????? ?????? (?????? ???????). ????? ???? ???? ????? ????? ???????."
?'?? ????,??''? ??'?? ???? ????,"?'?? ??? ??''? ??'?? ???? ????. ?????? ???? ?-90 ???? ????? ???? ???? ???? ?? ???? ?????? ???????? ??????? ???????, ????? ?????? ????? ??????? ?????? ??????? ???? (???-????, ??????, ????? ???? ??????? ??????? ????? ?????? ????). ????? ???? ?????? ???? ???? ?????? ????? ????, ????? ?? ???? ?????? ????? ??? ???? ????, ????? ?????? ???? ?????? ????? ?????? ????????? ?????????? ??????? ??? ????? ???????. ??? ??? ????? ?????? ??????? ???????, ?'?? ??? ?????? ?? ?????? ?????? ??????? ?????? ?????? ????? ???????, ??????? ?????? ????""? ???? ????''? ??'?? ???? ???? ????? ?????? ?????? ?????? ???????? ?? ????? ?? ???? ????? ????? ?????? ??????? ?????. ????, ????? ?????? ??'?? ???? ????, ?'?? ????? ??????? ?????? ????????, ?????? ??????? ??????? ?? ???? ??????? ??? ???? ??????."
???? ??? ??????,"???""??? ???? ?????? ????, ????? ?????? ???-????? ????? ?????? ?????? ??????","???? ??? ???""??? ???? ?????? ????, ?????? ?????? ???-????? ????? ?????? ?????? ?????? . ??????? ????? ????? ???? ??? ???? ???????? ??? ?????? ???????? OpenValley. ???? ???? ?????? ?-Ecosystem ????? ????? ?????, ?????? ?????? Ecosystem ??????? ???????? ???????????, ????? ????? ?????? ??????-???? ????????, ??????? ????? ?????? ?????, ??? ????? ?????? ??????. ???? ????? ???? ?????? ????? ?????? ?????? ???????? ???? ??????? ??????????, ?????? ???? ??""? PwC , ????? ????? ???? ""????? ???? ?????"", ???? ????? MetaGroup ????. ????? ?????? ?????? ????? ?????? ???????, ?????, ?????, ????? ????? ???????, ??????? ?? ?????, ????, ????? ???????? ?????? ?????? ???????? ?????."
???? ???? ????,????? ????? ?????? ?????? ??????? ??? ???,"???? ??? ????? ????? ?????? ?????? ??????? ??? ??? ?????? ??????? ???? ???????? ???????. ??????? ????? ???? ???? ??""? ????? ?????? ??????? ????? ????? ????? ?????? ???????? ??? ????. ????? 2015-2018 ??? ????? ?????? ????? ?????? ??????? ?????? ????? ??? ???? ???? ?? ???? ?????? ??????? ?? 360 - ??????? ??????? ?????? ?????? ??????. ??????, ??? ???? ??????????? ????? ??????????? ??????? ?????? ?? ???? ?????? ?????? ??????????? ??-??????. ???? ??? ?????????? ???????, ???? ??????? ??????????? ??????? ??????????? ??-??????."
??? ????,????? ?????? ?????,"??? ??? ????? ?????? ?????, ???? ??? ????? ???? ????? ?????. ???? 2006, ?????? ?????? ?????????, ??? ??? ?????? ?????? ???????? ?????? ????? ??????? ??????? ???????. ???? 2008, ?? ???? ???????, ??? ?????? ?? ?????? ???? ??? ????? ????' ?? ???? ???????, ?????? ?? ??????? ??????? ????? ????? ???? ???????? ????????. ???? 2011 ??? ?????? ??????? ??????, ??? ??? ??? ???? ???? ???? ?????? ???????? ?????? ???? ?????? ?????. ???? 2014 ????? ??? ?????? ?????? ??????? ?????? ?????? ??? ?????, ??????? ??? 2018 ??? ????? ???? ????? ?????. ?????? ?????? ??? ????? ???? ???? ?? ?????? ????? ????? ?????? ??????, ?????? ????????, ???????? ??????? ???????? ?? ???? ????? ????? ???????? ???? ???? ????? ????."
??? ????,"????""?, ??? ?????? ??????? ???? ??????? ?????? ??""?","??? ??? ????""?, ??? ?????? ??????? ???? ??????? ?????? ??""?. ?????? ?????? ????? ?? ???????, ?????, ????? ?????, ????? ??????? ??????, ??? ???? ??????? ????????? ?? ???? - ?????? ????? ??? ???? - ???? ???""?, ????? ??????, ?????? ???????. ?????? ???????? ?? ?-550 ????? ??? ???? ?-450 ????? ???. ?????, ??? ???? ????""? ???? ??????? ??????, ??? ????? ?????? ????? ?? ????? ??????? - ??? ????? ???? ??????? ?? ???? ????? ???????, ?-4,500 ?????? ????????, ??? ????????. ???? ????? ??????, ?????? ????? ??? ????? ????? - ??????? ????."
??? ????,???? ???? ????? ?????? ???? ????? ????? ????? ??????,"??? ??? ???? ???? ????? ?????? ?????? ????? ?????. ???? ??? ??? ????? ?? ?????? ??????? ?? ????? ????? ????? ????? ??????? ?????? ????? ?????? ??????? ?? ????? ?????? ?????? ?? ????? ????? ????? ??? ???????? ?? ?????? ?????. ???? ?? ???? ????? ???? ?? ??? ??? ??????? ???-??????? ?????? ???""? ????? ????? ????? ??? ???? ?? ??? ???? ??????? ??""? ?????? ???."
??? ????????,???? ????? ????? ???? ??????? ?????? ?????,"??????? ????? ???? ??? ????? ????? ???? ???? ?????? ?? ????? ?????? ?????. ???? ?? ????? ??? ????, ??? ????? ????? ?? ????? ?????? ????? ????, ???? ???? ???, ??? ????? 2007-2010 ???? ?? ?????? ?? ????? ?????? ????? ???-???. ???? ?? ????? ??? ????, ??? ??? ????? ????? ?????? ??.

?????? ?????? ???????, ???? ??? ???? ??????? ???????? ???????. ???? ???? ?? ???? ???? ?????? ?? ???????? ???????. ?????? ????? ?????, ???? ???????? ????? ???? ??????? ?? ???? ???? ????????? ?????? ?? ?????? ?????? ?????."
?'???? ??? ?????'?,"??? ??? ????? ???? ???""? ?????? ???????","?'???? ??? ???? ???. ???? ??? ???? ??? ?????? ????? ??? ??????? ????? ????????, ?????? ??????? ?????????? ???????. ???? ????? ????? ????? ????? ?????? ????????? ?????? ????? ????? ?????? ???????? ??????????. ???? ??? ??? ???? ????? ???? ???""? ?????? ???????."
??? ????,"???""? ????? ?????? ????? ????","??????? ?????? ???? ??? ????""? ?????? ?????? ?????? ??????. ??????? ????? ???? ????""? ?????? ??????? ?""?-???. ???? ???? ??????? ?????? ?????? ?????? ??????: ????""? ????? ?????? ???? ?????? ?????? ?????? ??????, ????""? ?????? ????? ???? ????? ????????? ?????, ???? ?????????? ???? ?.?.?.? ?????? ???. ?????? ??????? ???????? ???? ???""? ????? ????""??? ?? ??? ???? ??????? ???????? ?????????, ??????? ????? ??????? ?????? ?? ????, ??""? ???? ?????? ???? ?????????? ????? ????""?. ??????? ??? ??? ????? ??????? ?????????, ???? ?????? ??????? ???? ????????? ???? 1998 ?????? ????? ????? ??????? ??????? ???????."
??? ????,???? ??? ????? ?????? ?????? ??? ?????,"??? ??????? 2017  ???? ????? ??? ?????? ?????? ??????? ??? ?????. ????? ?????? ???  ????? ?? ????? ????? ????? ???????? ??? ???????? ?????? ?? ???? ?????? ??????. ?????? ??????? ???????? ?????? ??????? ??????? ?????? ?? ??????? ????????? ??? ???????? ???????, ?????? ???? ?????? ?????????. ?? ?? ?? ???  ???? ????? ???? ?????? ?????. ???? ??????? ?????? ???? ????? ????""? ???? ??????, ????? ?????, ????? ??""? ?????? ?????. ???? ???? ???? ???? ?? ?????? ????? ?????? ??????? ???? ???? ??? ????. ????? ???? ?? ?????, ????? ?????? ???? ???? ??? ??? ??????."
???? ????????,"???? ????? ??????? ??? ????? ????""???","???? ??? ???? ????? ??????? ??? ????? ????""???. ???? ?????? ????? ???, ??? ???? ?-70 ??? ??????, ???? ??????? ??? ??????, ??? ?? ???? ?-25 ??? ???????. ????""? ???? ??? ????? ???????? ?? ?????? ????? ?????? ????, ??????? ?????? ???? ????? ?? ?? ????? ?? ???? ?-20 ?????? ? ???????? ?????? ???????? ??? ????? ??????: ?????, ????, ????, ?????? ????????. ???? ??? ??? ??? ??? ???? ?????? ???? ???????, ???? ??? ??????? ???????. ?????? ???? ??? ???? ??????? ?????? ???? ???? ?? ????."
???? ?????,??? ??? ???? ?????? ??? ????? - ?????? ??? ???,"???? ??? ?? ???? ?????? ????? ?????, ???? ???? ?????? ?????, ????? ???? ?????? ?????? ?????? ????? ???? ??? ???? ?????? ???????? ????? ??? ?????? ????. ??? ???? ???? ????? ????? ?????? ????? ""????"" ?????? ??????? ????. ????, ??? ??? ?????? ??? ??? ?????? ??? ??????"
?????? ??????,"????? ?????? ??????? BDO Israel, Finance Cluster","?????? ????? ????? ???? ?????? BDO ?????? ???? ????? ??????? ?????? ?????? ?????? ?????? ??????? ???????? ????. ??? ?????? ?? ???? ?????? ???? ???? ????? ??????? ??????? ????? ????? ???? ???? ?????? ?????? ?????? ?????? ??????. ?????? ?????? ?????? ????? ???????? ????? ?????? ?????? ???????????, ??????? ???????? ??????? ???????. ???? ??????? ?????? ???? ???????????? ????? ???? ?????, ????? ?????? ?????? ?????????. ?? ?????? ?????? ????? ?????? ??????? ????, ????? ?????? ?????, ???? ????? ???? ??????."
??? ???????,"??""? ??????? ?????? ?????","??? ??????? ??? ??? ????? ?????? ????? ??????. ?????? ????? ""?????? ?? ?????"", ????? ????? ??????? ??????? ?????? ??????? ?? ???? ????? ???????. ?????? ???? ""?????? ?????"" ??????? ?????????? ???? ??? ??????? ????? ???????. ????, ?????? ????""??? ""?????? - ??? ??? ????? ??????"", ??? ??? ??? ?????? ??? ??? ?????? ??????? ?? ???? ????? ??????? ???? ????? ???? ????? ?? ?????? ??????? ?? ?? ?????? ??????? ???????? ?????? ?????? ?? ?????? ???? ????. ??? ????? ?? ??? ????? Time ??????? ???? ???? ?????? ???? ??? ?????, ??? ????? ????? ???""? ?? ????? ?????? ???? ?????? ??????? ???????. ???? 2020 ????? ?????? ????? ?????? ??? ??????? ???? ?72 ?? ????? ?????."
???? ?????,"???""? ??? ?????? ?????? ?????","????? ???? ????? ??? ????? ????? ?? ??? ?????? ?????? ????? ??? ???? 2015. ???? ??? ???? ???? ?????? ?? ????? ?????? ???? 2008. ????? 1998-2015 ???? ????? ????? ???? ?????? ?????? ????? ?????  ?????? ???????? ???? ????? ???""?. ????? 2004-2006 ???? ??????? ???? ????? ?????? ????????  ????? ???? ????? ???? ?????? ????? ??????????? ?? ?????. ????? ???? ????? ??? ??????? ????? ?? ????? ????? ????? ????? ???????? ????? ?? ????? ?????? ????? ???????? ?? ???? ?????? ???? ?????? ????? ??????? ???? ????? ????? ?????. ??? ????? ?????? ????? ???? ???? ?????? ?????? ????? ????? ?????? ?????? ????? ???? ????? ???""?."
??? ?????,"????? ????? ?????????? ?????, ????? ?????? ???","?????? ?????? ????? ?????????? ??????, ??? ???? ????? ?????? ?????? ??????????? ?? ???? ??????? ????? ?????? ??? . ?????? ?????? ???? 2018 ???? ??? ?????? ????? ???? ?????? ?????. ????? ???? ???? ???? ????? ??????? ?????? ????? ?????? ?????? ????? ??? ?????? ????? ??????? ?????? . ??? ?? ?????? ????? ???? ???? ???? ????.
???? ?????? ??????? ??? ??? ????? ?????? ?? ????? .
??? ?? ????? ???????? ?????? ??????? ?""? ???????.
???? ??????? ????? ????? ?????????? ???? ????? ????? ?????? ??? ???? ?????? ???? ???????? ??????."
???? ?????,???? ???? ????-????? ?????,"???? ?????? ????? ????? ?? ???? ?????? ??? ???? ???? ?? ???? .
28 ??? ?????? ?????? ????? ???? ???? ????? ????? . ??????? ?????? ???? ????? ??????? ??' ???""? ?????? ?????? ???? ??""? ???????, ???? ??? ???? ???????, ????? ????? ?????? ?????? , ??? ??? ?????? ????"
???? ??????,??????? ???? ?????,"???? ??? ??????? ????? ??????? ?????? ?????. ????? ??? ?????? ??????? ??????? ??????? ?????. ??? ????? ?????? ?? ???? ?????? ?? ??? ?????? ????? ??????? ????? ??? ??? 2002, ????? ????? ?????? ?????? ?? ????? ??????? ??? ????? ????? ??????, ???? ????? ??? ????? ????? ??????? ?????? ???? ?????? ?????? ???????? ?????? ?????? ??? ?????? ?????. ?? ???, ??? ????? ??? ???? ??????? ?????? ?????? ?????? ?????????? ?????? ??? ?????."
????? ??????,"??""? ????? '??? ??????? - ???? ??????? ?????', ??? ??? ????? '????? ?????', ????, ??""? ??????????","????? ??? ??? ????? ?????? ????-????? ???, ????, ??""? ??????????, ????? ???""? ?? ????? ?????? ???? ????? ????? ??? ????? ???? ???, ???? ???? ????? ??????? ????? ???? ????? ??????? ????? ?????????. ????? ?????? ????? ??????? ???????, ???????? ??????? ??????? ???. ??????? ????? ??? ????? ???? ????? ?????? ??????? ????? ?????????."
???? ???????,"????""??? ??? ???????, ????","???? ??? ??? ????? ??? ???? ??? ??? ???""?. ????? ???""? ???? ?????? ??????? ?????, ????? ?????? ????? ????? ?????????? ?????? ????? ??????? ??????? ??""?, ????? ??????, ????? ???? ???????. ???? ?????? ?????? ????? ?? ???? ???, ??? ???? ?????? ????????? ???????? ?????? ??????, ???? ???""? ????? ?????? ?????? ????? ???????."
???'? ?????,???? ????? ???? ??? ???? ???? ???? ?????,"???'? ??? ???? ????? ???? ??? ???? ???? ???? ????? ???? 2012 ??????? ???? ?????? ????? ??????? ???????? ????? ???????. ???? ??? ??? ???? ???? ????? ??""? ?????? ???? ????? ?????? ????? ?????? ????? ?? ??? ?????? ??????? ??????? ??????? ???? ?????? ????? ?????? ?????? ????? ????? ???? ????. ???? ???? ???? ??""??? (????? ??? ????) ???????? ????? ????? ?????? ????? ??? ???? ???? ???? ?????? ??????? ????. ???? ?? ??? ???? ????? ???? ?????? ??????? ?????? ????? ??????? ?????? ?????? ?????? ??????? ??????? ????? ???? ????? ??????. ?? ???? ???????? ??? ??? ????? ?????? ???? ??? ?? ??? ????? ??????. ???'? ??? ?????? ????? ????? ????? ????? ?? ???? ????? ?????."
??? ?????,"??????-?? ????? ????? ????? ???????, ?????? ???? ??????","???? 2007 ???? ???""? ????? ????? ?????? ?????? ??? ???? (???? ????? ?????, ???? ????? ??????, ???? ???? ????? ?????, ??? ???? ?????? ???? ?????? ?????, ???? ???? ????? ?????? ??????, ???? ???? ???????, ???? ?????? ?????? ?????, ???? ????? ??????). ??????? ?????? ???? ???? ???? ???? ??? ?????? ???????; ???? ????? ?? ???? ?????? ?????? ?????? ????? ??? ??????? ?????? ????? ??????? ??????, ??????? ?????????? ????? ????. ??? ?????? ??????? ??????? ??????? ????? ?????? ??????? ?????? ???? ?? ???? ???????. ???? ??? ???? ?????? ?? ?????????? ??-?????? ???? ???? ??? ????? ?????? ?????? ??????????? ??-??????. ????? ?????? ???? ???? ?????? ????? ??????, ?????? ????? ????? ???? ?????? ???????. ???? ??????-?? ????? ????? ????? ???????."
???? ???????,"????""? ??""?, ????? ?????? ?????","???? ?????? ???""? ???? ???? ????? ????? ????""? ?????? ?? ?????? ?? ???? ?????? ????? ?????? ????. ??? ??????? ?????? ????? ??????? ?????? ???????? ????????? ????? ????????. ????? ???????? ???? ???? ????? ?????? ?????? ?? ???? ????? ??????? ????? ?????? ????? ????? ????? ?? ?????? ??? ?????? ?? ???????? ??????."
????? (????) ???????,"???? ??""? 10, ??? ??????, ??""?","???? ???? ?? ??""? 10, ??? ???? ?????? ?????. ??????? ????? ???? ???? ???? ??? ????? ???? ?????? ???""?. ???? ??? ???? ????? ????? ????? ????? ??????? ??????? ??????, ???????? ???????. ??? ????? 2020-2021 ???? ?? ???""? 8282 (??????). ???? ?? ???? ???? ??? ?????? ????? ????? ???? ???? ?? ???? ?????? ?????? ???""? ??????.
???? ??? ??? ????? ???????? ?????? ??????? ?????? ??? ????? 2015-2018 ????? 2019, ?? ???? ???? ??????? ???? ?? ??? ???? ????? ???? ???? ???? ?? ???? ??????."
???? ???????,???? ????? ?????? ?????? ???????? ????? ??????,"???? ??? ????? ????""? ???? ????? TALENTEAM ????? ????? ?? ??????? ?????. ?????? ??? ????-????? ?????, ??? ???? ????? ????? ??????? ???????, ?????? ???? Duroos ?????? ?????? ?????? ????? ??????, ?????? ??????? ??? ?????? ??????? ???????????. ???? ??? ???? ??????? ????? Collective Impact ?????? ?? ????? ???????? ?????? ??????? ??????? ?????, ??? ??????? ????????? ??????? ????????? ??????? ?? ????? ????? ????? ?????? ????? ????? ??? ????? ???????? ??????? ??? ??????? ???????."
??? ?????,"???""? ????? ?? ??? - ????? ?????? ?????-????","??? ??? ???""? ????? ?? ??? - ????? ?????? ?????-????. ??????? ????? ???? ???? ???? ???? ????? ????? ?????? ???? - ?????? ???? ??????-??????? ?????????? ?????? ?????? ????????. ??? ?????? ??? ??????? - ????? ?????? ?????? ????? ???????? ??????? ?? ?????? ????? ?????? ???? ??????? ????? ?? ???? ?????? ???????. ?????, ??? ??? ??????? ????? ?? ???? ??????-??????? ?? ???? ??????? ??? ??????? ?????? ??????? - ???'???. ?? ?????? ????? ??? ??? ???????? ?????? 8200."
???? ????????,????? ???????? ????? ????? ????,"???? 2016 ?????? ???? ??????? ???? ???? ?????? ?????, ????? ?????? ??????. ?-2017 ?????? ??????? ?? ????? ?????? ?? ???????. ??????? 2018 ????? ????""??? ???????."
??????? ????????,???? ???? ????? ????? ???????,"???? ???? ????? ????? ???????  ???????? ??????-?????. ???? ????? ????? ??? ????? ?2016 ????? ????? ?????? ?? ?????? ??????? ???? ???? ???????? ???? ?? ?????. ????? ????? ?????? ?????????? ?? ?????? ??? ???. ?????  ??????, ?????? ???? ??????. ??????? ??????? ??? ????? ???? ????? ?????? ?????? ?????? ??????? ????? ????. ????? ???? ???? ??? ???? ??????? ?????? ????? ?????? ??? ????? ?? ???? ??????? ????? ???????."
????? ?????,????? ???? ????? ???? ?????? ????? ?? ????? ????? 105,"????? ??? ????? ???? ?????? ???? ?????? ????? ?? ????? ???? - ???? 105. ????? ??????? ???????. ?? ???? ???? ?????? ??????? ???? ???? ??????????? ?????. ????? ????? ?????? ??? ?? ?????? ????? ?????? ????? ????, ??? ?????? ?????? ?????? ????? ????? ??????. ????? ????? ???? ?????? ?????? ????? ???? ?????? ?? ?????? ????? ?????? ????? ?????. ???? ??? ????? ????? ????? ?????? ????? ????? ??????? ????? ?????? ?? ???? ?????? ?????? ??????? ????? ??????. ?????? ??????? ??? ??????? ??? ?? ?????? ?????? ??????. ?????, ??? ???? ?????? ?????. ????? ?????? ?????? ????? ????? ????? ?????? ?? ??????? ????, ????? ?????? ?????? ??????? ?????? ?????? ???????."
????? ??????,"???""? ????? ??????? ????","????? ??? ???""? ????? ??????? ????. ??????? ????? ??? ???? ????? ???? ???? ?????? ??????? ????? ??????? ???? - ?????? ????? ?? ???? ?????? ????? ??? ?????? ?????? ?'???? ????? ??????? ???? ??????. ????? 2009-2004 ??? ??? ???? ??? ?????? ????? ?????? ??????? ??? ?????? 2003-1999 ???? ?? ????? ???????? ?????? ????? ????. ????, ???? ?? ????, ???? ????? ????? ?????? ???? ??? ????."
???? ??????,????? ???? ????? ????? ????? ?????? ??????? ????? ?????? ?????? ???? ?? ??????,"???? ???? ?? ??? ?????? ???????. ??? ????? ????? ???? ??????? ???? 1997 ???? ??? ???? ???? ????? ??????. ?? ???, ??? ?????? ????? ??????????? ?? ?????? ??????? ????? ?????? ????? ???? ????? ??????. ?????? 2015 ??? ???? ????? ???? ?????? ?????? ?????? ?????? ?????? ??????."
???? ??????,????? ?????? ????? ???,"???? ???? ???? ???? ?????? ????? ?????? ??????. ???? 2017 ???? ????""? ????? ??? ?????? ?????? ??????? ????? ??????? ?????. ?????? ?????? ?? ???? ???????? ?????? ???????? ????? ????? ?????? ??????? ????? ???????. ??????, ???? ????? ??? ????? ?????? ??????. ???? ??? ??? ?????? ???? ??????? ???? ??? ????? ?? ????? ??? ??????? ????? ????? ?? ????? ??????? ????? ???????. ?? ???? ????? ?????? ????? ???? ??? ???? ??????? ?????? ????? ?????? ??????? ?????? ?????? ?? ??? ????."
???? ??????,????? ????? ????? ????? ???? ??????? ?????? ?????,"??? ? 2023 ?? ???? ???? ?????? ?????  ?? ????? ?????? ????? ???? ??????? ?????? ?????.
????? 2017-2024 ???? ?? ???? ???? ????? ??? ????? ????? ????.  ????? 2016-2017 ??? ???????? ????? ??????? ???? ?? ??? ?? ?????? ???? ?????? Royal Children Hospital   ??????? ????????. ??? ????? 2005 ??? 2016 ???? ????? ????? ????? ?????? ????. ???? ??, ????? 5 ???? ??? ???? ????? ????? ????? ?????? ???? ?? ????? ??? ???. ?????? ?????? ???????, ???? ???? ?? ???? ??????? ???? ??? ???? ?????? ????, ?? 5 ???? ??????? ??? ???? ??""? ????? ""???????"" ?????? ?????? ???? ??? ????? ?????? , ??? ?? ??? 2020 ??? ??? ??? ???? ??????? ????? ""RozanaProject"", ???? ??? ???? ?????? ""?????"" ?????? ??????? ?? ???? ????? ???????. ???? ??? ???? ????? ?????, ???? ?????? ????? ??????? ????? .?? ??????? ??? ?????? ????? ??? ??? ???? ?????? ?????? ??? ???"
?'?? ??? ???????,"???? ????? ????? ??????, ????? ???? ?????, ???? ????, ??? ???","?'?? ??? ???? ????? ????? ??????, ????? ???? ?????, ???? ????, ??? ???. ???? ?? ??? ???? ????? ???? ?????? ?????? ???? ????? ????? ????, ???? ??????. ?????? ?????? ??? ????? ?? ?????? ????? ?????? ????? ??????? ????? ????? ?? ?????? ??????, ??????? ??????, ?? ???????? ??????? ??? ?????? ???????? ????? ??? ????. ????? ??? ??????? ??? ????? ?? ??????? ????? ??????? ??? ????? ????? ??????? ????????, ???????? ?????? ?????? ?????, ??? ??????? ??????? ????????, ??????? ??????? ????? ??? ???????? ??????, ???????? ?????????. ??? ???? ???? ????? ?? ?????? ?????? ?????? ?????? ????? ?????? ????? ?????? ??????? ?????. ????? 1998–2007 ??? ?'??? ???? ???? ???? ??? ?? ??? ????? ?? ???? ?? ???????: ????, ????, ??? ????, ???? ??????? ???????????, ????? ??""? ?????? ????, ??? ??????, ??? ????? ????? ???? ???? ?????. ??? ?? ??? ???? ????? ?????? ?? ????? ???????? ????? ??""? ?????. ?????, ??? ????? ???? ????, ????? ???? ?????? ?????? ?????? ????? ???? ????? ????? ???, ????? ????? ???? ?????? ????? ?????????? ???""? ??????? ????."
????? ??????,???? ??????? ????? ??????,"????? ???? ????? ??????? ????? ??????. ??? ?? ??? ???? ???""? ?????? ?????: ????? ???, ?????? ?????? ?????? ????? ?????? ?????, ??? ?????? ????, ??? ?????? ??????. ????? ???? ???? ??????????, ?????? ?????? ????? ?????, ???? ??????, ????? ?????????, ??? ?? ?????? ??? ????. ????? ???? ?? ???? ?????? ?????? ?????? ???? ?????? ???????? ?? ?????? ??????."
????? ?????????,????? ????? ????? - ???? ?????? ?????? ????????,"?'???? ??? ????? ????? ?????-???? ?????? ?????? ????????. ???? ?? ????? ?????? ????? ???? ????? - ??????? ?????? ????? ?????????, ?????? ???? ????? ???? ????????? ???????. ?????? ?????? ????? ????? ????? ?? ???? ?????? ?????? ?? ???? ??????? ??? ???? ????, ?? ????? ???????? ??? ????? ??????? ?? ???? ?????. ?????, ??? ????? ?????? ??? ???? ?????? ???? ?? ???????? ?? ??????? ?????? ????? ????????? ????? ??????. ???? ?? ????? ?'???? ?????????? ??????? ??????? ????? ?????? ???? ?????? ?????? ????? ????? ????? ?????? ?????? ?????????? ????? ??????. ???? 2010 ????? ?? ????? ????????? ??????? ????""? ??? ?????? ????. ???? 2008 ????? ?????? ?????? ??? ?????? ????? ?????? ???? ????? ??????? ????? ???????. ???? 2007 ????? ?????? ???? ?????? ?????? ???? ???????. ?????? ?????? ????? ???????? ?????? ???? ??????? ?????? ????????."
???? ?????????,???? ???? ??? ??? ?????? ???????,"???? ???? ???? ??? ??? ?????? ???????. ???? ?? ???? ?? ???? ????? ??????? ????, ??? ????? ?? ?????? ?????? ???? ???????? ???? ?????? ???? ??? ????????. ???, ????? ???? ???????, ???? ????? ??????? ?????? ???? ?????? ??? ???? ????? ???? – ?????? ?????. ?????, ???? ???? ?? ?????? ????? ?????? ????, ?????? ????? ?? ????? ?? ??????? ??????? ??????? ??? ???? ?????? ???????? ????????? ????. ???????? ??????? ???? ???? ?????? ????? ????? ????? ????? ??????? ?????? ?? ?????? ???? ???? ?????? ????? ???????? ????? ????? ??????."
???? ??????,"????? ??? ????? ?? ?????, ??? ??? ???? ????? ????? ??????","??? ?????? 2021 ????? ??? ???? - ???? ?????? ?? ????? ???? ??? ????- ???? ?????? ??????, - ??????  ???? ?????? ????? ?????? ?? ?????? ???????? ???????. 
?? ????? 2020 ????? ?????? ???? ???? ????? ???????,
 ????? ??????? ???????? ???????? ?????? ?????? ??????  ????????, ???????? ???????, 
????? ????? ?????? ???? ????????? ??????? ??????? ???????, ??????? ???????? ???????? ???."
????? ???????,???? ????? ????? ?????? ??????? ?????,"????? ??? ???? ????? ?????? ?????? ??????? ????? ??? ???? 2017. ???? ?? ???? ??? ??? ????? ???? ????? ???? ???? ????? ???? ????? ????. ?????? ??? ?? 18 ???? ?????? ?????? ???? ??????? ?? ????? ??????. ??????, ????? 2005 -2015 ???? ?????? ??? ??""? ???? ???? ?????? ?????? ?????? ?????? ????? ?????? ????? ?????? ???? ????? ?????? ???? ??????? ?????? ?????? ???? ????? ?? ????? ?? ??????? ????? ??? ???."
????? ??? ??????,???? ???? ???? ???? ????? ??????,"??? ?????? 2023 ???? ????? ???? ???? ?? ???? ????? ??????. ???? ???? ????? ????? ??? ????? ??? ????? ????? ??? ??? ??? ?-200 ?????? ???????? ?????? ????? ???????? ???? ?-300,000 ???????. 

???? 2020 ????? ????? ??? ??????? ????? ???? ?????? . 

???? 2018- ???? ??? ??????- ????? ????? ?? ??????? ???????? ????? ????, ?????????, ????? ????.

???? 2014 ????? ????? ?????? ???- ????? ????? ??????, ?????? ????? ?????? ??????? ????? ???.

??? 2011 - ????? ???? ????''? ??????, ?? ????? ????? ?????? ?????.

???? 2009-????? ????? ?WEB"
???? ?????-?????,"??? ????? ?????? ??????, ???? ???????","?""? ???? ?????-????? ??? ??? ????? ?????? ?????? ????? ???????. ???? 2020, ?????? ????? ???????, ?????? ????? ??????? ?????? ?? ????????? ??????? ?? ???????. ??? ????? ????? ???? ?????? ?? ????? ???????? ???????? ???? ?????? ??? ????? ??????? ???????? ?? ?????? ??????? ???? ???- ????? ????? ????? ??? ???? ??????????. ?? ????????? ????? ?????? ???? ??? ????? ????? ?????? ?????. 
???? ??? ???? ????? ???? ????? ?????? ???? ????? ?????? ?? ???? ?????? ????????.  ?????? ?????? ????? ?????? ?? ????? ???????? ?????? ????? ??????? ?????? ???? ??????, ?? ????? ??????? ?????? ??? ????? ??? ?????? ?????? ????? ?????????? (JCI). ???? ??? ??? ????? ???? ?????? ?????? ????? ????? ?????? ??????? ?????? ???????? ??????? ???????. ????? 2013-2010 ??? ????? ????????????? ?????? ?? ????? ??? ??????? (New Hampshire State Epidemiologist) ??????? ?????? ????? ????? ????? ?????? ????? ?????? ?????? ????? ?? ????? ???????? ??????, ?????? ?? ????? ????????? ????? ????????, ?????? ????? ??? ???? ??????? ???? ????? ????? ????? ??????? (?- CDC). 
???? ????? ?????? ????? ????????? ??????? ?????? ????? ????????? ????? ?????? ?????. ??? ?????? ?????? ??????, ??????? ??????, ?????? ????? ?????? ?????, ?????? ?????? ?????? ???????? ?????? ??????? ?????? ?????. ?? ??????? ?????? ?????? ???? ????? ?????? ???? ?????, ??? ????????? ?????? ???????? ??????? ????? ???? ?-Dartmouth-Hitchcock Medical Center ?????? ?????. ???? ????? ?? ??????? ???????? – Leadership in Preventive Medicine ?-Dartmouth College, ?????? ?????? ?????? ?????? ?????, ?????? ?????? ?????? ?? (Chief Resident). ?????? ?????? ????? MPH ?- Dartmouth college.
?? ????? ?????? ???? ?????? ?????? ????, ??????? ????? ?????? ????? ????? ????? MBA ????????? ??????????? ?? ????."
?????? ??????,"???""? ???? ?????' ??????????","?????? ??? ???""? ???? ?????' ??????????. ?????? ?????? ??? ????? ?? ????? ??? ????? ?????? ????????? ??????? ""???????? ?? ??????"" ?????? ????? ?????? ??? ???? ??????? ?????? ??????? ??????? ??????. ???? ??? ??? ??? ????? ??????? ?? ???? ?????? ??? ????? (P&G) ?????? ????? ?????? ??????? ?? ???? ????? ???? ???????-?????? ????? ????? ???? ?????? ?????? ????????, ??????? ??????? ?? ???? ???? ?????? ????-?????? KPMG. ?????? ??? ??? ??????? ??????? ???????? ???? ???? 30 ?? ????? ?????  ????? ??? ?? ???? ??????????? ??-??????."
???? ????????,???? ???? ??????? ????????? ????,"???? ??? ???? ??? ????? - ????? ?????? ????. ??? ???? ???????? ????? 2000-2015, ???? ???? ??????? ????? 2014-2022, ???? ???? ?????? ????? 2016-2022 ????? ??? ????? ???? ??? ???? 2022."
??? ????,??? ????? ?????? ???? ?????,"??? ???? ????? ??? ?????? ???? ????? ??? ??? ??????? ??????? ??????? ?? ???? ???? ???????? ???????. ??? ??? ?????? ??????? ???? ???? ????? ?? ???? ???? ?? ??? ???? ??? ????? ???? ????????. ??????? ????? ???? ?? ??????? ????? ???????? ?? ?? ?? ????, ???? ????? ?? ???????, ?????? ??????? ???????-???? ?? ?-300 ?????? ????? ?‘ ?? ?""?. ????? ?????? ????? ???? ??????? ?????? ???? ?????? 13. ??? ???? ????? ??? ???? ?????? ????? ?????? ????, ??? ??? ?????? ??????? ??????? ???? ?????? ?????? ????? ????????? ??????? ?????? ????? ??????."
????? ??????,"???""? ????? ????? ??????? ?????, ??? ??? ?BDO","??? ????? ????? ?15 ????? ???????? ?????? ????? ???? ??????, ??????? ??????? ?????, ?????? ???? ???? ?????? ???? ????? ????? ???? ????? ????????.
???? ??????? ???? ??? ????? ???? ??????? ????? ?? ???????? ?????? ?????? ?????? ?????? ???? ???????. ????? ?????? ????? ?? ???? ""?????"" ??????? ?? ???? ??????? ??? ??? ?????? ???? ?????? ???????? ??? ??????? ?????? ?????? ?? ???? ??????? ??????? ????? ?? ??? ???????.
???? ???? ???????? ????? ?????? ????? ??????? ??????"
????? ?????,????? ???? ???? ??????? ?????? ?????,"????? ???? ???? ?????? , ???? ????? ??' ?????? ?????? ???? ????? ????? ???? ????? ???????' ????? ???? ??? ????? ????? ??????? ???? ?'"
??? ????,"????? ???? ????, ??? ??? ?????? ?????, ???? ?????","??? ??? ??????? ???? ???? ?????? ????? ????? ?????. ?????? ?? ????? ??? ??????? ??? ???? ???? ?????? ??????: ?????? ???????, ?????? ?????, ????? ???????? ????."
?????? ????-????,????? ???? ?????? ?? ??????? ?????? ????? ????? ??????,"?????? ????? ???? ??????. ?????? ?????? ?? ???? ?????? ?? ??????? ?????? ????? ?????-??????, ??? ????? ???? ??? ??? ????? ????? ????? ??????? ?????? ??????? ????? ?????? ?????? ???????. ???? ?? ????? ?? ???? ????? ????? ?????  ???? ?????? ?? ???????, ??????? ?? ???? ?????? ?????? ???????? ??????? ???? ???? ????? ????? ?????, ????? ????? ?????? ??? ????? ??????? ?????. 
??? ????? 2015-2005 ????? ???????? ?????? ???""??? ????????? ?????? ?????? ?? ?????? ??????? ???""? ?????? ??????. 
??? ?-2018 ?????? ????? ????? ????? ????? ????-??? ????. 
 ????? ???""? ??????? ??? ??? ??? ?? ????? ????? ???? ????? ?? ?????? ?????? ??? ????? ???? ????? ????."
??? ???,????? ?????? ????? ????????? ?????? ???????? ?? ??????? ???????? ???????,"????????, ???? ?????? ??????? ?????? ?????? ????? ??????? ?????? ???????? ??-???????. ???? ?????? ?? ????? ???? ?????? ??????? ????? ?????? ?????? ?????? ?????? ??????, ?? ?????? ?????? ???????, ????? ??????? ?????? ????? ????????.
????? ???????? ????? ?? ""???? ????"", ??????? ?? ?????? ??????? ?? ?????? – ?????? ????? ????? ??????? ?????? ?? ????? ??????? ???????. 
????? ????""??? ?????? ??????? ??? ????? ?????????? ?????? ??????, ???? ????? ?????? ??? ?????? ????? - ?????? ?? ???? ???? ?????? ??????? ?????. 
????? ????? ?????? ???????? ??????? ??????????, ?????? ????? ?????? ???????? ????? ?????, ???? ?????? ??????, ????? ??????????? ??????? ??????? – ????? ?????? ????? ??????? ?????? ?????? ?????? ??????. ??? ??????? ???????: ??? ????? ????? ?? ????? ??????-??????  – ?????? ??? ?????? ?????? ?????? ????? ?????? ????? ?????.

???? ???? B.Arch ??????, ???? ??? ??????? ????? ????? ??????????? ?? ???? (?????????), ????? ????? ?????? ???????, ???? ????? ??? ???, ????? ?????? ?????? ??????????. ????? ????, ????, Harvard Business School ??INSEAD, ????? ????? ?????? ??? ?????? (VOP)."
???? ?????,??? ???? ??? ?????? ????? ??? ?????,"???? ??? ???? ????? ???????, ????? ???? ????? ?????. 

???? ???? ???? ??? ?????? ????? ??? ????? ??? 2026. 

???? ??? ??? ???? ???? ????? ?????? ??? ??? ??????? (???????) ???????? ??????? ?????????, ???????? ?????? ???? ???? ???? ?????? ???????. 

???????? ???????? ????? ???? ????????? ???? ?????? ??????? ???? ?? ??????? ???????. ??? ????, ??? ????? ?? ?????? ????? ??????; ???? ?????? ?? ???? ?-Fellowship ?? ??? ?????? ??? ?? ???????? ??? ?????? ????? ???? ?????? ??????? ?????. 

???? ??? ???? ????? ????? ??????? - ???? ???? ????? ?????? ????? ?? ?????, ?? ???? ?????? ?????? ????? ?????????, ?????? ????? ??????? ??????. 

?????, ???? ???? ????? ??????? ?????? ??????????? ?? ????."
????? ?????????,???? ??? ???? ?????? ?????? ???????????? ?? ????? ??????? ????? ??????,"??? ???? 2017 ??? ????? ?????? ????? ???? ????, ????? . ?????? ?????? ????? ?????? ?? ????? ?????? ???????, ????, ????? ?????? ?? ?????? ?????? ??????? ???? 630,000 ?????? ?????. ???? ?? ???? ???? 2010 ????? ????? ????? ????? ???""? , ????? ????. ???? ???? ??? ????? ????? ????? ?????? ??????? ????? ??????? ?????? ??????? ????? ?????? ?????? ?? ???????? ?????? ??? ????? ????? ?????? ?????? ""?????"". ?? ??????? ???????? ??? ???? ?????? ???? ???? ??????. 
???? ????? ?????? ??????, ???? ????? ????? ???????."
??? ????,?????? ????? ???? ??????,"??? ??? ?????? ????? ???? ??????. ???? ?? ????? ?????? ?????? ??????? ?????? ??????? ?????? ????? ?????? ?? ????? ??????? ??????? ?? ?????, ???? ???? ??????, ????? ????? ????????, ???? ?????? ???????, ????? ?? ????? ????? ??????, ???? ?????? ?????? ?? ????? ??? ?????????? ??????. ???? ??? ???? ?? ???? ????? ??""? ?????? ???? ??????? ????? ????? ??????? ????????. ???? ???? ??? ?????? ?????? ??????? ????? ??????-????? ?????? ????? ???? ??? ???????? ?????? ???????? ??????."
????? ????,????? ????? ?????? ?????? ?????? ??????? ??? ?????,"????? ??? ????? ??? ??""? ?????? ??????? ??? ?????. ??????? ????? ????? ?? ????? ??????? ??????. 15 ???? ??? ????? ????? ????? ????? ?-15 ???? ?????? ????? ?????? ?????. ??? ???? ??? ????? ?????? ???? ????? ?????? ???????? ?? ????? ????, ???? ???? ????????? ?????? ??? ???? ????? ???? ???????. ??? ?? ??? ???? ????? ?????? ?????? ?????? ???? ?????, ???? ?????? ???? ?????? ???????, ???? ????? ?????? ?????? ?????? ????? ????? ????? ?????? ??????? ???????."
???? ???? ??????,"????""??? ???? ???? ?????","????? ????? ???? ?????? ??? 17 ???? ?????? ?????? ??????. ?????? ?? ?????? ?????? ?????? ??????? ????? ?????? ?? ????? ???????? ?????? ??????, ???? ?????? ??? ????? ???? ??????? ?????? ???? ?????? ?? ?????? ??????? ??????? ???????, ??? ??????? ??????? ??????? ?????? ?????? ??????? ?????. ???? ??? ???? ????? ?? ????? ?????? ????? ?????? ???? ???????? ??????? ???? ?????? ????? ??? ????? ????? ?????? ????? ?????? ?????""????? ??????"" ????? ?????? ??????? ??? ???? ????? ??????? ?????? ???????. ?????? ???? ?????? ????? ?????? ?????? ????? ?? ??? ????, ????? ??????? ???????? ??????? ?????? ??????? ???? ??? ????? ???? ??????? ????. ???? ???? ??? ????? ?????? ?????? ????? ??????? ?? ????? ?????. ??? ??? ????? ????? ??? ?????""???, ????? ?? ????? ????? ?????? ????? ??????? ??????? ?????? ????? ?????? ????? ??????? ????? ?? ????? ?????? ???? ???????? ?? ??????? ?????? ????? ??????. ???? ????? ???????? ???? ???? ????? ????? ?????? ??? ????."
????? ??????,"????? ??? ??????, ????? ???? ??????.","????? ????? ?? ????? ?????? ?????? ??? ?????  ?-17 ???? ???? ???? ????? ?? ????? ???? ?????? ??????? ?????? ????, ???? ?????? ????????, ?????? ???? ??? ????? ?????. ???? ?? ????? ?????? ???? ????? ??????? ??? ????? ????? ????. ????? ????? ????? ?-6 ???? ????? ?????????? ????? ??? ????? ??? ???? ??? ???? ?????????? ????? ??????? ????????. ????? ??? ????? ???? ????? ????, ????? ??? ?????? ?????? ???? ??????. ????? ?? ????? ????? ??? ???? ??? ???? ????? ?????? ?????? ??? ????? ????? ????? ?????."
????? ?????,"????""??? ????? ????? ?????? ???? Applesedds","????? ??? ????""??? ????? ????? ?????? ???? Applesedds. ??? ????? ??? ??? ?????? ????? ??????? ???????? ????? ????? ??????? ?????? ???????? ????? ?????? ??????? ?????? ???????? ?????? ???????? ???? ?? ????? ?????? ???? ??? ????? ????? ?????? ??????."
??'?? ????,"?????? ?????? ???? ????- ????? ??????? ???? ???? ???? ??????, ??.?.?.? ??????","?????????? ?????? ?????,  ????? ?????? ???? ""????"" ???""? ?????? ?????  ???? ???? ????? ???? ????? ??????- ????? ??????? ???? ???? ???? ?????? ????? ??????? ?????????? ?????? ?????? ??????? ?????? ????????? , ??????, ?????? ??????? ??????? ??????? ??????? ???? ????????? ??????. ????? ????? ???""? ?????- ????? ??????????? ???????????? ????? ???? . ????? ?? ??????????? ????? ?? ???""? . ???? ????? ???? ???? ????? ?????? ????????? ???????? ????? ??????? ?????, ?? ??????, ?????? ?????? ?????? ????  ???????? ?? ????????? ??????. ???? ??????? ????? ????"
???? ????,????? ????? S.A ????? ??????,"???""? ????? ?? ????? ?????, ??????? ?????? ??????? ?????? ?????? ???????? ?????? ?????? ?????? ?????? ??????.
?????? ?????? ??? ?????, ???? ???? ?????? ?????? ??????? ?????? ?????? ?????? ???? ??????? ?????, ??? ????? ?????? ?????? ????? ?????? ???? ??????? ??????? ????. ???? ???, ???? ????? ?? ???? ????? ????? ?????? ""???? ??? ?????"". ????? ??????? ???, ???? ??????? ????? ?????? ??????? ???? ????? ??????.

???? ??? ???? ????? ???? ??????? ??????? ???? ??????? ???? ????? ???? ??-??????? ??????? ?????, ????? ?????? ????, ????? ?????? ???????, ??? ????? ?????? ?????? ?????? ?????? ??????? ????????. ??? ??, ??? ???? ????? ??????? ?????? ????? ????????? ?????? ?????????, ?????? ?????? ???????? ??????? ?????? ?? ??????, ??? ???????.

???? ????? ????? ????? (MA) ??????? ????? ??????????? ?? ????, ???? ???? ?????? ????? ??????? ???? ???? ????? ????? HBS (???????), CJBS (?????????'), IMD (?????) ?-LAHAV (?????????? ?? ????).
?????, ???? ??? ???? ????? ??????? ???????? ?? ????? ""????"", ?????? ??????? ????? ??????? ??????."
???? ???,??? ????? ?????? ?????-????? ????? ????? ????? ??? ??????,"???? ??? ??? ????? ?????? ?????-????? ????? ????? ????? ??? ??????. ???? ?? ??? ??? ???? ?????? ????? ????? ?????? ????? ?? ????? ?????? ????? ??????? ????? ??????? ?????? ??? ????? ?? ????? ???????? ??????? -?????? ?? ????? ?????? 922 - ?????? ?????? ????? ????? ?????? ????? 2016 -2020 ????? ????? ?? 15 ??????? ? ??? ????? ???????, ???? ?? ?????? ????? ??????? ?? ??""? ??""? ?????? ????? ????? ?????????? ???????? ?????? ?? ?-900 ?????? ? ."
??? ????,Capability Building Lead,"???  ????? ?????? ??? ???? ?????? ??????? ???????? ????? ?????. ???? ???, ????? ????? ??? ????? ?????? ??????? ????? ?????? ???? ????? ??????? ??????? ?????? ????? ?????? ?? ???? ?????? ??????? ?????? ??????? ???? ???? ?????? ??????? ?????? ?????? ??????, ????? ????? ?????? ??????? ?????? ??????? ??????? ????? ?????? ??????? ?????? ???? ??????. ?????, ?????? ?? ???? ?????? ??????? ????????, ???? ?????? - ???? ?????? ?????? ?? ???? ????? ??? ?????? ?????? ?????? ??????. ???? ??? ??? ???? ???? ???? ????? ??????? ??????????, ????? ?????? ?????? ?????? ?????? ?????? ?????? ?????? ??? ???? ?????? ???????? ??????. ???? ????? ???  ?????? ???? ????? ????? OYYV ????? ?? ???? ?????""??? ??""? ???????."
???? ????,"????""??? ????? ?????? r&d services and offshore","???? ??? ????""??? ????? ?? ?????? ????? - ?????? - ?????? offshore ?? ?????? ????? ??????, ?????? ???? ???? ?????? ?????? ??????? ???? ?-900 ??????, ?????? ?????? ????????? ???? ????. ???? 2004 ????? ?? ???????? ?? ??????. ???? ??? ????? ????? ?????? ????? ???? ??????? ?????? ????? ?????? ?? ?????? ????? ?????? ???? ????????. ???? ???? ?????? ?? ????? ?????? ???? ?????? ????? ??? ????? ????? ????? ???????."
????? ???,"???????? ????? , ???? ?""? ???? ??????","????? ?????? ??????? ??? ??????, ??????? ?????? ?????? ??????????? ???????? ?????? ????????. ?????? ???????? ??? ???? ?????, ?????, ????? ???????? ?? ??????? ???? ?????, ????? ????? ??????? ??????????? ??? ???? ???. ?????? ??????? ?????? ???? ????? ????????? ??????? ????? ???? ????????.
????? ???????, ???? ??????? ????? ?? 5 ???? ????? ??? ????? ?????????? ?????? ??? ????? ?? ????? ?????? ????? ??????? ??????? ?????? ????? ?? ????? ??????? ?????? ????? ?????? ??????? ??????????? ?????? ????? ??? ????? ?????? ???? ????."
???? ?????,"??? ?????? ?????? ????? ??????? ?? ?????? ???????? ????? ??????, ???? ?????? ???????","?""? ???? ????? ????? ??????? ???????? ????? ???? ????? ??????? ????????? ????? ?????? ????? ?????? ???????, ??????? ???? ????? ??? ?????? ???? ??? ???? ?????? ?????? ??????? ?????, ????? ?????? ??????? ?? ??????, ????? ?????? ???????? ??????. ?????? ?? ?????? ????? ????? ????? ????? ??? ???????, ????? ???????? ???-??????? ?? ???? ??????? ?????? ??????, ???? ?????? ????????? ?????? ????? ?????? ??????? ????? ???? ?????? ????? ???????? ????????? ??????.
??????? ????? ?? ???? ????? ??????? ????? ??????? ???? ????? ?????? ??????? ??? ???????, ??? ??????? ???????? ??????? ??????. ????? ????? ??????? ?????? ?? ???? ?????? ????""? ???? ??????? ???? ???????. ????? ?????? ??????, ?????? ?????? ?????? ???????, ???? ?????? ?? ???? ?????? ??????? ?????? ????? ??????? ?????? ????? ????????."
???? ???,"????? ?????? ????????, ????? ??????? ???????? ??????","???? ????? ?? ""?????? ????????"" ????? ??????? ???????? ??????. ?????? ?????? ??? ????? ?????? ?????? ??????? ???????? ??????? ???????? ??? ??????? ????????. ???, ???? ????? ????? ????????? ?? ???? ?????? ?????? ????? ???????? ????????? ?? ????? ?????.
??? ????? ??, ????? ???? ?? ??? ???? ""?????? ?????? ??????"", ????? ?????? ?????? ?? ????? ?????? ????????? ?????? ??????? ?? ????? ?????? ???? ????? ??????. ???? ???? ?????? ???? ?????? ??????? ??????? ????? ????? ????? ???????, ????? ?????? ?????? ????? ??????? ???????? ?????? ?????? ?????, ?????? ??????, ?????? ??????? ?????? ??????. ???? ???? ??????? ??????? ????? ??????? ??????? ???????? ??????? ????? ????? ???????."
??? ??? ????,"???""??? FORE ??????; ??????? ??? ???? ?????? ?-AI ?? GOOGLE ???????","??? ??? ???? ????? ????""??? FORE ?????? ??? ?????? ?????? ??????????? ??????, ???????-?????? ????""??? ??? ???? ?????? ?-AI ?? Google ???????. ??? ????? ???? ????? ????? ?? ????? ??-????? ??? ????? ?????? ?????? ??? ??????? ????? ?????. ????? ????? ????? ????? ???? ?????, ?? ???? ???? ???? ?????? ??????? ???? ??????? ??????. ????? ???, ??? ??????? ???????, ??? ????? ???""? ????? ""????"" ??????? ?????."
???? ?????,"????? ???? ???????? ???????, ????? ??????? ??? ?????","????? ???????? ???? ???? ?? 22 ????, ???? ???? ????? ???? ?????? ???????? ?? ?????? ???????? ?????.
???? ??????? ????? ?????? ??""? ???? ????? ????? ??? ?????? ???? ????? ???? ?????? ?????? ?????? ?????.
????? ???? ???????? ??? ????? ?? ???? ???????? ??????? ?????? ??????? ??? ?????, ???? ????? 53 ?????? ??????? ???????? ????? ??????? ?????????."
???? ?????,"??? ???? ?????? ????, ??? ??? ????","???? ?????, ?????? ????? ??? ???????, ???? ???? ???? ???? ?????? ???? ??? ???? ????? ??????????? ?? ?????? ?????? ?????? ?????. ?? ???? ??? ??????? ???? ?????? ??????? ????? ???? ??????. ????? ??????, ???? ???? ?????? ?????? ????? ???""? ??????? - ?????? ??? ???? ?????? ????? ????, ????? ???? ????? ?????? ???????? ???? ???? ????? ?????, ??????? ??? ????? ?????? ???? ?????? ???? ????????. ?????, ???? ?? ????? ?????? ???""?, ??? ???? ?????? ??????? ??????? ?????? ???? ?????? ????? ???????, ????? ??? ?????? ???????? ????? ????? ??????, ????? ??????, ????? ???????, ????? ?????, ?????? ?????????? ???????."
?? ?????,????? ????? ?????? ???,"?? ??? ???? ????? ???? ????, ???????? ?????? ??????? ?? ???? ????? ???? ?? ????? ????? ??????. ??????? ????? ???? ?? ????? ??? ???. ???? ??? ??? ???? ???? ??? ????? ???????? ????? ???? ?????? ??????? ???????. ???? ?? ???? ????? ???""? ??? ?????? ?????? ?????? ????? ???? ?????? ????? ????? ????????. ?????? ?????? ???? ????? ??????? ?????? ??????, ??????, ?????? ???????. ?????, ???? ????? ?? ???? ?????? ?????? ?????? ??? ????. ??? ??, ??? ?? ???? ?????? ???? ????? ?????????, ?????? ?? ????? ?? ???? ????????? ???????? ??? ???? ???? ???????. ?? ?????? ????? ???? ?? ????? ???? ?????? ????? ?? ??? ????????."
?????? ?????,??? ??? ??? ?????? ??????,"?????? ???? ?????? ?????? ??? ???? 2012 ???? ??? ??? ??? ??? ?????? ??????, ??????? ?????? ????? ?? ?? ???? ?????? ?????? ????? ????? ?????? ??????? ??? ???????? ????? ??."
???? ????,???? ?????? ?????? ????? ??????,"???? ???? ?????? ??????? ??????? ????????, ?????? ?????? ???????/??, ?????? ???????? ????? ??????? ?????? ??????, ???????, ????? ??????? ??????. ???? ?? ???? ?? ??? ?????? ??????? ??? ??? ????? ??? ?? ??? ?????? ??????? ??? ?????. ???? ????? ????? ??????????? ???? ?? ??????? ????? ??????? ?????? ??? ??? ????? ??????, ????? ?? ???? ???? ??? ???? ????? ?????? ??????. ??? ???? ????? ???????? ???????, ???? ????, ???? ??????????? ??-????, ??????????? ?""?, ??????' ????, ??????' ?? ??????, ??????' ??????. ??? ???? ???? ????? ??????? ?????????,  ??? ????? ????? ?? ?????? ???????? ???? ??????, ????? ???? ?????? ???? ?????? ????? ????? ????? ????? ????? ?????. ???? ???? ????? ????? ?????? ?????? ?????? ?????? ?????? ??????? ??????? ?????? ???????? ????????, ??????? ??????? ??????? ???? ????? ?????? ???? ??????."
??????? ????? ????,???? ?????? ??????? ????? ????,"??????? ??? ???? ?????? ??????? ????? ???? ???? 2014. ?????? ?????? ??? ????? ?? ????? ?????? ??? ?????? ????? ?? ?????.????? ??? ???? ???????? ?????? ????? ??????? ?????? ??????? ??????. ???? ?? ???? ?????? ???? ????? ????? ?????? ??????? ??????? ???????, ???? ???? ???? ????? ???? ????? ?????? ?????."
??? ????,??? ???? ???? ???,"??? ??? ?? ????? ??""? ???? ?""?. ???? ??, ??? ???? ??? ??????? ????? ??? ???? ???? ?? ?? ????? ????? ???? ????, ????? ???? ?? ?????? ?????? ????? ????? ?????. ????? ???? ???? ???? ????? ????? ??? ?????? ??? ??????? ?????? ????? ????. ???? ???? ????? ????? ????? ?""? ?????? ??""? ???? ?? ???, ??????? ?????? ???? ?? ??? ??????, ?????????? ????? ?""?????? ?????????"". ?????, ??? ???? ??? ????? ???? ????? ????? ????? ????? ???????."
???? ????-????,"????? ?????, ????? ???? ?????? ??????? ????? ??????","?""? ???? ????-???? ??? ?????? ?????? ?? ???? ?????? ???? 2020. ??????? ????? ??? ????? ?????????? ????? ?????? ???? ??? ????? ?? ????? ?????? ???? ??? ?????? ??????? ????. ????? 2015 -2018 ????? ?????? ??? ????? ??????? ????? ??????? ?????? ??????? ?????? ????? ????? 2009 ????? ?????? ????? ?????? ????? ??????/?? ????? ????? ????? ?????? ????? ????? ???. ?????? ?????? ??? ????? ?????? ?? ???? ???? ???, ?? ???? ?????? ???????? ??? ????? ???? ????? ???????/??. ?????, ??? ????? ??? ?? ????? ???? ?????? ?????? ?????? ???????/?? ??????? ?????? ????? ????? ?????? ?? ???? ?????. ??? ?? ??? ?????? ?? ???? ??? ?????? ??????? ?? ????? ??? ???????? ?? ?????? ??????? ?????? ?? ?????? ?????? ????? ?????. ??????, ??? ????? ?????? ????? ??????? ????? ???? ?????? ???? ??? ??????? ?????? ?????????? ??????-????????? ???? ?????? ????. ?????? ?????? ??????? ??? ????? ????? ?????? ?????? ??????? ???. ??????, ????? ????? ????? ????? ????, ?????? ???????? ??????? ???? ?????? ????? ?????? ??? ?????. ???? ????? ?????? ?? ????? ????? ????? ????????? ??????? ???????? ????? ????? ?????? ??????? ??????? ??""? ?????? ????. ???? ?????? ?????? ?????, ??????????? ?????????. ?????? ?? ?????? ??????????? ?????????? ??????????? ?? ??????? ???? ?????? ??????? ????? ?????. ??? ???? ????? ??????????? ??-?????? ?????? ?? ?????' ??? ????? ??????? ???? ?????? ?""? ???? ??????? ?????? ???? ?????? ???? ??? ???."
?? ???? – ???,?????????? ????? ????? ??????,"?""? ?? ????-??? ??? ?????????? ????? ????? ??????, ???? ????? ????? ???? ????? ???? ????? ????? ?????? ?????? ??? ???? ??????????? ?????? ?????. ???? ??? ????? ????? ?????? ?????? - ?? ?? ????? ?????? ??????. ????? 2015-2013 ??? ????? ????? ??????? ???? ??????? ?????? ????? ?????? 2014-2012 ????? ????? ????? ?????? ??????? ????? ??????? ???? ?? ?? ????. ??????, ????? 2018-2013 ????? ?????????? ????? ???? ?????, ????? ??? ????? ?????? ?? ????? ??????? ?????? ???""? ?????? RESCUE ONE. ?? ?????? ???????????. ?? ??????? ????? ????? ??????? ???? ?? ?? ???? ??????? ?????? ?????, ??? ?????' ????? ???? ?????? ??? ?????. ????? ??? ??? ????? ??????? ?? ?????? ????? ?????? ???? ?????? ??????."
????? ??????,"??? ????? ?????, ?????? ????? ?????","????? ??? ??? ????? ?????, ?????? ????? ?????. ?-12 ???? ???????? ????? ?????? ??????? ??????? ?????? ?????? ?????? ?????? ?????? ?????? ?????? ??????? ?????? ??.? ??? ?????, ????? ?????? ???????? ??????? 2000 , ????? ????? ??? ????? ???????? ??????? ?""? ????? ??? ????? ????? ????? ????????? ????? ???????."
?????? ???,"???""? ?????? ??????","?????? ??? ????""? ?????? ????? ?????. ??????? ????? ??? ????? ????""? ??????? ???????? ???????. ???? ??? ???? ????''? ????? ?????? ?????-???? ????? ?? ??? ????? ?????? ????? ??????? ???????? ?????? ???? ????? ??""? ?????? (?? ????????). ???? ??? ??? ?????? ????? ???? ???? ??? ?? ??? ?????? ????' ?????? ????""? ??????? ????? ????? ????? ??? ???? ???? - ??????? ??????. ???? ??? ??? ??? ???????? ????? ????? ??? ??????. ????? ??????? ??????, ??? ????? ?????? ??????? ????????? ??????? ???? ????????, ?????? ?????? ???, ??? ?????? ????? ????""? ?????? ??? ???? ???????? ?????? ???????? ????????. ?? ?????? ????? ???? ?????? ????? ?????? ??????? ?????? ??????? ?????? ????? ??? ???? ???????? ????? ??-??? ?????? ???? ????? ?????? ?? ??? ????????."
????? ??? – ????,"??""? ?????????? ??""? ????? ?????? ????????","????? ??? ???""??? ?????? ?? ??. ???? ??? ????? ????? ????  ???? ?????? ??????? ????????? ???????? ?????? ????? ?????? ????????? ?????? ?? ????? ????????????? ?? ????? ??????? ???? ???????, ?????? ???? ?????. ???? ?? ????? ????? ???? ?????? ???? ????? ?????? ????????? ????? ?????. ????? 2011-2007 ??? ????? ?? ???????? ??? ???? ??? ????? ?????? ????????? ????? ?????, ??????? ??????? ??????? ?????? – ?????? ????? ??????? ?????? ??? ???? ???? ??? ?????? ?????? ???? ???????? ????? ?????. ?? ?????? ????? ????? ????? ???""??? ???? ????? ?????? ????""? ???? ??????? ?????? ???? ?????? ??????? ?????? ??????, ?????? ??????? ?????? ??????? ????? ??????."
??? ??? ????,"Director, Global Clients, Peach","??? ??? ???? ?????? ?? ????? ?????? ???????. ???? ???? ?????? ?? ???? ??????? ?? ???? ?????? ???? ???????, ????? ????""??? ???? ?????? ???? ????, ???????? ????? ????? ????? ????""??? ?????? ?? ????? ??????-???? ???? ???? ?????? ????. ???? ?????? ??????, ?????? 2020 ?????? ??? ?????? ????? ??? ?????? ????? ?????? ???????? ??????? ????? ???? ?????? ????? ???? ????""??? ????? ??????."
????? ????,"???""? ???? ????","???? ??? ???""? ??? ?????? ???? ????. ??? ??? ?????? ???? 1995 ????? ????? ???? ?? ????? ????????? ??????? ?????. ???? 2009 ???? ?? ??? ?????? ???? ???? ????? ????? ?????? ?? ???? ?????? ????? ????-????? ????? ??? ??????? ??????. ????? ???????? ???? ???? ?????? ?????????? ???? ????? ?? ????? ?????? ???????, ??????????, ????""? ?????????."
?? ??- ????,"????? ??????, ???? ????? ?????? ????? ???????? ??????, ??????.  ??? ???? ???????, ??????? ????? ???????, ?????????? ?? ??????","???? ???? ????? ?????? ??????? ????? ?????? ??????? ????? ???????? ??????. ????? ?? ???? ??????? ??????? ?????, ???? ????? ?????????? ?? ???? ????????, ????? ???? ?????? ?????? ?????? ????? ?????? ????. ?????? ???? ???? ???? ??????? ??????? ????? ??????? ??????????? ??- ?????? ???? ????? ?????? ?????? ??? ???????? ??????, ??????? ?????????? ???????? ???? ???????"
????? ???????? ??????,"????""??? ????? ????? ??????? ?????? ????? ???????","????? ??? ????""??? ????? ????? ??????? ?????? ????? ???????, ?????? ?? ????? ????????? ???, ?? ?????? ???? ????? ?? ????? ???????, ?? ????? ????, ????? ????? ?????? ??????? ???????, ?????? ?????? ??????? ??????? ??????, ????? ??????? ???????? ?????? ?????? ???? ????? ??????? ?????? ??, ??? ????? ?????? ???? ?????? ?????? ???????? ???????. ??????? ????? ????? ?????? ?? ??? ?????? ?? ???? ??????? ??????? ??????? ??????? ?????? ????? ??????? ?????? ?????? ???????. ???? ?? ????? ?????????? ????? ????? ?????????. ?????? ??? ??? ???? ?????? ???? ??????? ??????? ???? ????? ???????, ?????? ??????? ?? ?????? ?????? ??????? ???????? ??????????."
??? ???????,,"?""? ???????????? ???????? ??????, ????????????? ??????? ??????? ?????? ???? ???????.

??? ????? ?????? ???? ??????, ????? ?????? ?????, ????? ?????? ?????? ?????? ????? ????.

??? ????? ?? ????? ??????? ????? ?????? ???? ????? ??????? ?? ?????? ?????? ??????? ??????? ?? ????? ??????? ??????? ??????.

???????? ???????, ???? ????? ?????? ???????, ???? ????? ????? ?????? ??? ??? ?????? ????? ????? ???? ???? ?????? ???????? ????????? ?'??? ???????'.

??? ??? ???? ????? ????? ???? '?????' ????? ???? ??? ???? ?????? ???????? ?????? '??? ???' ?????? '?? ???'."
???? ???,??????? ???????? ???????? ????? ?????? ???????,"???? ??? ??????? ???????? ???????? ????? ?????? ???????. ???? ??? ??? ????? ?? ??? ???????? ???????? ????? ????? ??? ??? ???????? ???????? ????? ????? (????? ?????). ???? ?? ???? ????? ????? ??????: ???? ???? ?????? ????? ???????? ??????? ??????? ?????? ???""? ????? ????? ?????? ??????? ????, ?????, ???????, ????? ???, ????? ??????. ???? ???? ????? ?????? ???? ?????? ???? ???. ????? ?????? ?? ????? ??????, ???? ??????? ??????."
???? ??? – ???,???? ???? ?????? ??????? ?? ???? ?????? ???? ??????? ???????,"?""? ???? ??? ???, ????? ????? ???? ?????? ??????? ?? ???? ?????? ???? ??????? ??????? (????? ???? ?? ??????? ?????? ???? ?7.10). ??? ????? 2019-2023 ???? ????? ?????? ??????? ?????? ?????? ?????? ??????? ??????? ????? ??????, ?????? ?? ????? ??????? ?????? ?????? ?????? ?????? ???? ???????.
???? ??? ?????????? ??????? ??????? (Ph.D ????? ????? ??? ???? ?????? ??? ??????? ??????). ???? ??????? ??? ???? ?????? ?????? ?? ???????, ??????? ????????? ??????? ?????. 
??? ??? 2002 ???? ????? ????? ????? ?????? ?????? ????????, ?????????? ?? ??????, ?????? ???? ????? ??????? ????. ??? ????? ????? ?????? ???????????, ????? ????????, ??????? ??????? ???? (????? ???? ????? ?? ????? ???? ???????). 
??? ????? 2016-2018 ???? ???? ?????? ""????? ???"", ?????? ?? ???? ?????? ??????? ????? ???????? ?????? ?????? ??????? ???? ??????.
??? ????? 2012-2016 ????? ???? ????""??? ?????? ??????? ????? ""?? ????? ??????"", ????? ????? ?????? ???????? ?? ???? ?????. ?200 ?????? ?600 ??????? ??? ??? ?????? ??????. ?????? ?????? ????? ?????? ?? ??? ??????? ???? ??????? ????????, ??? ????? ??????? ????? (???? ??? ?????? ???? ????????? ?? ?????? ????? ????? ????? ????).
???? ???? ?????? ????? ?????? ???????. ?? ???? ???????? ?????? ??????? ?????, ????? ?????? ????? ???????? ???????, ????? ??”? ??????? ??”? ??????????? ??????, ?? ????? ?? ????? ""??? ??????"" ?????? ??? ???????? ???? ????????. ????? ?????? ???? ?????, ????? ?????, ?????, ????? ?????? ??????-????? ???????? ?????? Brandise Bardine Institute, ?? ???. 
???? ????? ???? ??????? ?????? ???????? ???????, ??????? ??????? ?????? ????? ????? ?????? ?????? ?????? ?? ?????? ??????? ??.
???? ???? ???? ??? ???????? ??? ??????, ???? ????? (???-??????) ????? ???? ????. 
????? ????? (?????) ??? ???? ????? ???? ????, ?????, ??? ????."
???? ????,???? ???? ?????? - ??????? ?????? ?????? ??? ??????? ??????,"???? ??? ???? ???? ?????? ??????? ?????? ?????? ??? ??????? ??????. ?? ???? ???????? ????? ?????? ????? ?????? ??? ????? ?????? ?????! ?????? ??????? ??????? ?? ??? ???? ???????? ??????? ??????????? ?????? ????? ?? ????? ??????? - ?????? ???? ??? ?????? ????""? ?????? ?? ??????. ???? 2013 ??? ???? ?? ?????? ?????? ?? ??? ????? ???? ?????? ????? ???? ?? ????. ???? 2019 ????? ????? ????? ?? ?????? - ???? ????? ????? ??????, ?? ????? ?????? ??? ?????? ????? ?????? ????? ?????? ???? ??? ??????? ??????? ????????? ????? ???? ????? ??????."
???? ????,"???""?,?????? ???? ??????","???? ???? ????""?, ?????? ???? ??????. ?????? ??????? ???? ?????. 15 ??? ?????? ???????? ?????, ???? ?????. ?-13 ???? ?????? ?????? ???????? ?????."
??? ???,????? ?????? ?? ????? ???,"??? ??? ????""? ?????? ???????? ????? ???????. ?????? ?????? ??? ????? ?? ???? ?????? ??????? ?????? ????? ????? ?? ????? ???????? ????? ????????? ?????? ????: ????? ?????, ????, ????? ???? ???????????? ?????? ??????? ?????? ???""? ??????? ???????? ???? ????????. ??? ????? ?? ??? ??? ????? ????? ???? ????? ??????? ??????? ?????? ???????."
???? ???????,"????""? ??? HAAT","???? ??? ??? ?????? ?? ????? ???? ???? ?????? ?????? ????? ????????? ?????????? ??????-???? ?????.
????? ???????? ???? ??????? ??? ??????? ??????-?? ?????? ????? ?????? ????? ???????? ???? ??????.
????? ?? ??????? ??????? ?? ????? ???? ?????? (?????)."
?? ????,"???""? ????? ??????","?? ??? ???""? ????? ??????. ??????? ????? ??? ???""? ????? ???? ???? ????? ???? ????''? ???? ?????, ???""? ????? ?????? ????????? ?????? ????""? ???? ????? ?????? ????? ????? ??? – ?? ??? ??? ????? ?????, ????? ???? ???? ?????? ??????. ???? ??? ???? ??? ???? ?? ???""? ?????????? ????? ???????? ???? ???????? ???????? ???????. ??????? ????? ???? ?? ????? ?????? ?????? ??????? 504."
????? ???,????? ????? ???? ?????,"????? ????? ???? ?????? ???? ???? ????? ?300 ?????? ???? ???????? ?200 ?????? ????????  ??????? ????? ?710 ??? ???????. ????? ??????? ??????:????? ?""?,??? ????,????? ??????,????? ???? ????? ??????? ???????,????? ??????? ?? ??? ?????? ??????,????? ????? ??????? ,????? ?????,???? ?????? ????? ??????? ????? ?????? ??????,????? ????? ????,??????? ?????? ?????? ????? ????? ?? ?????.????? ?????? ????? ?????? ??? ??????? ?????? ???????? ?????? ????? ?? ?????.???? ????? ?????? ?????? ??????? ?????? ?????? ?????? ????? ??????."
????? ????,???? ??? ?????? ??????? ????,"????? ??? ???? ??? ?????? ??????? ????, ???? ?????? ???????? ?????? ??""? ????? ?????, ??? ?????? ????? ????? ?????? ????? ???? ?????? ?????? ????? ??""? ?? ??????. ??? ?? ??? ???? ??? ??????? ??????? ??? ???-????? ??? ???? ??? ?????? ??????? ??????."
??? ????,"???""? ???? ???","??? ??? ???""? ????? ???? ???. ??????, ??? ??? ?????? ?""??????? ????? ????"" ????? ??????? ??????? ?????? ?????, ??? ?????? ???????? ?? ??? ??? ???? ??? ????-????, ???? ????? ???? ???? ??????? ?? ????? ????? ??????. ????? ????? ???? ?????? ???? ???? ?????? ????? ?????? ????? ?????. ????? 2008-2005 ??? ???? ???""? ???? – ????? ??? ???? ??????? ?????? ??????? ??? ???? ????? ????? ??????? ???? ???? ?????? ????? ??????? ????????? ????? ??????? ??????? ?????? ????? ???? ??? ???. ????? 2012-1996 ???? ??? ???? ???? ?? ?? ???."
????? ????,???? ???? ???? - ??? ?????,"???? 2010 ????? ?? ""???? ?????"" ???? ???""? ??????? ????? ???? ???????, ?????? ???? 2013 ????? ?? ""???? ????"" ????????? ????????? ?????? ?????? ??????? ????? ?????, ????? 2016 ????? ?????? ??? ????? ????? ???? ???? ????? ????? ?????. ????? ????? ????? ????? ??????? ?? ?????? ?????? ????? ?????, ???? 2020 ?? ????? ??????? ?????? ?????? ?????? ?? ????? ?????? ??? ?? ???""? ?? ??? ????? ???? ?????????? ????.  ??? ??? ???? ?????? ????????? ???? ??? ?? ?????? ??????."
???? ?????-?????,"???""??? ??????","???? ??? ???""??? ?????? - ??? ?????? ????? ?????, ??????? ????????? ??????? ??? ???? ???? ????? ??? ???????. ???? ????? ????? ??????? ?????? ????????? ?????? ??????? ?????? ??????."
???? ?????????,??? ????? ????? ?????? ???? ????? ???????,"?""? ???? ????????? ??? ??? ??? ?????? ?????? ???? ????? ???????. ??????? ????? ???? ?? ???? ?????? ???? ????? ?????? ??????. ???? ?? ???? ?? ?????? ??????? ???? ?? ?????? ?????? ?????? ????? ???????. ???? ???????? ??????? ???? ??? ??? ????? ??????, ??????? ???????? ?? ??????, ?????? ???? ?????? ?????? ???? ?????, ???? ????????? ?????. ?????? ?????? ??? ?????? ?????? ?????? ??????? ?????? ???? ???? ????? ????? ??????? ????? ?????? ???????, ??? ????? ?????? ?? ?????? ????????? ?? ??????? ?? ?????? ?????? ????? ?????. ????? 2013-2006 ??? ????? ????? ??? ???? ???? ?????? ??????????? ?? ???? ??????? ????? ?????? ???? ??? ??? ???????? ??????? ?????? ??? ?? ???? ?????????, ????? ?????? ??????? ???? ????? ????? ????? ?????? ?????? ???????????. ??????, ??? ????????? ????? ??????- ????? ?????? ???? ?? ??? ???? ????? ???? ???, ???? ???? ????? ????? ????? ????? ?????? ?????? ?????. ?????? ?????? ??????? ??? ??? ??? ?????? ??? ????? 2017-2015, ?????? ????? ??????? ?????? ????? ????????? ????? 2018-2014. ????? 2004-1998 ??? ???? ?????? ???????? ????? ???????? ??????? ???????????, ??? ????? ?? ???? ?????? ?????? ??""? ?????? ?? ????? ?????, ??? ??? ????? ?????? ?????? ?? ?????? ???? ???? ??? ??????? ?????? ????? ????????? ????? ????? ??????? ???????? ?????, ???? ???? ?????? ?????? ????? ??????? ??'???? ??????. ??? ???? ??? ???????? ?????? ???? 2017 ?????? ???? ??????? ??????? ?????? ??????. ???? ??? ??? ????????. ???? ??? ???? ????? ????? ?????? ?????, ????? ???? ???????? ???? ??????. ??? ????? ??????????? ?? ????. ?? ??????? ??? ????? ?????? ???? ??? ??? ????????, ??? ?????' ?????? ??? ????????? ????? ?????? ???????????? ?????? ???? ???."
???? ????-?????,????? ????? ??????? ???????? ???? ????,"???? ??? ????? ????? ??????? ???? ????. ???? ?? ????? ???? ???? ???? ?????? ????? ???? ???? - ????? ??????? ???????? ???- ?????, ????? ??? ????? ?????? ?? ????? ????? ??????? ????? ????? ????, ???????? ?????? ?????? ??????? ?????? ?????? ???????? ???????. ??? ???? ?????? ?? ?????? ????? ????? ?????? ????? ???? ??? ???????? ?????? ????? ?????? ?????? ???? ??????. ??????? ??? ??? ??? ????? ?????? ?? ?""? ???? ????-??? ????? ????? ????? ????????? ????? ???????? ???????? (""????? ???-???""). ???? ????? ???? ??????? ???? ??? ????? ????? ?????, ????????? ??????."
?????? ??????,????? ????''? Y,"?????? ??? ????? ????""? ???? Y - ???? ????? ?????? ?????????, ????, ????? ?????? ?????? ???? ?????. ???? ??? ???? ????""? ?????? - ????? ????? ???????? ??? ????? ?????? ??????? ??????? ?????????? ???????. ???? 2013  ??? ????? ????? Social Finance Israel ???? ????? ???????? ??????""? ???? ??????, ??? ????? ?? ?????? ??? ????? ?? ?????? ???? ???????? ???????? ?????? ?????? ?????? ???????? ?????????? ???? ????? ?-G8 ??????? ???""?. ???? ??? ???? ?? ????? ????? ?????????? ???? ??""?  ????? ??? ??? ???? ?????? ????? ??????????? ???? ????? ???? ???? ???? (C.I) ????? ??????? ??????? ???? ??????? ????????? ????????????."
???? ????,"???? ??? ?????, ???? ?????? – ?????? ????","???? ??? ???? ??? ????? ???? ??????. ????? ???? ????? ???????: ???? 1996 - ????? ????? ?????? ???? ??????, ??? ??????? ?????????, ???? ????""??? . 1998 – 2004 ????? ???? ???????? ???? ????????? . 2005 – 2007 ???? ??????? ???? ?????????, ??? ??????? ????????? (?????, ???? ??????), ????? ????. 1998 ??? ???????? ???? (????? ,????? ???'), 2001 ???? ?????? ???? ?????? ????? ??? ?????? ?????, ??? ??????? ?????????, ???? ????""???. 2004 ???? ?????? ???? ?????? ????? ??? ?????? ?????, ??? ??????? ????????? (????? , ???? ??????), ????? ???? . 2006 ??? ???? ??? ??????? ????????? (?????, ???? ??????), ?????? ???? . 2008  ?""? ???? ??? ??????? ????????? (?????, ???? ??????), ?????? ????. 2013 ??? ????, ???? ??? ??????? ?????????, ???? ??? ????? ???? ?????? ??????? ????, ????? ?? ?????? ????????? ????? ???????? ???? ????. ?????? ????? ????? ????? ???????? ??????? ????? ?????? ?????, ????? ????? ??????? ?? ????? ?????? ????? ???????? ??????? ????? ?????? ?????? ???? ???? ???? ?????."
???? ?????-?????,"????? ?????? ?????, ????? ????? ?? ????? ???????","???????, ?? ???? ???? ????? ?????? ?????? ???""??. ??? ???? ?????? ??????? ???????? ?????? ??????? ????????? ??????, ?????? ????? ??????? ?????? (??????? ???????), ???????? ????????? ???? ??????? (?????) ?????? ???????? ?????? ???""???. 
?????? ?? ?????? ???? ?????? ???""?, ????? ????? ??????? ?????? ????? ????? ??? ?? ??????? ?????? ?????? ??????????, ????? ?? ??????? ?????? ??? ??? ?? ??? ????? ?????. 
????? ???????? ??????, ????? ?????? ?????? ????? ??????? ???? ?? ?????? ?????? ?????? ????????? ????? ???""?. ?????? ?????? ??????, ?????? ??????? ????????? ??????? ????? ??????? ????? ????? ???????? ?????? ????????."
???? ?????,"??? ?????? ??????, ???????? ??????. ??? ?????? ???????- ?????? ??????? ?????","???? ????? ???? ?????? ??????, ???????? ??????; ??? ?????? ???????. ???? ??? ???? ?? ????? ????? ????????? ?????? ??????? ?????. ?????? ?????? ???? ????? ?????? ??????, ?????? ?????? ??????? ?????? ?? ????? ????????? ??????. ??? 2001 ???? ???? ??????? ???? ????? ???? ???????. ? 2014 ??? 2018 ???? ??? ??????? ?? ?????? ????? ???""? ?????? ????? ????? ???? ??????. ??? ?? ??, ???? ????? ??????? ????? ""??????"" ?????? ????? ????? ????? ??????."
???? ?????,??? ???? ???????? ???,"????, ???? ????? ??? ??????, ??? ??? ????? ???? ??????-????? ????? ????? ?????. ?????? ????? ??? ?????? ""???"" ??? ???? ????? ?????? ????? ??????? ?????? ???? ????. ?-2013 ???? ?? ?????? ??????? ????? ?????, ?????? ???????? ??????? ??????? ??????, ??? ?????? ?????? ??????????? ??????. ????? ?????? ??????? ????? ???, ?????? ?????? ""????? ??????"" ?????? ????? ????? ???""?, ????? ?????? ??-??? ???-????? ????? ????????. ??? ???? ??? ???????? ??????? ???????????? ??????, ??? ??????? ???????? ??????? ????? ??? ?????? ???? ???? 2011."
??? ??? ????,"????? ?????? ?? ????????, ??? ??????? ?????",????? ????? ??????? ???? ???? ???????? ?????. ???? ??? ????? ?????? ??????? ???? ??? ???? ?????? ???? ??????? ???????? ??????? ?????? ??????. ???? ???? ???? ????? ???????????? ?? ????.
??? ??? ???????,"???""? ?????? ????","????? ?????? ???? - ?????? ??????? ?????? ???????? ?????? ??????? ????? ?????. 
????? ?????? ??????? ?????? ??????? ?????? ?????? ????? ?????? ?????? ????????."
???? ???'?????,"??? ????? ??????, ???? ????, ???? ????? ??????","??? ???? 2022 ??? ???? ???? ?????? ???????, ????? ???? ?? ???? ????? ??????. ?????? ?????? ??? ????? ?? ??? ??????? ?? ????? ????, ?? ?????? ????? ???? ????, ?? ????? ?????? ?????? ????. ?????? ????? ?????? ??? ???? ????? ?? ???? ??? ????. ???? ?????? ????? ?????? ?????? ????? ???? ?????? ?????? ?' ???? ?????? ????. ???? ??? ????? ?????? ???? ???? ????""? ???????? ???? ??????? ????. ???? 2015 ?????? ?? ????, ????? ??????? ?????? ??????, ??? ??? ??? 2019 ?????? ???""? ??????."
??? ????,??-?????? ????? ???? ???? Good Company ???? ?????????? ???? ????? ????????? ?? ????,"??? ??? ??-?????? ????? ???? ???? Good Company ???? ?????????? ???? ????? ????????? ?? ????. ??? Good Company ??? ??? ?????? ??? ?????, ??????? ?????????? ?????? ??????? ?? ????? ??????????? ??????? ?? ?????? ???????? ?? ????????? ??????? ?? ????? (future of work, digital health, energycircular economy, agriculture). ???? ??? ???? ???? ???? ??????? 2B-Community, ??""? ????? ???????? ????? ?????, ??""? ???? ????? ?'?? ???, ???""? ??""? - ????? ??????? ?????? ???""? ????? ????????? ??????????? ?? ????."
???? ?????????,"????? ???? DOET  ?????? ????? ????? ???????, ?????, ???? ????? ?? ?????? ???? ????? ????? ????? ?????????? ???????","???? ??? ????? ?????? ??? ?? ???? ??????. ????? ????? ?????????, ???? ???????? ??? ??????, ???? ????????????? ???? ??????, ?????? ??? ???? ?????? ??? ????? ?????? ????. ????? ????? ???????? ?????? ????? ??????? ???????, ??????? ?????? ??????. ???? 2015 ????? ?????? ?? ????? ?????? ?????? ?????? ?????? ??????? ???? ????? ????-????. ?????? ?????? ????? ?? ????? ?????? ??? ??? ????? ????? ?? ?? ?????? ?? ??? ???? ?? ??????????. ????? ???? 5 ??????, ?????? ???, ?????? ??? ??????? ???????. ???? ?? ???? ????? ??? ?????? ????? ???????? ?? ?????? ?????? ????? ?????? ??????? ????? ?????? ???? ????? ?????. ????? 10 ???? ???????? ???? ?????, ?????? ?????? ??? ????? ???????. ????? ?????? ""????? ???"" ?????? ???? ???????, ""????? ???"" ?????? ??????? ????, ???? ???? ?????? ""????"" ?????? ???? ?????? ????? ???????? ???????? ???????. ?????, ????? ????? ?????? ?? ""???????"" ?????? ??????? ?? ???? ??????. ????? ???? ????? (BOT) ?????? ?????? ??????????? ????, ???? ??? (MBA) ?????? ??? ?? ????? ??????? (PHD) ??????????? ?? ????. ????? ????? ???? ????? ?????? (BED) ?????? ??? ??? ????? ????? ?????? ??????????? ?? ????."
????? ????????,??? ???? ??? ?????? ?????????? ?????? (??? ????),"?""? ????? ???????? ??? ??? ???? ????? ??????? ???? ""??????"" - ??? ???? ?? ????? (??? ?????? ????). ????? ??????????? ?????? ?????, ??? ???? MBA ????? ?????? ?????? ??????????? ?""?, ???? ?????? ?????? ??????? ?????? ???????? ???? ????? ??????????? ???? ?????? ????? ??? ????? ??????? ??????. ???? ??? ??? ??? ???? ????? ??????????, ??? ???? ??? ?????? ??????? ????, ???? ???? ????? ?????? ?????? ???? ??????????? ??????? ????? ????. ??? ???? ???""? ???????? ????? ?????? ???? ???""? ?????? ?????? ??????? ??????? ??????? ??????? ??????? ?????????? ???."
??? ????? ????????,"?""? ??? ???? ??? ?????? ?????? ?????","??? ??? ?????? ????? ?????? ?????, ???? ??? ??????, ????? ?????. ???? ?? ????? ????""??? ????? ??????? ??? ????. ??? ??? 2007 ??? ????? ?????? ???? ?????? ?????? ????????. ????? 2019-2007 ??? ????? ????? ????? ?????? ?? ????? ??????, ?? ???? ?????? ?????? ??????????, ?? ???? ????? ????????, ??????? ???????? ?????? ??????? ??? ????? ?????? ????? ????? ?????? ??? ??????? ??""?. ???? 2019 ????? ??? ?????? ????? ????? ?????? ?? ????? ???? ??????? ?? ????? ?? ???? ???????? ?????? ???? ????? ????????? ???????? ???? ?????, ???????? ????? ??????, ?????? ???????, ?????? ???? ???? ?????????, ????? ??????? ???????? ???????."
???? ???? ??'???,????? ????? ?????? ?? ?????,"???? ????? ????""??? ????? ????? ?????? ?? ????? ??? ???? 2016. ???? 2009 ?????? ????? ?? ???? ??? ???????? ???????? ?????? ????""??? ????? ??????, ??????? ?????? ???? ?? ???? ?????? ??????? ?? ??????? ?????? ?? ?????? ????. ???? ??, ????? 2008-2006, ????? ???? ?????? ???? ???? ??????? ????""? (????? ??????? ?????? ????????) ??????? ?????? ????? ?????? ?? ??????? ???? ???? ???? ????? ???? ???? ?? ????????? ????. ???? ??? ????? ?????? ??? ???? ?????? ?? ???? ??????? ??????? ?????? ?? ???????."
???? ?????,???? ???? ?????? ??????? ????? ??????,"???? ??? ???? ???? ?????? ??????? ????? ?????? ?????? ???????? ????? ??????. ???? ?? ??? ???? ????? ?????, ???? ?????? ??????? ??? ??? ???? ????? ?? ????? ?????? ?? ??? ??? ?? ?? ??????, ????? ???????, ???? ??? ????""??? ????. ???? ??? ???""? ?????? ??????? ??? ?????? ???? ?? ???? ??????? ?????? ??? ????? ?? ????? ?????? ????? ?-1,800 ?????? ??????? ???? ?? ???????? ? ????. ????? ??? ????? ?????? - ??? ??? ???? ????? ??? ??? ???? ???? ???? ????? ?? ????? ????? ?????? ??????? . ????, ???? ????? ??????, ??? ??""? ???? ?????, ??? ????? ???? ??????? ??????."
????? ??????,"???""??? ???? c.i","???? 2021 ????? ????? ?????-?? ?????? ??????? ???????? ???? ?????? ??????? ????? ?????? ????? ?????? ????? ??????? ?? ?????? ??????? ?? A.i. ????  2013 ????? ?? ????? ?????? - ????? ???? ?? ?????? ????? ????? ?????? ?????? ?????. ???? ??? ????? ?????? ????? ?????? ??? ????? ??????? ????? ????""? ????? ????. ??????? ????? ?????? ?????? ?????? ??????? ?????? ?? ???? ????? ??????? ????? ???? ???? ??????? ?????? ???? ?????? ???????? ????, ????? ????? ?? ?????? ????????? ?????? ????? ??????? ????? ???????. ?????? ???? ???????? ????? ?????? ?????? ?? ???? ????? ???? ??""? ?? ???? ???? ????? ??????. ?????? ??????? ??????? ??????? ?????? ????? ???????."
?????? ????? ?????,"????? ????? ?' ?????? ???""??? ????????? ??????","?????? ??? ???????, ????? ????? ?' ?????? ???""??? ????????? ??????. ?????? ?????? ??? ????? ??????? ???""? ????????? ??????? ???? ????? ?????? ?????? ?????? ???????? ?? ????? ???????? ????: ?????? ????? ??????? ????? ???????? ???????, ?????? ??????? ?????? ??????????, ???????? ?????? ?? ??????? ???????, ????? ??????, ?????? ???????? ????. ???? ????? ?????? ????????? ?????? (??? ????'). ?????, ??? ????? ???????? ????? ??? ????? ????? ??????? ???? ????? ??????? ????? ???????? ???????? ??????? ?????? ????? ??????? ????? ????? ????. ?????? ????? ?????? ???????? ??????? 40 ?? 40 ?? ????? ????? ???? 2023."
????? ????,"????""? ??? ???????","????? ??? ????""? ??? ??????? ?????? ?? ???? ?????? (?????, ?????). ???? ?? ???? ???? ??? ???? ????? ??? ????? ???? ???? ???? ????? ????? ??? ??? ?????? ???? ?????. ???? ??? ???? ?????, ????? ???? ????? ???? ?????? ???? ?????? ????. ???? ??? ????? ?? ???? ????? ????? ?????? ????? ???, ??????? ?? ?????? ??? ?????? - ""????? ????? ??????"" ???? ???. ??? ?? ??? ???? ????? ??????? ???? ????? ??? ??? ??????? ???? ??????? ????? ??? ?????? ???? ?????? ????? ??? ??? ?????? ???? 1999. ?? ?????? ????? ???? ????? ??""? ?? ???? ????? ???? ?????."
??? ????,??? ?????? ?? ???????? ??????? ?????? ???? ???????? ????? ?????,"??? ??? ??? ?????? ?? ???????? ??????? ?????? ???? ???????? ????? ?????. ??????? ????? ??? ??? ????? ?????? ????? ???? ??????? ????? ????? ???? 2020. ?????? ?????? ????? ??? ????? ???? ???? ????? ?? ????? ????? ??????, ??????, ??????? ?????? ??????? ?????? ????? ?? ????? ???????? ?  ?????? ?????? ????? ???????? ?????? ??????? ???. ?????, ??? ???? ???????? ????? ???? ????? ????? ?????? ?????? ??????. ???? ?? ??? ??? ??? ?????? ?????? ?? ????? ??? ???????? ??? ??""? ????? ??????? ?????? ?????? ?????? ????? ?? ????? ???????? ? ."
??? ?????,"????? ????? ?????? ?????? ????? ?????, ???? ??????","??? ????? ????? ?????? ?????? ?? ???? ?????? ????? ????? ?? ???? ??????. 
??????? ??? ????? ?? ????? ???????? ???????? ?? ??????, ??????, ??????? ?????? ????? ?????? ?????. ?????? ?????? ??? ????? ?????? ?????? ??????? ?????? ???????? ???????? ?????? ?????? ??????? ??????? ??????? ?????? ???? ??????? ???????? ???????. 
??????? ????? ???? ????? ????? ?? ??? ??? ??????? ????? ?????. ?????? ????? ?? ???? ?????? ?? ??? ??? ??????? ????? ??? ?????? ???""? (?????? ????), ????? ????? ?????? ?????? ??????, ????? ?????? ?? ?????? ??????? ?????? ???????.
??? ???? ???? ????? ?????? ??????? ????, ????? ??? ???????? ??????? ?? ??????????? ??????.
???? ?????? 2 ?????? ?? ???? ?????? ??? ????? ?????? ?????? ??????? ???????? ?????? ??????? ?? ?? ?? ????? ?????? ???????? ??????.
 ?????? ??? ???? ???? ?????? ????? ??????? ??? ?????? ?????."
???? ????,"???? ?????, ???? ???????, ???""? ??????","???? ??? ???? ?????, ???? ???????, ???""? ??????."
???? ????,??????? ????? ?????????,"???? ??? ???""??? ????? ?????????. ???? ?? ??? ?????? ?? ???? ??????? ??????? ????? ?????? ??? ????? ?????? ?? ????????? ?????? ??????? ????? ???? ?????? ??? ????? ?????, ?????? ????? ????????? ???????. ???? ??? ????? ?? ?????? ???????? ?????? ????? ???? ??????? ?? ????? ?????? ?? ????? ???????, ????? ?????? ??????? ????? ?????? ???????, ????? ????????? ??????? ??????, ????? ?????? ?????? ?? ??????? ???? ??????, ?????? ?????? ????? ????? ?????? ?? ????? ?????? ??????? ???? ??? ?????? ??????? ???????. ???? ??? ??? ???? ??? ???? ?????? ????? ??""? ????""? (FDIF) ?????? ???? ???? ?????? ?????? ?????""??? ??????. ???? ???? ?? ???? ???????? ????????? ????????? ????? ????? ????? ??????, ????? ?????? ?????? ????, ??? ?? ????? ???? ????? ?????? ????? ????????? Loews ????""?."
??? ???,"?????? ?????, ?????, ??????? ????? ????? ??????? ?????","???? 2009 ??? ??? ????? ????? ????? ???????, ????? ???? ??????? ????? ?????? ???? ????. ????? ?????? ??? ??? ?????? ??????? ????, ?????? ????? ?????? ??????? ?????, ???? ??????, ?????? ?????? ?????? ???????. ??????? ????? ???? ??? ???? ???? ?????? ?? ????, ???? ??? ???? ?????? ??????? ?????, ??""?."
?? ???,"???? ????? ??????, ??????? ???????????","?""? ?? ??? ??? ???? ????? ??????, ??????? ???????????. ???? ?? ????? ?????? ????? ????? ???????, ???????? ????? ???? ????? ?????? ?? ???? ????? ????? ?????? ??????. ???? ?? ??? ???? ????? ????? ????? ?????? ????? ??????, ????? ??? ???? ???? ???? ????? ?IVF- ?????? ???? ????? ?????? ???? ?????? ?-IVF ????? ????? ??? ???? ?????. ???? 2012 ??? ???? ?????? ???? ??????? ??????. ?????? ??????: ???? ????? ???????? ???????????. ?? ??????? ???? ????? ?????? ???? ???? ?????? ????????, ??? ?????' ?????? ???? ????? ?????? ?""? ?????? ???????."
????? ??? ???,"???""? ????? ?????? ?????? ????? ?????? ?????? ????? ??????","????? ??? ???""? ????? ?????? ?????? ????? ?????? ?????? ????? ??????. ??????? ????? ???? ?? ???? ????? ????? ?????? ?????. ???? ?? ???? ????? ???? ???? ????? ?????? ?????, ??????? ??? ??? ????? ?? ?-250 ??????. ???? ???? ???????? ???????? ?????? ?????? ?????? ???????: ???? ??? ??? ?????, ???? ???? ????? ??????? ??? ????? ?? ??????? ????????? ???? ????? ???? ?????? ??????. ??? ?? ??? ???? ??????? ??????? ???? ????? ???? ?????? ?????? ???????? ??????. ?? ???? ????? ????? ????? ?????? ???? ??? ????? ??? ???."
???? ????,????? ???? ??? ????? ???,"???? ??? ?????? ?????? ????? ??????????????? ?????, ??????? ???? ?????? ?? ????? ???? ?? ???. ??? ????? ????? ?????, ???? ???? ????? ????? ???? ????? ??? ???, ???? ???? ?????? ??????? ?????? ????? ?????? ??????? ?????? ???? ?????? ??? ????. ???? ??? ????? ??????? ????? ?????? MSc ? MD. ???? ???? ??? ?????? ??????  ??????  MBA ??????????? ?? ????"
???? ???,"???? ???? ?????? ???? ????????, ????? ?????? ????? ???? ??????? ?????? ?????","???? 2001 ???? ?""? ???? ??? ?? ??? ???? ?????? ???? ?????? ?????? ????? ???? ????? ??? ????' ????? ?????? ?????, ?????? ?????? ????? ????? ????? ?????? ????. ???? 2015 ??? ???? ?????? ?????? ????? ????? ???""? ?? ?????? ????? ???? ????? ?????? ????. ?????, ????? ????? ?????? ???????? ????? ????????? ????""? ?????? ?????? ???????. ??? ???? ????? ????? ???????, ???????? ??? ???? ?????? ???? ?????? ??????? ?????? ?????? ????? ?????? ?????? ??????, ???? ?? ?????????? ??? ???? ??????. ????? ???? ??? ?????? ????? ???? ????-???????? ???? ?????? ?????? ??. ???? ???? ???? ?????? ??????????? ??????."
???? ?????,?????? ?????? ????????? ?????? ????????? ??????? ????? ??????? ??????,"???? ????? ??????? ????? ????? ???????

???? ?????? ?????? ????????? ????? ????????? ???????, ????? ??????? ??????.

?????? ?-7 ????????, ????? ?? ""????? ???? ?????????????"" ??????? ?? 14 ????? ????-???? ?????? ?????. ???? ????? ??""? ?????? ?????? ??? ?????? 2025.

??????? ????? ????? ????? ???""? ???? ?????? ?????? ?????? ?????? (""?? ???? ??????? ??? ??????"") ????? ??? ???? ??????.????? ???""?? ????? ????? ?????? ???????? ?????? ??????? ?????? ????? ???????.

??? ???? 15 ???? ????? ??????? ?????? ?????? ?? ???????. ????????? ????? ?? ????? ?? ????? ""????? 2050"" ??? ????? ????? ????? ?????? ?????? ????????? ???????. ?-2019 ????? ?????? ???""??? ??????? ?????????.?? ??????, ??????? ?????? ?? ???? ???????? ??? ???? ????????, ???? ??????? ??????? ?????? ???? ???? 25 ??? ???????? ???? ??????? ??????? ?? ???? ??????? ?? ?????? ?-50 ?????? ? ??? ???.

???? ??? ?? ??-???? ???? ??? ?????? ???? ???? ????, ????? ???????."
???? ????,"???? ??? ?????, ?????? ???",???? ??? ???? ??? ????? ??????? ???. ??? ????? ??? ?26 ???. ???? ????? ????? ???? ??? ?? ???? ??????. ??? ?17 ??? ?????? ??????? ??????. 10 ???? ????? ????? ????? ????? ????. ?????? ??? 2025 ??? ???? ?? ????? ?????? ???? ???.
???? ???? ????,"????? ?????? ???? ""?????""- ????? ?????? ????? ??????","???? ??? ????? ?????? ???? ""?????""- ????? ?????? ????? ??????. ???? ????? ??????? ???? ??? ?????? ???? ??? ???? ????? ????. ??????? ????? ????? ?????? ???? ??? ????? ??????? ??-?? ??????? ?? ????? ?? ???? ?????? ?????? ?????? ??? ?????? ??????. ??????? ?????? ??? ????? ?? ????? ??????? ??? ???? ???????? ?????????, ????? ?????? ???? ??? ?????? ??????? ?????? ?????? ????? ?? ????? ?????? ?????? ??????? ??????? ????, ????? ??????? ????? ????. ???? ??? ???? ?????? ????? ????????? ?????? ?????? ????? ??????. ?? ???? ?????? ???? ???? ????, ?? ????? ??""? ?? ??????? ??????. ??? ???? ????? ?? ???? ?????? ???? ????????, ?????? ?????, ???? ?????? ?? ???????? ?????."
??? ?????????,"??""? ?????? ???? ???????","??? ??? ??""? ?????? ?????? 8200. ??? ??? 2012 ??? ??? ????? ???????: ????? ??? ???? ???? ???? ?????? ????? ????? ?????? ?????? ?????? ??????? ???? ???????? ?? ????? ????? ??? ????, ??? ???????, ??? ??????? ??????? ?????? ?????? ????? ???????. ?????, ???? ??????, ??? ??? ????? ?????? ????? ?????? ???? ?? ???? ?? ??? ??????? ????????? ???? ???? ????. ???? ??? ??? ???? ?????""? ???????? ??????? ????? ?????? ????? ??? ??????. ?????, ??? ??? ??""? ????? ????? ?? ????? ????? ???? ???????, ?????? ?? ????? ???? - ????? ?????? ?? ?????? ????? ??????? ??????."
????? ??????,"????""?? ????? ?'?????","???? 2013 ????? ????? ????""??? ????? ?'????? ???????? ??????? ????. ?????? ????? ???? ????? ????? ?????? ?????? ??????? ??????? ??? ???? ????? ???? ?????? ????. ???? ?? ????? ?????? ?? ????? ????? ????? ?????? ????? ?? ????? ?????? ???? ?? ????? ???? ?????? ????? ???????. ???, ??????? ????? ???? ????? ??????, ????? ????? ????????, ????? ?????? ????? ?????? ?????? ?????. ????? ??? ???? ?? ????? ???????? ??????? ??????? ?????? ?????? ??????? ??????."
???? ??????? ???????,"???""??? ????? ????????","???? ????? ????""??? ????? ????? ????????. ??????? ????? ????? ??? ??? ?? ??????, ?????? ????????? ????????. ????? 2018-2015 ????? ?????? ????? ??? ????? ??????? ?????, ??????, ????? ??????? ???? ???? ???? ?????? ????? ?????? ????? ?????? ?????? ????? ??????? ????? ?? ??????? ?????? ????? ???? ????? ??????? ??? ?????? ????? ????? ?? ?-4.5 ??????? ? ????? 2014-2011 ??? ????? ????? ??????? ????? ??? ?????? ????????? ???????? ???????? ?? ??? ????? ????? ??? ?????? 2012-2011 ????? ?? ???????? ?? ?????? ????? - ???? ?? ????? ??? ??????? ??????? ??????? ????? ????? ????. ??? ???? 2010 ??? ???? ????? ????? ??????, ???? ?????? . ????? 2011-2008 ??? ????? ?????? ??????? ?????? ?????? ??????? ?? ????? ????? ????? ??????? ?????? ????? ????? ?????? ???????, ???? 2010 ????? ?????? ???? ????? ??????? ???? ?????? ????? ???????? ????? ??, ???? ???? ????, ?????? ?????? ???????? ?? ?????. ????? 2008-2007 ????? ???? ???""? ?????? ????? - ????? ??????? ??? ?? ????? ?? ??????? ????? ?????? ??????? ??????? ?????, ????? ?????? ??????? ???????. ??????? ????? ??? ???? ?????? ??? ?????? ?????? 2003-2002 ????? ?????? ????????? ???? ??????? ??????? ??????? ???????? . ????? 2001-1997 ????? ???? ????????? ???????? ???????? ????? ?????? ????? ??? ????? ????? ???? ?' ?? ??? ?????."
?????? ???????,??? ??? ???? ????? ????? ????? ???????,?????? ??? ?????. ??? ???? ???? ?????? ???????????? ?????? ????? ????? ??????????? ??????????. ???? ???? ???? ??? ???? ????? ????? ????? ???????. ??? ????? 2019-2024 ???? ????? ?? ???? ???? ???? ?????? ???? ???? ?? ?????? ??????? ?????? ???????. ???? ??? ????? ????? ?????? ???? ????? ?? ????? ??????
???? ??-??????,"???? ?????? ?????""? ????? ?????? ????? ??????","???? ??? ????""? ????? ??????? ????? ?????? ??? ???? 2021. ????? ????? ????? ?????? ???????. ?????? ?????? ????? ?????? ?????, ?????, ?????? ?? ???? ??""? ????. ????? ???? ??? ???? ???? ?????? ?????? ????? ??????, ???????? ??????? , ???? ??????, ??????? ???????, ???? ?????? ???'. ???? ?? ???? ????? ???? ????? ?????? ???? 6 ????. ???? ??? ???? ?????? ???? ????? ???? (???? ????? ??????? ??????) ??????? ?????? ?????."
??? (?????) ??-???,"???""? ???? - ???? ?????? ?????? ??""?","????? ??? ???""? ???? ????, ???? ??????? ?????? ?????? ??""?. ????? 2014-2018 - ???? ?????""? ????? ???? ????? ????? ??""?, ??? ?????? ?? ????? ?? ??? ????? ??? ???? - ?????? ??????? ???????? ??????. ????? 1997-2014 ??? ???? ????""? ????? ????? ?????? ??????? ????- ??? ????? ????? ???????? ???? ???? ????""?, ???? ????? ???? ???????? (??? ?????????- ????? ???? ??? ???? ????? ?? ???? ?????? ??????, ????? ??????? ????? ????? ????????, ??""? ???? ?????? ?????? ????? ?????? ?????). ???? ???? ??? ??????, ???? (???? ??????) ???? ????? ?????? ????? ??? ??????? ?????? ???? ???????."
????? ??-????,"???? ?????? ????? ??????, ????? ?????? ?????????","????? ??? ???? ?????? ????? ??????, ????? ?????? ?????????. ??????? ????? ???? ?? ??? ???? ?????? ?????? ?????? ??? ????."
??? ??-???,?????? ??????? ?? ???? ?????? ??????? ??? ???? ??????? ?? ?????,"??? ??? ?????? ??????? ?? ???? ?????? ??????? ????? ??????? ?????. ?????? ?????? ??? ?????? ????? ????? ???????? ???????? ??????? ?? ????? ????? ?????? ???? ??????? ?? ???? ??????, ???????, ?????? ?????? ??????? ?????, ????? ?????? ??????, ??????? ??????, ????? ????? ??????????? ??????? ???????, ????? ?????, ??????, ?????, ????? ??????? ????? ?? ???????."
????? ??-????,???? ???? ??????? ?????? ??????? ???????,???? ???? ??????? ?? ????? ??????? ??????? ????? ???? ????????? ?????? ????????. ??????? ????? ???? ?? ???? ??????? ?????. ???? ?? ??? ????? ???????? ????? ??? ?????? ????????. ????? ???? ?????? ???????? ?????? ?????? ??????? ???? 11? ??????? ????? ????? 20 ??? ??? ??? ?????? ?????.
??? ????,??? ???? ?????? ????? ???? ????? ?????? ???????,"??? ??? ???? ?????? ?? ????? ?????, ??""?."
??? ??????,"Director of Operations, The Good Food Institute Israel","??? ????? ?????? ?? ?????? ?????? ????????? The Good Food Institute ??????. ???????? ??????? ????? ?????? ??? ????? ?? ????? ??? ??? ??? ??? ?????? ?????? ???????? ?????? ???? ???? – ?????? ?????? ????????? ?? ?????? ??? ???????? ???????-?????? ??????? ?????? ??????? ???????? ????. ???? ???, ????? ??????? ??????? ????? ???? ?? ???? ???? ???? ?????? ?????? ??????? ??????? ????? ??????. ?????? ???????, ??? ?????? ??????? ?? ??? ?????? ?????? ?????? ???? ????. ????? 2008-2006 ??? ????? ?????????? ????? ?????? ?????? ????? ?‘? ????? ?????????? ?? ?????? ????? ????? ??? ?????? ????? ???? ???? ??????? ??""? 1 ????? ?? ????? ?????""? ????? ????? ????? ?????? ?? ?????? ????? ??? ???? ????????."
??? ???,"????? ????? ????? ????, ???? ?????","??? ??? ??? ????? ?????, ????? ???? ??? ????? ????? ??????? ?? ???? ????. ????? ??? ???? ?? ????? ?? ????? ????? ????, ?????? ?????? ????? ?? ?????? ??? ??? ?????????? ????????, ???? ?? ??????? ???? ????? ????? ????? ?????? ?????? ????? ?????-???? ?? ?????, ?????? ???. ????? ???? ??????? ????? ?? ????? ?????????? ?????? ??? ?? ???, ??? ???? ?? ????? ?????? ?????? ???? ????? ???????. ?????  2010- 2019 ???? ????""? ????? ????? ?? ????- ?????? ??????? ?????? ???????? ????? ????? ???????? ??????? ??????????? ???????? ?????? ?????? ??????, ??????? ?????? ?????? ????????? ??????. ???? ??? ??? ????""? ????? ???? ?????, ??? ??? ????""? ????? ??????? ????? ?????? ??? - ????? ?????? ???? ??? ????? ??? ????? ???? ???????? ??????? ?????? ???? ?? ????? ??? ???, ??? ????? ??????, ??? ???? ??? ?""? ????? ??? ????? - ???? ????? ???? ????? ???? ?? ????? ?????? ?????? ?????."
???? ????,???? ?????? ??????? ?????,"???? ??? ???? ?????? ??????? ?????. ?????? ?????? ??? ????? ?? ????? ????? ??????? ????? ??? ??????, ?????? ??????? ????? ?????? ?? ?????? ??????, ????? ?? ????? ????? ????????, ?? ??? ????, ?? ?????? ??? ????. ??? ?? ??? ????? ?? ???? ????? ?????? ???????? ??????? ????? ??????? ???? ?????, ?? ??????? ?????? ?????? ?????? ??? ???? ????? ?????? ?????? ???????? ?????? ?????? ???????? ?????, ?????? ?? ????? ????? ???????? ??? ?????? ??? ??????."
???? ????,?????????? ???????,"???? ????? ???? ??? ?????, ???? ??? ??? ????? ?? ????? ?????, ?????? ??????? ?????. ????? ?? ?????? ?? ????? ?-20 ??? ?????? ????? ??????? ?????? ??? ???? ?????? ??????????? ??????? ????? ??? ??????????? ??-????. ?? ??? 2016 ???? ????? ?? ‘???? ??????’ ????? ????? ?? ??? ???? ??????? ?????? ????? ?????? ???? ?????? ?????? ?? ????? ??? ??????."
????? ????? ??,"???? ????? ???? ???""?","?""? ????? ????? ?? ??? ???? ????? ????. ??????? ????? ???? ????? ????? ??????? ????? ???""?, ????? ?? ???? ????? ?????? ?????? ????? ???""?. ?????? ?????? ??? ????? ?? ?????? ???????, ?? ????? ????? ??? ?????? ???? ??????? ???? ???? ??? ????? ??????. ???? ??? ???? ???? ??? ???? ????? ???""? ??????? ?????? ??? ????? ?? ??????? ???????? ??????? ????????? ?????? ?????? ??? ????? ??????? ??? ????????? ???""?. ???? 2016 ???? ????? ?????? ?????? ?????? ???? ????? ???????."
???? ??,"???""??? ???? ??????? ???? ???????? ??????? ??????????? ?? ????","???? ????? ????""??? ???? ??????? ???? ???????? ??????? ??????????? ?? ????. ???? ??? ????? ?? ????? ?????? ?????? ????? ?????. ???? ????? ????""???? ??????? ???? ????? ????? ?????, ????? ????? ???? ?????? ????? ?????, ?""? ???? ????? ????? ?????? ?????? ?????? ?????? ?????? ????? ?????? ????? ????????? ????? ???""?. ??????? ????? ????? ???? ?????? ??""?."
???? ??,"???""? ????? ?????? ?????","???? ??? ???""? ????? ?????? ?????. ??? ??? ????? ??? ???? ?????? ???????? ???? ?? ?????? ???? ????? ?????????? ?????? ?? ?????? ?????????? ???? ?-21 ??????? ??? ?????? ?????? ??????. ???? ??? ?????? ?? 25 ??? ????? ?????? ??????? ?????????? ?? ??? ???????? ???""?, ????? ????? ?????? ????? ????????? ??????? ??? ????? ????? ??""? ??????."
??? ??,???? ??? ???? ?????? ??????? ????? ????? ??????? ??????? ????? ???? ??????,"??? ???? ????? ???? ?????? ????  2007. ?????? ?????? ??? ???? ??? ?????? ??????? ????? ????? ??????? ???????. ??????? ????? ??? ????? ?? ?????? ?? ?????? ?????? ?????? ?????, ?????? ??????????, ?????? ??? ??? ???? ?????? ?????? ?????? ????????. ??????, ??? ???? ?????? ?????????, ??????? ??????? ???? ??? ???????? ????? ????? ??. ???? ??? ??? ??? ???? ???? ????? ?????? ?????? ????? ?? ????? ???????."
????? ??-???,"???? ????""? ??? - ????? ?????? ????? ????????","????? ??? ???? ????""? ???- ????? ?????? ????? ????????. ????? ??? ?? ???? ???????? ???? ?????? ????? ???? ?????? ???? ????? ?????? ????? ????? ???????? ?? ??? ???? ?? ????? ???? ????? ???""? ????? ????? ???? ????. ???? ??? ??? ????? ????????? ??????? ?????? ????, 8 ????, ????? ????? ????????? ??-?? ?????? ?? ???? ????????? ???? ???????? ????? ?????? ?????? ?????. ???? 2006 ??? ??? ???? ???? ???, ????? ????? ?????? ???? ??????? ???? ???? ???? ??????. ??? ????? ?????""? ????? ???? ????? ????""? ?????."
??? ??-??,"???? ??? ??????? ????""? (???????? ?????? ???? ???????? ??????), ???""? ??? ??????? ?? ????? ??????? ????????","??? ??? ??""? ??????? ????""? ?????? ????? ?-370 ??? ?????? ?????? ?????? ???????? ???????????? ???????. ??? ?? ??? ???? ????""? ??? ???????? ?????? ??????? ????????, ??""? ?????? ""???"" ??????? ""??? ??????"", ??""? ????? ????? ?? ?????? ?????? ???""? ??????? ?????? ?????-?????? ???? ??????? ????""?, ??? ?????? ???? ????? ??? ????? ??? ???? ?????? ?????, ?????????, ????? ?????? ???????. ??? ????? ????? ?????, ???? ?????, ????? ????? ?????, ????? ??????, ????? ????? ?? ????? ??? ????? ??????? ??????? ?????? ??????. ??? ????? ?? ????? 12 ?????? ?????? ?????? ??????? ????? ?? ????."
???? ????,"????? ?????? ??????? ??????? ?????? ????? ?????? 360, ????? ?????? ???? ????","??? ??? 2015 ???? ??? ????? ?????? ??????? ??????? ?????? ????? ?????? 360 ????? ?????? ???? ????. ?????? ?????? ??? ?????? ?? ?????, ????? ?????? ?? ???????? ???-??????? ???????? ???? ????? ???????, ????? ?? ???? ?????? ????""??? ??????? ????? ???-????? ???? ????????? ?????? ????? ???????? ?????. ????? ???? ?????? ?????? ??? ?????, ????? ?? ???? ?????? ????? ?????? ?????? ???? ???? ????? ?????? ???? ????? ??""? ??? ?????? ??????? ?????."
????? ????,??? ????? ?????? ?????? ??????? ?????,"????? ??? ??? ????? ?????? ?????? ??????? ?????. ???? ?? ????? ?????""??? ???????? ?????? ??????? ????? ??????? ?????. ??? ????? ?????? ?????? ???? 2012 ?????? ?????? ??????? ??????? ????? ?????? ?? ???? ?????? ?????? ???? ???? - ????? ??? ?????, ?? ???? ?????? ?????? ??????? ????? ??????? ???? ???? ?????? ????, ????? ?????, ????? ?????? ????? ????. ???? ??? ????? ?????? ??? ??????? ???? ???? ???????? ?????? ??????? ?????? ?????? ?? ?????? ???????, ????? ????? ?????? ???????? ???? ????? ?????? ????. ??? ?????? ?????? ??????? ???? ????? ?????? ?????? ??????? ??????? ???????? ?????? ????? ?????? ??? ?????? ?? ????? ?????? ???. ?? ???? ???????? ???? ????? ??? ????????? ?? ???? ?????? ???????? ???????."
??? ????,?????? ??? ???? ?????? ??????,"??? ???? ?????? ????? ???? ???? ????? ???? ???? ????? ???? ???. ???? ?? ??? ???? ????? ???????? ?.????-?.????? ???????? ??????? ????, ?? ????? ????? ??????? ?????? ????, ?????? ?????? ??????? ??????? ???? ?????? ????."
??? ????,??? ??? ????? ?????? ?????? ???????,"?""? ??? ???? ??? ??? ??? ????? ?????? ?????? ???????, ????? ????? ?????? ???? ????? ?????? ????. ???? ??? ??? ????? ?????? ???""? ???????? ????? ??? ????. ??????? ?????? ???""? ???? ???? ???? ????? ??????? ?????? ??????? ??????? ?????? ????? ?? ???? ????? ?????? ?????? ?????. ????? 2015-2013 ??? ????? ????? ??? ??? ????? ?????? ?????? ??????? ???""? ??????? ?????? ????? ?????? ?? ????? ????? ??????, ?? ????? ??????? ????? ????? ???""?, ?? ????? ?????? ???????? ??? ??????, ?? ????? ????? ???? ????? ???""? ??? ????? ????? ?????? ??????? ????????. ????? 2011-2009 ??? ????? ????? ???? ?????? ????????? ????? ????? ???""? ??????? ?????? ????? ?????? ?? ????? ?????? ??????? ?????? ??????? ??????? ????? ?????????, ????? ?? ???? ??-?????? ????? ?????? ????? ?? ????? ??????? ???????, ????? ??????? ???""? ???? ?????? ????? ???????. ????? 2014-2013 ????? ??? ????? ??? ?????? ????? ?????? ??????? ?????? ?????, ???? 2013 ?????? ????? ???? ?? ????? - ????? ????? ????????? ?? ??""? ?????????? ????? 2022 ???? ????????? ?? ????? ????? ????????? ?????? ?? ?????? ??????? ?? ??? ?????? ??? ???? ????. ?????? ?????? ??????? ??? ????? ????? ?????? ????? ?????? ?????? ????? ?????? ?????? ??? ???? ??????. ??? ??? ?????? ?????? ?????? ??????? ????? ?????, ???? ???? ??? ????? ????? ????? ???? ?????? ??????. ??? ???? ?????? ?????? ????????? ?????? ??????? ?????? ??????? ?????? ?????? ??????? ??????? ???? ??????? ????? ?? ??????? ?????? ??????????? ??????."
???? ??????,"????""??? ????????, ??????? ??????? ??????? ?-Max","???? ??? ????""??? ????????, ??????? ??????? ??????? ?-Max. ??? ?????? ????? ????? ?Max- (????? ????? ????) ???? ????? ???? ???? ????? ????? ????? ???? ????? ?????? ?????? ????? ?????? ????????? ??????? ?????? ???????. ?????? ?????? ??? ?????? ?? ????????? ?????? ??? ????? ???? ?? ????? ???? ??????? ???? ??????? ?? ????? ???? ?????? ??? ????? ????? ???? ??????? ??????. ???? ??? ????? ???? ?????? ????? ???? ?? ?????? ???."
??? ??????,"????? ?????? ?????? ??????? ?????? ?????? ?????? ????? ?""? ??????","??? ????? ?????? ?-360, ?????? ??????? ?????? ?????? ?????? ????? ?""? ??????. ?????? ??????, ?????? ?? ????? ?????? ???????? ???????? ?????? ?? ?????? ?-32 ?????? ????? ?????? ?????? ?????? ?????? ?????: ????? ????? ?????? ??? ??????, ????? ???????? ?????? ????? ?????? ?? ????? ?????? ??? ???? ????? ??????? ?????? ?????? ????? ?????? ?????? ?????? ????????. ??? ?????? ???????: ????? ????? ?????? ?-360 ??????? ???? ??? ?? ?????, ????? ????? PACT ?????? ????? ????? ??????? ???????, ????? ???????? ?????? '???' ????? ????? ????."
???? ??????,???? ??? ????? ?.?. ??? ?????,"???? ???? ????? ??? ????? ?????? ??? ?????. ???? ?????? ????? ???? ??? ???? ????? (??-?', ?') ????? ????????. ??? ???? ??? ????? ???? ???????? ?????? ??????????? ?? ??????. ???? ???? ????? ??? ???? ???????? ????? ??""?."
??? ?????,"VP Product Operations, Payoneer","??? ??? Chief of staff, Product, Payoneer. ????? ????? ?? ??? ???? ????? ???? ?????, ????? ?? ?????? ???? ?????? ?????? ????? ??????? ????? ?? ???? ???????? ???????? ?? ??? ?????. ????? 2021-2018 ??? ????? ?????? ?? ???? ?????? ??????? ??????? ????? ??????, ????? ?? ??????? ????? ?????? ?????? ????? ??????? ??????? ?????? ????? ???? ?????? ???????? ??????? ????, ???? ?????? ?? 80 ????? ????? ???? ?????? ??????. ???? ??? ??? ??????? ???????? ????? ?????? ???? ????? ???? ??? ???????? ?????. ????? 2015–2018 ??? ???? ?????? ????? ?????????? ???? ????? ?????? ?? ??????? ?????? ??????? ????????? ?????? ????? ????? ??????? ?????? ?????? ???? ?????-????? ??????. ???? ??? ???? ??? ????? ???? ??????????? ????? ????? ???? ????? ????' ?????? ?? ?????? ??? ?????? ??????? ????."
??? ????,??? ????? ?????? ?????? ?????,"??????? ?????? ???? ??? ???? ?????? ??????? ??????. ???? ???, ???? ?? ???? ?????? ?????? ????? ??? ????, ????? ??????? ??????? ?????? ??? ?????? ??????? ??????? ????????? ????? ????? ??? ???? ????? ?? ????? ?????? ?????? ?????? ??????? ??????? ?????? ??????? ??????? ???????? ????????."
????? ????????,"????? ?????? ?????? ??????, ???? ???""?","????? ??? ????? ?????? ?????? ??????, ???? ???""?. ???? ????? ???? ??? ????, ??? ????? ?????? ??????? ????? ??? ??????, ?????? ?? ????? ?????. ?????? ?????? ????? ????? ?????? ?? ????? ?????? ????? ???????? ??????? ??????? ??????? ?????? ?????? ??????-????? ?? ????? ??? ?? ????? ?????? ?????? ????? ????????? ???? ???? ?????? ??????????. ???? ?? ???? ???? ????? ??????? ?? ??? ????? ?????? ???????? ?????? ?? ?????? ?????? ??????????, ????? ???????? ?????????. ??????, ????? ???? ????? ????? ?????? ??????? ?????? ?????? ?????, ????? ?????? ???? ?? ?????? ????? ??? ??????? ????? ???? ?? ???? ??? ???????? ???? ??????, ??? ????? ?????? ?????? ?????? ??????."
????? ??????? ????,????? ?????? ?????????,"????, ?????? ????? ???? ?????? ?????? ?????, ??? ?????? ?????? ???? ?????? ????????.
?????? ????? ?-20 ???? ?????? ????? ??????? ?? ??????? ??????? ?????? ?????? ??????? ?? ?????? ?? ????????.
??????? ?????? ?? ????? ???? ?????, ????? ???????, ????? ???? ??????? ?????? Fortune 1000 (????: Seagate, Samsung), ????? ?? ????????? ?????? ??????? ?????? ???? seed – A. ????? ?? ????? ????? ?????????? ?????? ??????? Open Innovation ???????
 (MindCET,  Runway) ????? ?????: EDvantage ?-NETA. 
????? ????? ????? ???? ????????. ???? ????? ???? ????? ?????? ?????????.
????? ????? ????? ???? ??????? ????? (?????, ?????, ??????? ?????? ??????, ?????? ?????) ?? ????????? ?????? ?????? ??????."
???? ??????,"???""? ????? ????? ???????, ???? ???? ???? ??? ??? ?????? ????? ????????? ????????","???? ??? ???""? ????? ????? ???????, ???? ???? ???? ??? ??? ????? ???? ????? ???????? ????????, ???""? ???? ????? ??????? ???????? ????? ?????, ??? ??? ???? ???????? ??????."
??? ?????,"???""? Moona a Space for Change","??? ??? ???? ?????? ?? ???? – ??? ??????, ??? 2013. ?????? ?????? ??? ????, ???? ????? ?? ????? ?? ??? ???????? ?? ????????? ?????? ?? ?????? ??? ?????? ????, ??? ??? ???, ?????? ????? ?????? ?????, ??? ??? ??? ??? ???. ???????? ???? ??????? ?? ?????? ????? ?????????? ?????? ??????? ??????? (PBL). ?????? ?? ????? ???????? ????? ?? ????????? ?????? ?????????? ??? ????????? ???? (???????, ??????, ????? ????). ??? ???? 27 ???? ????? ??? ???? ??????, ???? ?? ??? ???? ???? ??????? ????????."
??? ?????,"????""? ????? ?????? ??????, ???? ??","??? ???? ?????""? ????? ???? ????????? ???? ??. ?????? ??????, ??? ???? ??? ???? ??????, ????? ,????? ?????? ????? ?? ??? ??????. ??? ?? ????? ???????? ???? ?????? ??? 1999."
???? ????,???? ????? ?????? ??'?? ???,???? ??? ???? ????? ?????? ??'?? ???. ?? ??? 2018 ???? ????? ????? ?????? ????? ????? ????? ???? ????? ???? ????? ??????. ??? ???? 2019 ???? ?????? ?? ???? ????? ?????? ??'?? ???.
????? ????? ????,"?????? ?????""?? ??? ???? ???","????? ??? ?????? ?????""?? ??? ???? ???. ???? ????? ?????? ????? ????? ??????? ?? ???? ???. ???? ???, ??? ????? ?????""??? ???? ????? ?????-???? ??????? ?????? ????? ?????? ?? ????? ??????? ????????? ???-???????? ??? ????? ???????? ??? ?????? ????? ????? ??????? ?????? ?????? ?? ??? ????? ?? ?????. ???? ?? ??? ???? ???? ???? ???? ?????? ????? ???????? ????? ?????-????. ??????? ????? ????? ????? ??????? ??? ????? ???? ???? ???""?."
??? ?????? ????,"????? ????""??? ???? ???????? ?????","??? ????? ????""??? ???? ???????? ?????. ?????? ?????? ????? ????? ???? ‘????’- ???? ????? ?? ???? ??????? ?????? ???? ????? ???? ?? ?????? ???????? ?????? ???????? ?????? ???????. ????? ???, ????? ?? ????? ??????? ??????? ?? ????? ?????? ?????? ???? ?????? ????? ???? ???? ????. ???? ?? ????? ??????? ?????? ??????? ?? ????. ???? ?????? ???? ??????, ????? ?????? ?????? ????? ?????, ????? ?????? ????? ????? ??????. ???? ???????? ?????, ??? ????? ?????? ?????? ??????? ????? ?????? ???? ???? ?????? ??????? ?? ??”?. ?????? ?????? ?????? ?????? ???? ???? ??????? ????????, ?????? ?????? ??????? ?????? ???? ????????, ??? ?? ?????? ????? ??????? ????? ???? ?????? ????????? ???? ????????. ?????, ??? ???? ?? ???? ????? ?????? ?????? ????? “???? ??????” ???? ?????? ????? ????? ???? ???????? ????? ?? ????? ????? ?? ????? ??????. ?????? ?????? ???? ?????? ??? ???? ??????? ????? ?????? ???????? ?????. ??? ???? ???? ??? ??????????? ???????-?????? ??????????? ?? ???? ????? ????? ??????????? ??????????? ????. ??? ??????? ???? ?????, ????? ????? ???? ?????, ???? ?????."
???? ????,"??????, ????? ???? ???-???","???? ??? ????? ???? ???-???. ???? ?? ???? ????? ??? ????? ????? ????? ??????? ??? ?????.  ???????? ????.??? ????? 2011-2019 ???? ?? ?????? ???????? ??????? ????? ?????? ?????? ????? ?? ???? ?? ????? ???????, ??????? ??????? ?????? ???????? ?????? ????? ?????, ??""? 38 ?????? ????? ??-????. ??? ????? 2008-2011 ???? ??????? ??? ????? ??????? ?? ?? ????? ??????, ?????? ??????? ?????? ????? ???, ???? ?????? ?????? ??? ?????? ??????. ???? ??? ??????? ???? ????? ??? ??? ???????? ???? ????? ?? ???? ????? ?????? ?????????. ??????? ????? ??? ???? ???? ???""?."
???? ????,???? ?????? ????,"???? ??? ???? ?????? ???? ??? ???? 2019. ?????, ??? ???? ???? ????? ?????? ??????? ?? ??????? ??????? ???""? ???? ?????? ????? ?? ?????? ?????? ????? ??????? ??????, ????? ????????? ?????? ???? ?????? ??????? ???????. ????? 2019-2017 ??? ??? ??? ???? ????? ???? ??????? ????. ????? 2017-2013 ??? ??? ???? ?????? ????? ????? ????? ?????? ?????? ??? ???? ????? ?? ?-200 ?????? ?. ???? 2012 ???? ????? ????? ????? ?????? ?????? ?????? ?????? ?????? ?????????? ??????."
???? ?? ????,"???""??? ????? ?????? ???","???? ??? ???""??? ?????? ??????? ???. ?????? ?????? ??? ?????? ?? ????? ??????? ??????? ?????? ?????? ??? ???? ??????? ??? ???? ???????? ??????. ???? ??? ????? ????""??? ???? ??????, ????? ???????? ????? ????? ?????? ???? ?? ????? ???????? ???? ???????? ??????. ?? ???? ?????? ???? ?????? ?????? ???? ????? ??????? ?????, ???? ????? ?? ??????? ??? ????."
???? ????,????? ?????? ?????? ??????,"???? ??? ????? ????? ?????""? ????? ??????. ?????? ??????, ????? ?? ???? ?????? ????? ????? ????? ??????? ???? ?????? ????????? ????? ?????, ??????? ??????? ???????. ?????? ?? ????? ?????? ???????? ????? ????? ?? ?????? ??????. ????? ????? ??? ????? ????? ???? ????? ???????."
???? ????,"????""? ????? ???????, ??? - ????? ?????? ???????","????? ??????? ???? ?? ?????? ?????? (?????) ???????, ??? ???? ??????, ???? ?? ?????? ?????? ????? ????? (NRG ???? ?????), ??? ??? ????? ???? ?? ?????? ?????? ????? ??????? ?? ???. 
???? ????? - ????, ?????? ??????, ?????????? ??????, ?????? ????????? ?????? ???? ????????. ???? ????? ?? ???? 100 ?????? ????? ?????? ?????? ?????? ???????.
??? ???? ???? ?? ?????? ??? ?????? ????? ???? ?? ????????"
???? ????????,"?""? ???? ??? ????? ?????? ?????? ???????, ????? ?????? ??????? ???????, ???? ???????","???? ????? ???? ??????? ?????? ???? ???? ??? ????? ?????? ?????? ??????? ????? ???????. ????? ?? ?????, ?????, ????? ?????? ?? ?????? ??????? ???????? ??????? ?????? ????????. ?????? ???, ???? ????? ?????? ?????? ??????? ?????? ?????? ?????? ??????? ??????? ???????? ??????? ?? ????? ??????? ???????? ??????? ????? ?????? ????? ????? ????? 550. ??? ??, ???? ????????? ????? ????? ????? ???? ?????. ???? ??, ???? ????? ?????? ??????? ???????? ????? ????, ???? ?????? ?????? ?? ?????? ???""? ????? ?????? ????? ?- 97 ?????? ???????. ????? ???? ????? ??????? ?????? ?????? ????????? ?????? ?????? ?????? ?????? ??????? ?????? ??????? ??????? ??????? ??????, ?????? ?????? ?????? ????? ?????? ?????? ?????? ??????? ?? ???? ???? ??????? ???????. ????? ???, ???? ?????? ???? ????? ?????? ???? ?????? ?????? ???????? ?????? ?????? ????? ?""? ????? ????????? ???????? ??????? ?? ??""? ??????? ?????? ???? ?? ???? ???."
???? ????,"??? ??""? ??? ????? ???? ???","???? ??? ??? ??""? ??? ????? ???? ??? ????? ??? ????? ???""? ????? ??????? ????? ?????.  ???? ??? ???? ???? ?????? ?????? ???????? ???? ??? ?????, ????? ?????? ?????? ??? ?? ??????. ??? ????? ??? ???? ??? ???? ????? ?????? ?????? ??????? ??????."
???? ????,????? ???? ??? ???? ????? ????? ???????? ???????? ???????,"???? 2021 ???? ??? ????? ???? ??? ???? ????? ????? ???????? ???????? ???????. ?????? ?????? ??? ?????? ??? ???? ?? ????? ?????? ?? ??????? ???????? ???????? ????? ???? ????? ?????? ?? ?-120 ?????? ?, ????? ????? ?????? ???? ???????? ???-???????. ???? ????? ????? ??????? ??????? ????? ?????""? ??????? ???? ????? ?????? ?????? ?????? ???????? ????? ???????? ??????? ????? ?? ????, ????? ?????? ?????? ????????. ???? ???? ?????? ???? ?????? ?????? ??????? ?? ?????? ????????? ??????? ??????? ???????? ??? ????? ????????? ????? ????? ??? ????? ????? ?????? ??????? ??? ???? ?????? ?????? ????? ???? ????? ???????. ?? ????? ???? ???????? ???? ???? ????? ??????? ?????? ???? ???????? ????????."
??? ???,??????? ????? ??????? ????? ?????,"??? ??? ??????? ????? ??????? ?????? ????? ?????? ?? ???? ????? ???????, ?????? ???????? ??????? ?????? ????. ????? ????? ???????? ??? ???? ???? ?????? ?? ?? ???? ???????? ????????.
???? ?? ???? ??????? ????? ????? ?????? ??????? ????? ?????. ?????? ?????? ??? ?????? ?? ?????? ????? ??????? ?? ????, ???? ????? ?????? ?????? ???????, ?????, ????? ??????, ????? ???????, ??????, ?????, ???????, ???? ??? ?????? ?? ??????? ??????, ?????? ?? ?????????? ?????? ?????. ???? ??? ????? ????? ?????? ???? ???? ?????? ??? ??????? ??????? ??????? ?????? ????? ?? ????? ??????, ????? ?????? ??????, ????? ??????? ???????? ?????? ????? ?????? ???????. ??? ?? ????? ??? ????? ?????? ??????? ????????? ?? ???? ????? ????? ?? ????' ????? ?????' ???????, ????? ??? ????? ?????? ?????? ???????."
??? ???? ???,"???""??? ??? ??????","??? ???? ????? ????? ?????? ???? ???? ???? ???? ?????? ??? ????? ??????? ??????. ??? ????? ???? ??? ????? ????? ?????? ?????? ???? ?????? ??????? ???????. ???? ??? ???? ????? ??????? ???? ??????, ??????? ?? ???? ????? ??????? ??????? ????? ??????, ????? ?? ???? ???? ?????? ?? ????? ??? ????? ?????? ????? ?? ?'???? ????? ?????? ??????? ????? ????? ???? ???? ?? ????? ???????. ???? 2008 ????? ??? ????""??? ??? ??????, ?????? ?????? ??????? ??????? ???????? ??? ????? ????? ????"
????? ???-?????,"????? ??? ?????? ??????? ?????? ????????, ????? ?????? ?????? ??????- ??????? (????? ?????? ??? ??? ???????)","?""? ????? ???-????? ????? ??? ?????? ??????? ?????? ????????, ????? ?????? ?????? ?????? - ??????? (????? ?????? ??? ??? ???????). ??????? ????? ????? ?????? ?????? ?????? ????? ?????? ?????? ??????? ????? ?????. ??? ?? ????? ????? ??????? ????? ???? ???? ?????? ?????? ?-???? ??? ??? ??????. ???? ??? ????? ????? ?????? ????? ????? ???????? ????????, ??????? ?????? ????? ?????? ?? ????? ?????? ????????? ??? ???? ????? ??????????-???????? ????? ??? ?????? ?? ????. ?????, ????? ?????? ?? ?????? ??????? ????? ????????-?????? ??? ?? ?????? ????????? ??????. ?????? ??? ????? ???????? ???? ??????? ????? ?????, ???? ????? ?? ""?????? ???""?"" ?? ??? ?????? ?????? ??????? ?????? ?????, ?????? ?""? ???? ??????? ?????? ??""?. ???? ???, ????? 2015-2012 ????? ????? ?????? ???, ?????? ??????? ??????. ?????? ???? ?????? ????? ??????? ?????? ?????? ?????? ?? ?????? ?????? ????? ???? ???. ??? ???? ??? ????? ????? ???? ?? ?????? ????? ??????? ????? ????? ??? ??????? ???? ???? ???? ?????? ?? ??????????? ??????. ?????? ??????: ????? ?????? ?????? ?????? ??????????. ?? ??????? ?????? ?????? ????? ???? ?????? ???? ??? ??? ??? ??????-??? ????????? ????? ????? ?????? ???? ?? ?????? ?????? ?????? ??-???? ?""? ??????? (???????). ?? ?????' ?????? ????? ????? ?????? ???? ??? ???."
???? ?????,"?????? ??? ?????? ?????????? ???? ?????, ?????? ????? ????? ?????? ??? ????? ?????","??? ???? 2019 ?""? ???? ????? ??? ????? ?????? ?????? ???????? ?????? ???? ?????? ???? ?????? ????? ?????? ????, ??? ????? ??? ?????? ?????????? ???? BEYOND. ???? 2018 ??? ???? ????? ???? ?????? ????? ?????, ???? ??? 2015 ?? ????? ????? ?? ???? ????????. ??? ???? 2008 ??? ????? ????? ?????? ?????? ???????? ?????? ??????? ????? ?????? ????? ?'. ????? 2012-2009 ??? ????? ?????? ?? ?????? ??????? ??????, ?????? 2017-2012 ????? ????? ???? ??????. ????? 2008-2006 ????? ????? ?????? ???????? ?????? ???? ????? ????? ?' ????? ?????? ?????? ???? ???. ????? ?????? ?????? ????? ???? ?????? ???? ???????-?? ?????? ???????? ?????? ?????? ??????. ????? ??? ??? ????? ?????? ????? ?????? ????? ?????? ????."
???? ???????,"??""? enova (???? ?????), ?????? ?????? ??????, ???? ????? ??????????","???? ??? ??""? ???? ????? - ?????? ?????? ?????? ??????. ??? ?? ??? ????? ???????? ???????? - ?????? ???????, ???????? ???????????? ?????? ?????? , ????? ?? ???""? ????? 2008-2023. ???? ??? ??? ??? ??? ?????? ???????, ?????? ?? ????? ?????? ??????, ?????? ???????? ???? ???????, ????? ???""? ??? ????""? ???? ??????. ???? ??? ???? ?????? ????????, ????? ????? ?????? ?????? ????."
???? ????,"????""??? ???? ??? ?????? ??????? ????","???? ??? ????""??? ???? ???? ?? ?????? ??????? ???? ????""??? ????? ??????? ?? ??????. ?????? ?????? ??? ?????? ?? ???? ?? ???? ???? ?????? ??????? ????? ?- AGRO-TECH, ???? ??????, ????? ??????????, ???? ????? ???????. ????? ?????? ???? ????? ?????, ???? ????? ?? ??????, ????? ?????? ????? ????? ?????? ??????? ??????? ????? ?????????, ????? ????? ????? ????? ????? ?????? ?????? ???? ??????? ??????. ???? ????? ?????? ?????? ?????? ??? ???? ????? ??????? ?????? ??'???? ?????."
???? ????,???? ?????? ???? ???????? ???????,"???? ??? ???? ?????? ???? ???????? ?????? . ???? ?? ??? ??? ???? ?????? ????? ???? ???? ??????? ?????? ??? ????? ?? ????? ?????? ?? ?????? ????? ?????? ?????? ?? ??????? ??????? ?????? ??????, ????? ??? ??? ??? ????? ????? ??????? ?? ?????. ????? ???????? ???? ???? ?????? ???? ??????? Global Business Studies ??????? ?????? ??????????? ?? ????, ??????? ????????? ???????? ?????? ?????? ??????? ????? ??? ?????? ?????. ???? ???? ?? ?????? ????? ??? ????? ???? ????? ??? ? ??? ??? ?????? ?????? ????? ????? ?? ????? ?????? ????????. ?? ???? ???????? ??? ????? ????? ??????? ????? TASC."
??? ????,"???""?, ??""? - ?? ????? ?????","??? ??? ???""? ?? ????? ????? ????? ???? ???? ?????. ???? ??? ????""? ????? ??? ????? ?????, ??? ??? ????? ????? ??? ???????? ??????, ????? ??? ??? ??????????? ??????. ??? ???? ???""? ???? – ????? ???????? ???????? ??????, ??""? ??? ??? ????? ?????? ???""? ????? ???? ??? ?????. ??? ??? ??? ?????? ????? ?????? ????? ?? ????? ???? ?????? ?????? ??????, ??? ?????? ?????????? ?? ???? ????? ??????, ??? ???? ??? ????/? ??? ??????, ???? ??? ????? ?????? ????????. ??? ??? ?? ???? ""?-??????: ???-?????, ???? ?????"", ???? ?? ????? ???? ""????? ????? ??????: ????? ?????? ?????? ????????"". ??? ???? ??? ?????? ???? ?? NIF – ??????."
???? ??????,"???""? ????? ????? ????? ??????? ???????? ???????","???? ??? ???? ???? ?????? ????, ??? ???? ????""? ????? ????? ????? ??????? ???????? ??????? ??????. ???? ????? ????? ????? ???????? ???""? ??????? ?????? ????? ????? ??""?, ??? ??? ???? ???? ?????? ???????? ?????? (?""?), ??? ???? ???? ????? ??? ??????? (?""?), ????? ????? ?????? ?????? ?????? ????? ?????? ???? ????? ?????? ?????? 550. ???? ???? ???? ????? ???????, ???? ??? ????? ???? ???????? ??????? ??????????? ????, ???? ??? ??????? ??????? ??????? ??? ??????? ??????, ????? ????? ???????? ?????? ?????? ?????? ??????????? ?????? ????????. ???? ???? ???? ???? ?????? ??-???????? (????) (Jaffa of Nazareth) ????? ?????? ????? ?? ???? ??? ???? ????."
??? ?????,"????? ?????? ??????, ???? ???????, ???? ?????? ??????","?????? ?? ???? ???????? ????? ???? 2010 ?????? ?????? ??????
?? ??????? ?????? ? 2015 ???? ?????? ???? ?????? ????? ????? ????? ?????, ??? ????? ???? ???? ?' ???? ????? ?????, ????? ?????? ??? ?????? ????? ???""? ?? ???? ( ????? ????? ?????? ?????)
???? ??? ?????? ????? ? 2020 ?????? ?????? ??? ??????? ??????? ????? ??????? ????? ?????? ????? ?? ??????. 
?? ?????? ?????? ?????? ?????? ?????? ?? ???? ???????, ?????? ? 5.2021 
????? ????? ??? ?? ????? ??????? ???, ???? 220 ?????? ????? ?????? ????? ??? ???? ???? ???????? ????, ????? ????????, ?????? ????? ????
????? ?????? ???? ?? ??? ????? ????? ????? ????? ?????"
??? ??? ????,"????? ??? ??????? ???????? ????? ????? ?? ?'???? ???? ??????? ????? ??? ?????? ?????. ????? ???? ????? ???? ""?????-?????? ?????""","????? ???? ??????? ???????? ????? ????? ????? ????? ??'???? ????. 
??? ????? ????? ????? ????? ???? ""?????-?????? ?????"".
?????? ??????? ????? ?????? ????? ??? ???????? ?? ?????? ?????. ?????? ?????? ????????, ????? ?????? ????? ???? ?????? ?????.
???? ???? ????? ?? ??""?, ????? ?????????? ???????.
???? ????? ?????? ?? ""??? ?????"", ????? ?????? ??????? ???????? ????????.

????? ?????? ?? ??????? ???????? ?????? ??????? ??? ????? ?????? ???????? ????? ???? ???????? ?????. 

????? ?? ??? ????? ?????? ?????? ??????? ??? ????????, ????? ?????, ???? ?? ?????? ??????, ??????, ????""? ????????. ?????? ??, ???? ?????? ???????? ?????? ???? ????? ??????? ??? ????? ?????? ????? ??????? ?????? ?????? ???????. ???? ???????? ????????? ?????????? ??????, ??? ?? ?????? ??????? ?????? ??????? ????? ??????? ????? - ?????? ?? ????. 

????? ????? ????? ?????? ??????? ????? ??????? ?????? ?????? ???????????. 
??? ???? ???? ????? ?????? ????? ??? ????????? ?? ?? ?????, ????? ???? ?????? ????? ??? ???, ????? ??????????, ????? ?????? ????? ????."
???? ????,????? ???? ????? - ???? ????,"???? ???? ?????? ???? ????? ????? ????, ??? ?????? ?? ?????? ???, ???? ????? ??????? ???? ????? ?????? (????? ????), ????? ????? ????? ?????, ????? ?????? ?????? ????????, ??? ???? ????? ??????, ??? ?? ?? ?? ?????? ????? ??? ????. ??? ???? ????? ????? ????? ?????????? ?????? ????? MBA ??????????? ??????. ??? ??? ???? ???????, ??? ??? ???????, ?????? ???? ?????? ????? ????? ?????? ????, ???? ?? ???? ????? ???????, ???? ?????, ???? ??? ??????????, ???? ?????? ???????? ??????? 40 ?? 40 ?? ?????? ???? 2022."
???? ?'???,"???""? ????? ?? ?????? ??????? ??????","???? ???""? ????? ?? ?????? ??????? ??????  ????? ??????. ?????? ???? ??? ?????? ??????? ????? ???????? ???????? ??? ?????? ???????? ??? ?????? ???? ????????????? ???????? ??????. ????? ?????? ???? ???? ???? ???? ???????? ?? ???????? ????????. ??????? ????? ???? ???? ????? ???? ???? ???? ?? ??????? ??????? ""????"" ?????? ????? ????? ????? ??????, ???????, ??'????? ????????,. ???? ??? ???? ?? ?????? ??????? ????? ???? ????? ???? ????? ?????? ?????? ????? ???????? ?????. ?? ???? ??? ????? ?????? ???? ??????, ?? ????? ?????? ??? ????? ??????. ??? ??? ???? ???? ?????? ????? ?????? ????? ?? ???? ?????? ???????? ???????? ?????? ?????? ???? ??? ?????? ?????. ???? ???? ?? ?????? ?????? ???????? ??????? ?????? ?????? ??? ???? ?????? ?????? ??????? ????? ???????, ??? ???? ????? ?? ???? ????????? ????? ??????? ????? ???? ??????????? ??-????."
???? ?'????,"???""? ???? ???? ???????? ??????","???? ??? ???""? ???? ???? ???????? ??????. ???? ?? ????? ??? ??? ???""??? ???? ??????? ???????? ??????. ???? ??? ????? ?? ??? ????? ??????? ????? ?????. ?????? ?????? ????? ????? ?????? ?? ????? ?????? ????????? ?????? ??????? ??????? ????? ??? ?????? ???????, ????? ?????? ??????? ??????? ??????? ?????? ????? ?????, ???????? ??????? ?????? ?????. ???? ??? ??????? ????? ????? ??? ?????? ????? ??????? ?????? ????? ??????? ??????? ????? ??????. ???? ??? ????? ?????? ?????? ??????? ??????? ?????? ??????."
???? ?'????,??? ???? ????? ?????? ????? ?????? ??? ????,"???? 2016, ???? ?""? ???? ?'???? ???? ???? ????? ?????? ????? ?????? ??? ???? ?????. ???? ?? ?????? ?? ????? ?????? ????? ????? ????? ??? ???""? ??? ?????? ?????? ?????? ????? ??????. ????? ????? ??????? ???? ?????? ?? ?????? ?????? ??????? ????? ??????? ?? ??? ????? ????? ?? ????? ?????? ??????. ??????? ????? ????? ???? ?????? ?????? ????????????? ???? ?? ???? ???????-????? ?????? ??????? (POCUS) ????????????? (US ????? ????) ."
???? ??? ?'???,??? ??? ???? ??? ????? ??? ?????? ???????,"???? ??? ??? ??? ???? ??? ????? ??? ?????? ???????, ???? ???? ?????? ???? ????? ?????. ??????? ????? ??? ???? ?????? ??????? ????, ??? ????? 2011-2020, ??????? ??? ????? ?? ?? ????? ???????? ??????? ????? ????? ????? ????? ????? ??????? ?????? ????. ??? ?? ???? ???? ?? ????? ?????? ??????? ?????? ????? ??? ?????, ?????? ???? ????? ???? ???? ??????? ????? ??????? ????. ????? ??? ???? ??????? ??? ?? ???? ?? ????? ?????? ???? ???? ?? ?????? ?????. ???? ??? ???? ????? ????? ?? ???, ?????? ?? ???? ?? ???? ???? ???? ??? ???? ????? ?????? ??????? ???? ???? ??????? ????."
???? ????,???? ????? ??????? ??????? ???????? - ????? ????? ?? ???????,"???? ??? ????? ????? ?? ??????? ????? ?????. ???? ?? ??? ????? ????? ???? ????? ????, ????? ????? ?????? ????? ?? ????? ???? ????? ??? ???? ????? ???? ??? ???? ????? ??????. ?? ??? ??? 2012 ??? ??? ????? ????? ???? ?????? ???? ??????? ????? ???? ?????? ??????? ???????. ???? ??? ???? ?????."
?? ????,"???????? ??????, ????? ?????? ??????","?? ??? ????????, ????? ?????? ???? ????????? ???? ??""?, ????? ?????? ????? ?????? ???? ?????. ???? ????? ???? ?????? ?????? ???? 2. ??? ??? 2008 ??? ????? ?? ?????? ????????? ""????? ???"" ?????? ?? ???? ?????? ???????? ""?????"". ?? ??? ??? ??? ??????? ""?? ??????? ????? ?????? ??????? ??????? ?????????? ???????"", ??? ?????? ?????? ???????? ?? ????? ?????? ???? ""????"". ??? ??? 2015 ????? ?? ???? ???? 929 ?????? ?? ??? ??? ???."
???? ????,????? ????? ???? ???? CONETGY,"???? ????? ????? ???? ?? ???? CONETGY. ????? ????? ??????? ?????? ?? ?????? ??????? ????? ???????? ???????? ?????????? ????. ????? ???? ???? ???? ????? ??????? ??????? ?????? ???? ??????? ??????. ???? ??? ???? ????? ???????? ????? ????? ????, ????? ??????? ?????? ?????? ????? ??????? ??????? ????? ?????? ?????. ???? ??? ??? ???? ???? ??????? ??????? ""????? ?????? ??????? ??????"" ?????? ????????."
??? ????-????,????? ???????? ?????? ?????,"??? ??? ????? ????? ???????, ?????????? ????? ??????. ???? 2010 ????? ????""??? ????? ????, ????? ?????? ????? ????? ?????? ????? ?????? ???????? ?????? ?????? ????????? ?????? ???????? ???????, ?????? ??? ??? ?????? ??????? ?????? ?? ?????? ??????? ?????? ??????? ????? ?????. ???? ????? ??? ????? ?????? ????? ????- ????? ?????? ???? ??? ?????? ?????? ???? ?????. ???? ?? ???? ????? ?????? ???????? ?????, ?????? ??????? ??????? Clinica de tierra Colorada - ??????? ?????? ??????????, ??? ??????? ?????????? ??????? ???????? ??????? ???????. ?? ?????? ????? ????? ??? ????????? ????? ?????."
????? ???,????? ????? ????? ??????? ???,"???? 2016 ????? ??? ????? ????? ????? ??????? ???. ?????? ?????? ??? ?????? ?? ?????? ????, ?????? ??????? ?????? ????? ?? ???? ?????? ??? ??????, ????? ?????? ???? ??????, ????? ????? ??????? ??????? ?????, ????? ???? ??????? ???? ?????? ???? ?????? ?????. ???? ??? ????? ????? ?? ????? ????? ??? ?????? ??????? ??????."
???? ???,??????????? ????? ??????  ????? ???? ?????? ????? ????? ????? ?????,"???? ??? ?????????? ???? ????? ??'????, ??????? ????? ?????? ??????? ?????? ?????. ??????? ????? ????? ????""??? ????? ?????? ?????, ????? ????? ???? ?????? ??? ?????? ????? ????? ??? 2014 . ???? ??? ????? ???? ?????? ????? ????""???, ????? ???""? ????? ?????? ???""? ????? ???? ?????."
???? ?????,????? ????? ??? ?????? ????? ???????,"?""? ???? ????? ????? ?????? ?????? ?? ??? ?????? ????? ??????, ??? ????? ?????? ????? ??? ?????? ?????? ???? 7 ????. ???? ?? ????? ??? ??? ????? ?????? ??????? ???????? ????????? ????? ???????. ?????? ??????? ?????? ????? ????? ?????? ?????? ????? ????? ????""? ???? ???????, ????? ??? ?????? ????? ??? ?????? ????? ????? ?????? ?""? ???? ??? ?????, ????? ?? ????? ?? ????? ???? ?????? ???????????. ?????? ?????? ????? ?????? ?? ?????? ?????? ????????, ????? ?? ??????? ?? ??? ?????? ??? ?????? ???????? ???????????, ??? ?????? ?????? ??????? ??????????. ??????, ????? ?????? ?????? ????? ????? ??????, ????? ???? ?????? ?? ??????? ??????? ??? ???? ????? ??????? ?? ?????? ??????? – ???? ??????? ??????? ??????? ??????? ?????. ?????? ??????: ???? ?????? ?????? ?????, ??????????? ??????? ????. ?? ??????? ????? ????? ?????? ?""? ???? ??? ????? ??? ?????' ?????? ????? ????? ?????? ?? ???? ?? ?? ???????."
???? ???,????? ?????? ?????? ??????? ?????,"????  ????? ?????? ?????? ??????? ????? ????. ??????? ????? ????? ???""??? ????? ???? - ?????? ?????? ?????? ??????? ??????. ?????? ????? ???? 2000 ????? ????? ??? ??? ???? ??????-?? ?????? ???? ????? ???????? ?????????? ???????? ?????? ????? ????? ?????? ????? ???? ???????? ????? ??????? ????????. ???? ??? ??? ??? ??? ?????? ?????? ???????? ???? 2014 ???? ??? ???? ?? ???? ???? 2012 ???? ????? ?????????? ????? TIAW ?????? ?? 100 ???????? ??????? ?? ????? TheMarker."
???? ?????,"????""? ????? ???? ????? ???","???? ??? ???? ??? ??????? ?? ??? ???????. ????? ?? ??? ????? ????? ????, ??? ?? ??????? ???????? ??? ??? ???? 2001 ????? ????? ??? ?????? ???. ???? ??? ????? ?????? ??????? ????????, ????? ????? ???????, ??????? ????? ?????. ???? ???? ???????? ??????? ??????? ????????? ???????. ????? ???????? ???? ??????? ????? ????, ???? ???? ????? ???""? (????? ????? ???????????) ????? ????? ???? ?? ????? ???????. ???? ???? ???? ??? ???? ?????? ??????? ?? ???? ?????? ?????? ??? ??????? ?? ?????? ???? ??-??????."
??? ????,"????? ??????, ""????"" ??????? ?????? ???? ??????","?????? ?????? ????? ?????, ????? ??? ????? ???????  ?????? ????? ??????? ???????, ????????. ????? ????????? ??????? ??? ??????? ???? ?? ?????? ???? ????? ??????- ?????-?????.
??? ????? ???? ??? ????? ?????? ?? ???? ????, ????? ?????? ????? ????? ??????? ??????? ????? ??????, ???? ?????? ???????.
???? ??? ????""?- ????? ?????? ????? ???????.
??????  ????? ?? ?????? ????? ????????? ??????? ?????? ??????."
???? ?????,"????""? ????? ???????? ???? ?????? ???????? ??? ????? ???? ????? ???""?","???? ??? ????""? ????? ???????? ???? ?????? ???????? ??? ????? ???? ????? ???""? - ???? ????????? ????? ?? ??????? ???”? ?????? ?????? ????????. ??????? ????? ??? ???? ????? ??????? ?? ??? ?????? ???????? ??? ?????. ???? ????? ??? ???  ?????? ??????? ???? ??????. ???? 12 ???? ???? ??? ???? ?????? ????? ??????? ??????? ??????? ?? ???? ????? ???????, ????? ?? ??? ???? ???????; ???? ?????? ????? ???? ???? ????? ????? ???? ????; ??? ???""? ????? ????? ??? ?????, ????? ????? ?????? ????? ?????? ?????? ??????? ????? ?????, ???? ???? ?????? ?? ????? ?????? ??????? ??????? ?????? ??????."
???? ??????,"???""? ???? ????","???? ??? ???""? ???? ????. ??????? ????? ??? ????""? ???????? ????? ?????? ???? ??????? (??""?). ??? ??? ????? ???? 2014 ???""? ???? ?????? ???? ????? ?? ???? ????????? ????? ?????? ????????? ??? ??? ??????."
???? ??????,???? ???? ?????,"???? ??? ???? ???? ?????. ???? ??? ???? ????? ???? ?????? ??? ????? ??????. ???? ??? ?????? ???????. ????? 2013-2015 ???? ???? ???? ????? ???? ???? ??????? ??????? ?? ???""? ??????. ????? 2013-2010 ???? ????? ???? ?????? ?????? ?????? ???? ????? ???? ??????, ????? ??? ????? ??????? ?????? ?????? ???? ???? ?????????. ??? ??? ????? ?? ??? ??????? ????' ????? ?????? ?????' ???? ???? ????? ???? ????? ??????? ????? ????? ?? ?????? ?????? ?????????. ???? ???? ????? ??????? ?????? ?????? ???????? ?????????? ????????? ??????. ?? ??????? ??????? ??? ??? ????? ?????? ?????? ??? ????. ???? ??? ?????? ??????? ???????? ???? ???? ?????? ?????  ???? ????? ?????? ?????. ????? ???? ????? ??????? ??????????? ?? ???? ????? ??? ??????? ??????????? ???????."
?? ?????,???? ??? ???? ?????????? ?????? ??????? ?????? ??????? ???????? ????????? ????? ???????,"?? ??? ???? ??? ???? ?????????? ?????? ??????? ?????? ??????? ???????? ????????? ????? ???????. ??????? ????? ??? ??? ???? ????? ?????, ????????? ??????? ???? ????? ??????. ?????? ?????? ????? ??? ????? ?? ??????, ????, ??? ????, ?????? ?????? ?????? ?????????? ???????. ?????, ??? ??""? ?????? ??????? ???????, ?????? ????? ?????? ?? ????? ?????? ?????? ????? ???? ??????. ?? ???? ???????? ?????? ????? ?? ????? ??????, ???? ?' ?????? ???? ???????."
?????? ????????,"????""??? ????? ???? ?????? ?????? ?????","?????? ??? ????""??? ????? ???? ?????? ?????? ?????. ??????? ????? ????? ????? ?????? ??????? ????? ???????, ???? ??? ??????? ?????? ?????? ???????? ????? ????? - ?????????, ??????? ???????, ?????? ??????? ?????? ????. ?????? ??????? ?????? ?????? ?????? ????? ?????? ????????? ????? ?????? ????? ??????? ?????, ?????? ????? ?????? ??????? ????.? ??????. ?????, ?????? ?????? ?????? ????? ??????? ???????????? ""???? ????""."
???? ??????,"???""? ????? ??? ???","???? ???? ????""? ????? ??? ??? ???? 2024 .
???? ?? ??? ??????? ???- ???? 2016 ???? ?? ?? ??? ??????. ?????? ?????? ??? ????? ?? ???? ??? ????, ????? ?????? ?????????, ????? ????? ????? ???????, ?????? ??????? ??????? ?????? ??????? ???. ???? ?? ??? ?????? ??????? ?????? ?????? ??????? ??? ?????? ????, ????? ??? ?????? ????? ????? ???????."
????? ?????????,"???????? ???? ??????, ???","????? ??? ???????? ???? ?????? ?? ???? ???, ????? ?? ????? ????? ?????? ???? ????? ????? ???????? ?????? ?? ??? ?????? - ?????. ????, ???? ???? ????? ?????? ?????? ???? ??????, ?? ????? ?? ????? ??? ?????? ???????? ?????? ???? ????? ????? ????? ?????? ????? ???????, ??? ????? ??????? ??????? ???? ?????? ?????? ??????? ???????. ???? ???, ???? ???? ??? ??? ?????????? ???? ??????? ?????? ??? ????? ????? ??????, ??? ???? ?? ???? ?????? ?????? ????????? ??????? ????? ??????, ?? ??? ????? ?? ????? ?????? ????????? ???? ?????? ??????? ????? ?????? ?????? ?????? ???????. ????? ???? ???? ?????? ?????? ??????."
??? ?????????,?????? ?????? ??? ?????,"??? ??? ?????? ?????? ??? ?????. ????? ?????? ??? ????? ???? ??????? ??????? ??????? ?????? ???????? ?????? ?? ?????, ???? ??????? ????? ????? ????? ??????? ?????: ?????, ????? ??????? ??????? ?????? ????? ????. ??? ????? ?? ????? ????? ????? ???? ?????? ?????, ????? ?????? ?????? ??????, ??????? ?? ????? ??? ???????, ???? ?????, ????? ????? ???, ??????? ??????? ?????? ????? ????? ??????. ???? ?????? ??????? ????? ??? ???? ?????? ??? ?????? ????????? ?????, ??? ????? ????? ??????? ????? ???? ????? ??????? ??????? ????. ????? ????? ???? ??? ?????? ??????? ??? ?????? ????? ???????? ??????? ???????? ?????, ?? ????? ????? ?????, ????? ???????, ???? ???, ?????? crm ????."
???? ?????????,"????? ????""? Evermile","???? ??? ????? ????""? Evermile. ??????? ????? ??? ??? ???? ????????? ?????? ???? ????? ??????? - ?????? ???? ?-500 ???? ???? ??????, ??? ???'??, ??????? ????-????? ???? ????? ????? 160 ?????? ???? ?????? ??? ????? ??????? ????? Bessemer, Insight ?– Pitango ??????? ?-300 ?????? ????? ?????. ?????? ?????? ????? ????? ?? ??????? ?????? ???????? ?? ????? ????? ???????? ????????, ???????? ??????? ???? ?? ????? ??????? ???????? ??? ???????, ?? ??????? ??? ???????. ???? ?????? ????????, ???? ???? ??????? ?????? ?????? ????? ??????? ???? Windward ?- CMS Medical."
????? ?????????,"????? ????""?, ????????","???, ??? ????? ????? ?? ???? ??? ?????, ?????????? ??????? ??????? ????."
????? ??????,"???""? ??? ????? ?? ????? ?????","????? ???? ????""? ??? ????? ?? ????? ????? ???? 2015. ?????? ??????, ??? ???? ?-350 ??? ????? ??????? ???? ?????? ????? ?? -32 ?????? ???????. ???? 2005 ??? ??? ????? ??????? ???????? ????? ?????? ?????? ????? ???????? ????? ?????? ???????. ??????? ?????, ???? ????? ?? ????? ?? ??? ??""? ????? ?""? ???? ????, ??????? ?? ????? ???? ?? ??????? ?????? ??????? ???????? ????? ?????? ??? ????."
???? ????,"Ex Vp Communication ,corporate brand&Sustainability","??????? ?????? ????? ???? ?????""??? ??????, ???? ??????? ?????? ?????? ?????? ?????? ?????? ????? ??? ??? ?????? ?????? ?? ?????? ???? ????""?. ?????? ?????? ????? ????? ????? ?? ????? ?????? ????? ????? 360 ?? ???? ?????? ??? ???????? ??????? ?????. ????? ????? ????? ???????? ??????, ??? ????, ?? ???????????? ????????? ?????? ????? ?????? ??????? ??????? ????? ?? ???? ???????? ?????? ???????? ????????? ??????."
??? ????,"??""? ?????""? ?????? ?""? ???? ??? ?""? ???? ??????","??""? (?? ?????? ???????? ????????), ???? ????? ?????? ?""? ???? ??? ??""? ???? ??????, ????? ???? ????? ????? ?? ??????? ??????? ?????? ????? ????? ?????? ????? ?????. ??? ??, ?????? ?????? ??? ????? ?? ?? ????? ?????? ????? ??""?, ????? ?????? ????? ???, ??????? ?????? ???? ??? ?? ????? ???? ??? ?????? ?????? (????? ????? ????????). 
???? ??? ??? ???? ????? ????? ????"
????? ????-??????,???? ??????? ?????? ???? ???????,"????? ??? ??""? ??????? ?????? ???? ???????. ???? ?? ????? ?????? ?? ?????? ??????? ??????? ???""?? ??????? ?????? ?????? ?? ?????? ???????? ?? ????? ??????, ???? ?????? ?????? ??????? ?????? ?????? ?? ???? ????? ?????? ????""?, ????? ????? ??????? ?????? ?????? ????? ?? ???? ?????????? ???? ?????. ???? ??? ????? ?? ???? ???""? ??????? ??????? ????? ???? ?????? ??????? ????? ???? ???? ?????? ???? ???????. ?????? ?????? ?????? ??? ????? ???? ??? ???? ????""? ???? ??? ???? ????, ??????? ???????? ?????????. ???? ?????? ??? ?????? ??????? ?? ?????? ??????-???? ??????? ?? ?????? ???? ??? ???????? ??? ???. ??? ????? ???????? ?????? ?????? ???? ???. ????? ????? ??????? ??????? ?????? ??????? ????: ????? ????? ????? ??????, ????? ?????? ???????? ????? ?? ?????? ???????, ????? ??? ??????? ?????? ?????? ?????? ????? ????? ???????, ????????? ????? ???? ????."
???? ????? ?????????,"???????? ???? ??????, ??? ?????","???? ???????? ???? ?????? ???? ?????. 
??????? ????? ????? ????""??? ????? ??????? ?? ??. ?????? ?????? ???? ?????? ?? ???? ?????? ????? ???????, ?? ????? ??????? ??? ????? ?????? ??????? ???????? ???? ????? ?????? ?????? ?????. ??????? ????? ????? ?????? ?? ??? ?????? ?????? ??????? ??????? ?????. ????? ?????? ?? ???? ?????? ?????? ???????? ????? ?????, ?????? ???? Call ???? ??????? ????? ?? ???????."
???? ??????,"????""? ???????? ????????? ????","???? ????? ?? ????? ?????? ????????? ?? ???? ??? ??????. ???? ????? ????? ?????, ???? ???? 2 ?????? ????? ??????? ?????? ?????? ??????? ?????? ??????. ??????? ?????? ???? ?????""? ???????? ????????? ?? ????? ????? ?????? ????? ???? ???? ?7.10 ???? ????? ?????? ?? ?? ???? ?????? ????? ??? ????? ????? ?? 19 ???????? ??? ??????? ??????? ???????? ?? ??????? ?? ???????????, ????? ????? ?????? ???????. ???? ??? ???? ??????? ???? ?????? ??????? SFI, ?????? ?????? ?????? ???????? ?????? ??????, ESG, ????? ?-Data ???? ??????-?????. ???? ?? ???? ?????""? ???? ????? ?????? ????? ????? ??????? ?? ?????? ???????, ??? ???? ??? ????? ????? ???????/ Invest In Israel ????? ???? ??? ???""? ???? ??????. ?? ???? ???????? ??? ???? ???????? ???? ????? ?????? ?????? ???????."
??? ??????,"???""??? ????? ?????? ???????? ????? ????""???","??? ?????? ??? ???""??? ?????? ??????? ?????? ???? ???? - ?????? ??? 26 ??? ?????? ?????? ??????? ???????? ????????? ????????? ??????? ??? ??????? ??????? ???? ??? ????, ????? ?????, ??????? ?????, ?????? ?????, ??????? ?????? ?????, ???? ???? ???, ?????? ?????, ????? ?????? ????????? ?????? ??????, ????? ????? ????. ?????? ?????? ?????? ?????""??? ????? ????  ????? ?????? ?? ??????? ????? ?????? ???? ???? ??????, ?????? ????? ???? ??????? ??????? ??????????? ???????????? ????? ????. ?????? ???????? ????????, ?????? ??? ??????? ???? ???? ?????? ???????? ?????? ??? - ????? ????????, ????? ??????? ???????, ????? ?????? ???????? ?????? ?????? ?????."
??? ????,??????? value ?????? ?? ??? ??????,"??? ??? ????? ???? ?????? ????. ??????? ????? ????? ????""??? ??????? ????????? ????. ???? ??? ????? ?????? ?????? ???? ?????? ?? ?????. ??? ???? ????? ????? ????, ???? ?????????? ????? 24, ??????? ?? ????? ??? ?????? ??????? ?????? ????????, ?? ????? ???????? ????????? ????????? ??? ?????? ???????, ??????? ?? ????? ????? ?????? ???????. ?????? ????? ??????? ???????? ??? ????? ?????? ??????? ?? ???? ????. ??????, ??? ????? ???? ????????? ?? ????? ???? - ?????? ????? ???? ???? ???? ???? ????? ????? ?????? ??? ??? ???? ??? ???? ???? ????? ???????? ????????????. ???? ????? ??? ????? ????? ???? ????? ???, ????? ?????? ???? ???? ???????, ?????? ????? ???? ?????? ??? ????."
??? ????,?????? ??????? ????????? ?????????,"??? ???? ??? ??? ?????? ?????? ?? ????? ????????? ?? ????-??? 2035. 
?????? ?????? ??? ?????? ??????? ????????? ????-?????, ?????? ????? ????? ?????? ????? ???? ????????? ?? ????? ????? ?? ????.
???? ?????? ?? ????? ??15 ???? ?????? ?????????, ??????? ??????? ??????. ???? ????? ?????? ??? ????? ??????? ??????? ??????? ??? ???, ?? ?????? ?? ????? ????????? ??? ??? 2030, ????? ?????? ?? ???? ??????? ??????? ??????? ?????? ??????? ?? ????? ?????, ?????? ???????, ????? ????? ??????? ???? ??????. ??? ??? ????? ?????”??? ????? ?????? ???? ??????? ??????? ?????? ?????, ????? ?????? ????? ????, ????? ????? ?????? ?? ?????? ?????. 
????? ????? ????? ???????? ??????? ???? ??? ????????? ???? ????? ????????, ??? ?????? ?????? ?????, ????? ?????? ????? ?????? ?????? ??????.
?????? ??????? ???????, ?????? ??? ???? ????? ?? ???? ???????, ?????? ????  ??????? ?????? ?????? ????? ??????? ?????? ?????? ?????? ????? ????-?????. ?????, ????? ???? ?????? ?????, ???? ???? ??????? ???????? ????? ???? ?????? ?????? ??????? ??????? ????? ????? ?????? ???????? ?? ?????? ???."
???? ??? ?????,?????? ????? ?????? ?'?,"???? ??? ??????? ?? ?????? ??????? ?'?. ?????? ?????? ??? ????? ?? ?????? ????? ?? ????? – ??????? ????????, ???? ?????? ?????? ??????. ???? ??? ???? ???? ???? ????? ???? ?????? ?????? ???? ????? ????? ?? ?????? ???????, ???? ???? ???????, ??????? ????? ?????? ?????? ???????."
???? ????,"????? ??? ????? ?????? ???? ???? ???????, ??? ??""?","???? ??? ????? ??? ????? ?????? ???? ???? ???????, ??? ??""?. ????? ???? 5 ???? ?????? ????? ?????? '?? ?????' ?????? ???? ?????? ???????? ?? ???? ???? ?????. ???? ??? ???? ???? ?????? ?????? ??? ?????? ??????? ??""? ?????? ???? ?????. ???? 8 ???? ?? ????? ???? ?????? ??? ???? ?????? ???????? ??? ?????, ?????? ??? ????? ?????? ????? 5 ???? ????? ???? ?? ????? ???? ???????? ????."
?? ?? ????,"???? ????""? ????? ????""? ?????????","?? ??? ????""? ????? ??????. ??????? ????? ??? ????""? ????? ?????? ???? ??????, ?????? ?? ??????? ???????? ?????? ??????, ?????? ?????? ???????? ??????? ??????????? ???? ?????, ??????? ?????? ???? ?? ??????? ????? ?????? ??????, ???? ????? ?? ???? ?????? ?? ??????? ????-????? ??? ??????? ??? ????? ?????? ??? ?????? ??????. ???? ??? ??? ?? ???? ???????? ???? ????? ???? ????? MW GROUP ISRAEL ??????? ?? ???? ???????? ?????? ?????? ??""? ????? ???? ??? ???? ???? ?????? ASE ??????."
??? ????,?????,"??? ??? ????? ???? ????, ????? ?? ?????? ????? ????""? ?????? ?????? ????? ?????? ?????? ?????? ??????????? ??????? ????????? ?? ??? ???. ???? ?????? ???""? ????' ?????? ???? ?????? ??????? ????? ??? ?????? ?????? ??? ?????? ?????? ?? ???? ???? ?????? ????? ??????? OECD. ??? ???? ????? ?????? ?? ???? ??? ??????? ????? ??? ????? ??????? ????? ???? - ???? ??? ???? - ????? ??????? ???????? ?? ?????. ???? 2013 ?????? ?????? ??????? ???? ????? ????? ????? ???, ??- 2016 ?????? ?? ???? ????????? ?? ??????? ????? ???? ?""? ????? ?????? ???????? ?????, ????? ????? ?????. ??? ???? ???? ????? ??????? ????? ??? ???? ???? ????? ????? ?? ?????????? ??????? ????""?. ???? ??????? ?? ??? ????? ??????? ?????? ?????? ???? ??????? ??????? ???? ???????? ?????? ?? ????? ?? ????? (Predictive Maintenance). ??? ??? ????""??? ??????? ?? ???? ?????? ?????? ??? ??????? ?? ??? ??????? ???? ???????? ????? ?????? ????? ?? ????? ?????? ?????? ??????? ??????. ??? ?????? ?????? ???? 2019 ??? ???? ?????? ???? ?????? ?????? ?? ???? ????""? ??????? ?? ?????? ?? ???? ?????? ???? ??? ???? ?? ???? ?????."
???? ???? ????,????? ?????? ??.?.? ???? ?????? ???????,"???? ??? ????? ?????? ??.?.? ???? ?????? ???????. ????? ????? ????""??? ????? ????? ?????? ???????? ????? ???????. ???? ??? ????? ???""??? ????? ?????! ??????? ?????? ????? ?????? ?? ????? ??????, ?? ???? ?????? ?????? ?????? ??????? ??? ????? ?????? ???? ?????? ???????? ???? ??????. ??????? ????? ??? ????? ?????""? ?????? ?? ?????? – ??? ???? ?? ???? ????? ??????. ???? ??? ????? ????? ????? ???? ??? ?????? ???? ????? ????? ????? ?? ???""??? ????? ????????? ????? ???? ??????????? ??????. ?????, ???? ?????? ???????? ?????? ?????? ???? ???? ?????? ???. ??????? ?????????? ????? ??????? ??????? ??????? ??????? – ????? ?? ??? ???? ?????? ??????? ????????, ??? ????? ????? ?????? ?? ????????? ??????? ?????? ????? ?????? ????????."
???? ??????,"???""??? ????? ???? ?????","???? ??? ?????? ????? ???? ?????, ????? ?? ????? ????""??? ????? ??????. ???? ??? ??? ????? ?????? ????? ??????? ????? ???? ????? ???????? ?????? ?? ??????? ??????. ????? 2010-2004 ??? ???? ????? ??? ????, ???????? ?????? ?? ????? ?? ???? ??????? ?????? ????? ?????. ??? ???? ?? ???? ???? ?????? ???? ????? ?????? ?? ????? ?.?.? - ?????? ????? ???? ??????? ????? ??????? ?????? ????? ????? ?????? ???? ???."
???? ???,??? ??? ????????? ????? ???????,"?""? ???? ??? ????? ???? ??? ????????? ????? ???????. ???? ??? ????? ?????? ???? ??? ?????? ????. ??????? ????? ????? ????????? ?????? ????? ???? ????? ????? ?? ?????? ?????? ????? ????? ????? ???? ??? 2017. ???? ?? ????? ????? ????? ???????? ???? ?????? ??? ????, ????? ?????, ?????? ??????? ?????? ????? ?????? ??????. ?-2019 ????? ???? ???? ????????? ??????? ?????? ???????. ?-2021 ???? ??? ?????? ??????? ?????? ???????? ?????? ???""? ????? ??????? ?? ??????."
???? ???,"???""? ?'???? ????","???? ??? ???""? ?'???? ????, ????? ????? ?????? ??????? ????????? ?? ??????? ?????????, ???? ??'???? ?????. ???? ?????? ?????? ???? 2021, ???? ????? ????""? ???? ????? ???? ????????. ??????? ????? ?????? ??????? ?? ????? ?????? ????? ????? ?? ????? ???????, ???? ?? ????? ?????? ????? ?????? ?? ????? ???????. ?????, ????? ?????? ???????? ????? (???? ??????? ??????, ??? ???????? ????????, ????). ???? ??? ???? ???? ????? ??????? ?????? BDO ?????? ?????, ???????? ???????, ??????? ???????. ?? ?????? ????? ???? ????? ??? ???? ?????? ???? ????? ???? ?????? ???? ????????."
????? ????,"????? ?????? ?? ???? ?????? ????, ?????? ?????? ?????","????? ??? ????? ?????? ?? ????? ?????? ???? ?? ?????? ?????? ?????, ??? ???? 2021. ???? ???, ??? ???? ???? ???????? ?? ?????? ?????? ????? ?????? ????? ??????? ????? ?????. ???? ??, ???? ??? 2013, ????? ???? ???????? ????? ???? ???????? ?? ???? ???????. ??? ????? 2017-2019, ????? ????? ?????? ???? ?????? ?? ???? ??????. ???? ?? ??? ????? ????? ???? ????? ????? ??? ?????? ????????? (?????? ???? ?????? ??????? ???????? ?????????). ???? ???, ??????? ?????? ?????? ???????, ????? ???? ????? ?????? ?????? ?????? ??? ?????? ?????????. ?? ??????? ????? ?????? ?????? ????? ??????????? ??????, ???? ??????????, ?????, ???? ??????. ?? ?????? ????? ???? ???????? ??????? ?????? ????? ?????? ? London School of Economics ???????"
???? ??????,"???? ??? ???? ???????? ???????? ??""?",???? ???? ??? ???? ???????? ??????? ????? ?????? ?????. ???? ??? ????? ???? ????? ?????? ?????? ????? ???? ??? ????? ???????. ???? ?? ????? ???????? ????? ????? ???? ??? ????? ?????? (????-?????) ????? ??????? ?????? ?????? ????? ??????? ?????? ?????? ???????. ???? ???? ????? ?????. ???? ?????? ?????? ????????? ????????????????. ???? ??? ??“? ???????? ?????? ??????.
???? ????????,??? ????? ???? ???? ???? ???,"???? ???? ???? ????. 
????? ???? ????""? ????? ???? ??? ?????? ??? ???, 
???? ???? ???? ??? ??????? ???? ??""? ??? ????? ??????. ???? ?? ???? ???? ????? ?-15 ???? ?????? ???? ????? ???????? ????? ???????: ???? ?????, ??? ????? ???? ??? ???? ??? ????? ??? ???????. ???? ???? ??? ?????? ?????? ?????? ?????? ?????? ??? ???? ???""? ?????????? ????? ???? ?????? ?? ?????."
??? ??,????? ??? ???? ??????????? ????? ?????? ??? ?????,"??? ??? ????? ???""? ???????????, ?????? ?? ??????? ?????, ??? ????? ????? ??????, ??? ?????. ??? ???? 2007 ????? ??? ?? ???""? ??????????? ???? ?????, ????? 2016 ????? ?? ???? ????? ?????? ????? ?????? ???? (??? ?????). ??? ????? 1996-2007 ???? ????? ????""? ??????????? ??????????????? ??????? ????? ??????. ??? ????? 2014-2020 ???? ?????? ????""? ???????? ????? ??????? ?? ????? ?????? ?????? ??????. ???? ??, ??? ???? 1990 ???? ?????????????? ?????? ?????? ???? ??????. ?????? ?????? ??????? ??? ????? ?????? ?????? ???????????. ???? ???? ????? ??????????? (Bpt), ???? ??? ??????????? (MSc) ???? ???? ????? ????? ??? ????? ?????? ?????? (MBA)."
???? ????,"???? ???? ?????? ???, ????? ??? ?????, ???????? ???????","???? ???? ????? ???? ???? ???, ?????? ?? ??? ?????? ????? ?????????? ?????????. ????? ??? ??""? ????? ????? ??????? ???????? ????.

???????? ??????? ???? ????? ?????? ?-70 ????? ????? ????? ?25 ?????? ??????? ????? ???? ????, ????? ????? ?????. 

???? ????? ?????? ?????? ????? ????? ??????, ??? ???? ??? ??? ??? ???? ??????? ?????? ???????, ????? ??????? ?????? ?????."
???? ?????? ????????,???????? ???? ??? ????.,"???? ??? ???????? ???? ??? ??? ?????? ??? ????? ?????? ????? ???????. ?????? ?????? ??? ????? ?? ????? ??? ???????? ???????? ????? ????? ?? ???? ??? ????? ????? ????? ???? ??? ????? ?? ???? ????? ???????. ????? ?????? ??? ????? ????? ?????? ???? ???????, ??????? ??????? ?????, ??????? ???????? ??????? ???????? ??????? ???? ???? ????????? ??? ??? ??????. ??? ?????? ????????? ????? ???? ?? ??????? ?????? ??????? ?????? ?? ????? ??? ????? ??????? ??? ??? ?? ????? ????? ??????? ??????? ?????? ??? ????? ????? ?????? ????? ?????? ???????."
???? ?????,"KPMG Ireland, Strategy, manager","???? ?????? ?????? ???? ????? ???""??? ???""? Future Mobiltiy IL. ?????? ?????? ????? ??? ????? ?????, ??????? ??????? ?? ??? ?????? ??'??? ????? ?? ????? ?????? ????? ????? ????? ???? ???? ????. ???? ??? ???? ???? ???????? ????? ????? ????? ????? ??????? ??????? ?????? ?????? ??????? ????? ?? ???????? ????? ????? ??????? ????. ???? ???? ????? ?????? ????????? ????? ????? ?? ????? ?????? ?????? BDO ??? ????."
???? ??????-???,??? ????? ?????? ?????? ?-OECD ?????,"???? ??? ??? ?????, ????? ?????? ?????? ???? ????? ?- OECD. ??????? ????? ???? ????? ?????? ????? ????? ?????? ????????? ??????? ?????? ????? ??? ??????, ????? ????? ?????????, ????? ??????? ?????? ????? ??????, ????, ???, ????? ??????. ???? ?? ???? ????? ?? ????? ?????? ???? ???? ????? ??? ????, ????? ??????? ?????? ?????? ?? ????? ??? ??????? ?? ?-2.5 ??????? ????? ???????? ?? ??? ????? ???????? ?????? ?????, ??????? ?????? ???? ??????? ??????? ????????? ???? ???? ???????. ???? ??? ???? ????? ?? ????? ?????? ??????? ????? ????? ????? ?????? ????????? ???????? ???? ?????? ??????."
???? ??????,"??? ??????, ??""? ?????","???? 2017 ???? ?""? ????? ?????? ????? ????? ??????? ?????? ?? ??""? ???? ????? ?????? ??????? ???? ??????. ????? 2017-2014 ???? ????? ?????? ?? ????? ?????, ????? ??? ???? ??? ?????? ??????? ?????""?. ??? ???? ???? ?? ??????? ????????? ?? ??? ?????? ?????? ???? ?? ?????, ?????? ??? ""???? ???"". ????? ??? ???? ???? ?????? 669 ???? ??? ???? ?????? ?????????? ????? ?????. ????? 2017-2013 ????? ?????? ?? ????? ????? ?????? ??????? ?????? ?????? ?????? ?????? ????. ? ??? ??? ?????? ??????? ?????? ????????? THOR ????? ????? ?????? ??????? ????? ??????? ???????. ??????? ??????? ???? ????? ?????? ??????? ????? ?????? ????? ???. ????? ??? ????? ????????? ????? ???? ????? ??????? (????????) ??????????? ??-???? - ??????? ????? ??????? ????, ??? ????? ??????? ???? (????????) ??????????? USUHS ???'???, ??????, ????? ?????."
???? ????,???? ?????? ??????? ??? ???,"???? ??? ???? ?????? ??????? ??? ??? ????? ??? ??????. ?????? ?????? ??? ????? ?? ???????? ?????? ?? ??????, ???? ????? ????? ????, ????? ????? ?????? ???? ?????? ??????? ?? ??????? ??????. ??? ????? ???? ????? ????? ????? ???? (BIG 4) ????? ??? ??? ???? ????? ???? ???? ?????? ?????? ?????????. ???? ??? ??? ??? ????? ????? ????? ??? ?????? ??????? ???? ?????? ?????? ?? ????? ???????? ???? ???? ?????? ??????, ????????? ??????? ?????."
?????? ??????,????? ?? ???? ????? ??????? ???????,"?????? ????? ????? ????? ???? ??????? ??????? ?????? ???? ????? ????? ??????? ??? ?-2015. ??? ???? ??? ?????? ?????? ?????? ????? , ?????? ?????? ??? ????? ?? ?????? ??????? ??????? ??? ??????? ???????? ???????? ????? ??? , ???? ?? ???? ????? ???? ??? ?????? ???? ??????? ????? ????? ???? ???????. ??? ???? ?????? ??????? ?? ???? ?-20 ?????? ?, ????? ???????? ????? ????? ????? ??????, ????? ?? ????? ????? ??????? ??????? ????? ????."
???? ????-?????,????? ????????,"???? ??? ????? ????????. ???? 2017 ????? ????? ?? ???? ???? ??????????, ????? ??????? ????. ???? ?????? ????? ??? ???? ?????? ?? ????? ???? ??????. ??? ????, ???? ??????? ???????????? ?????? ???????? ?????? ?????? ?? ??? ????? ???????? (???? ONE8) ??????. ????? ????? ??? ????? ?????? ?????? ????’? 500 ?-Compete (??????), ???? ?????? ??????? ?????? ???????? ????? ?????? ???? ???? ????? ????? ???????? ????? ?? ????? ????? ???. ???? ??? ????? ?????? ???? ???”? ??????? ?????? ???????. ??? ????? ???? ????? ????????? ????? ?????????? ?????? ????????? ?????? ????? ???? ??? ????? ????? (MBA Cum Laude) ??????????? ??????."
???? ??? ????,???? ????? ?????,"???? ??? ???? ?????? ??????? ???? ?????? ??? ??? ??? 2000. ?????? ?????? ??? ????? ?? ????? ??????? ??????? ?? ??????, ????? ?????? ?? ????? ???????, ???, ?????, ????? ??? ?????? ??????? ????? ????? ????? ???? ????? ??????? ?????. ??????? ????? ??? ???? ????? ??????? ???????? ???? ?????, ????? ?? ???? ??????? ???? ???? ????."
??? ???????? ??? ????,"????? ??? ??????? ?????? ?????, ????? ?????? ????? ??? ????? ???????","????? ??? ???????? ???????? ?????? ?????? ??? ? 13 ??? . ???? ??????? ???? ????? ??? ?? ????? ?????? ????? ??? ???????? ?????? ????? ?????? ???????? ???? ????? ????? ????. ?????? ?????? ????? ???? ?????? ????? ??? ???????? ????????, ???? ???????? ??????, ????? ????? ?????? ?????? ??? ??????? ?????? ???????, ??????? ??? ???? ???????? ???????? ??????? ????? ?? ????? ??????? ?????? ?????? ????? ?????? 1279."
????? ???,"??? ????? ?????? ??? ?????? ???? ????? ??""?","????? ???? ???? ?????? ??????? ??? ??????, ?????? ??????? ?????? ?????? ?????? ????? ?? ???????? ? ??????? ???? ??????? ??????. ?????? ?????? ??? ????? ??? ??? ?????? ???? ?????? ???-?????. ??? ??????? ???????????? ??? ???? ????? ????????-?????? ?????? ?????""? ??? ???? ????? ?? ????????? ?????? ???????. ??? 2007 ????? ???? ???? ????? ??????, ????? 2013 ??? ??????? ?????? ?????? ??? ???? ???? ??? ????? ?????? ?? ???? ??????."
??? ???,????? ??????? ?????,"??? ???? ???? ????? PhD ????? ?????? ????????? ??????? ??????, ????? ???????, ???? ?????? ????? ?? ??? ??? ?????? ??????? ????????? ??????? ??????. ?? ??????? ????? ?????? ??? ????? ?????? ?????? ??????? ??? ??????, ????? ????? ?? ?????? ?????? ?????????, ????? ?????? ??????? ???????? ???????-??????? ?? ????? ??????? ????? ?? ????????? ???????. ?? ??? ??? ????? ????? ?????????? ??? ??? ?????? ??????? ???????? ????. ???? ?? ????? ??? ?? ??????? ???????? ??????? ?????? ??????? ??? ?????? ??????? ??????? ?????, ??? ?????? ?????? ??????? ??????? ??? ??. ?????? ?? ???? ?????? ??????? ??????? ???????? ???????? ?????? ?????? ????? ???????? ??????? ????? ?????."
???? ???,???? ????? ?????? ???? ????? ?????? ??????,"???? ??? ???? ????? ?????? ???? ????? ?????? ??????. ?????? ??????, ??? ????? ?? ????? ?????? ?????????? ?? ??????? ?????? ???? ???? ?????? ??????? ?-15 ?????? ?????? ????. ?????, ??? ???? ??????? ?????? ?? ?????????? ??-???? ?????? ?? ???? ??????? ??????? ?????? ??????? ?? ???? ???????. ??????? ?????, ????? ?????? ?????????????? ?????? ????? ?????? ???""? ?????, ??? ????? ?? ????? ????? ????? ???????? ?????? ????? ?????? ????????, ?? ????? ????? ????? ?????????? ???????, ??? ????? ?????? ?? ??????? ????? ??????? ???? ??????. ????? 2012-2008 ??? ???? ?? ?????? ?????? ???????? ?????? ?????????????? ?????? ????""? ??????? ?????? ??? ????? ?? ????? ????? ??????? ?????? ?????? ???????? ?? ??????????????? ??????? ???????, ?? ????? ????? ?????, ?? ????? ??? ????? ?????. ?????? ?????? ??????? ??? ???? ?? ????? ??????? ?? ????? ??????? ???????? ??? ???? ???????. ??? ?? ??? ??? ????? ????? ?????? ??????? ???????? ??????, ????? ???????? ????? ?????? ?????? ????? ?????? ???""? ???? ?????? ?????? ?????. ????, ???? ???? ?? ?????? ???? ?????? ?????? ??????? ???? ???? ?? ?????? ???? ?????? ??????? ??????? ??????? ???????? ??????."
????? ????,"???? ?????? ?????, ????? ???? ???? ????????, ??""?","???? ??????? ??? ??? ?.?.  ???? ?????? ???????????  ???????????? ????? 
2011-2013 ???? ???? ???? ?????? ??? ?? 
2013-2015 ???? ???? ???? ???? ???????? ?????.
2015 ????? ???? ??????? ??? ????? ?????? ??? ?? ????? ???? ??????? ???? ??????? ??? ??? ???? ????? ,??? ????? ???? ,??? ???? ???""? ???? ??????.  ???? ????? ????? ????? ?? ??? ?? ????? ???? ???? ????????"
????? ??????,"????? ???? ?????? ??""? ?????? ????? ?????","????? ??? ????? ???? ?????? ??""? ?????? ????? ?????. ???? ????? ?????? ??????, ?????? ??????? ?? ?????? ?????? ?????? ?-17 ????, ????? ??????? ?????? ????? ???""? ????? ?????: ???? ????????? ????? ??????? ?????? ??????, ?????, ?????, ???? ?????? ?? ????? ??? ??????????, ???? ????? ?????? ???? ????? ??????? ??????? ?????? ?????? ?????? ?????? ?????? ?? ?? ??????? ?????????? ?? ?????. ?????? ???? ?-120 ??????? ??????? ?? ???? ??????, ???????, ????? ??????. ???? ????? ??????? ?? ????? ??? ??????? ?????, ?????? ??????? ?????????? ??????? ??????? ??? ??????. ????? ?????? ?? ???? ?????? ??? ??????? ???""? ?? ?????????? ?????? ??? ?????? ?????????? ????? ????? ????? ?????."
???? ???? ????,"????? ?????? ?????? ??????? ????????? ?????? ????, ???? ???????","???? ???? ????? ???????? ?????? ?????? ???? ??????????????, ??????, ?????. ???? ??""??? ????? ??????? ???? ????? ???????. ???? ????? ?? ?????? ???""? ????? ??????? ???? ??? ????? 2018-2024. ????? ???, ???? ???? ??????????? ????? ????? ?????? ???? ???????, ??????? ?????? ?????. ???? ??????? ?????. ???? ??? ????? ???? ???""? ?????? ?????? ???????? ???""? ??????, ????? 2013-2018. ???? ?? ???? ???? ?????? ?????? ???? ???""?, ?????? ??????? ???? ??? ???? ?????? ????? ???? ???? ??""??? ????? ???????? ?? ????. ?? ??? ??? ????? 2006-2013. ???? ??? ???? ???? ???""? ?????? ""?????"" ?????? ?????? ?????? ???? ???? ??????. ???? ???? ???? ??? ???""? ??? ???? ??? ????? ?????, ????? ?????? ?????? ???? ?????????? ?? ????"
??? ????,"????? ????? ????????? ??????, ????? ?????? ??? ????","???? ??? ????? ??""? ??.?. ??? ????. ?????? ?????? ??? ????? ?? ????? ?????? ??????? ????? ????? ?????? ?????? ???? ?????. ????- ????? ?????? ????? ??????, ?????- ??????? ?????????? ??????? ?????????. ?????? ????? ???? ?-8 ???? ?????? ??????????? ??????? ?? ????? ????????? ???????. ???? ?????? ?? ???? ?? ?????? ??????? ????? ????? ????? ???""? ????? ????????, ???""?. ?? ???? ??? ?????? ??????? ??????? ?????? ???????? ??????? ???????. ???? ???????, ???? ?7.10, ????? ???? ???? ?????? ?????? ?""?????"" ?????? ??????? ????? ?????? ?????? ????? ???? ??????."
???? ????????,??? ?????? ??????? ????? ?????,"???? ??? ??? ?????? ??????? ????? ????? ??? ???? 2019. ?? ?????? ????? ??? ??? ????? ?????? ?????? ????. ??? ??? ???? ????? ????? ?????? ?????? ??? ??????? ???????????? ??????, ?? ??? ??? ??""? ????? ?????????, ????? ??? ??????????? ?? ???? ???????? ???????. ????? ??? ???? ?????? ????? ?? ???? ??????? ??????? ???????, ???? ?????, ???? ???? ?? ????? ???????? ?? ????? ?????????, ?????? ???????, ????? ?????? ??? ????? ????? ?? ?????? (?????, ??????, ????).."
????? ???????,??? ???? ??? ???,"????? ??? ??? ???? ??? ???. ??????? ????? ??? ???? ??? ????? ???? ??????? ???????. ???? ?? ???? ???? ??? ???? ??? ???, ????? ??????? ??????? ????? ?? ????? ??????, ?????? ???????? ????. ?????, ??? ???? ???""? ?????????? ????""??? ???? ???? ??? ????? ????? ????? ?????? ?????? ???? ????. ???? ??? ??? ????? ???????? ?? ?""? ??? ????, ???? ?? ????? ?????? ????? ????? ??????? ??? ??? ???? ???? ???? ???? ?????. ??? ?? ????? ??? ??????? ?????? ?????, ??? ????? ???? ?? ?????? ????? ????? ????? ???? ???? ???."
????? ???????,"??? ??? ????? ??????? ???????, ???? ???????","???? ?""? ????? ??????? ??? ???? ???? ??? ????? ?????? ?????? ???????. ????? 2021-2011 ???? ??????? ????? ????? ?????? ??????. ????? ???? ?? ?????? ??????? ?????? ???? ??? ???, ???? ???? ?? ?????? ???????? ????, ????? ??? ????? ????? ????? ?????? ????? ???? ??????? ?? ????? ???????? ???? ??????. ????? 2020-2017 ????? ?????? ????????? ????? ?????? ??? ????? ?? ?????? ????????? ????? ?????? ???????? ?????? ???????? ?????? ?????. ???? 2020 ?? ????? ?????? ??? ??? ????? ????? ?????? ??????. ?? ????? ???? ?????? ??????? ?????? ??? ?????? ?? ??????? ????? ????? ????? ??????? ?????? ????? ?????? ???? ?????. ???? ??? ???? ????? ?????? ?????? ????? ????. ????? ?????? ?????? ?????, ????? ?????? ????? ?????? ????? ?????? ????? ?????? ??????. ?? ??????? ???? ??????? ?????? ?????, ?????? ??? ???? ??????, ??? ?????? ???? ?????? ???? ????? ????? ???? ??? ?? ????? ?? ?????'."
???? ???????,"??? ???? ????? ???????????, ???? ?????? ??????","???? ??? ????? ????? ???? ???? ?????-??????????? ????""? ???? ???? 2019. ??????? ?????, ???? ?????? ????? ?????? ??????? ""?????? ????????"" ???? ?????? - ???? ??????? ??????? ???? ????? , ????? ?""??????? ?????? ????"" ??????? ????? ????. ?????? ?????? ?????? ??? ????? ?? ?????? ??????? ?????? ?????? ?????? ?????? ?? ????? ????? ????? ?????? ???????? ??????? ???????. ???? ????? ???? ????? ?????? ??????? ???????, ????? ???? ?? ?????? ?????? ?????? ???? ????? ??????? ??? ??????? ??????? ????? ?????? ????? ????????. ?????? ??????? ??????? ??? ????? ??????? ?????? ?????? ????? ?????."
?????? ??????,Partner at Qumra Capital,"?????? ??? ????? ???? ???? ????? ???????? ?? ?????. ???? ??? ???? ???? ???? ?????? ????? ?????? ?-Uber ??????? ?????? ?? ??? ????? ?? ????? ????? ??????? ?????? ??? ?????? ??????. ???? ??? ???? ????? ?????? ???????? ????? ?????? ????????? ???? ??????? ??? ????? ???? ?????? ?????? ????????, ??????????, ???? ?????? ??????. ???? ??? ???? ???? ?????? ????? ??? ???? ???????? ??????? ????? ????? ?? ??? ?????? ?????? ?????. ??? 20 ??? ???? ???? ????? ?????? ???? ?? ??????? ????? ?????? ???""? ????? ??????. ?????, ??? ???? ????? ????? ?? ??????? ??????? ??????? ??????? ?? ????? ?????? ?? ???????? ???""? ?????? ??????."
???? ?????,"????""??? ??? ????? ?????? ??????","???? ??? ????""??? ??? ????? ????? ??????, ?????? ?????? ?????? ?? ??????? ??????, ?????? ??? ???? ?? ????? ????? ????, ????? ???????? ???? ????? ?????????? ???????? ??????, ????? ??????? ?????? ?????? ?? ????? ???????? ?????????, ?????? ?????? ?????? ?????? ?? ????? ???? 20. ?? ?? ?????? ???? ?????, ?????? ??????? ?? ??????? ??????? ??????? ??????? ????????????, ???? ????? ?????? ?????? ?????? ????????? ?????? ????????? ?????? ??????? ????? ???????. ????? ?????? ????????? ???? ??????? ????? ?????? ????? ?????? ?? ?????? ?????????? ???????? ???????. ???? ???? ?? ???? ???? ????? ????? ?????? ??????? ????? ????? ????? ????? ???? ?????? ?? ???????, ?? ????? ?? ????? ??????? ?????? ????? ????? ??????? ??????? ????."
??? ?????,???? ??? ????? ??????? ????? ????,"?? ???? ???????? ????? ??? ???""? ????? ?????? ?????? ?? ?????? ?????????? ????? ?????. ??? ????? ????? ?????? ???? ???? ?????? ???? ???? ????? ?????? ?????? ????? ????? ?????????. ???? 2013 ??? ??? ???? ??? ?????? ???????? ????? ????."
???? ??? ?????,????? ??? ???? ??????? ??????? ????? ???????,"???? ??? ??? ???? ???? ????? ????? ??? ????? ????? ???????. ???? ?? ????? ???????? ????? ????? ?????? ??????? ????? ???????? ?????? ????? - ??? ?????? ???? ??????? ???? ???? ?????? ?????? ??? ????? ??? ?????? ?? ???????. ?????? ?????? ?????? ?? ????? ???? ??????? ??????? ????? ????? ??????? ????? ????? ????? ??? ????? ???? ??????? ????, ?????? ?? ???? ????? ???????? ???????? ?????? ???? ?? ??? ???????? ????, ?????? ????? ????? ?????? ???????? ?????? ??? ????? ???????? ????? ???????. ??? ?? ?????? ???? ?? ???? ???????? ????? ??????? ?????? ?? ??? ?????? ??? ???? ??????? ???? ???? ??????? ?????????."
???? ????,"???? ???? ?????, ??? ???? ???","???? ??? ???? ???? ?? ????? ??????? ?? ??? ???? ???. ??????? ????? ??? ???? ????? ???? ?? ???? ??????. ???? ?? ???? ?????""? ????? ????????? ??????? ???, ???? ?? ?????? ???????? ????? ??? ???? ????? ????? ??????? ????????? ????? ?? ???? ??????? ??????? ????? ????. ????? 2012-2008 ???? ???? ???? ????? ????? ??? ???? ???? ?????? ??????? ????? ????? ?????? ???????? ??????."
???? ?????,"???""? ???? ?? ?????? ?????","??? 2006 ???? ??? ???""? ????? ???? ?? - ???? ????? ???? ?????? ???? ????, ????? ???? ?????? ???? ????? ????? ????? ???? ???? ??? ???. ??????, ??? ???? ?? ????? ????? ?????? ?? ???? ?????? ?????? ?????? ????? ????? ???? ????? ????? ???????? ???? ??? 7,000 ????? ?????? ?????? ????? ????? ????? ???? ?????? ?? ??? ????? ????? ????????."
????? ???,"???""??? ???? ?????? ?????? ????????","???? 2010 ????? ????? ?? ???? ?????? ?????? ???????? ?????? ?????? ???????? ??????? ??????. ?????? ?????? ??? ?????? ?? ????? ????? ?? ???? ??????? ??????, ?? ????? ???????? ?? ?????, ????? ????? ???????? ?????, ??? ????? ?????? ?????? ?? ????. ????? 2010-1999  ????? ????? ?????? ??????? ?????? ?????? ??????? ??????? ?????? ????? ???????? ?????? ????? ????? ??? ????? ????? ?????."
???? ????,"???""??? ?????? ??????? ???-?'?","???? ??? ???""??? ?????? ??????? ???-?'?. ???? 1989 ??? ???? ?? ?????? ?????? ?????? ????? ???? ??? ?????? ????? 2004 ????? ??????? ?????? ??????? ??? ??? - ????? ??????? ??????? ?????? ??. ????? 2003-1999 ???? ??????? ???? ??? ?????, ????? ?? ?????? ?????? ????. ?????? ??????? ??????? ??? ????? ?? ???? ????? ??? ????? ??????, ????? ?????? ????? ?? ?????? ??????? ?""? (??? ????). ??? ??? 2013 ???? ??? ???? ????? ?????? ????""??? ??????? ????????, ????? ??? ????? ???""? ???? ???? ??? ??????."
???? ???,????? ?????? ???? ?????,"???? ??? ????? ?????? ???? ?????. ????? ???????, ???? ?????? ??????. ???? ????? ????? ??????? ???. Co-founder ?? ????."
????? ???-???,"???""??? ??? ??? Voice of the People","????? ??? ???""??? ???? ?????, ??? ???, Voice of the People ????? ????? ????????? ?? ??? ?????? ?????? ?????? ??????? ??????? ??????? ?? ??? ?????? ????? ??????? ???? ??????? ????? ?????. ???? ????? ???? ????? ????? ????? ????""??? ??????? ????? ??????? ??? ???? ???????? ?????? ?????? ???????. ????? 2021-2019 ??? ????? ?????""??? ????? ???? ??????? ????????? ????? IBC, ?? ????? ?? ?????? ?????? ?? ???? ??????? (????? ???????). ????? 2019-2017 ??? ???? ????? ?????""??? ?????, ????? ?????? ?????? ??????? ?????? ?????? ?? ????? ??? ?????? ?? ????, ?? ?????? ????? ?? ?? ???? ???? ?????? ????. ????? 2010 ??? ????? ?????? ????? ???? ?????? ????? ????? ?????? ??""? ??????? ?????? ????? ??????? ???""? ???? ????""? ??????? ?? ??????? ?????? ????, ?????? ?????? ?????? ???????? ??? ????? ???? (?????, ????? ???? ????) ????? ????? ???? ???? ?????? ??????? ??????? ??????? ????? 2009-2004 ????? ????? ???????? ????? ?????? ???? ?? ???? ??????? ???? ????, ???""?. ????? ???? ????? ??? ???? ?????? ??? ????? ????, ?????????, ????, ????, ??????? ????' ??????? ?????, ?????? ?????????? ????????????? ????? ?????? ???? ?? ????? ??????? ??????? ???????? ????-???? ?????. ????? 2001-1998 ??? ???? ????? ??? ?????? ?????? ???????-????????."
???? ????? ????,?????? ?????? ?????,"???? ??? ?????? ?????? ?????. ???? ???, ???? 15 ???, ????? ????? ????? ?????? ?????? ?????????? ????? ??????? ??????? ??? ????? ????? ?? ?????? ????? ???????, ????? ?????? ????? ??????? ?? ??????? ?????????? ?????????. ?????? ?????? ?????? ??? ?????? ?? ????? ????, ?????? ??????? ?????? ?????? ????? ?????? ?????. ????? ?????? ????? ???, ?? ??????? ????? ???? ????? ???? ?? ???? ?????? ??????? ???????? ??????? ??????? ????? ???? ??????? ??????? ??????? ???????."
????? ???,???? ??? ????? ??????? ????,"????? ???? ?? ??? ?????? ??????? ????. ???? ??? ??? ???? ???? ???? ???? ?? ????? ?????? ????? ????, ????? ?? ???? ???? ??? ???? ?? ????? ?????? ?' ????? ????? ???? ???? ???? ????? ??????? ?? ???? ???? - ?????? ??? ????? ????? ??????? ?? ??? ??""?. ?? ??????? ?????? ??? ????? ???? 2000 ?????? ????? ??? ???? ?????? ???? ???? ??? ???? ?? ????? ??????? ?????? ???? ?????? - ????? APPLE ??????. ???? ??? ????? ??? ?????? ?????? ????? ?? ??? ??? ??? ????? ?? ????? ????? ??? ????? ??????."
???? ???,????? - ?????? ????? ?????; ????? ?????? ????? ????? ????? ??????? ????; ??? ?????? ?????????? ????; ???? ?????? ?????? ???????,"???? ??? ???? ???? ????? ????? ?????? ?????? ?????? ????? ??????? ???? ???? ?????? ?????????? ?????. ?? ???? 2022 ??? ??? ????? ??????, ?? ???? ??? ???? ?? ????? ?? ???? ??? ?????? ?????? ????? ???????. . ???? 2012 ??? ????? ????? ????? ???? ???? ????? ?????, ?????? ????? ??? ?????? ?????? ???????. ?????? ??????? ???? ?? ??????? ?????? ?? ???? ????? – ?????? ?????? ??????, ?????? ???? ??????? ???????? ????????. ???""? ???”? ???? ????? ??? ????? ???, ???? ???? ???? ??? ??? ??????? ??????? ???????? ?????? ???""? ???????. ?? ????? ??? ???? ???? ???? ???? ??? ?????? ?????? ?????? ????? ???? ?????? ????? ??????""? (???? ?????? ?? ???? ?????? ?????? ??????. ??????? ?????? ????? ????? ??? ???? ?????""? ???? ?????? ???? ????? ????? ??? ???? ????? ??? ????? ??????? ????????. ???? ??? ???? ?????? ??????? ????? ??????? ??????? ?????? ??????? ????? ?????? ??????? ???????."
??? ????,"????""??? ????? ???? ??????-?? Eleven Therapeutics","??? ??? ????""??? ????? ???? ??????-?? Eleven Therapeutics - ???? ????? ?????? ?????? ?????? ??????? RNA. ???? ?? ??? ????? ????""??? ????? ?????? ????? ??????? ??????????, ????? ?? ????? ?????. ??? ?? ??? ????? ?????? ????""? ?????? ???????, ????????? ?????? ????? ?????? ????? ???? ????????? ????? ?????????? ??????? ???? ????? ????? ????""? ??????? ?? ???????? ??? ?????? ??""? ????? ????. ?? ?????? ????? ????? ??? ?????? ?????? ?????? ??????? F16."
???? ???????,"???""??? ???? ??? ????? ????????","????? ???????? ???? ????? ????""??? ???? ??? ????? ????????. ???? ????? ???""??? ??? ????? ??????? ?? ????? ??? ????? ??????. ??? ????? ?? ????? ?????? ???? ?????? ?????? ????""????. ?? ?????? ???????? ?????? ???? ????? ??? ?????? ??? ?????? ?? ???? ???? ?""? ?????? ????? ???? ???????? ??????? ?????? ???????."
????? ??????,???? ?????? ?? OpenValley,"?????? 2016 ???? ????? ?? ????? ???? ????? ?? ??? ????? ?????? ???????? OpenValley. ???? ??? ????? ??? ?????? ???????-???? ????? ????? ?????, ????? ????? ???? ?-130 ????? ???? ?????? ?????? ?????. ?????? ?????? ?? ???? ????? ?????? ??? ??????-???? ???????, ??????? ?????????? ????????. ??? ?? ????? ????? ???? ?????? ?????? ?????? ??????? ???, ????? ??????. ?????? ??????? ???? ??????? ??????? ??????? ????? ???? ?? ????????? ????? ??? ????? ???? ?????????. ?????, ???? ????? ??? OpenValley ??????? ????? ???? ???? ??? ??????? ?????? ????????, ??????? ???????? ?????? ??????? ???????? ?????? ??????? ???????? ????? ???? ????? ???????, ???????, ?????? ???????? ?????????, ??????, ????????????, ??? ??? ?????? ?????? ????. ???? ??? ???? ????? ??????? ?????? ???????? ?????????? ?????? ??? ?????? ????? ??????, ???? ???? ????? ?????-?? ????? ????? ????? ?????."
??? ?????,"????? ????""? ????? ?????? ?????? ??????","????? ???? ?????? ???? ?? ?????? ?????? ?????? ?? ?????? ????????? ??????? ???????? ????? ???? ????? ???????, ??????, ?????????? ??????."
????? ?????,?'? ???? ????? ?????,"????? ??? ???? ??????? ????. ????? ???? ???? ??? ??????? ??? ???, ?????? ????? ????? ????? ?????? ???? ???????? ?????? . ???? ?? ???? ????? ?????? ??? ???, ?????? ?????? ????? ?????. ???? ?? ??? ??????? ????? ?????? ???????? ?????""?, ???? ?????""? ????? ?????? ????? ?????, ????""? ?????? ?? ???? ?????? ?????? ????, ????? ???? ????? ????? ????? ????? ?? ???? ??????? ???? ?????? ?????? ?????? ?????? ???? ???????."
???? ?????,"???""? ????? ?????","???? ??? ???""? ????? ????? ????????, ????? ???? ""????????"". ??? ?? ??? ??? ????? ????? ?? ????? ?? ????? ?????? ?????? ?????? ??? ????????' ???????. ???? ??? ?????? ???? ??? ????? ????""? ???? 14 ????."
???? ?????,"????? ????? ??? ???? ???""?","???? ??? ????? ????? ??? ???? ???""?. ??????? ????? ????? ???????? ???????, ???. ????? ??? ???? ???? ?????? ????? ?????? ???????. ???? ????? ?????? ?? ???? ????? ??????? ??? ?????? ??????? ????? ????, ???? ????? ???? ???? ????? ?????? ????? ????? ??????. ????? ?? ?????? ???? ????? ????? ?????? ?????, ????? ?? ?????? ?????? ???????? ????? ?????? ???? ????, ????? ?? ???? ????? ??????? ???? ????. ?????? ????? ???????? ????? ????????? ??????? ????. ????????? ???? ????, ?????? ????? ???????? ????? ????."
??? ????,"????""? ???????? ?????? ???? ????? ??????? ??????","??? ??? ????? ???????? ?????? ??? ????? ??????? ??????. ??????? ????? ??? ???? ??? ????? ?????? ????? ????????. ???? ?? ???? ????? ??? ???? ????? ?????? ???? ????? ????????. ??? ??? ??? ?????? ??????? ???? ???????? ????? ?????, ????? ?? ??? ????? ??????. ?????? ??????? ????? ????? ??? ???? ?????? ????? ?????? ???? ????? ????????? ???? ?????? ???? - ????? ?????? ???? ????? ????? ?????? ????? ????????. ??????, ???? ????? ????? ????? ????????? ??????????? ?????? ???????? ?????? ????? ??????? ?? ?????? ???? ????? ?? ?? ????.
?? ????? ????, ???? ????? ??? ??? ???? ????."
???? ??????,??? ???? ????? ?????? ??????,"?""? ???? ?????? ??? ??? ???? ????? ?????? ??????. ???? ?? ???? ????? ????? ????? ?????? ?? ????? ??? ?????? ?? ?????? ?????? ?????, ??????? ???? ????? ???? ????? ??????? ???? ???. ????? ???????? ??? ???? ?? ????? ??? ?????? ??????? ??????? ?????? ??????, ???? ?????? ???????, ???? ?????? ?????? ?????? ?????? ?????? ????? ?????, ????? ?????? ????? ???? ????? ???????? ??? ????????. ???? ????? ?????? ???? ???? ?""? ???-????? ???????? ??????? ????? ????? ???? ??????? ???? ?????? ?????. ???? ??? ??????? ?????? ??? ???? ??? ???? ???? ??? ???? ???? ?????????? ?? ?????????? ?? ???? ????? ?? ????? ???? ???????? ??? ????????. ?????? ??????? ??? ???? ????? ??? ???????? ????? ?? ??????? ?????? ?????. ???? ???? ???? ???? ??? ???? ?? ?????? ???? ???????? ?? ????? ?????? ?' ????? ?? ???? ????? ???????. ?????? ??????: ???? ????? ??????????? ?? ??????. ?? ??????? ???? ????? ??????? ???? ?? ???? ?""? ???? ?? ?????? ?????? ?????. ?? ?????' ?????? ???? ????? ?????? ?""? ???? ???????."
????? ?? ???,"???""? ????? ????? ??""?","??? ??? 2009 ???? ????? ?????? ?????""? ????? ????? - ??????? ??????? ????????? ???? ?? ???? ???????? ?????? ?????? ??????? ??? ?????? ????? ??? ??????? ??????? ??????. ???? ??? ??? ???? ???? ?????""? ????? ??? ????? - ????? ?? ????? ???? ?????? ?????? ?????? ???? ????? ?????? ??????? ??. ?? ??????? ??????? ??? ?????? ???? - ?????? ?????? ?????? ??????. ????? ???? ????? ???? ?????? ?????."
???? ???,????? ??. ??? - ?????? ???????? ?? ??????? ??????? ?? ??? ????,"???? ??? ????? ??. ??? - ???? ??????? ?????? ??????? ??????? ??? ????. ???? ?? ????? ???""??? ????? ????? ???, ??????? ?????? ?????? ??????? ????? ???? ??????? ?????? ????? ???????? ?????? ????? ??????. ???? ??????, ????? ?????? ?????? ?????? ????? ????, ????? ???????? ????? ???? ????? ????? ??????? ?????? ????, ?????, ????? ??? ???????? ?????. ???? ????? ??????? ????? ???????? ??????? ???? ??????????: ????? Babylon, ??????? Kids World ?????? ???? ???? ??????????? ??????, ???? – ?????? ???, ?????? C.D.I Systems (??? ????? ?????? ???? ?????????). ??? ?? ???? ???? ?????? ????? ?????? ?????????? ???????? ?????, ?????? ?????? ?????."
????? ???,"????""? ??? ??? (????? ?????)","????? ???? ??? ??? 2014 ?????""? ??? ""???"" (?????? ?????), ?????? ????? ?????? ?????? ?????? ?????? ????? ??? ???? ???? ???????. ?? ?????? ???? ??? ???? ????? ??? ???? 2004, ???? ???? ????? ????? ?????""? ???????. ?????? ??????, ????? ????? ????? ?????? ????????? ?????? ????, ??? ????? ?? ?????? ?????? ??? ????? ??????.

?????, ????? ???? ???? ????? ?????? ????? ??""? ??????, ???? ????? ???? ????? ?????? – ?? ???? ?? ??? 2013 ????""?. ?????? ?????? ?? ???? ?? ?????? ???""? ?????? ??? ???? ???? ???????, ???? ????? ??????? ??????? ????? ???? ?????, ?????? ?????? ???? ?? ?????? ???? ????? ??????.

???? ???? ?????""? ??? ?????? ""??? ????"" ??????, ????? ?? ???? ????""? ?????? ""??? ????"" ??? ????""? ??? ?????? ""??????"" ????????."
??? ?????,??? ?????? ??????? ??? ????,"??? ??? ??? ?????? ??????? ??? ???? ???? 2017. ??? ????? ?? ?????? ?????? ????? ????? ?? ????? ?? ????""?, ????? ??? ????? ??????, ????? ???? ??? ?????????, ????? ???????? ???""? ????. ?????? ?????? ???? ?????? ??? ???? ????? ???? ?????? ?? ??? ?????, ???? ?????? ?? ???? ???? ????? ??? ???? ?????? ????? ?????."
????? ??????,??? ????? ???????? ????? ??????? ???? ???????,"????? ??? ??? ????? ????? ???? ????? ????? ?????? ??????. ???? ?? ???? ???? ????? ??????? ??????? ???????? ????? ???????. ???? ??? ???? ???? ???? ????? ????? ????? ?????? ?????????. ????? ???? ???? ???? ??????? ?????? ??????? ?????? ????? ??? ?????? ????? ???? ??? ??????. ???? ???, ???? ????? ?????? ???? ???? ????? ????? ??? ???? ????????. ????? ???? ???? ??? ????? ?????? ?????????? ??? ?????? ?????? ????????? ????, ???? ????? ??? ??? ???????, ????. ??????, ????? ????? ?????? ???? - ????? ??????? ????? ??????, ??? ???? ?? ???? ??? ????. ?? ?????? ????? ???? ????? ?????? ???? ?????? ??????, ???? ????? ?????? ????? ??????? ????? ???. ??? ?? ???? ????? ?? ?????? ?????? ??“? ?????? ?????? ?????“? – '???? ?????'."
????? ????,??? ????? ??????? ??? ??? ????? ???,"????? ???? ???? ????? ??????? ??? ??? ????? ??? ?????? ??????.
???? ??, ????? ???? ????""? ????? ????? ?????? – ?????? ????? ????? ????? ???????? ??????? ??? ?????? ????????? ?????? ??-??? ?????? ??????? ?????? ????? ???? ???????? ??????? ???????????. ???? ??? ??? ???? ?????? ?????""? ?????. ????? ??? ???? ????? ???? ?????? ??????, ??? ????? ?????? ??????? ?????? ???????: ???? ???, ??? ????? ?????, ???? ???? ??? ???? ?????? ????? ?? ?????? ????? ??? ????? ?????? ?????? ??????? ?? ??????. ???? ???? ????? ????? ?????, ????? ???? ???????? ???? ??? ????? ????? ?????  ????? ???? ????."
????? ????,"???? ????""? ??????. ???""? ?????? ????? ?????","????? ???? ????? ????""? ?????? ????? ?? ?????? ?????? ????????. ??????? ?????? ??? ??? ?????? ??????? ???? ????? ???? ????? ?? ????? ??????? ????? ?????. ???? ???? ???? ??? ??? ?????? ????????? ?? ???? – ????? ???????? ??? ????? ?? ??????? ?????? ?? ?????? ??? ????? ??? ??? ??????, ????? ????? ???? ???? ????? ????? ???? ???? ?????? ???????? ?? ????. ???? ??? ??? ??? ????? ???? ?????? ????? ??????? ?????????? ????? ???? ????? ?????, ?????? ?????? ?????? ????? ??? ????."
???? ??????,?????? ??????? ??????? ??????,"???? ??? ???""??? ??????? ??????? ??????. ???? ?? ????? ????""???? ????? ???? ???????? ??? ?????. ?????? ?????? ????? ?????? ?????? ??? ?????, ??????? ????? ?????? ?????????, ?????? ??????? ?????? ????? ????? ??????? ?????. ???? ??? ????? ???? ??? ???? ??????? ??? ??????? ????????. ?????? ?????? ?? ??? ????? ?? ????? ???, ?????? ????? ????? ????""??? ?????? ??????? ???? ???? ??????? ???? ?????. ??? ????? ?????? ?????? ??????? ????? ?? ?????? ????? ????? ?????? ?? ??? ?????. ???? ???? ???? ???? ??? ?? ???????? ??????????, ?????? ????? ?? ?????."
??? ????,???? ????? ?????? ????? ?????? ??? ??????,"???? ??? 2013 ??? ???? ?????? ?????? ??? ??????, ????? ????? ??? ????? ?????? ????? ????? ???????. ?????? ?????? ??? ????? ?? ??? ??????? ??????? ??????, ??? ?????, ???, ????, ????, ??????, ????, ????? ?????, ????? ??????? ????. ???? ??? ???? ?????? ??????? ?????? ?????? ?? ???? ??????. ??????? ?????? ??? ???? ??? ????? ?????? ????? ???? ???? ??????."
???? ??????,"????? ??.?.?.?  ???? ( ??? ?????? ???? ??????, ??? ???? ?????? ?????? ???? ???? ????)","???? ???? ?????? ????? ????? ??????  EMMS Nazareth  ?????? ????? ?? ??? ?????? ???? (??????), ??? ???? ?????? ?????? ????, ???? ??????? ??? ??? ???? ??????? ??????? ??? Serve Nazareth. ???? ????? ?????? ???? ???? ???? 2011 ????? ????? ????? 2017 ??? ????? ????? ?? ??????? ?????? ???????? 2024 ???? ?? ?????? ??????. ????? ????? ???? ????? ???? ???? ????? ???????? ???????? ?????????? ?? ?????? ??????? ?????. ???? ?? ??? ?????? ????? ?????? BDO ??? ???? ?????? ????? ??? ?? ????? ???????? ???????, ??????? ????????, ??????? ??????????? - ?? ?????? ?????????, ?? ?????? ?????? ??? ?????? ?????. ??? ??? ?????? ???? ?????? ????? ?? ???????? ?? ?????? ???????? ????, ???? ?????? ??????? ????????. ??? ???? ?????????? ?? ???? ????????? ?????? ???? ???? ??? ????? ????? ??????? ???????. ???? ??? ?????? ???? ????? ???? ????????? ???????? ???? ???? ????? ????? ?? ?????????? ???????. ???? ???? ?????? ??????? ??????? ?? ??? ????."
???? ????,????? ????? ?????? ????? ?????? ?????,"???? ??? ????? ????? ?????? ????? ?????? ?????. ???? ?? ????? ?? ???? ?????? ????? ?????? ?????, ??????? ????? ?? ?????? ?? ?????? ?????? ?????-??????? ?????-???????, ?? ??????? ?????? ?????????, ?? ????? ?????? ??? ?????? ?????? ????????? ????? ??????. ??? ?? ????? ?????? ?????? ???? ???? ????????? ?? ???? ??????? ??????? ????? ????? ?????? ??????? ?????."
???? ????,"????????? ???""?, ????? ???? ??????? ??????? - ??? ?????, ??""?/????.","???? ???? ?????????? ???""?, ????? ???? ??????? ??????? ???? ????? ???""?/???? ???????? ?????? ???????? ???????. ??????? ????? ??? ???""? ???? ????? ?? ???? (""??? ???????"" ?????), ????? ????????? ?????? ?????????, ????? ? 300 ???? ?? ????? ???, ?????? ?????, ????? ???, ???? ????, ??? ??????? ??????? ??????. ???? ???, ???? ???? ???? ???? ????? ??????? ??????? ?????? ?? ??? ??????, ??? ????? ??????, ??? ?????? ????? ???????? ????? ???. ???? ?? ???? ????""? ???? ????? ?????, ???? ????????? ??????, ?????? ??????? ?????? ???????, ???""? ???? ??????, ??""? ??? ??????? ????? ????? ???? ??????? ????????? ????? ?????? ??????, ???????. ??? ??? ???? ?????? ?????, ????? ?????? ????? ?????? ???. ??? ???? ?? ???? ??????? ??????? ??????????? ?? ???? ? - MBA ???????????? ?????? ????????. ???? ????? ???? ????????, ???? ???? ????? ????? ?????, ???? ???? ????? ?????, ???? ????? ????? ???? ????? ????? ????? ??????? ????? ?????? ?????. ???? ???? +3 ??????? ??? ????."
??? ??????,????? ??? ???? ??????? ?????? ??????? ?????? ???? ?????? ???????? ??????,"??? ??? ????? ??? ???? ??????? ?????? ??????? ?????? ???? ?????? ???????? ??????. ????? ????? ???? ?? ??????? ?????? ????????, ????? ???? ????? ?????????? ???? ????. ????? ?????? ????? ?????? ??? ????? ??????. ??? ???? ????? ?????? ??????? ?? ????? ??? ???, ?????? ??????? ????????? ?? ???? ??????? ???? ?????? ??????."
????? ????,???? ???? ????? ????? ??????? ??? ???,"????? ??? ???? ???? ????? ?????? ??????? ??? ???. ???? ??? ???? ????""? ???? ????? - ????? ???????? ?????? ???? ?? ??? ???, ???? ???? ?? ?? ?????? ??? ??? ??????? ?? ?????? ????? ????? ???? - ????? ????? ?????????, ????? ???????, ???? ???? ???????, ?????? ???? ??????, ????? ?????? ?????? ??? (?????? ???? ??????) ?????? ?? ????? ???????. ???? ?? ???? ?????""? ???? ??????? - ????? ?????? ????? ?? ??? ???, ?????? ??? ???? ?? ????? ?????, ??????, ??????, ??????, ?????? (??????? ???? ?????? ???), ?????? ?????????, ?? ?-1,700 ?????? ?????? ?????? ?? ?-250 ?????? ?. ?????? ?????? ????? ?? ??? ????? ??? ?? ?????? ??????, ??????????, ??""?, ??????, ?????? ?????, ?????? ???????. ???? ???? ????? ??????? ?????? ?????? ?? ??? ?????."
????? ?????,????? ???????? ?????? ????? ????? ?????,"????? ????? ?? ????????? ??? ??? ????? ????? - ????? ????? ????? ?????? ?????? .   ???? ???? ???? ???? ?????? ????? ???? ????. ???? ?? ????? ?????? ?????? ??????? ???????? ???? ???? ?????? ?????? ?? ?????? ????????, ??????? ????????, ?????? ?? ?????? ???? ????? ??? ????? ?????? ????? ?????? ??????. ????? ????? ?? ????? ??? ??????? ?????  ?????? ???? ????? - ????? ??????? ???????? ?????? ?????? ????? ???? ????????. ??? ????? ?????? ?? ??? ????? - ????? ??????? ?????? ????????? ???????, ??? ????? ?????? ????? ?????? ?? ???? ????? ???? ?????????. ???? ????? ?? ???? ???? ??? ????? ???? ???????? ?????? ???? ????? ??????? ????? ?????? ?????."
???? ????,???? ????? ???? ?? ??????? ????? ??????? ???????? ??????,"???? ??? ???? ????? ???? ?? ??????? ????? ??????? ???????? ??????. ??????? ????? ???? ????? ??? ?' ????? ?? ??????? ????? ??????? ???????? ??????, ??????? ?????? ???? ????? ????? ?????? ??????? ???? ?????? ???? ????? ?? ????? ?????? ???????. ??? ?? ??? ???? ????? ??? ??????? ?????? ???????? ????? ??????. ???? ??? ??? ?????? ????? ??????? ?? ???? ??????, ????? ??? ??? ??? ?????. ?????, ???? ???????? ?????? ???? ???? ????? ?????? ???? ?????. ?? ??????? ???????? ??? ????? ???? ???""? ?????? ?????? ?????? ????? ???? ???? ???? ??? ???? ???? ????? ?????."
???? ?????,"???, ????? ????""? Mush Foods ?????? ???""? INNOBIZ","???? ??? ???, ????? ????""? Mush Foods. ???? ?? ??? ????""? ???? ????? ?????? ????? - ???? ????? ?????? ?????? ???????? ?????? ??????? ?????? ????? ?? ????????? ?????? ?? ??????, ??????? ????????????? ????????? ????? ?????? ????? ????????? ??? ????? ????????? ??????-????. ???? ??? ??? ??? ???? ?????? ?? ????? ????? ????????? ?????????? ?????. ??????? ????? ???? ??? ???? ????? ??????? ?????? ???????? ??? ?????? ????????? ?? ???? ??""?."
???? ?????,Strategic GTM advisor for high tech,"???? ??? ????""??? ????? ??????? ??'??????. ?????? ?????? ??? ?????? ?? ????? ???????? ?????? ????????? ??? ??????, ?????? ?????? ????-?????? ?????? ?????? ?????? ????? ???? ??????? ????? ?????. ????? ???? ?????? ???? ???? ??? ????? ????? ?????? ???? ?????? ????? ???? ???? ???, ??????? ???????? ?????? ?????? ????, ???? ???????? ?????? ?????? ?????? ???????."
????? ?????,??? ?????? ???? ???????? ????? ?????,"????? ??? ??? ??????? ???? ???????? ????? ????? ?????? ?? ????? ?????, ????? ????, ???? ??? ?????? ?????? ??????? ????? ?????. ???? ?????? ?? ??? ???? ?? ???? ??????? ???? ???? ?????? ????? ???????? ?????? ???? ???????. ?????, ???? ????? ?????? ????? ??????? ?? ????????? ?????? ??????? ?????? ????? ??????. ?? ????? ???? ???? ??? ????? ???????, ?? ????? ??? ???? ?? ????? ????? ?????? ??????, ????? ???? ???? ????? ????? ????? ???? ???? ?????. ???? ??????? ????? ????? ??? ?????? ????? ???? ?????, ????? 2015 ???? ?????? ????? ????? ???? ???? ?????? ????? ???."
??? ??????,????? ???? ???? ???? ?????? ????? ?????,
????? ?????,"????""??? ????? ?? ??? ???","????? ????? ????""???? ????? ?????? ?????? ?? ??? ???. ?????? ?????? ??? ?????? ?? ?????? ????????? ??????? ????? ?? ?????? ????? ???????? ????????????? ?????? ??????? ??????, ????? ?????? ?? ?????? ???????? ??????? ?? ???? ?????? ??? ????? ?????. ??????, ????? ?????? ?? ???? ?????? ??????? ?? ??? ??? ?????? 2019 ??? ????? ????? ??????? ??????. ???? ??? ????? ???? ???? ?????? ????? ????? ?????? ?????. ?? ??? 2011 ????? ????? ?? ????? ??????? ???? ????? ??????? ?? ????? ?????? ?? ??????."
??? ???,"???""??? ????? ????","??? ??? ???""??? ????? ????. ??? ???? ?????? ?? ????? ??????? ???? ?????? ?????? ????, ??? ?????? ????? ????? ???""?, ??? ?????? ????? ?????? ???????? ???? ????? ?????? ??? ?????? ??????? ???? ???? ????."
???? ?????,"????? ???? ????, ????????? ?????? ????? ???????","???? ??? ????? ??? ???? - ????? ?????????? ??? ??? ???? ????? ?????? ???????? ??????. ???? ?? ????? ???????? ????? ?????? ???????? ????? ??????? ????? ???????. ??????? ????? ??? ????? ????? ?????? ?????? ?? ???? ??????? ??????? ?? ????? ?????? ???-??????? ???? ????? ?????? ??????? ??? ????? ???????, ????? ?????? ????? ????? ?????? ????????? ?? ????? ?????????. ??? ?? ????? ?????? ?? ???? ?????? ??????? ????? ????""???. ???? ??? ????? ???? ??????? ????????? ???? ???? (?????) ???? ?? ???? ????? ????? ?????? ?????? ????? ?????? ?? ???????."
??? ???,????? ????? ??? ?????? ???? ?? ??????,"?""? ??? ??? ??? ????? ????? ??? ?????? ???? ?? ??????, ?????? ?????? ?????. ???? ??? ??? ????? ????? ????? ?????????????? ???? ?????? ?? ????. ??? ?????? ?????? ?????? ???? ?????? ???? ??? ????? ?? ?????? ???????? ?? ???? ??????, ???????? (Sydney Eye Hospital). ?? ?????' ???? ???? ?????? ???? ??? ????????."
??????? ??????,"????? ???????, ????? ?????? ???? ???? - ????? ??? ????? ?????? ??????? ??? ????? ???? ????.","??????? ????? ?????? ?????? ?????? ???""? ???? ?-2018. ??? ???? ?? ???? ?????? ?????? ????? ????? ???? ???? ?????? ?????? ????? ?????? ?????? ?????. ??? ??? ???? ??? ??? ???? ???? ?? ???? ?????/??? ???. ????? ???? ???? ?-2020 ????? ?????? ????? – ????? ?????? ??? ????? ??? ?? ???? ?????? ?????? ????? in house. ???? ????? ???? ?????? ????? ????? ????? ?? ?? ????? ?????? ?? ?????? ??????? ??? ???? ??????. ???? ??? ????? ????? ?? ???? ???? ?????. ??????? ????? ?? ?????? ?????? ??????????? ?????? ?????????? ????? (JUST) – ??????? ???????. ????? ?????? ??""? ??? ??? ?? ????? ?????? ????? ???? ????? ????? ??????? ?? ????? ?????? ????? ?????? ??????? ?????. ????? ????????? ???? MBA ???? ????? ??????? ????? ?????? ?????? ??????????? ?? ????"
????? ??????,????? ?? ???? ?????? ???????? ?????? ??????? ??????? ?????? ???? ?????? ?????????,"????? ???????? ???????. ?????? ?? ???? ??? ?? ???????? ???????. 
????? ?????? ???????- ??????? ????? ?????, ????? ?????????? ??????? ???????. ????? ???? ???????. 
????? ????? ???? ???????? ????????? ?????? ???? ?????? ????? ?????. ????? ????? ????? ???? ?????? ???? ??? ??. 
?????? ?????? ?? ???? ?????????????? ?????? ?????????.
????? ?? ???? ??????? ????? ???? ?????? ??????."
???? ????,???? ??? ???????? ???? ???????,"???? ??? ???? ??? ???????? ???? ???????. ???? ?? ??? ???? ?? ???? ?????????, ?????? ??????? ?????? ????? ???? ????? ????? ??? ?????? ?? ????? ??????? ?????? ?? ??????, ?? ???? ??? ????????, ?? ????? ??????? ??? ????? ?????? ????? ??????? ?? ??????."
??? ????,???? ???? ???? ????? BD ?????,"??? ??? ???? ???? ???? ????? BD, ?????? ?????? ?????? ??????? ?????. ?????? ?????? ??? ????? ?? ???? ???? ?????? ??????? ????????? ?????? ?????? ??????? ???????? ?? ?????. ???? ?? ??? ???? ?????""? ???????? ?????? ???? ????? ???????????, ?????? ?????? ??????? ??? ???? ???????. ????? 2016-2023 ???? ???? ?????? Healthcare Israel ????? ???????, ????? ???? ?????? ??????? ?????????? ?????? ????? ??????? ????????. ???? ??, ???? ???? ????""? ?????, ????? ?????? ????? ???????. ?????? ?? ??? ??? ????? ?????? ??????? ??????? ?????? ??????? ?????? ??????? ?????? ?????? ?????? ??????? ???????."
???? ????,"??""? ???? ?????? ???? ???? ?????","???? ??? ?????? - ????? ?????? ??????? ????? ?????. ???? ?? ????? ????? ?????? ?????? ??????? ??????? ???????. ?????? ?????? ??? ????? ???? ?? 22 ?????? ?????? ?????? ?? ?????? ??????? ????????? ?????????, ?? ????? ??????? ??????, ??? ???? ?????? ??????? ?? ???? ??????? ??????? ?????? ???????. ???? ??? ??? ???? ????? ??? ?????? ????? ????? ????? ????? ???? ????""?, ??????? ?????? ????? ?????? ?? ??????? ??? ????? ??????? ?????? ??? ??? ????? ???? ??????. ?? ???? ???????? ???? ???? ?????? ???? ?????? ????? ?? ??? ?????."
??? ????? – ?????,"????? ?????? ????? ??????? ??????, ?????? ???? ?????? ???? ?????? ???????? ??????? ????","???? ?????? ??????? ?? ??????, ????????? ??????. ?????? ???? '?????? ????', ????? ???????? ??????? ???? ?????? ?????? ?????? EdTech ????????? ??????. ???? ??? ????? ?????? ?????? ???? ??? ??????????? ??-????, ????? ?? Google for Education ?????? ????? ?????? ??????? ?????? ??? ?????, ????? ?????? ???????. ???? ??? ?????? ???? ?????? ?????? ?????? ????? - ????? ???????, ??? ????? ?????? ??? ??????? ????? ??????."
???? ???,"????? ????? ???? ????????? ??????, ????????? ?????","???? ??? ???? ???? ???? ??? ????? ????? ????. ???? ?? ???? ????? ?????? ???? ??????. ??????? ????? ??? ???""? ?????? ?????- ???? ?? ?? ?????? ?????. ??? ??""? ??????? ???? ???? ??? ???????. ????? ???? ??' ????? ??????, ???????? ?????????. ???? ????? ????? ?????? ???? ?????? ?????. ???? ?-13 ??? ???? ????? ???' ????? ??????? ????? ????? ???????? ????? ??????: ????? ????? ????? ????? ??? ???? ?? ????? ??????? ??????? ?-3 ???? ????? 2016 ???? ?? ????? ??????? ?????? ?? ???? ????? ???? ?????? ??????? ????????."
??? ???????,"???""? ????? ""??????""  ??""? ????? ?????","??? ??? ???""? ????? ""??????"" ??""? ????? ?????. ??????? ????? ??? ???""? ????? ????? ?????? ????? ????, ?????? ?????? ????-????? ???? ???? ???? ""???? ????"" – ????? ?????? ??? ????? ????. ?????, ??? ???""? ????? ????? ??????? ???? ?????? ??? ???? ?????????? ?????????. ?????? ??????? ??????? ??? ??? ????? ???????? ????? ???????-?????-????? ????. ??? ?? ??? ???? ???""? ???????? ?? ????? ?????? ????, ????? ????? ???? ?-150 ?????? ??? ????? ????. ????? 2013–2014 ????? ??? ?????? ???? ?????? ????? ??? ????."
?'?? ?????,???? ???? ?????? ????? ??? ????''? LAVI Capital,"?'?? ??? ??''? ???? ?????? ????? ??? - ????? ??????? ???? ???????? ?????????? ?????? ???? ??????, ????? ???? ?? ?????? ????. ??? ???? ????""? ????? ???? ????? ??""? - ???? ?????? ??????? ?????? ????? ??????? ???? ???????? ?????? ??????? ?? ????? ???????, ????? ??????? ?????? ????????. ??? ?????? ????? ???? ????? ?? ???? ??????, ????? ??, ???? ?????, ??? ?????? ???? ?? ?? ????. ???? ??? ??? ??? ????""? ??????? ?? Teo Life Sciences - ???? ????? ????? ?????? ???? ?????? ???? ????? ??????. ?‘?? ???? ???????? ?????? ?????? ????? ??? ??? ????."
???? ???,????? ??????? ??????? ????? ???? ?????? ??????,"???? ??? ?????????? (???? ???? ??? ??????????? ???????  ??????????? ??-????)
???? ????? ???? (??? ???? ????? ?????? ?? ????? ????? ????? ?? ????? ???? ???? ????).

???? ???? ????? ??????? ?????? ??????? ???????? ??????? ????? ?????,
???? ????? ???????? ???????? ??????? ???? ?????? ????? ??????- ????? ????, ???? ????? ???????, ????? ?????? ??????."
???? ??????,"???? ?????? ?????????? ????? ?????? ????, ?? ?????","??? ???? 2018 ???? ?""? ???? ?????? ????? ?????? ?????????? ????? ?????? ????. ???? ??? ????? ?????? ????????? ?-Princess MargaretHospital ???????? ?????? ?????? ?????-?????. ??? ??? ???? ????? ?????? ????????? ?????, ???? ???? ?????? ????????? ?????? ??? ????? ?????????? ???? ??????. ????? 2008-2013 ????? ?????? ?????????? ?????? ?????. ???? ???? ???? ????? ?????? ????????? ???????."
???? ???,"????""? ?????? ??? ????","???? ??? ????""? ?????? ???? ????. ???? ??? ???? ?????""? ??? ????? ?????? ????. ???? ?? ??? ????""? ????? ???? ??????? – ???? ?????-?? ?????? ?????? ?????? ??? ????? ????? ?????? ????? ???????? ??????? ?????? ?????? ??????? ????? ??? ???????? ???? ?????? ?????????. ??????, ??? ????? ????? ??? ????? ??? ??????, ????? ?????, ??? ???? ??????? ?????, ???? ????? ??? ????? ????. ???? ??? ???? ??? ???? ???? ???? ???? ???? ???? ???? ??? ????? - ??? ?? ????? ?????? ??? ??????? ?????? ????? ?? ??????? ???? ?????? ??? ???????? ??????? ????? ????? ???? ??? ??????."
???? ?? ???,????? ??????? ?????? ?????? ???? ????? ??????,"???? ??? ????? ??????? ?????? ?????? ???? ????? ??????. ?????? ?????? ??? ?????? ?? ?????? ???""?, ?? ????? ??????? ???????? ?????? ????? ???? ?? ???""? ?????? ???? ??????, ?? ?????? ??????, ?? ????? ?????, ?? ?????? ??????-????-????, ??? ????? ?????? ?????????? ???""?. ???? ?? ??? ????? ?? ????? ???""? ?????? ???? ????? ????? ?????? ???? ?????? ???? ??????? ??????? ?????? ??????? ?????, ????? ??? ????? ????? ????? ???? ?????? ?? ???? ???????? ???""?. ???? ???? ?? ???? ???????? ????? ??????? ??????? ?????? ??? ????? ?? ??????, ????? ????? ?????, ????? ????? ?????? ???????."
???? ??? ????,"???""? ??? ???","???? ???? ??? ??? ???? ????""? ??? ???, ????? ???? ?????? ????? ??????? ??? ????? ??????, ???? ??????? ???? ????????? ??????? ??? ????? ????? ???? ???? ?????? ???. ???? ????? ??????? ??????? – ???????? ?????? ????, ???????? ???? ???? ?????? ????? ?????? ???? ?????. ???? ???? ??? ???? ??????? ??????? ????? ????? ?????? ????? ??????. ???? ???? ??? ???? ???? ????? ????? ?????? ??????? ??? ???? ??? ????. ???? ?? ????? ?????? ????? ??? ????, ???? ??????? ?????? ????? ?????, ????? ???????? ?????? ??????, ????? ??????? ????????? ?????? ???????, ???? ?????? ?????? ????? ????? ????? ????????? ??????? ?????? ???? ???? ?? ??? 12. ??? ????? ?????? ??????????? ???? ????? ?????? ???? ???, ????? ?? ?????? ?????????? ?????? - ??????. ???? ???? ???? ???????? ????? ""?????"" ??????? ?????? ????? ???? ????? ?????. ???? ?????? ??? ???? – ??????? ???? ??????? ????? ?????? ??????? – ????? ????? ??????? ?? ?????; ???? ?????? ??????? ???????; ???? ????? ????? ?? ????????."
???? ??? ????,"???? ????? ???? ??? ????- ???? ???? ???""? ??????","???? ????? ???? ??? ????- ???? ???? ???""? ??????"
??? ?????,????? ?????? ???????? ??????? ????? ?????? ???? ???? ?????,"???? 2001 ????? ??? ????? ??????? ?? ?????? ?????? ???????? ??????? ???????? ??????? ????? ?????? ??????? ???? ?????? ??????? ??? ?????? ????????? ???????, ???????? ????? ???? ??""? ????? ???? ?????????, ??""? ???? ????, ????? ???????? ?????? ???? ???? ????. ??? ??, ???? ?????? ???? ???? ???? ?????? ???? ???????? ??????? ???? ????? ???????. ???? 2017-2018 ????? ?? ???? ??? ???? ?.?. ???? ???? ??? ????? ????? ?????? ???? ?????. ???? 2022 ????? ????? ????? ??? ?? ?????? ???????? ??????? ?.?. ???? ????. ????? ??????? ??? ????? ??? ????? ?????? ?????? ??????? Somatic Experience Therapy, ????? ??????."
??? ??????,???? ??? ????? ?????? ?????? ???? ????,"??? ??? ???? ??? ????? ?????? ??????? ???? ????. ?????? ?????? ??? ????? ?? ???? ?????? ??????, ???? ???""? ????? ????? ?????? ?? ???? ?????? ???????? ???? ????? ???????, ?? ????? ?????? ?????? ???????? ?? ?????? ??? ????? ??? ??? ?????? ??????. ??? ?? ??? ???? ?????? ????? ?????? ?????? ??????? ??????? ?????? ????? ??? ???""??, ???""??, ????? ????? ??????, ????? ??????, ?????? ???? ????); ????? ?????? (????????, ??????? ????) ???????. ???? ??? ??? ??? ????? ????? ??? ??? ????? ??????."
???? ??????,?????? ???? Know Your Data,"???? ??? ???""??? ???? Know Your Data. ???? ?? ??? ????? ????? ???""? ???? ??? ?????? ??????? ?????? ????? ?????? ????? ???? ?? ????? ??? ????? ?????? ??????? ??????? ?????? ???? ??????, ??? ???? ????? ????? ????? ?????????? ??????? ?????? ??????????? ???????? ???? ??????. ???? ??? ??? ????? ????? ????""? ???? ?????? ??????? ???????? ?????? ????? ?????? ????? ???????. ?? ??????? ??? ??????? ?????? ???? ???? ????? ??????, ??? ????? ???? ????."
???? ?????,"??? ????? ????? ??????? ???????, ????? ?????? ????? ???????","???? ??? ????""? ?????, ????? ?????? ????? ???????. ?????? ?????? ??? ????? ?? ????? ????? ?????? ???????, ?? ????? ???????? ??????? ??? ???? ????????? ?????? ???????, ????? ?? ????? ??????? ?? ????????? ??????? ??? ??????. ??? ?? ??? ????? ?? ????? ?????? ??????? ?????? ??????? ????? ?????? ??????? ??????? ????????? ?? ???? ???????. ?? ???, ????? 2018-2016 ??? ???? ???? ??????????? ??????. ???? 2019 ???? ???? ???? ????? ????? ?? ????? ????? ?????? ??? ??? ????."
???? ??????,"????""??? ????? ??? - ?????, ?????, ?????","???? ??? ????""??? ?????? ???-?????, ?????, ?????, ?????? ????? ?? ?????? ???????-??????? ???? ?????? ?????? ????. ???? ??? ????? ?????”??? ??????? ?????? ?? ???????? ?????? ????? ??????? ??????. ?????? ?? ????? ?????? ??????? ?? ??????? ?????? ???????, ????? ????? ?????? ?????? ????????? ?????? ?????? ?????? ?? ????? 5 ?? 2 ?????? ???? ???????? ?????? ?????. ???? ????? ???? ??? ???? ???""??? ??? ??????? ???? ???? – ????? ??? ?????? ?????? ??????? ?? ????? ?????? ??????? ????? ???-??????? ???? ???????. ?????? ???? ?????? ????? ???? ???? ??????? ??????? ?? ?? ????????, ?????? ?????? ????? ????? ?????? ?????? ???????? ???????? ??????? ??????? ??????????? ??????????. ????? ??????? ??????????? ?????? ????? ????? ???? ????? ??????? ?????????."
???? ????-?'??'???,????? ???? ???????? ????,"???? ??? ????? ???? ???????? ????. ???? ?? ????? ?? ????? ?????? ???? ???? ?? ???? ??????, ?????? ???? ?????? ????? - ?????? ???? ?????? - ??????. ?????? ?????? ????? ??? ????? ????? ?????? ???????? ???????? ????? ??????? ????? ?????? ?? ???????, ?????? ??????? ???????? ????????, ??????? ?????? ?????, ??????? ????????. ???? ?????? ?? ?????? ????? ???? ???? 2013 ??????? ???? ??????? ??????? ?????? ????? ????????? ?????? ???????? ?????????, ?????? ?????? ???? ??? ?????? ????? ?????, ????? ??????? ??????. ???? ??? ????? ???? ??? ????? ?????????? ????? ????? ??? ????."
????? ??????,"???""?  ???? ???? ??????","?????, ???""? ?????? ????? ??????? ??????? ???????? -????? ???? ????? ????? ????? ????? ""???? ???"" ???? ??? ??????, ???? ?????? ???? ????? ?????? ?????? ???????. ??? ????? ??? ????? ????? ???? ?????? ????? ?????? ?????? ???? ??????? ??? ????? ???? ???????. ???? ????? ?????? ??????? ??? ?????? ????????, ??? ???? ????? ?? ????? ???????. ?? ????? ?????? ???????? ??????? ????????, ????? ??? ????? ??? ???????? ????? ???, ?????? ???????? ??????."
??? ?????,"????? ??? ?????, ????? ?????? ??????","??? ??? ????? ?????? ??????, ???? ???? ?????, ??????? ????? ??????, ??????? ??????? ?????. ???? ????? ?????? ?????? ???? ??????? ????? ????? ?? ????? ?????? ???????? ???? ??? ???. ?????? ?? ??? ????? ?????? ?? ????? ???????? ??????? ?????? ???????? ??? ???? ?????? ????? ???????? ???????? ?? ??????? ??????? ?? ???? ???? ??? ?????? ???? ????? ?????? ?? 17,000 ??""? ????? ??? ??? . ??? ????? ?? ???? ?????? ?????? ??? ??????, ??? ????? ?????? ?? ????? ????? ???????, ????? ???? ????????, ????? ???? ????? ??????, ????? ????? ???????, ????? ????? ????? ????? ??????. ???? ??? ????? ?????? ??? ?????? ??? ??? ??? ??????? ?? ????? ?????? ?????? ???? ????? ??? ??? ??? ????? ?? ?-5,000 ??""?. ??? ????  ??????????? ????? ??????? ?????? ??? ??? ??????? ?? ???. ???? 2016 ????? ??? ?? ????? ????? ??? ???? ??????  ???? ?????, ???? ?????? ?????? ?????? ??? ??? ?????, ?????? ?? ??????? ???????? ??????? ???? ?????? ?????, ????? ?????? ??? ????, ??? ????? ????????? ?????? ?????? ????."
???? ?????,"???? ???? ?? ???? ???""? ???????","???? ??? ???? ???? ?? ???? ???""? ???????. ????? ??? ????""? ????? ?????? ???? ???? JTLV. ???? ??? ??? ???? ???? ????? ????? ??????? ?????. ???? ????? ?? ???? ???????? ???? ?????? ?????? ?????? ????? ???? ????? ?????? ????? ???? ??????? ???????? ?????? ?????? ????? ????? ????? ???? ???? ?????. ???? ??? ???? ????? ???? ?????? ?????? ???? ????? ?????? ?? ?? ????????."
????? ?????,"?. ???? ??? ????????, ?????? ??? ???","????? ??? ?. ???? ??? ????????, ?????? ??? ???. ???? ?????? ""???????"", ??""? ????, ???? ?????? ??????? ?? ?????? ??????, ????? ???? ????? ?????? ?? ????? ???? ???? ???."
????? ???????,"???""? ????? ???","??? ??? 2016 ??? ??? ???""? ????? ??? (????? ""???? ??????""). ???? ?????? ?????? ?? ???????? ?????? ??????, ???????? ??????? ????????. ???? ???, ????? 2011-2016, ??? ???""? ????? ????? ??? ????? – ??? ??? ?? ???? ?????,  ???? ???? ?? ??????? ????? ????""? ??????. ????? ??? ????""? ??? ?????? ?? ?????? ???????? ??? ?????. ??? ???? ???? ????? ??????? ??? ???? ?????? ?????? ????? ???? ?????????? ???????? ?????? ?????? ??????? ?????? ?? ?????????."
??? ????,"???""? ????? ??????","??? ??? ???""? ????? ??????. ??????? ????? ??? ???""? ?????? ??????? ??? ???. ???? ?? ??? ??? ???""? ????? ??????? ???????? ?????? ?????""? ????? ?????? ????? ???? ???? ????? ???? ???? ?????? ????? ???, ????? ???? ?????? ???? ??? ???? ?????"
???? ????,???? ???? BDO Israel,"???? 2020 ???? ???? ????? ?????? ?????? ?????? ?????? BDO ?????? ????? ?????? ????????. ??????? ???? ?????? ??? ?????? ??????? ?????? ?? ?????? ????. ???? ???? ????? ????? ??????? ?? ???? ???? ????? ??????, ??? ??  ????? ??????? ??????? ?? ??????? ?????? ????, ????? ???????, ????? ????? ???? ?? ???? ?????? ????? ????? ?? ???????, ?????? ????????, ???????, ?????? ???????  ??????. ???? ???? ?? ????? ????? ??????? ?? ????? ????? ??????? ????? ?? ???? ?????? ?????? ??????? ?? ?????? ???? ?????? ?????? ?? ???? ?????. ???? ???, ???? ????? ?? VIBE ?????? ?????? ????? ????? ??????? ???????? ?????? ???? ????????. ???? ???? ?????? ????? ?????? ?????? ??????? ?????? ???????? ?????? ???? ?? ???? ?""? ?? ??????. ???? ????? ???? ?????."
???? ??????,"????? ?????? ??""? (???""?) ???? ??- ????, ???? ??????.","???? ??? ??? ?????, ??????? ????? ???????, ?????? ??""?, ????? ?? ?????? ????? ????? ?????? ??????? ?? ??? ?????? ??????? ??? ????? ?""?. ?????? ??????? ?????? ??????????? ??-???? ????? ???? ?????."
??? ??????,??????? ??? ??????? ??????,??? ?25 ??? ????? ?? ????? ????? ??? ?? ???????.
???? ??????,"??? ??????, ????? ?????? ??? ????","??? ?????? ??????? ??? ????
??""?  ????? ????? ??????? ??? ????
??? ?????? ????? ??????."
??? ???,????? ???? ????? ?????,"??? ????? ?? ???? ?????? ?????. ??????? ????? ?????? ?????? ????? ????? ?? ???? ??? ?????. ?15 ????? ???????? ??? ?????? ??????? ??????? ??????? ????? ??????? ??????? ?????, ?????? ???? ???? ??? ?????? ???????? ??????? ?????? ??????? ?????? ???????. ??? ????? ??????? ?? ???? ??? ???? ??? ???, ?????? ????? ?????? ?????? ???? ?????? ??????. ??? ???? ????? ?? ???????? ????? ???????? ?????? ?-30 ??????? ??????, ????? ?????? ?????? ????? ??????? ????? ?????, ???? ??????? ????? ????? ??????, ????? ?????? ?????? ?????? ?? ???? ?????? ????? ??????, ?????? ?? ????? ""??????"" ????? ?????? ?? ????????? ?????? ???????? ???????. ???? ???? ????? ??????????? ?? ?????? ?????? ?????? ????? ???????. ??? ?????????????, ?????? ???? ?????? ????? ????????? ?????? ?????? ?????? ?????? ??????? ?????."
???? ???,"??""? ?????? ?????? ???""? ???? ???????","???? ???? ???""? ????? ?????? ?????? ????""? ???? ??????? ????? ????? ????. ????? 2021-2014 ???? ????""? ????? ???? - ?????? ?????? ???? ??? ???? ?-800 ??????? ???????? ???? ????? ???????? ?????? ??????? ???????? ?????????? ??????. ?????? ?? ????? ???? ????? ?????? ???????-??????? ?? ????? ????? ?????, ???????, ?????? ???????????, ????? ?? ??????? ?????. ?????? ???? ???????? ??? ??? ????? ????? ?? ??? ???????? YNET ????? ????? ?????? ?????? ?? ????. ???? ???? ???? ?-YNET ??? ???? ??????? ????? ?? ????? ???????? ?????? ????? ????? ???? ???? ??? ????, ??????? ????? ??????? ??????, ???? ?????? ????? ????? ?? ?-50 ?????? ?. ???? ??? ???? ??? ??????? ???????, ??????? ????? ???, ????? ?????? ????? ???????? ???????? ?????? ??????, ??????? ?????? ??????, ????? ?????? ??????? ???????? Israel Connect Europe."
????? ????,"????? ?????? ????? ??""?","????? ??? ????? ?????? ????? ??? ?????? ?????? ????? ??""? ??? ??? 2004. ????? ???? ?????? ????? ???????? ?????? ????? ????????. ??????? ????? ????? ?????? ???? ???? ?????? 13. ????? ????? ??????? ???????? ????? ??????? ????? ????? ?????? ???? ??????."
???? ????,????? ????? ?????? ??????? ????? ??????,"???? ??? ????? ????? ?????? ??????? ????? ??????. ?????? ?????? ??? ?????? ?? ???? ??????? ?????? ????? ?????? ?????? ?????? (???? ??????) ???????? ??????? ??????? ??????? ???????? ??? ??? ?????? ?? ??????? ???? ??? ???????? ?? ????? ????? ????????, ????? ?????? ??????, ??? ??? ?? ????? ????? ??????? ?????? ??????. ??? ???? ?? ???? ???????? ????? ??????? ?? ???? ????, ?????? ???????, ???? ??? 2003 ??? ?????? ????? ??????? ?? ???? ??????."
??? ????,???? ???? ????? ?'?????',"??? ??????? 2025 ????? ????? ?????? ???? ????? ?? '?????'. 
 ????? ??????? ????? ????? ????????, ???? ?????? ?????
 ?-20 ????? ???????? ??? ??? ?????? ?????? ??????? ?????? ??????? ?????? ??????? ???????, ????? ?????? ??????? ??????? ????????.  
??? ???? ????? ??????? ?????????? ???????????? ?????????? ???????????? ?????? ????????, ????? ???? ?????? ?????? ?? ??? ???? ??????? “?????” ??????????? ??????.
?-8 ????? ???? 2016-2024 ??? ?????, ????? 5 ???? ??? ??????? ?????? ???? ""??????"" ?? ????, ????? ??????, ???? ?????? ?? ????? ?-40 ????? ????? ????? ???????? ????? ?????? ????? ?????? ????? ??????. ???? ??? ?-3 ???? ?? ????? ?????? ????? ?????? ????? ""?????"" ?????? ??? ??????? ????? ???? ????? ??????, ???? ??? ?????? ????. 
??? ????, ??? ?????? ????????, ???? ????? ???? ?? ?????? ?? ?????, ????, ????? ???? ?????? ???? ??? ?????? ?????."
???? ????,"Co-Founder, COO @ nGrid Energy","????? ???? ????? nGrid Energy ???""? ????? ????? ?? ????? '?????? ??????'. ????? ????? ???? ??????? ???????? ??????, ????? ??????? ???????. ???? ???, ??? ?? ??, ????, ???? ??????, ????? ?????? ?? ????-???."
????? ???? ????,????? ??????????,"????? ????? ???""? ?????? ?????? ?????? ?????? ????? ????? ?????. ??????? ????? ????? ????? ????? ?? ???? ????? ?????? ??????? ?? ????? ????? ?? ????? ???? ??? ???? – ??????? ?????? ?????, ??????? ?????? ?????? ????? ?????? ????? ?????? ????. ????? ????? ????? ?? ?????? ???????? ????? ???????, ????? ?????? ????? ???? ?????? ???????? ????? ??????? ??????. ???? ????? ??? ??? ??????? ???? ?????? ????? ??????? ?????? ?????? ??? ???? ???????? ??? ??? ???? ???? ????? ???? ????? ???????? ??????? ?????? ?????? ??-????????."
???? ?????? ?????,"????? ???? ???? ?????? ?????? ????, ????? ???, ???? ?????? ??????? ??????","????? ???????? ??? 1998 . 
????? ???????? ????? ????? ?? ???? ??????, ??????? ??? ??????.  ??? 2004 ??? ?????  ????? ????? ?? ?????? ??????? ????? ????? - ????? ?????? ????????? ?? ???' ?? ????, ????? ??????? ?? ???? ?????? ?????? ????? ??????? ????? ????? ??????? ?? ""?????"", ""?? ???"" ????? ?? ???? ??????. ????? ????? ????? ??????? ??????? ????? ??????? ???? ?????? ??????? ????? ?????  ( ?????? ""???????"" ????? ????? ? 8 ???? ). ????? ??? ????? ????? ?? ????? ???- ?????? ??????? ???? ?????? ??????? ????? ????? ???? 2017 ?????? ?????? ????, ?????? ?? ???? ?????? ???????, ????? ???? ???? ????? ?? ???? ????? ?????? ?????? ?????? ??????? ?? 7.10"
??? ???? ????,"????""??? ???????, ???? ???????","??? ???????? 24, ??? ????? ???? ????""??? ??????? ????? ???????. ???? ??? ??? ????? ?VP Operations ?- Ukko, ?????? ????? ????? ?????? ???????? ?????, ???? ???? ?????? Chief of Staff & Business Operations. ?????? ?? ??? ?????? ?? ???? ???????? ?????? ????????? ?????. ????? ????? ?????? ??????? ??????, ??? ????? ?????? ??????? ?????? ???????. ??????? ?????? (2020-2022) ???? ????? ????""? ?????? ?????? ????? ?????? ????? ????????. ?????? ?? ???? ?????? ?? ????? ????????? ????????? ?????? ???????, ??????? ???????, ????? ?????? ??????? ????????, ??? ???? ?????? ?? ????? ????? ????? ????. ??? ????? 2020-2018 ????? ???? ??? ???""? ???? ??????, ??????? ?? ????? ??????? ??????? ???? ?????? ????, ?????? ??????, ????? ??????? ????. ??????, ????? ??? ?? ?????? ???????? ?????? ??????? ???? 2030, ??? ???? ????? ???????? ????? ????? ?????? ??????? ????? ???????. ??? ????? 2018-2015 ??? ????? ?????? ???? ?????? ????? ??? ????? ??????. ?????? ?? ????? ????? ??? ?????? ????? ???? ???? ?????? ??????? ????-?? ??????? ????? ????? ?? ??????? ?????? ????, ?????, ????? ???? 45+ ???????, ????? ?????? ????? ?????????? ??????? ????. ???? ??? ????? ????? ????? ???”? ???? ????? ?????? ???? ????? ?????? ????? ?????? (???) ???? ????. ??? ??? ????? ?? ????? ""????"", ?? ?????? ???????? “?????? ?????? ??????”, ???? ??? ????’ ???? ????? ?? ??? ???? ?????? 8200."
??? ????????,???? ?? ??????? ???????? '???? ????' ????? ????.,"??? ???????? ??? ?""? ??????? ???? ?????. ???? ???? ?? ????? ???????? ""???? ????"" ????? ????. ????? ?????? - ??? ????? 2022-2025 ???? ??????? ??????? ????? ?????? ?????? ????? ???? ????????? ???????. ???? ???? ???? ????? ???? ??????? ?????. ???? ??? ????? 1019-2021 - ??? ???? ???? ????? ???? ??""? ???? ????? ??? ???? ?? ????? ?????? ???? ??????? ????. ??? ????? ?????? ???? ???? ????? ????? - ????? ???? ????? ???-?????. ???? ??, ??? ????? 2017-2018, ???? ??? ?? ????? ?????? - ????? ???????? ???? ??? ?????. ???? ???? ???? ??? ???? ??? ?? ????? ?????? ?????????? ???? ???. ?????, ??? ???? ?????? ?????? ??????? ?????? ??????, ???? ????????."
???? ????????,,"???? ???? ?????? ????? ??????? ???? 4 ???? ????? ???? ????? ?????? ????? ??????? ???????? ?????? ?????? ????? ?????. ?????? ????? ?? ???? ?????? ????? ???????? ?????? ?????? ????? ?? ?????? ???????, ????? ????? ??? ????????? ??????? ??????? ???????? ??????? ????????. ???? ??? ???? ??????? ???? ????? ??? ???????? ????? ??????? ????? ?? ???? ??????? ?  ????? ?? ???? ???? ???? ????? ???? ??????? ?????? ??????. ???? ??? ???? ?????? ?????? - ?????? ????? ???????. ???? ???? ????? ????""? ??????? ?????? ????? ????? ????."
???? ?????,"???""? ?????? - ???? urban360-??? ?????????? ??""?","???? ?????? ???""? ???? 2006 ???? ????? ????????????? ?? ???? ??????? ?????? ?? ????? ?-500 ?????? ????? ?????. ?????, ???? ???? ???? ????? ????? ????? ??????? ????? ?? ???""? ???""? ???????. ???? 2017 ???? ????? ????""? ?? ???? ???? - ????? ?????? ????? ??. ?????? ??????? ?? ????? ???? ????? ?? ?????? ???""?? ?? ??? 6000 ??""? ???????? ??????? , ????? ?????? ???? ????? ?????? ??????? ???????? ????? ?? ???????? ?""?, ???""? ???? ?????? ???? ????? ??????? ????? ????? ???????? ?????? ????? ?????? ?????? ??????? ??????? ?? ????. ???? ???? ??? ?????? ??? ???? ?? ??????? ???????????? ??????? ???? ????? ????? ?? ???? urban360- ??? ?????????? ?????? ??????? ?????? ???? ?? ????? ???? ???????, ??????? ??????????."
???? ???,????? ?? ???????? ?????? ????? ??????,"???? ????? ?? ???????? ?????? ????? ?????? ??? ???? 2018. ?????? ?????? ??? ????? ??????? ?? ?????? ?????? ???????? ??????? ???? ???? ????? ?-24,000 ?????? ??????  ????, ?? ????? ??????? ????? ??????, ???? ????? ??????, ?? ????? ?????? ????? ???????? ??? ???? ???????. ??? ?? ??? ?????? ?????? ????? ?? ????? ????? ?????, ????? ????????, ????? ?????? ????????, ?????? ?? ?????? ??????? ??? ????? ??????? ?????? ???? ???? ?????? ?????? ?????? ???????, ??????? ??????? ????? ?? ??????, ?????? ???????? ????????. ???? ????? ?????? ??? ????? ??? ???? ??????? ???????: ????? ???????? ????? ??????, ????? ?????? ??? ?????? ????? ?????? ???????? ??????? ???? ????? ?????, ?????? ???? ????????? ???????? ????? ?????? ????????."
??? ??????,"???? ??? ???? ?????????, ????? ?????? ????? ?????, ???? ??? ??????","?????? ??? ????? ?????? ????????, ????? 8 ???? ?????? ??????. ??????? ????? ???? ??? ??? ???? ???? ???? ??????, ????? ???? ?? ????? ????? ?????, ??? ?????? ?? ?? ???? ???. ????? ?? ????? ?? ????? ????? ?????? ??????? ?? ????? ?????, ????? ??? ?? ??? ?????? ????? ?? ????? ???. ????? ????? ??? ??????? ??????? ????? ????, ??????? ??? ????? ????????? ??????? ?????? ?????? ??? ???????."
??? ????,"????""??? ????? ?????? ??? ????","??? ??? ????""??? ?????? ?""??? ????"" - ?????? ?????? ????? ????? ?????? ????? ?????? ?????????? ?????? ??????. ?????? ???? ?????, ????? ????? ?? ??? ????????, ?????? ??????? ?????, ??????? ?????? ????????????, ????? ?????? ?????? ???? ??????. ?? ?????? ?????? ?????? ????? ?? ????? ?????? ????????? ?????? ?????? ?? ???? ????? ?????? ??? ????????. ?? ???, ????? ????? ??????, ??? ????? ?????? ????? ?????, ????? ????? ????? ???? ???????? ???? ????, ????? ?-33 ??????, ????? ??????? ????? ???????, ????? ?-1,800 ??????. ???? ???, ???? ???? ?-13 ????, ??? ?????? ?????? ???? ????? ???? ????? ?????? ????????, ???, ??????, ????? ????? ?????? ????, ?????? ??????? ?????? ??????? ??????? ????? ??????, ???????, ????""??? ???????? ???????. ?????? ???? ???????? ????? ??? ???? ??? ?????? ?????? ?????? ??? ?????."
????? ????,???? ?????? Sloan Fellows MIT,"????? ??? ????""? ??????? ???? ????? ??? ????? ??? ??????? ?? ???? ???. ??? ????? ?? ???? ????? ????? ????? ??? ?????? ?????? ?? ????? ??????. ????? ???????? ???? ??????? ?? ???? ??? ?? ????? ??????? ?? ????, ?????? ???? ?????? ???? ?????? ??????? ??? ?? ????? ????? ??????, ?????? ???""? 9 ?????  ??????? ????? ???? ?????. ?????? – ??????? ??????  - ???? ????? ????? ????? ??? ??? ?????? ????? ?????? ??'??? ?????? ??????? ??????. ????? ??? ?? ???? ????? ??????? ?? ???? ?????? ??? ??????????? ?? ????? ???????. ????? ???? ???? ??? ?????? ??? ?????? ????? ????????? ?? ???? ????? ??????, ??? ?????? ??? ?? ??????, ?????? ??????? ??????? ?????."
????? ?????,???? ?????? ?????? ???,"????? ???? ?????? ?????? ???. ????? ??????? ?????? ?????.
???? ??, ????? ???? 5 ???? ?? ???? ??????? ???? ???. ???? ??, ???? ????? ????, ???? ?????? ???? ???? ??????? ???? ?????? ??? ?????? ??? ????? ????? ??? ????. ???? ??? ??? ????? ????? ????? ?? ??? ?????? ??????, ????? ??????? ??? ??????? ???? ??? ?????? ?????? ????. ????, ????? ????? ?? ???? ???????? ??????? ????? ?????? ???? ???, ????? ??????? ????? ???? ?????? ?????? ???????? ???? ?????' - ??? ?????????? ?????? ????."
???? ??? ????,????? ??????? ???????? ????? ?????? ??????? ???? ?????,"???? ??? ????? ??????? ???????? ????? ?????? ??????? ???? ?????. ???? ????? ?????? ?????? ""???? ????"", ?????? ?????? ????? ?????? ??? ?????? ???? ??????? ???????? ?????????? ?? ???? ??? ???? ????? ????????? ?????? ???? ?????. ????? ??????? ?? ??????? ?????""? ???? ????? ???? ???? ????? ????? ??????. ??????? ???? ?? ?20 ?????? ??????? ??????????, ????? ??-80 ??? ???????? ????? ????? ?? ????? ?3.5 ??????? ??, ?????? ??? ????? ?????, ????? ?????? ??????????. ??????? ?????, ????? ?? ?????? ??????? ????? ??????? ??????? ?? ????? ?-13 ??????? ?? ????. ????? ???? ????? ?????????? ????? ???? ?????, ???? ??????? ??????? ?? ???? 2 ?????? ??????. ???? ???, ????? ???? ?????? ????""? ???? ??????."
???? ????,????? ??? ????? ???? ?????? ?????? ??? ???,"???? ????? ?? ??? ????? ????? ?????? ??????? ??? ??? ???? 2014. ???? ?? ????? ?????? ??? ?????? ???? ??? ????, ????? ??? ????? ????? ????? ????. ???????, ???? ???? ?????, ??? ????? ?? ?????? ????? ?????? ?????? ???? ???? ????."
???? ?????,??????? ????? ???? ? DHL express israel,"???? ??? ????? ????? ???? ??????? ????????. ??????? ????? ???? ?????""??? ????? ???? ???? 13, ?????? ?????? ???????? ?????? ?????? ???? ?????? ??? ??? ???? ?????? ???????.
???? ?? ???? ????? ?? ????? ????? ???? ???? ?????.
 ????? ? - HRBP ??????? ?????? ?????????, ?????? ????? ??????? ???? ?????? ?? 2200 ?????? ??????. ??? ???? ?????? ?????? ?????? ?????? ???????, ????? ??????? ?? ?????? ????? ?????? ???????, ?????? ?????? Engagement ??????? ??????? ?????? ????? ????? ?????? ??????? ????? ?????? ?????? ?????? ?????."
???? ??????,??? ??? ????? ??????? ????? ????? ??????,"?""? ???? ?????? ??? ??? ??? ????? ??????? ????? ????? ??????. ??????? ????? ????? ?? ???? ????? ?????? ???? ?? ???? ????? ??????. ?????? ?? ??? ?????? ??????? ????????? ?????? ????? ????? ?????? ??????? ??????? ????????? ??????? ?? ????? ?????? ?? ?????, ???? ??? ????? ????? ?? ????? ???? ?????? ????? ?????? ???????? ??? ????? ???? ??? ???""? - ????? ???????? ?????? ????? ??????. ??????, ??? ???? ?????? ????? ??????, ?????? ???? ?????. ?????, ????? ?? ???? ?????? ????? ?????? ???? ??????? ?? ????? ?????? ???? ???? ??? ???. ??????? ????? ????? ?? ???? ????? ????? ???? ?? ???? ????? ??????. ???? ?????? ?????? ?????. ??? ?????? ???? ?????? ??????? ????? 2006-2002 ????? ?? ?? ?????'."
??? ????,"???""??? ??????? ????? - ???? ????????? ???????","??? ??? ?????? ????? ????""??? ?????? - ???? ????????? ???????, ?????? ?-2017 ??? ???? ???????? ??????? ?????? ??????? ????? ??? ?? ??????? ???????? ???? ??????? ??????? ???????? ?????. ????? ?????? ??? ????? ?????? ????? ????????? ??? ????? ???? ??????, ?????, ????? ?????? ?? ?????? ???????? ??????? ?????????, ????? ???????? ????????, ??????? ??????? ??????? ???????? ?????. ??????? ????? ????? ??? ?? ?????? ??????? ?????? ?????? ???????? ??????? ???????."
???? ??????,????? ????? ????? ???? ?????? ?????????,"???? ??? ????? ????? ???? ?????? ????????? ??????? ?? ????? ???? ?????? ??????, ????????, ?????? ?????? ??????? ?????????? ??????? ??????? ?????? ?????????. 
???? ??? ????? ?????? ????? ?????? ???? ???? ?????? ?????? ?????? ????? ??? ???? ????? ???? ?????? ??????? ????????. ??? ????? ????? ?? ???? ???? ?? 165,000 ?????? ?????? ?????? ?????? ?????? ?????? ?? ???? ?????? ????????. 

???? ?????? ?? ????? ?? ??? ??????? ????? ?????? ????????, ???? ??????, ?? ?????? ????? ??? ?????? ?????? ??? ?????? ?????? ????? ????? ??????? ??????? ?????????. 
??? ?? ????? ?? ?????? ????? ?????? ???""? ???? ???? ?? ????? ??????? ?????? ???????? ??????? ????? ???????. ???? ?????? ????? ??????? ????? ???-???????."
???? ?????,???? ???? aMoon,"???? ??? ???????, ???""? ?????""? ????? ???? aMOON. ??????? ????? ??? ???""? ???'????-????? - ???? ????????? ???? ????? ????? ????? ??????? ??? ??????????? ?????? ?????????? ??? ???????. ???? ?? ??? ??? ???? ????? ????? ???? ????' ???? ??? ????' ?????? ?????????? ????????, ?????? ???? ????, ?? ???? ?? ???? ???? ?????? ??????? ???""? . ???? ??? ??? ??? ???? ???? ?????? ???? ?????? ???""? ????""? Weil Gotshal, ???????? ??????? ????????? ?????. ???? ???? ???? ???? ???????? ??????? 8200 ?? ??? ????????."
???? ????????,Chief People Officer ?????? ?AI ?? ????? ?????/?????/????? ?????? ????? ???????? ?????,"???? ??? Chief People Officer ?????? ?AI ?? ????? ?????/?????/????? ?????? ????? ???????? ?????. ??????? ????? ???? ?????, ????? ??????? ????? ?????. ??? ?? ??? ???? ????? ?????? ????? ????? ?????, ????? ????? ???? ????? ???????? ??????, ??????, ???? ?????? ????? ????? ??????? ???????? ??????, ?????? ???????. ???? ???? ????? ?????? 13 ????? ????? ???? ??????."
???? ????,???????? ???? ???????,
??? ???? ????,??? ????? ?????? ?????? ???????,"???? ???? ??????? ????? ?????? ?????? ????? ?? ??? ???????, ???? ?? ????? ?????? ??????? ?????? ?? ????? ???, ?????? ????? ????? ???? ??????? ????? ???????? ?????? ??????? ??????? ?????? ?????? ?????? ?????????, ????? ???? ?????? ???? ???? ?? ??????. ????? ?????? ?????????? ?????? ?????. ???? ?????? ?????? ???????, ?????, ??? ????, ???? ?????? ???? ???????????. ?????? ?? ????? ????????. ?????? ????? ??? ???? ?????? ???""? ???? ????? ?? ????? ??? ?????? ."
??? ????,???? ????? IL ????? ??????? ?????? (???? ?????? ????????),"??? ???? ??? ???? ????? IL - ????? ?????? ?????? ???????? ???? ?????? ???? ????? ?????? ??????? ?? ???? ??????? ?????? ??????? ?????? ?????. ??? ????? ????? ????? IL ???? 15 ??? ????? ??????? ??????????, ?? ???? ??????? ????????? ????????? ?????? ?????? ???? 2, ?????? ???????, Ynet, ???? ????. ??? ????? ???????? ??? ????? ?? ?????? ????? ?????????? ?? ????? IL ??? ????? ?????? ??? ???? ??????, ?????? ?????? ?????, ????????????, ?????? ?????? ?????, ??? ??????? ???????? ??? ???????? edX ??????????, ?????? ?? ????????????? ??????? ?-MIT."
????? ????? ???????,??? ???? ????? ???? ???????? ??????? ?????? ??? ???,"???? 2014 ???? ????? ???? ???? ????? ???? ???????? ??????? ??????? ??? ???. ?? ??????? ?????? ????? ??? ????? ??""? ????? ?? ??? ????????. ???? ??? ??? ????? ????????????? ????? ?????? ???????? ???? ?????? ?? ?????? ????? ????? ??????? ???????? ?????? ???????. ???? ?? ???? ????? ????? ???? ??? ???? ?????? ???? ""??? ?????"". ??? ???? 2012  ????? ?????? ??????? ?????? ?????? ???????? ??????? ?? ????? ??????. ????? ????? ???? ????? ???????? ????? ?????? ?????? ?????? ?? ??????? ????????? ??????? ???? ???????"
????? ????????,"???""? ?????? ????? ?????? ????","2018 ???""? ?????? ????? ????? ???? .?????? 
1. ?????  ??????? ??????? ?????? ?????? ??????  ????????? ?? ???? ???? ???????. 
2. ????? ?????? ?????? ?? asd .
3. ????? ?????????? ??????? _ ???? ????. 
????? ??????? ???? ??? ????? ?????? ??????  , ????? ???? ?????? , ????? ?????? ??????????."
???? ????,???? ????? ???? ????? ?????????? (curesponse),"???? ???? ??? ???? ????? ???? ????? ?????????? (curesponse). ??????? ????? ???? ???? ??? ???????? ??????? ????? ????? ??????, ???? ?????? ???? ?????? ?????????, ????? ???? ???????, ?????? ??? ?? ????? ??????. ???? ??? ?? ???? ????? ?????? ???????? ?????, ?? ???? ????? ????? ??????? ????? ??????? ???????? ????? ????????? ??????, ???? ?????""? ?????. ???? ??? ???? ????? ?????-?? ????? consumer-web, ???? ????? ????? ???? ???? ?????, ??? ??????? ????? ?????????? Sanara Ventures ??????? ???? ???????? ????? ???? ?????????? ????? ???? ???. ?????, ???? ????? ???? ??? ?? ????? ??????? ?????????? RISE ????? ?????? ??????? ?????????? ??????? ?????? ?????? ????? ??????? ???????. ????? 2018 ????? ???? ?????? ????? ?????? ?? ????? ???????. ????? 2019 ????? ??????? ?????? ?? ?????? ????????? ???????? ?? ?????. ????? ???? ????? ?????? ?????? ?????? ????????? ???? (??????), ????? ??? ????? ????? ????????? (??????). ??? ?? ????? ?????? Exponential Medicine ?? Singularity University ????? 2014-2015."
???? ?????,???? ???? ???? ????? ???? ??????,"???? ??? ???? ???? ???? ????? ???? ??????. ??? ??? ??? ?????? ?? ???? ????? ??? ???? ????? ??????, ?????? ????? ?????? ????? ????? ????, ???? ?? ????? ??????. ??? ?? ??? ???? ???? ?? ????? ??????? ????, ??? ????? ??????????? ??""?, ??? ?????? ?????????? ?????? ????? ?????? ??????????, ??? ???? ?????? ???? ????""? ????? ??????? ???????? ??????? ?? ???? ??????? ????. ???? ????? ???? ??? ????? ????? ????? - ??? ?????? ????? ?????? ?????, ??? ??? ?? ???? ?????."
??? ?????,"??? ??? ???""? ???? ???????","??? ??? ??? ??? ???""? ???? ???????. ??????? ????? ??? ??? ??? ??????? ????? ?? ??? ???? ?????? ???? ????""? ???? ???????, ??????? ????? ?? ??? ????? ?? ????? ?????? ?? ?????? ?????, ????? ????? ????? ??????? ????? ???? ????? ????? ??????? ?????? ???????? ????? ?????? ??. ???? ??? ??? ???? ????""? ??????? ????????? ?????? ???? ???????? ????? ?????? ??????, ?????? ????? ????? ????? ?? ??????? ????????? ?????? ?????? ????? ??????? ?????? ?????? ????????? ??????????? ??????. ????? ????? ???? ??? ??????? ??????? ????: ??? ??? ???????? ????? ???""? ?????? ???? ?????? ????????? ??????? ?????? ???? ???? ????? ??? ????? ?????, ??? ??? ???? ???""? ????? ?????. ?????, ??? ?????? ???? ?????? ??????? ???? ????."
????? ???? ???,"???""? ????? ??????? ?????","???""? ????? ??????? ?????, ??? ????? ??? ?????, ??? ???? ????? ??????, ??? ?????? ??????? ?????? ??????."
???? ?????,??? ???? ?????? ????? ?????? ?? ???? ???,"???? ????? ?? ???? ????????? ?????? ????? ??? ???? ???? ?????. ?????? ?????? ????? ??? ?????? ???? ???? ?? ????, ?? ????? ???? ????? ?? ???? ?????? ????? ???? ??? ????. ???? 2014 ??? ???? ????? ????? ?? ??? ????, ????? ????? ????? ????. ?????? 2022 ????? ???? ?????? ??? ????? ?????? ????? ?????? ?? ????-???."
??? ????,"???""?, ???? ????","??? 15 ???? ???? ????? ?????? ????? ??????? ??????? ???????.
??? ?????? ???? ????? ????, ???? ???""? ???? ????? ???? ?????? ???? ???? ???? ??""? ?????? ???????.  
?????? ?????? ????? ?????? ?????? ?????? ??? ???????? ?? ???? ?????? ??????? ?? ????? ??? ?????? ??? ???? ????? ??? ?????. 
???? ???? ???? ??? ?????? ????? ????? ??""? ???? ??""? ????? ????? ??????? ???? ????""?."
???? ????,???? ???? ?? ???,"???? ??? ???? ???? ?????? ?? ??? ???, ??? ??. ???? ?????? ????? ??? ???? 2002 ?????? ?????? ????? ???: ???? ???? ???? ???, ???? ??????? ?? ???? ??? ???? ???? ??? ??? ????? ?????."
??? ??????,"???""? ???? BLEnergy","??? ??? ???""? ???? ????? BLEnergy. ??????? ????? ??? ??? ?????? ?? ???????? ????? ????? ?????, ????? ?? ????? ???????, ?????, ??""?, ????? ?????, ?????? ??????? ?????. ???? ?? ???? ?? ???? ??????? ??????? ?? ??? ?????? ????? ?????? ??????? ??????? ?????? ?????? ????? ??????, ????? ?????? ???? ??????? ???????? ?????? ?????. ???? ??? ???? ?? ???? ??????? ???????? ???? ???? ???????? ?????, ???? ???? ????? ?????? ??????? ?????? ?????? ???? ?????????. ???? ??? ?????? ??????? ????? ??????, ????? 2011 ???? ?? ??????? ?????? ??? ???? ?? ?????? ?????."
??? ?????,"???? ??????? ???????? ???? ?????, ?????? ??????????","??? ??? ?????? ??? ???? ????? ?????? ??????? ???????? ??????? ??????? ?? ????????? ????? ????? ?????? ????? ??????? ?????? ??????. ??????? ?????? ??? ???? ?????""? ?????? ?? ????? ????? - ?????? (??""?). ?????? ?????? ??? ????? ????? ??????? ?????? ?????? ????? ????? ?????? ????? ??????? ?????? ???????? ?????? ????? ???? ?????? ?????? ???????? ?????????? ?? ???? ??? ???? ????? ????? ????? ???????? ?????-??????. ???, ??????? ?? ??????? ???????? ?????? ??????."
?????? ???? ?????,"????""? ???? ???? ????? ??""? (?????? ???????, ??? ???????), ???? ?????? ???????? ??????","????? ??""? ????? ?? ????? ??????? ???????, ??????????, ?????????? ???? ?????? ??? ????? ?????? ???? ??????. ?????? ????? ?? ?? ???? ????? ????? ??????? ???? ????? ????? ????. ????? ????? ??? ???? ????, ????? ?????? ????? ?????? ???????? ??????, ??? ?????? ?? ?????? ?????? ??????? ??? ?????????, ??????, ????? ??????, ?? ??? ???? ?????? ?????? ????? ????? ??? ??????? ????? ??????? ???? ??????. ???? ??? ????? ?? ???? ?????? ??????? ?????? ????? ??????? ?????? ???? ???? ???????. ?????, ????? ?? ???? ????? ????? ????? ???????. ???? ?????? ?????? ????? ?????? ?????? ?????? ????????. ?????? ????????? ????? (????? ?? ?????? ???????), ???? ????? ????? ???????? ??????? ?????? ????? ????? ???? ????? ?????? ????????."
???? ?????,??????? ???????,"???? ??????? ??????? ????? ????? ?????? ?????? ???????? ???????-???????, ???? ?? ????? ????????? ??????? ?????????? ????? ?????? ????? ?? ??????? ??????? ?????? ?????? ?????? ???? ??????, ?????? ?? ????? ?????? ???? ??????? ????""??? ????? ?????? ?????? ???? ?????? ????? ?????? ?????? ???????? ????????.
???? ??????? ????? ??????? ???????? ????????? ??????"
???? ?????,"???? ????""? ???? ????? ?????? ?????? ???? ?- Cal","???? ??? ????""??? ????? ???? ?-cal. ???? ?? ????? ?????""??? ????? ???? ?????? ?????? - ???? ????, ????? ??? ????? ???""??? ????? ???? ?????? ?????, ??????? ??? ????? ?????? ??????? ?? ???? ?- 6,000 ?????? ??? ???? ????. ???? ????? ?? ????? ????? ????? ??? ?????? ??????? ?????? ?????? ????? ??????? ?????? ???????? ?????? ????? ?????? ?????? ????????. ??? ???? ????? ????? ?????? ?????? ????? ???? ?????? ??????? ?? ????? ????? ????? ?????? ??? ??????? ??. ???? ?????? ?????? ??????? ???? ???? ?????? ?????? ????? ??????? ????? ????? ???????."
??? ?????,"???? ?????, ????? ??? ?????? ?????? ?????????, ??????","??? ????? ????? ????? ?????? ??? ?????? ?????? ????????? ??????? ??? ?????? ???? ????? ???? ?????? ?????? ?????????. 
????? 2020 ??? 2022 ????? ?????? ????""? ????? ?? ????? ?????? ?????? ??????? ?????? ????? ?? ????""? ??????? ?? ?????? ??????? ?????, ????? ?????? ?????  ??????? ?? ????? ??? ????? ???????, ?????? ?????? ?????? ????? ?????????? ?????????? ????????? ?????? ??????. ???? ?? ????? ?????? ????? ???? ??????? ?????? ???? ?????? ?? ????? ??? ????? ???, ?? ???? ????? ????? ??????? ????? ????? ????? ?????.

??? ?????? ?????? ???? ????? ???? ??? ??????."
???? ?????,"???? ????""? ??? ???","???? ??? ???? ????""? ??? ???. ???? ??? ???? ????? ???? ???? ????? ??? ????? ????? ?????? ????? ????, ??? ????? ???, ???? ???? ????? ????????? ?????? ??????? ????? ??? ?????? ?????? ????? ??????????? ?? ????. ???? ??? ?? ???? ????'????? ?? ????? ??? ??? ??? ????? ????? ?? 11 ????? ????? ???????? ????? ???? ????? ??????? ??? ????? ?????????. ?????? ????? ?? ???? ??????, ????? ?????, ?.???? ?? ??????? ???????? ??????. ???? ??? ????? ?????? ??????? ????? ?????."
???? ????,"????""? ?????? ?? ?????? ???? ?????? ????? ????","???? ??? ????""? ?????? ?? ?????? ???? ?????? ????? ????. ?????? ?????? ??? ????? ?? ?????? ??? ?????? ???? ??????, ???? ?????? ???????? ?????? ????? ???????, ????????, ??????? ?????? ?????? ?? ??????? ???????? ??? ????? ?????? ????????. ???? ??? ???? ???? ???? ????? ????? ????? ????? ?????? ?? ???????? ???????? ????? ???? ???? ?? ????? ????????, ????? ??????? ????????."
???? ????,????? ????? ??? ???? ???? ????? ????? ?????,"????? ??????? ?????? ???????. 
?????? ?????? ????? ?????? ?????? ????? ?? ???? ???? ????? ????? ??????. 
????? ?????  ?????? ???????? ?????? ???????, ?????? ?????? ?????? ?????, ???? ?????? ?? ?????? ??? ???? ??????.
????? ?????? ?????? ???? ?? ??????? ?????? ?????? ????? ???????, ??????? ???? ????? ??????.
????? 2013-2022 ????? ??????? ?? ????? ???? ?????.
??6/2022 ????? ????? ??? - ?????? ??????? ?? ???? ???? ????? ????? ?? ??????."
???? ???????-??,"????? ????? ????? ???????, ???? ???????","???? ??? ??? ???? ??????, ????? ?????? ?????? ????? ??????? ?? ???? ???????. ??? ????? ????? ??????? ????? ??????? ??? ???? 2020. ???? ????? ??????? ???????? ?? ?????? ???? ?????, ????? ??????, ???? ????????, ??????? ?????? ?????? ?????? ????? ?? ????????, ?????? ?????? ????, ??? ?????? ????? ??????? ???????. ??? ????, ???? ?????? ?? ????? ???? ???? ?????? ???? ???? ????? (??? ???? ????? ???? ???? ???? ?????, ???""?-2024). ?????? ??????? ????? ???? ?????? ?? ?????? ????? ????? ?????? ?????? ?? ???? ?????? ?????, ????? ?????? ????????? ?? ???? ???????.
???? ??? 2020, ????? ???? ???? ?? ???? ???????? ????? ??????? ?????? ????? ?????? (???? ?????) ??????? ?? ?????? ????? ????? ?????? ????? ??????.
?? ??????? ?????? ??? ???? ???? ???? ????? ?????? ??? ????? ??? ??????."
"????? ??? ?""?","???""? ????? ?????","????? ??? ???""? ????? ????? ?????? ???????. ?????? ?????? ??? ???? ???? ??????? ?? ?????, ??????? ??? ????, ??? ????? ???????, ???? ?????? ????? ????? ?????? ???? ??????, ??? ???? ???? ????? ?????? ?????? ????? ?? ??????? ???????? ????????? ??? ???? ????????? ?????? ??????? ?? ????? ?? ?????????. ??? ?? ????? ???? ?????? ?????? ??? ?? ????? - ????? ???? ????? ??????? ?? ???? ?????? ???? ?????? ????? ?????-????? ???? ?????? ??????, ??????? ?????? ??????? ??????, ????????? ?????? ???????? ??????? ??????? ????? ?????. ???? ??? ??? ??? ?????? ???? ?????? ?????? ???""? ????. ????? 1986–2009 ??? ??? ????? ?????? ??????? ?????? ?????? ???""? ??""? ??????? ?????? ??? ?? ????? ???????? ????? ????? ?????? ??????. ????? ??? ?? ??? ?????? ???? ?????? ??""?, ??????? ??????? ?????? ??????."
"???? ????? ?""?",????? ????????? ???? ??????,"???? ????? ????? ????? ?????. ???????? ?????? ???????? ??????? ?-22 ???. ???? ????? ????? ??????? ??????, ?? ????? ??? ???? ?????? ???? ???? ??????? ???????? ??????? ?????? ?????. ???? ?? ????? ????????? ??????? ""?? ?????"" ??????? ????? ?? ??? ?????? ?????? ?????? ?????? ????? ????? ??????? ???? ?????? ???????? ??????."
"???? ???????? ?""?","????? ???? ????? ???? ??????? ????  ????? ???? ?????? ???""? ????? ?????? ?????","???? ????? ?? ???? ?????? ????? ??????? ????? ?????? ????, ?????? ?? ????""? ????? ????? ?????. ?????? ?????? ???????? ????? ?? ????? ??????? - ???????? ?????? ???, ????? ????? ?????? ?????? ?? ?????? ????? ?????? ????? ??? ????? ????? ????? ????? ?? ??? ???.
???? ??? ????? ????? ?????? ??????? ?????? ???? ????? ?? ???? ??????? ?????? ?????? ???? ???? ?????? ???? ???? ???? ????. ?????, ????? ???? ????? ?????? ??????? ?????? ?????? ???? ???. ??????, ????? ????? ?????? ???? ?????? ?????? ?????? ?????? ????? ????? ???????. ?? ???? ????? ?????? ??????? ??????? ????????? ???? ?????? ????? ?????? ???? ??? ???? ???? ????? ????? – ??? ??? ?? ?????."
"???? ????? ?""?",???''? ????? ????? ?????? ??????,"???? ??? ???""? ????? ????? ?? ???? ?????? - ?????? ??????. ?? ??? ??? 2023 ???? ?? ?????? ?????? ???????? ??????. ????? 2018-2021 ???? ?? ??? ?????? ?? ????. ???? 2013 ??? ??? ???? ?????? ????? ??? ???? ???? 25 ???? ?????, ???? ???? ?? ??? ???????? ????? ??? ???? ????? ??????? (???""?) ????? ?? ??? ???? ?????? ?????? ???""?. ???? ??? ???? ????????, ??? ??? 2019 ???? ?? ????? ?????? ?????? ???? ???????? ??????. ??? ????? ?????? ???????? ????? ????? ?? ????? ???????? ????????, ???????? ?? ?????? ?????? ????? ??????."
"???? ?? ??-???? ?""?","???? ?????? ????? ?????? ?????, ????","???? ????? ???? ?????? ????? ?????? ????? ?????. ???? ?? ????? ?????? ???""? ??? ????????. ????? ????""? ??? ???? ?????? ???? ?????? ??????? ?? ????? ??????? ???? ????? ?????? ???????. ?????? ?????? ???? ????? ????? ?????? ????? ??????? ???????? ??????? ??????, ????? ?????? ????????? ??????? ????? ?????? ???? ??????. ???? ??? ???? ???? ????? ??????? ?????? ??????? ????? ????????, ?????? - ????? ????? ???????? ?????? ??????, ?????? ???????? ??????? ?????? ??????? ??????, ?????? ????? ????? ????""? ??? ?????, ????? ??????? ???? ??????, ????? ????? ?????? ????."
"??? ?? ???? ?""?","????? ??? ?????????? ????, ??????","??? ???? 2019 ??? ????? ?? ??? ?????????? ???? ????? ????? ??????. ???? ??? ????? ????? ????? ?????.
??? ???? ????? ?????? ????? ?? ???? ?????? ?????? ????? Amdocs LTd ????????? ???????? ??? AT&T ? Brazil Telecom.
????? ???? ?????? ?????? ??????? ????? ?? ????? ?10 ???? ????? ?????? ??????."
???? ?? ???,??????? ????? ???????? ????,"???? ???? ??????? ????? ???????? ????. ??????? ????? ????? ?????? ??? ????? ???? ?? ????? ?????? ??????? ?? ???? ???. ???? ?? ????? ????????? ??????? ??????? ???? ??????, ???? ?????? ?????? ?? ?????? ??-???? ???. ???? ???, ????? ???? ???? ?????? ?????? ?? ???? ???????? ???????? ????? ?????? ?? ?????? ?“?-???. ?????, ???? ????? ?????? ?????? ?? ?????? ??????? ?????? ????????? ?? ?“?-??? ????? ????? ?????? ?? ????? ????? ????? ????? ??????. ???? ???, ????? ?????? ??? ?????? ???????? ?????? ????? ??“? ?????. ??? ??????? ??????????? ?? ????, ????? ???? ??????? ?????? ??????? ?????? ’?????? ????‘ - ?????? ?????? ???????? ????? ???????? ??????? ?? ?????? ????? ??-80 ??? ??? ????????. ???? ???? ??????? ?????? ???????? ?????? ????? ’????? ???‘ ?? ????? ???“? ??? ???????. ?? ?????? ????? ????? ???? ?????? ???? ?????? ????? ???? ?????? ?????? ????? ??????? ?????? ??????? ????? ?????? ???? ?????? ????."
????? ????,???? ???? ???? ??????? - ????,"????? ???? ????? ???? ???? ??????? - ????. ??? ?? ???? ???????? ????? ???? ????? ??? ??? ????? ??????? ?????, ?????? ??? ?? ?????? ??????? ???? ?????? ??????? ????????. ????? ?????? ????? ?????? ????? ??????? ???? ????? ????, ???? ???? ????? ????? ??????? ????? ????? ??????? ?????? ????? ??????. ???? 2018 ???? ????? ???? ????? ??????? ?????? ?????? ????? ????? ?????? ?????? ???? ??? ????? ????? ???? ??????? ???????? ?????? ?????? ?? ???????? ??????? ???? ?????? ????? ????????. ????? ?????? ????? ???????? ????? ?? ????? ?????? ????? ???????."
?????? ?????,????? ??? ?????? ??????? ????? ????,"?????? ??? ????? ???? ??????? ?? ???? ????. ?? ???????? ?????? ??????? ???''? ????? ?????? ???''? ???? ????, ???????? ????? ??????, ?????? ?????? ???? ??????? ????. ???????? ??????? ????? ?????? ????? ????????, ??????? ?????????. ?????? ???? ?????? ???? ??''? (?????? ?????? ????? ????????) ?????? ??????, ??? ?????, ???????? ?????? ???? ?????? ??? ?????? ??????? ?????????. ?????, ??? ???? ??????? ????? ???? ????''?, ???? ""????? ????"", ??? ????? ????????????? ?????."
???? ???,"????""? ???? ?????? ???? ??""?","???? ??? ????""? ???? ?????? ???? ??""?. ???? ??? ??? ???? ???? ???? ?????? ????? ?????. ???? ?? ??? ????? ????? - ????? ?-?????? ??? ????? ???? ????? ????? ??? ????? ?????? ??????? ?????? ???????? ??????? ????? ??????? ??????-?????, ??????? ?????? ????? ????. ????? ???? ?? ??????? ????? ????? ??????-?????, ????? ?????""? ?????? ??""? ???""?. ?? ?????? ????? ???? ???? ????? ?????? ?????? ???""?."
???? ??? ?????,????? ????? ???? ????? ?????? ???????,"???? ????? ????? ???? ?????, ????? ?????. ????? ?????? ???? ??????? ?? ???? ??????? ?????? ?????? ??????? ?????? ??????. ????? ?????? ?????? ?????? ???????? ????????. 
???? ????? ?? ??? ??????? ???? ?????? ?????? ??????????-?????? ?? ???? ??????. 
???? ????? ????? ?? ????? ?????? ????? ?????? ????? ?? ????? ????? ????? ?? ?????? ????? ?????? ????? ????? ?????? ????? ????."
???? ????,??? ???? ???? ?????? ???????? ??????,"???? ???? ?????? ?????? ??? ????, ??? ??? ???? ????? ?????? ???????? ??????. ??????? ????? ???? ???? ???? ????? ?????? ???? ????? ?? ????? ?? ?-75 ??????? ?. ???? ??? ???? ???? ???? ???? ????? ????? ?????, ???? ??? ????? ??????? ????? ???? ?????? ??????? ???????? ?????????. ??? ??? ????? ?? ????? ??? ?????? ????????? ????? ???? ?? ?-15 ??????? ?."
??????? ?????,???? ???? ???? ?? ???? gilead ?????? ??????????? ?-CAR T,"??????? ??? ???? ???? ???? ?? ???? gilead ?????? ??????????? ?-CAR T - ?????? ?????? ?????? ??????????? ??????? ????? ???? ???? ?? ??? T. ???????? 2018 ??? ?????? 2020 ???? ????? ????? ?? ????? ??? ??? ?? ??????? ??????? ?????? ????? ???????. ?????? ?? ??? ????? ?? ????? ?? ??????? ???????? ?? ????? ????? ????? ????? ??? ???? ?????? ???? ??????? ??????? ?????? ????? ?????? ????? ??????? ??????. ???? ?? ???? ?????? ???? ????? ?? ????? ?????? ???""? ????? ???????, ???? ???? ???? ??? ??????? ??????? ????? ????? ????? ?? ??? ?? ???????. ??? ?? ????? ??? ???? ??? ???? ?????? ????? ?????? ?? ??????? ???????. ??????? ??? ???? ?????????? ?? ???? ????????? ??????, ???? ????? ???????, ?????? ????? ??""? ??? ?????? ???? ?????. ??? ?? ??? ??? ???? ????? ????? ????? ?????? ????????? ?????? ?????? ????? ???? ???? ??? ???????? ??????? ????? ?????? ???????? ???????????? ??????. ???? ??? ???? ?????? ????? ??????? ?????? ???? ?????? ????? ??????? ?????? ??????? ????? ????? ????? ?????? ?????."
????? ?????,????? ???? ???? ????? ????? ????,"????? ??? ????? ???? ???? ????? ????? ????. ???? 2014 ??? ????? ?????? ????? ?????? ??????? ????????? ???? ???? ????? ?? ???????? ????? ???? ????? ???????. ?? ???? ????? ???? ?????? ?????? ???? ????? ?????? ????? ????? ?? ?????? ?? ?????? ????? ?????? ??? ??????? ???? ????? ??????? ????. ?????? ?????? ??????? ??? ????? ????? ??????? ?????? ??""? ???? ??? ???, ??????? ???? ?????? ?????? ?.?.? (????? ????? ?????). ????? ??? ?????? ???""? ""????? ????"" ???? ??????, ????? ????? ???????-??????? ???????? ???? ???? ??? ???????? ???????? ???? ????? ?????? ??? ???? ????."
???? ??????,"????? ?????? ????? ????? ????? ??????, ???? ????","???? ??? ????? ?????? ????? ????? ????? ?????? ????? ???? ????? ???? ????? ????? ??? ??? 2018. ?????? ?????? ??? ?????? ?? ????? ??????? ???????? ?????? ?????? ?????, ????? ??????? ????? ????? ??????, ????? ?? ???? ?????? ??? ???????? ???????? ?????? ??????: ??????, ??????, ??????? ?????? ?????, ?????? ??????? ?? ??????? ????????. ???? ???, ???? ?????? ??????? ???????? ???? ???? ?????? ?????? ???? ??? ????? ?????? ???????? ?????, ????? ???? ?? ??????? ??????? ???????? ???????? ?????? ?? ?????? ?????? ????? ????."
???? ???,??? ???? ?? ???? ???? ????? ???? ??????,"???? ??? ????? ?? ???? ???? ??????? ??? ?????, ??? ???? ?? ???? ???? ???? ???? ?????, ???? ??????? ???? ?????? ????? ????? ??????. ????? ???? ??? ????? ??????? ??????? ?????? ?????? ????? ????? ????? ????? ?????/??????? ????? ????? ????? ??????? ??????? ?????? ??????? ?????? ?? ??????. ????? ???? ????? ????? ?????? ????? ??? ????? ????? ????? ????? ?????? ?????? ??????????? ?? ????, ????? ?????? ?????? ???????????? ??????. ?? ??????? ???? ?????? ?? ???? ???? ??????? ??? ????? ???? ?????? ?????? ????? ??? ???? ???? ?????? ??????? ?????? ????'??? ??????. ???? ???? ???????? ???? ???? ?? ???? ???? ?? ??""?"
???? ??????,"????? ???""? ??????? ????????","???? ??? ????? ???""? (????? ??????) ??????? ????????, ?????? ????? ?-50 ??? ?????? ?????? ??????. ?????? ?????? ??? ?????? ?? ????? ???? ??????? ??? ?????? ??????? ?????: ????, ????, ?????, ?????, ?????, ??????, ?????? ????, ???? ?? ????? ????? ?????? ????????? ?????? ??? ?????? ??????? ?????? ??????. ???????? ??????? ???? ???? ????? ?????? ??????? ??????, ?????? ???????? ????? ?????? ?? ???????? ?????? ????? ?????? ??? ????? ????? ???, ???????, ??????, ?????? ???????."
??? ??????,"????""? ??? ???","??? ??? ????""? ??? ??? ??? ??? ??? 2009 ?????? ????? ?? ???? 2004. ?????? ?????? ??? ???? ?? ????? ??????? ??????, ???? ????? ??????? ??????? ?? ???? ??? ??? ?? ?? ??? ???? ??? ???, ????? ?????? ??????? ?????. ?????, ??? ???? ????""? ?????, ????? ?????? ?????? ?? ?????? ????? ????."
?? ??? ?????,????? ??? ????? ?.?. ??? ????????,"?? ??? ????? ?? ??? ????? ??.?. ??? ???????? ?????? 25 ?????? ???? ??????? - ?????, ???????? , ??????? ?????? ????? ??????. ????? ???? ??? ????? ?? ??????? ??????? ?? 360° ??? ?? ????? ????? ?? ?????? ??????, ?????, ?????? ?????? ?????? ?????? ??????. ????? ?????? ??? ????? ????? ??????? ??? ??????: ????? ??????, ????? ????, ????????? ??????? ????? ?????, ????? ????? ???????? ????????."
?????? ???????,"???? ??? ????? ?????? ???""? ?????? ????? ??""? ?????? ????? ???????","?????? ??? ???? ??? ????? ?????? ???""? ?????? ????? ??""? ?????? ????? ???????. ?????? ?????? ??? ????? ?? ????? ??????? ?????? ????, ???? ??????? ?????? ?????, ????????? ??????? ??????? ???????? ?????? ??????. ???? ??? ???? ????? ??? ????? ??""?  ?????? ???? ?????? ???? ????? ???""? ???? ???""?. ???? ?? ??? ???? ????? ?? ???? ?? ???????? - ????? ?????? ?????? ?????? ??????? ?????????? ??????? ???? ????? ????? ?? ?? ??? ????? ????? ????? ????? ???? - ?????? ????????. ?????? ??? ?? ???? ???????? ?????? ???????? ???? ???? ????????."
???? ???????,"???""? ????? ????? ????","???? 2007 (???? ?????? ????? ?????? ????? ????????) ???? ???? ????""? ??????? ????? ????? ???? – ??????? ???????, ??????? ????? ????? ?????? ??????, ?????? ?????? ??????? ?????? ??????? ???? ?????? ???? ????? ????? ????? ??????? ??????. ???? ???, ????? 2004-2003 ??? ???? ?????? ??""? ???? ????? ????? ????, ??????? ??? ???? ?? ?????? ???? - (????? – ?????? – ?????) ?????? ????? ???????? ?????????? ?????? ?""?-?""? ?""? ????? ?????? ?????? ??????? ????? ??? ?????? ????????. ???? ??? ??? ????? ?????? ?????? ?????, ??? ???? ?????? ?????? ??? ???????. ?? ?????? ????? ???? ???? ????? ?????? ?????? 13 ????? ???."
??? ?????,"????? ???? ???? ????? ??????? ?????? ??????? ???""?, ????? ?????? ??????? ????? ???? ??????? ?????? ?????","?""? ??? ????? ???? ????? ?????? ??????? ????? ???? ??????? ?????? ????? ??????? ??????? ?????. ??? ????? ?????? ?????? ????? ??????? ?????, ??????? ??????? ?????? ????? ????? ????? ?????? ????? ???""? ???? ??????? ??????? ?????? ???? ????? ???? ?????? ????? (?????). ?????? ?????? ????? ????? ????? ???? ????? ??????? ?????? ??????? ????? ??""?, ????? ???? ?????? ?? ????? ?????, ?????? ????? ?????, ?????? ???? ??? ??????? ??? ???? ?????? ????? ????? ??????? ?????? ??? ?????? ????? ?????? ????? ????? ????? ???? 2014. ??? ???? MD ?????? ???????????? ?????? ????????, MHA ?????? ?????? ?????? ??????????? ?? ?????? ?- MBA ??????????? ?? ????."
??? ???? ?????,"????? ???? ??? ??????, ?????? ?? ?????","??? ??? ????? ??????? ????? ???? ???????? ?????. ???? ?? ????? ?????? ?? ????? ???????? ???????, ????? ?????? ??????? ?????? ???????? ????? ?? ?????? ?? ??????, ?????? ??????? ???????? ???????. ???? ????? ?? ????? ?????? ???????, ????? ??? ?? ????? ??????? ?? ???? ????? ???? ????? ???????? ??????? ??????????? ?????? ??????? ????? ???????. ???? ????? ???? ?????? ????? ?????? ???? ??????? ??????? ????. ??? ??????? ????? ??? ???? ???? ???? ??? ????????? ?? ?????? ??????? ????? ???? ????? ????? ????? ???????? ?????? ???? ?????."
???? ???,"??? ????? ?????? ?????? ?????, ??? ??????, ???? ???????","???? ???? ?? ???? ????????? ????? ????? ????? ?????. ????? ?????? ????? ?????? ?????? ?? ?????? ????? ??????? (???? ??????????), ?????? ??? ????? ?????, ?????? ?????? ????? ????? ?????? ??????? ????? ???""? ?????? ?????? ?""??? ?????"". ???? ???? ?????? ""??? ?????"" ?????? ??????? ???? ???????? ?????? ?????? ?????? ??? ?? ?????? ?????? ?? ????? ???????. ???? ???? ?????? ??? ????? ??????? ??????? ??????, ?????? ????? ??? ??????? ?????? ????? ???? ??? ????? ?????? ?? ????????? ???? ?????????. ?????? ????? ????? ??????? ???? ?????? ????? ??? ?? ????? ????????.
?????? ????? ??? 600 ??????, ????? ????? ????? ???? ?? ??? 80 ???? ??. ????? ?? ????? ?????? ???? ?????? ?????? ?????? ???????? ??????? ???? ????? ?????."
???? ????,"????""? ????????, ??????? ???????? ????? ??????","???? ???? ?? ????????, ?????, ????? ???????? ?????????? ?? ???? ?????? ???????. ???? ?? ??? ???? ??? ???""? ????? ?????. ?????? ?????? ???? ??? ?????? ?????? ???????, ????? ?????? ????? ?????? ?????? ?????. ??? ???? ??? ???? ?????? ?????? ??? ??????? ???""? ???????? ????? ???????, ????? ?????? ?????, ??????? ??????? ??????, ????? ?????? ?????, ????? ????? ?????, ??????? ????? ?????? ??????? ???? ????. ?????, ???? ???? ????? ????? ?? ?????? ???????, ?????? ?????? ?????? ???? ?? ?????? ??????. ???? ??? ?????? ????? ????? ????? ????? ????? ???? ????? ?????????, ?? ??? ?????? ??????? ??????? ?? ?????? ??????? ????? ??????? ??????? ????? ?????? ??????? ???????? ?????? ???? ??????? ?????? ????? ???? ??????."
???? ?????,???? ????? ????? ?????? ??????,"???? ??? ???""? ???? ????? ????? ?????? ??????, ?????? ?????? ???????? ??????? ???????? ??????? ?????????. ?? ????? ????? ??? ???? ??? ???? ?????? ???? ?????, ???? ???? ?? ???? ????? ???? ?????? ??????? ?? ?????. ??? ???? ????? ?????? ?????? ??????? ?????? ???? ???? ???? ??????? ????????? ????? 20 ??? ???? ??""?, ???? ????????, ???? ????????? ????? ?????? ??????. ???? ?? ????? ?????? ?????? ???? ?? ?-3,000 ??????, ??? ??? ???? ?? ??????? ?????????, ??????? ????????? ?? ??????. ??? ?? ??? ????? ????? ?? ??? ???? ??? , ?????? ?????? ?????????, ?? ?? ?????? ??????."
????? ??????,"????? ??????????????, ???""?, ???? ???????","??? ???? 2022 ????? ?????? ?????????????? ?? ????? ?????? ?????.
??????? ????? ?????? ????""??? ????? ??????? ?? ????? ?????? ???. ???? ???, ????? ????? ????? ?????? ??????? ?? ????? ?????? ???. ????, ????? ???? ??????? ?? ????? ?????? ?????? ??????? ????? ??????? ???.
????' ?????? ?????? ????? ?????????? ???""? ?? ????? ?????? ?????? ??????."
??? ???,??? ??? ???? ???? ?????,"??? ??? ??? ??? ?????? ???? ?????, ????? ???? ?????? ??????? ???""? ????? ??? ????? ????. ?????? ???? ???????? ??? ????? ?????? ????? ????? ?? ?""? ???? ???, ??????? ?????? ???? ?? ????? ?? ????? ??????, ???? ?????? ?????? ???? ???????? ????? ???? ?????? ??????."
???? ?????,"????""??? ????? ?????? ?????? ??????? ????? ??????","???? ??? ????""??? ????? ?????? ?????? ??????? ????? ??????. ?????? ????? ?? ????? ?? ????? ??????? ?? ?????? ?????? ?????? ?????? ???? ??????, ??? ????? ??????????, ????? ?????? ?? ?????? ????????, ???? ??????? ??????? ?????? ??????? ?????. ???? ???? ?????? ?????? ????? ??????? ????? 2014-2019, ?????? ?? ???? ?????? ??????? ????? ?????? ???????, ??????? ???????, ?????? ????? ??????: ????? ??????, ????? ?????, ????? ????????, ????? ????, ????? ???? ??????, ????? ?????, ????? ???????? ????????? ????? ??????. ????? ?? ????? ???""? ?????? ?????? ??????, ??????? ????? ??????? ????????? ??? ????? ????? ?????? – ???""?. ?????, ????? ????? ?????? ????? ??????, ??? ????? ???? ???, ?????? ????? ?? ???? ?? ????? ??????? -""?????? ???"". ????? ????? ????? ??????? ?????? ???? ????? ????: ???? ?????? ?????? ????? ?? ????? ????""?, ???? ?????? ?????? ???? ??????? ??????, ??""? ???? ????? ???? ???? ?????? ????? ?????? ??????? ?????? ???? ???????, ??""? ?????? ?????? ?????? ??""? ?????, ???? ?????? ?????? ????? ?? ????? ???????? ????. ??? ?? ??? ???? ??? ???? ????? ????? ?? ???? ????. ?????? ?????? ?????? ????? – ??? ??? ????? ?????? ????? ?????? – ??? ??? ???? ??????? ????? ?? ?????? ????????, ????? ??????, ????? ???? ?????? ??????, ????? ?????? ?????? ??????? ???? ??? ????? ?????? ???? ???? ??? ????? ????? ?????? ?????. ???? ???? ???? ????? ??????? ?? ???? ?????? ?? ??????? ????? ???? 2015."
??? ????,"????? ????""? ??????","??? ????? ?????????, ???""? ?????? ???? ?????? ?????? ?????? ????, ??? 2010. ??? ?????? ????? ?????? ????? ???????, ???? ?????? ?????? ????? ????' ?? ??????."
???? ????,????? ?????? ????? ??????? ????????,"???? ??? ????? ?????? ????? ??????? ????????. ???? ?? ????? ?????? ??????? ?? ???? ?????? ?????????. ?????? ?????? ????? ????? ??????, ??? ?? ????? ??????? ????????, ?? ??? ?????? ?????? ???? ?????? ?????. ???? ??? ???? ???? ????? ?????? ????? ?????? (???? ?????) ????? ???????, ??????? ?????? ????? ?????? ?? ?????? ??? ?????? ??????? ????? ????? ????? ??????, ??????? ????? ??????, ???? ????? ???????? ?? ??? ????."
???? ????,"????? ??? ???""?- ?????? ??????? ??????? ??????","???? ??? ????? ???? ?????? ???????? ?????????? ??????? ??????. ??????? ????? ????? ????""??? ????????? ?? ?????? ?????? ????? ?????? ????? ?????. ???? ??? ????? ???? ????“??? ????? ??????? ?? ???? ??????? Transparency International ????? ?????? ?????? ?????? ???? ?????? ????? ????? ??????? ??????. ????? ?? ????? ???? ????""??? ??????? ?? '????? ?“? - ??? ????', ????? ?????? ?????? ?????? ????? ????? ???????? ?????? ??????? ???? ?????? ???? ?????? ????? ???????? ????????? ??????. ??????? ??, ???? ?????? ?????? ’???????? ??????- ????? ?????‘ ??? ?? ??????? ?????? ??????????? ?? ????. ???? ??????? ???? ?????? ??????? ???????? - ?????? ????? ????? ?????? ‘??????? ?? ????‘- ??????? ??????????? ??????? ?????? ?????? ????? ???? ??????? ????? ????? ??????? ’???? ????? ?“???‘ ?????? ???? ????. ???? ????? ??? ?????? ????? ???????? ?? ??? ????? ???? 2013. ?????, ????? ???? ????????, ????? ?????? ?????? ???? 2, 10 ?????? ??????."
??? ????,"??? ??""? ??? ?????? ?? ???? ??? ?????? ??? ??????","??? ??? ??? ??""? ??? ?????? ?? ???? ??? ?????? ??? ??????. ??????? ????? ??? ?????? ???? ???? ????. ???? ?? ??? ??? ????? ???? ??? ?????? ?? ????-??? ?????? ???? ??????. ???? ??? ???? ???? ??? ???? ?????? ?? ???? ?????, ????, ????? ????? ??????? ???????. ???? ??????? ????? ?????? ??????? ????? ????? ???? ????, ????? ????'. ????? ?????? ??? ???? ????????? ????? ??? ????? ?????? ????????? ????? ????? ??????. ?????, ???? ?? ????? ??? ???? – ????? ??????? ?? ?? ???? ????? ???""? ??????."
???? ????,???? ??? ????? ?????? ??? ????? - ??? ??????,???? ??? ???? ??? ????? ?????? ??? ????? - ??? ??????.
???? (????) ????,"???""? ????? ""???? ?????"" ????? ?????? ?????? ????????","???? ??? ??? ????? ????? ??????? ???????. ???? ??? ??? ???? ???? ????? ????? ???? ??? ??????? ?????? ???? ??????? ??????? ??????? ?????? ??? ????? ?????? ?? ?? ???? ???????? ????????? ????????? ??????, ??? ???? ???? ????? ?? ????? ?????, ?????? ??????????, ?????? ?????? ?????? ?????. ??? ???? ??????? ???? ??? ???? ???? ???? ?? ??? ??? ??????? ????????, ??????? ?? ???? ??? ??? ???? ??????. ?? ?????? ???? ???? ?????? ????? ?????? – ?? ?????? ????? ??? ???? ????????. ?? ?? ??? ??? ??? ???? ?? ????? ????? ????? ????? ????? ??????? ???? ????? ????? ????? ??????? ?? ??""?."
????? ???? ???,"???? ???? ???? ??""? ??????? ??????","????? ???? ???? ???? ???? ???????? ???????? ??????- ??""? ??????? ??????. ??????? ????? ??? ??? ???? ?????? ???????? ?????? ????? ??????? ????? ??????? ????? ???? ?????? ?????? ?? ???? ???????. ??????? ????? ???? ???? ???? ????????? ???? ?? ???? (?????), ???? ????????? ?????? ????? ????? ??????. ?????? ?????? ???? ?? ???? ?????? ????? ???????? ????? ????? ???? ??? ?????? ????? ?????? ????. ????? ???? ??? ??? ????? ????-????? ?????? ??????? ??? ????? ??????? ????? ?????? ???? ?????, ????? ?? ??? ??????. ?? ?? ???? ????? ???????, ????? ??? ?????? ?????? ???????? ?? ??”? ????? ??? ??????? ??????????? ?? ????. ???? ????? ?? ?????? ???????, ??? ???? ????????? ?????? ?????? ????. ????? ???? ??? ???? ????? ??-??? (??”?) ????????."
???? ???,????? ?????????? ????????? ????? ??? ???,
????? ????? ?????,????? ?? ?????? ??????? - ???? ??????,"????? ??? ????? ?? ?????? ??????? ????? ??????, ??????? ????? ???? ??? ?????? ?????? ?????? ?????? ???? ???? ?? ????. ????? ?????? ??????? ?????? ?????? ????? ?????, ???? ????????? ?????? ???? ???? ?????? ??????. ????? ?????? ?????? ?????? ?????? ??????? ????? ?????? ?????, ????? ?????? ?????? ????: ??? ?????? ??? ???? ?????? ??????, ?????? ???????? ????? ???? ???????. ??? ????? ??????? ?????? ???? ?? ????? ???????. ?? ????? ??????? ????? ?????? ?????? ????? ???? ???? ?????? ?????? ???? ??? ????? ????? ?????? ???????, ????? ?????, ????? ?????? ??????? ????????? ??????? ?????? ????? ??? ???? ?????? ?????? ????? ???""?."
???? ??,???? ????? ?????? ?????????  ????????? ?????,"???? ?????? ?????? ???? ??? ??? ?????? ????????? ????? ???? ???? ?????? ??????. ???? ?? ???? ????? ??????? ?????? ????? Cytegic, ????? ????? ?????? ????? ??????. ???? ???? ????? ????? ????? ?????? ???? ????? ???????? ?????? ?????? ????? ???? ?????. ??? ???? ?? ????? ???? ???? - ??""? ???? ??????? ?????? ??????? ??? ????? ????, ????? ??? ???? ????? ????? ?? ??????? ????? ??????? ???? ?????? ?????? ??????? ??????? ????? ??""?. ???? ???? ????? ???? ????? ????? ???? ????? ????? ????? ????? ????? ????? ?????? ????? ??????? ??????."
"????? ??""?","???""? eHealth Ventures","????? ??? ??? ?????? ????? ??????? ?????????, ???""? ????? ?-eHealth Ventures - ???? ????? ??????? ????????? ???? ?????????? ???? ????? ????. ??? ??? ?????? ?? ??? ????? ??? ?????? ?????? ??????? ??????, ????""? ???????? ?????? ????? ????????. ?? ?? ???? ????? ?????? ????? ?????, ???? MBA ?? ?????? ?????? ???????????? ??????, ????? ?????? ?????? ??????????? ?""?. ???? ????? ??? ?????? ??????? ????? BioMed ??????????? ?????? ????? ???? ???? ?????? ??????? ????? ???? ????? ????? ?????? ??????? ???????? ????? ?-HIMSS."
???? ?????,"????""??? ?????? ?????????? ??????","???? ??? ????""??? ?????? ?????????? ??????. ???? ??? ????? ?????? ??? ??""?, ??????? ??????? ?????? ??????? ????? ??????. ?????? ?????? ????? ????? ?????? ?? ?????? ????? ????? ?????? ?????? ?????? ???, ?????? ?????, ?????? ??????? ?????? ?????? ????? ????????, ??????? ?????????? ?????? ??????. ???? ????? ???? ?????? ????? ????? ?? ??????? ????? ????? - ????? ????? ??????, ????? ??- 700 ??? ??? ????? ????, ?????? ????? ????, ?????, ?????? ????? ??""? ???????."
??? ????,?????? ?????? ????? ????? - ?????? ????,"??? ??? ????? ????? ?????? ?????? ??????? ?????. ??????? ????? ????? ????? ????? ?????? ?????? ??????? ??????. ?????? ?????? ????? ????? ?????? ?? ?????? ?????, ?????? ??????? ?????? ?????? ?????? ???? ????? ????? ??????? ??????? ???????? ???? ??? ?? ????? ???? ??? ???? ??????? ?????? ???? ???? ?? 21 ????? ???? ??????? ????? ????? ??????. ???? ????? ??? ????? ????? ????-????? ??????? ?? ?????? ?????? ?????? ??????? ????."
????? ????,????? ??? ????? ????? ????,"????? ??? ????? ??? ??????????? ?? ?? ????? ????? ???? ???? 2018. ?????? ?????? ??? ????? ?? ????? ???????? ???????, ????? ??????, ?????? ???????, ????? ?????? ????? ????? ?? ???? ????? ??? ??????? ?????????. ???? ??? ????? ????? ????""??? ????? ???? ????? ??? ?????? ??""? ?????? ???? ????? ???????. ???? ??? ???? ?????? ???????? ?????? ????? ?????? ????????, ??????? ?????? ????? ?? ????  ????? ??????? ???-?????? ?????? ??????."
???? ?'???,?????? ????? ?????? ?????? ????? ?????? ?????? ??? ???,"???? ??? ?????? ????? ?????? ?????? ????? ?????? ?????? ??? ???. ???? ?? ????? ???? ??? ????? ????, ????? ?????? ??????? ????? ??""? ????? ??? ????? ?? ????? ?????? ?????? ??????? ????????? ???? ?????. ???? ?? ????? ??????? ????? ??????? ????? ??????, ????? ???????, ?????? ???? ?????? ????? ???? ??? ?? ?????. ???? ????  ??????? ???????? ?? ???? ?????? ????? ?????? ?????? ????? ?? ???????? ??????. ??? ?????? ???? ???? ?????? ?????? ?????? ?? ???? ??????? ?????? ?????."
????? ?'????,"????? ?????? ?????? ???? ???, ???? ???? ????? ??????","????? ??? ??????? ?????? ???????. ???? ???? ???? ????? ??????, ????? ?????? ?????? ?? ?????? ??????????, ?? ??????? ???? ?????? ??? ?? ????? ????? ?? ????? ????? ????? ???? ???? ?????? ???? ?????? ???? ??? ??????? ??????. ???? ???? ???? ???? ?? ???? ????? ????? ?????? ?? ""????"" ??? ???? ???, ???? ???? ??????? ???? ???? ????, ?????? ????? ?????? ??????? ????, ???? ????? ????? ???? ???? ???? ????? ???? ?????? ??? ?? ??? ??????, ???? ?????? ????? ????? ????? ?????? ?????? ?? ???? ???? ??? ????? ??????? ?????, ????? ?????? ?? ????? ????? ??????? ???? ??? ????????, ???? ????? ??????? ????? ???? ??? ??? ????? ????? ?????? ??? ??????. ????? ???? ????? ???????? ??????? ???? ??? ???? ???? ?????? ???? ?????? ??? ??????. ????? ????? ???? ????? ??? ??????, ???? ???? ?? ???? ???? ??? ??????? ?????, ??? ?????? ???? ???, ?????? ?????? ???? ????? ?? ?? ???????? ???????? ????????? ?? ?????? ???? ???? ????-6 ?'. ?????? ?? ????? ?????? ???????? ?? ?????, ????? ?????? ?????? ????? ?????? ?? ?? ?????? ?????? ?????. ???? ??? ????? ?????? ?????? ????? ????, ???? ??????, ?????? ?? ????? ??????? ????? ?????? ???? ??????? ????? ??????, ?????? ?????? ????? ?????? ??????? ???????? ??? ????? ??????? ?? ??? ??????? ???? ??????."
????? ?'????,???? ????? ???? ?????? ???????,"????? ??? ???? ????? ???? ?????? ???????. ???? ??? ??? ??? ??????? ???? ?????? ??? ????? ????? - ????? ????? ????? ?????? ?????????, ?????? ?????? ??????? ??????? ???????, ???????? ???????? ?????? ????? ?????, ????? ?????? ?????? ?????? ?????? ?????? ?????? ????? ?????? ??? ????? ??????. ???? ?? ??? ??? ?????? ????? ??'??? ??? ????? ???? 2006 ?????? ??????? ??? ????? ????????, ????? ?????? ?????? ?????? ?-?' ??? ?'. ???? ?????? ?? ??????? ??? ??????? ????? ??? ???? ????? ??????? ?????? ????? ???? 2018."
????' ?'?????,"????? ??????? ???????, ????? ???","????? ????????, ??? ????? 2009-2016 ????? ?????? ??????? ?????? ???????? ??????? ?????? ?????? ????. ??? ???? ????? ???""? ?????, ???? ???? ??? ???, ??""? ?????, ????? ???? ???, ??""? ???? ???? ???? ??? ????. ??? ????? 2016-2020 ????? ???? ????, ???? ???? ?????? ?????? ?????? ?????? ?????? ???????? ???????? ?????? ??????? ???? ????. ??? ????? 2020 ??? ???? ????? ???? ???? ?????? ?????? ????? ?????. ??? ????? 2022- ??? ???? ????? ??????? ??????? ?????? ???."
???? ?'?????,????? ????? ???? ???????? ???????,"???? ????? ?????? ??????? ????? ??????? ??????? ??????? ?????? ?????? ""????"", ????? ?????? ??? ???? ?????? ???????. ????? ???? ????? ?????? ?? ???? ???? ????? ?????? ???????? ?????? ?? ???????.
???? ????? ?????? ????? ????? ?????? ???? ???? ?????? ?????? ?????? ??????, ????? ?????? ????? ?????? ?????, ??????? ?????? ?????? ????? ???""? ??????, ?????? ???? ????? ????? ????. ?????? ?????? ?????? ??? ????? ????? ???? ?????? ?????, ????? ???? ???? ???, ?????? ?????? ??????? ????? ??????? ????????? ????????? ?? ????? ""?????""- ?????, ??????? ????? ""?????""- ??????, ????? ?????? ???? ??? ?????? ???? ????? ???????? ???????????."
???? ???',"???? ????? ????? ??? ?????? ????? ??????????- ?????? ??????? ???, ???? ????, ?????","???? ??????????? ??????? ???? 2004. ??? ?? ???? ???????? ?????? ???? 2009, ??? ?? ??? ????? ?????? ??????? ???? ????? ???????, ????? ????, ????? ??????? ???, ????? ????? ??? ?????? ???. ???? ??? ????????? ???????? ????????? ???? ??????? ??????.
????, ???? ???? ?? ????? ????? ??? ?????? ????? ??????????, ????? ???? ????? ????? ??????? ?????? ?????.

???? ??? ??????? ???????? ??? ???? ??????? ?????? ??????? ??????? ????? ??????, ?????????? ???????? ??????? ???. ??? ??, ???? ?????? ?????? ??????? ?????? ???? 2021.

????, ???? ???? ????? ????? ??????? ????? ???????- ?????????? ?????? ??????  ??????? ??????? ???????? ??????????? ?????? ???? ???? ??????? ????? ????- ????."
????? ?????,????? ????? ????? ???? ????? ???? ??????,"????? ??? ????? ?? ?????? ?????? ????? ??????. ??? ???? ?????? ?? 25 ???? ?????? ??????. ??? ?????? ????? ????? ?? ?? ???????? ???? ???? ??????, ????, ???? ????, ??? ??????? ??? ?????. ????? ?? ?????? ????? ??????? ????? ????, ??????? ?????? ???????, ???? ??? ??????. ????? ??? ??? ?????? ??????? ??????? ?? ???????? ??????? ?????? ???? ????? ????? ??????????? ???? ????? ?? ?????? ??????? ?????? ???? ?????? ?????? ????? ???? ???. ???? ????, ???? ?????? ???? ????? ????? ?? ????? ????? ?????? ?????? ?????? ?? Wallace foundation, ????????, ??????? ?????, ????? ??? ??????? ?? ?? ????? ???? ?????? ??????? ?? ??????? ??????. ????? ????? ?? ?????? (??????? ?????? ?????), ????? ??????? ???? ?????? ????? ???????? ???? ?? ?????? ????? ????? ?? ???????? ????? ??????, ??? ????? ??? ????? ???????? ????????."
????? ???? ????,????? ??? ?' ????? ???? ????? ??????,"????? ??? ????? ??? ?' ????? ???? ????? ??????, ???? ????? ?? ??? ???? ????? ??????? ?????? ????. ?????? ?? ?????? ?????, ???? 2009 ??? ?????? 150 ??????? ????? ?????? ?? 7,711 ??????? ?????? ?-?""?. ???? 2013 ??? ????? ?-""Leaders"" ????? Young Global - ????? ??????? ?????? ?????? ?????? ?????? (WEF), ?????? ????? ????? ?????? ???????? ????? ?????. ???? 2012 ????? ?????? ?????? ??????? ???????? ?? ????? ??-???? ????? ??????? ?????? ???????? ????? ?????? ?? ????? ????. ???? ??? ???? ??????? ????? ?????? ???? ???? ?????? ????? ????. ?? ???? ???????? ???? ????? ????? ??????, ??????, ????? ???? ?????? ?????? ???? ????"
??????? ????,"????""? ???????? ??????? ??????? Acadyium","??????? ???? ?????""? ??????? ??????? ??????? ?????? ""??????"" ????? ?????? ??????? ?????? ????????? ?????? ???? ?????? ?????? ??????. ??????? 2025 ??? ????? 2026 ???? ???? ????? ????? ????? ????? ?????? ???? ?????? ?.?.?.? ????- ?????? ??????? ?? ???""? ????-??????, ???""? ?????? ?????? ???? ????. ??? ????? 2021 - 2024 ???? ????""? ?????? ??????? ?????. ??????? 2010 ??? ???? 2020 ???? ??????? ????? ???? ????? ?????-????? ????? ??? ?????? ?????? ??????? ?????. ???? ?????? ?????? ??? ?????? ?????? ?????? ?????? ?????-????? ???? ????? ??????, ??? ????? ?????? ??????? ????????, ????? ???? ???? ????? (?????) ?????? ?????? ?????? ????? ??????? ???????. ???? ??? ???? ????? ????? ?????? ??????? ?????? ?????? ??????? ??? ???? ????? ??????? ?????????? ?? ?????? ???? ??????? ??????? ???."
???? ??-???? ????,"???? ??????, ???? ????, ?????? ?????? ?????","????? ???????? ??? 15 ????. ???? ????? ???? ???""? ????? ????? ????????? ?????? ?????? ????? ??????? ?????? ?????. ????? ?????? ???? ?-13 ????. ????? ???????? ????? ???""? ????? ??????? ??????? ???????- ????? ???????, ?????? ?????, ????? ??? ???????? ????. ?????? ?? ???? ?????? ?????? ????? ????? ??? ?????? ??????. ????? ????? ?????? ????????? ??????? ?????. ????? ?????? ????? ??????? ????? ????? ?? ???? ????? ?????/?. ???? ?????? ???? ????? ?????? ??????, ??""? ??????, ????? ????. ?????? ?????? ?????? ?? ?????? ??""? ??????? ???? ??????? ??????? ?????? ???????, ???? ???? ????? ???? ????. ??? ?? ????? ?? ???? ????? ????? ????? ?????."
???? ???,????? ?????? ??????? ??? ?????,"???? ???? ?????? ?????? ??????? ??? ?????. ????? ???? ???? ????""? ?????? ??????? ????? ???? ?????. ???? ??? ???? ????? ???? ????? ???? ?? ????? ????????? ???????? ????""? ??? ?????."
????? ?? ???? (??? ??????),????? ?????? ??? ??? ????? ???? ??????? ?????? ?????,"?""? ????? ??? ??? ????? ?????? ??? ??? ????? ???? ??????? ?????? ?????, ?? ??? 2023 ????? ????? ???? ????? ?????? ????? ???? ??????? ?????? ?????. ????? 2015 ??? ????? ????? ???? ????? ?????? ???????????? ?????? ??????? ?? ?????? ?????? ??????? ???? ??????. ???? ?? ??? ????? ?????? ?????? ??????? ?? ?????? ?????? ????? ????? ??????? ??????? ?????? ????? ?? ???? ?????? ?????? ??????? ??????? ????? ??? ???? ???????? ?????? ???????? ?????? ?????? ???? ?????? ?????. ???? ??? ????? ???? ??? ???? ????? ????? ?????? ?? ?????, ????? ????? ????? ?? ?????? ????? ????? ?? ?????. ????? ?????? ?????? ????? ??????? ?????. ?? ??????? ????? ???? ?????? ?????? ??????? ????????, ?????, ????? ???? ????? ?????? ??? ?????? ?????? ?????, ??? ?? ?????' ?????? ??? ????? ???????."
??????? ??'???,????? ???? ???????,"??????? ??? ????? ???? ???????. ??? ???? ?????? ?????? ??????? ?-15 ????? ????????: ?????????? ???????, ????? ?????? ??????? ?????? ??????? ???????? ????? ??? ??????? ???????? ????????? ???? ???""? ??? ???? ???????? ?? ????."
???? ????,"???? ????? ????????? ??????? ????? ?????? ???????? ???""?","???? ??? ???? ????? ????????? ??????? ????? ?????? ???????? ???""?. ??? ???? ?????? ?? ?????? ??????? ??????? ????????? ?????? ??????, ?????, ????? ??????. ?????? ?????? ????? ?????? ?????? ?????? ?????? ?????????? ???????? ???????? ????? ????? ????? ?????? ??????? ????????? ????????-?????? ?????? ???????, ?????? ??????? ????? ?????, ?????? ???????, ?????? ??????? ?????, ?????? ???? ???????? ?????, ?????? ????? ?????? ?? ?? ????? ?????? ????????? ?????????. ???????? ??????? ?? ?????? ????? ?? ?????? ???? ?????? ??????, ???? ??? ????? ????? ??? ????? ???????, ???????, ?????? ????????? ?????? ???? ???????? ?????? ?????. ?????? ?????? ????? ????? ???? ?? ????? ??????? ????? ??????, ???? ????? ??????? ??????? ??? ??????? ?????????, ??????? ?????? ?????? ???? ?????? ????????? ?????? ??????? ??????? ?????? ??? ?????. ?????, ????? ?????? ?? ??????? ??????? ?? ????? ????? ??? ??????? ?????? ??????? ??????? ?????, ????????? ?????? ????? ?????? ?????, ????, ????? ?????????."
???? ????,"???""? ??-?????? - ??????? ?????? ?????? ????? ??????","???? ??? ???""? ?? ?????? - ??????? ?????? ?????? ????? ??????. ?????? ?????? ??? ????? ?? ??????? ??? ???????? ?? ??? ????? ??????? ????- ???????? ?????? ????? ?????? ????? ??????, ????? ?? ????? ????? ?????? ?????? ????? ?? ????????? ????? ????? ?????? ???? ?????. ???? ??? ??? ?????? ?? ?????? ????? ??????? ??????? ?????? ????? ????? ??????? ?????."
???? ???,????? ?????? ???? ?????? ??????,"???? ??? ????? ?????? ???? ?????? ???????????? ??????. ???? ??, ???? ???? ????, ????? ?????? ????? ?????? ???? ??????, ????? ??? ????? ?????? ????? ????? ?????????? ??????? ???? ?? ??? ?????? ???? ??? ????."
???? ????,"?????,  ??? ???? ?????? ?????? ??.?.?.?. ????","?????? ?? ?????? ?????? ??? ???? ?????? ?????? ???? ???????? 2020, ???? ?? ???? ???? ?????? ???? ?????? ?????? ??????? ??? ????? ??????? ???? ??.?. ??? ???? ??????, ??? ?? ????  ?????? ?????? ???????  ?? ???? ?????? ??? ????? ?????? ?????. ??j??? ???? ???????? ???? ????? ????""? ????? ?????? ?????  ????? ????""?  ?????? ??? ???."
??? ???,??? ????? ????? ??????,"??? ???? ?? ??? ?????? ???? ?????. ???? ?? ???? ?? ?????? ??????-????, ?????? ???? ?????? ?????? ?????? ??????? ??? ?????, ??????? ?????? ???????. ???? ??? ???? ?? ??? ???? ???????? ?”? ??? ????????, ??? ???? ????? ??? ????? ????? ????? ?????? ???? ???? ?????? ?????, ????? ?? ????? ??? ???? ????? ???? ????. ??? ??? ?? ???? ???????? ????? ?????? ???? ???? ????? ???? ????????, ?????? ?????? ??????? ????? ????? ????? ???? ??????? ?????? ????? ????? ?? ?????? ???? ????? ???????? ???????, ????? ?????. ???? ???? ???? ????? ????? ?????? ???? ?????? ???? ?? ????? ??? ???? ?????? ????? ?????? ???????, ????? ???????."
???? ???'????,"??? ???? ?????? ??""?","???? ??? ??? ???? ?????? ??""?. ??????? ????? ???? ?? ?????? ??????? ??????? ?? ???????????'. ???? ?? ??? ??? ?????? ????? ????? ???? ????? ????? ????? ???. ????? 2018-2016 ???? ?????? ???""? ?????? - ???? ?????? ?????? ?????? ??????? ????? ??????, ??????? ???’????? ??? ??? 2016. ??? ???? ????? ??? ???? ????? ?????? ?????? ????? ?????? ????? ?? ??? ??????, ????? ??????? ?????? ??????? ?????? ?????? ?????? ??????. ?????? ???? ?????? 21 ????? ???? – ????? ????? ??????? ??????? ??? ????. ????? 2013-2008 ???? ???? ?????? ??????? ??? ???????, ???? ??? 2014 ??? ??? ?????????? ?????? ????????. ????? 2008-1997 ???? ????? ?? ?????? ??????? ????????? ???? ????? ???? ??????, ?????? 2015-2014 ??? ????? ?????? ????? ?? ?????? ?????? ?????? ????? ????? ???? ??????. ???? ??? ??? ?????? ???? ??????. ??? ??? ?? ???? ????? ?????? ?????????? ?????? ??? ???????, ????? ??? ???? ???? ?? ???? ???? ?????? ?????? ??????? ??? ?????? ????? ???? ?????? ???? ?????? ?????? ????? ?????. ???? ??? ???? ???? ??????? ??????? ??????."
???? ????,???? ????? ???????,"???? ???? ???? ????? ???????.
???? ???? ???? ??????, ???? ???? ?????? ???????? ?????? ????? ???????, ????? ?????? ?????? ????? - ???? ???""? ???? ????? ????? ?????? ?????? ????? ????????? ??????? ?????? ????? ???? ?????? ???????, ?????""? ????? ?? ??? ????? ???????? ?????? ??????""? ????? ?? ???? ?????? ?????? ???? ????. ?? ???? ???????? ??? ?????? ???? ???? ????? ????? ?????, ????? ????? ????? ???? ??????, ???? ??? ???? ?? ??? ??????????? ?? ??????, ???????? ?????? ???? ???? ?? ???? ????? ?????????. ???????? ?????? ????? ??????? ????????? ?????? ???? ??????, ????? ??????, ?????, ?????, ??????, ???? ??????, ????? ?????? ????.
???? ??? ?????? ?????? ???????? ???????, ??????? ????? ???????? ??????? ??????? ??????? ??????, ???????? ??????? ?????????? ??????? ?????, ???? ???????, ??????? ???? ??????.  
???? ??? ???? ????? ??????, ???? ??? ?????? ?????, ???? ??? ???? ??????? ???? ????? ???? ??? ?????."
??? ????,"???""??? ??????? ?????? ???????","???? ???""??? ??????? ?????? ??????? 
????? ???? ????""??? ????? ???? ??????? , ?????? ?????? ???? ?????? ?? ????? ?????? ?? ??? ??????, ??""? 400 ??????."
????? ??????,"???""? ???? ?????? ?????? ?????? ?????","????? ??? ???""? ???? ????? ?????? ?????? ?????. ???? ?? ???? ?????""? ????? ????? Babcom Centers. ?????? ?????? ????? ??? ????? ?????? ????? ?? ????? ????? ?-2000 ?????? ?-120 ??????, ????? ?????? ?????, ????? ?????? ???? ?????? ????????? ?????? ????????? ??????. ????? ???? ???? ????? ????? ?????? ??????? ?????? ????? ????? ???? ???????. ???? ??? ???? ????? ??????? ?????? ?????? ????? ?????. ??????? ??????? ????? ???? ????? ????? ???? ????? ???. ????? ???? ??????, ???? ?????? ?????? ?????? ???????? ????? ?????? ??????? ??????? ????? ?????? ?????."
???? ?????,????? ???? ????? ?????? ?????,"???? ??? ????? ???? ??? ?????? ????? ???? ????? ?? ?????? ?????? ??????? ???? ????? ???""?."
????? ?? ???,"????? ?? ?????? ???????, ???? ???? ???, ???? ??????","????? ?? ?????? ???""? ???? ?""?, ???? ??????.
??????? ??????: ?????? ????? ?????? ?????? ????? ??""?
???? ????? ????? ??""? ??????????? ??-????"
??? ????,????? ????? ??????????? ?????? ???????? ????? ??????? ??????,"??? ??? ????? ????? ??????????? ?????? ???????? ????? ??????? ??????. ???? ?? ????? ?????? ??? ??? ????? ?????? ????? ?????? ????? ???????? ????? 2022-2017. ?????? ?????? ??? ????? ??????????? ???????? ?????? ????? ??????, ????? ????????, ?????, ?????? ?????? ??? ???????, ?????? ?? ??????? ??????? ?????? ??? ???????, ????? ???????? ?? ??????????? ???????? ??????, ?????? ??????, ??????? ?? ????? ?????? ?????? ???????? ????? IL. ?? ???? ???? ??????? ?????? ?????? ????? ???????? ????? ?????? ????? ??????? ???, ????? ??? ?? ????? ?? ???????????? ????????? ?????? ???????, ????? ??????????. ???????? ??????? ????? ??? ??? ???? ???? ??'???? ????, ????? ?????? ?? ??????? ?????? ???????? ???????? ?????? ?????? ??????, ????? ????""??? ????? ????? ????? ??????? ???????? ??????? ???????."
??? ???? ????,????? ????? ???? ??? ????,"??? ??? ????? ????? ???? ??? ???? ?????? ?? ????? ?????? ?????? ?????? ???????? ?????? ?? ?????? ???? ????. ???? 2017 ????? ?? ?????? ????????? ?????? ??????? ?? ????? ?????? ???????? ???? ?????? ??????? ?????. ???? 2012 ????? ?? ?????? ?????? ?????? ??????? ????? ???? ???????? ??????? ?????????? ?????? ??????????, ??? ?????? ????? – ????? ???????? ????? ?????? ????? ???????? ?????????? ?????? ????? ????? ????????? ?????? ????????. ???? ????? ??? ?????? ??????? ?????????? ????? ????? ???????? ???? ???? ?????? ????? ?????? ????? ????? ???? ????????."
???? ????,????? ???? ???????? - ????? ???? ?????? ???? ???? ?????,"???? ??? ????? ???? ?????? ???? ?????? ?????? ??????? ??? ??? 2014. ?????? ?????? ??? ???? ?? ??? ??????, ????? ???? ??????: ???, ????, ????? ?????? ?????. ??????? ????? ??? ??????? ???? ???? ???? ????? ????? ?????? ????? ?????? ?????? ???? ????? ???? ??????? ?????? ??? ????? ?? ????? ?? ?????? ??? ??????? ??????, ????? ?????, ????? ?????? ?????? ?? ?????? ???? ???? ?????, ????? ????? ???""???. ????? 2009–2012 ???? ?? ????? ??????? ?? ????? ???? ??-15 ??????? ??????? ???????? ????? ?????? ????? ???? ?????? ?? ??? ?????? ?????. ???? ????? ?? ???? ???????? ?????? ????? ?????? ?? ???? ????? ?????? ????? ??????? ??????."
???? ?? ?????,"????? ????“? ?? ???? ”?? ????? ???????????‘“ ????????, ?????? ?????? ??????","??""?, ?????? ??????? ????????? ?????? ??????? ??????. ???? ???? ?? ???? ????? ?? ??????? ?????? ???????? ???? ???? ?????? ?????????. ??? ???? ????? ??????? ??????????? ?? ???? (?????? ????? ??????? ?? ???? ???????) ????? ??? ????????? ???????? ??????? ??????????? ?? ???? .???? ???? ??? ?????? ????? ????? ???? ?????? ??????? ?????? ??? ??????? ???????? ??????????? ?????. ???? ???? ?????, ??????  ""???? ?? ??????"" – ?????? ?? ????? ????? ?????? (????? ????? -????) ???? 2023 ????? ???? ""????? ??????"" (?????? ???-??? ). ???? ??? ???? ???????? ????? ?????? ???? ?????."
???? ????? – ?? ?????,????? ?????? ?????? ???? ??????,"???? ??? ????? ?????? ?????? ???? ??????. ??? ????? ?????? ?? ???? ?????? ??????? ???? ??????, ??????? ????? ????? ???""??? ???? ???????."
???? ?? ?????,???? ????? ??????? ????????? ????? ?????? ????? ???????,"???? ???? ?? ????? ???????? ????????? ?????? ?????? ????? ??????? ?????? ????. ??????? ????? ??? ???? ?? ?? ????? ????????, ??????? ?? ????????? ??????? ??????????  ????? ???????? ???????? ??????, ??????? ???????? ?????? ???? ???????? ????? ????, ????????? ???????? ???????? ??????. ???? ?? ??? ???? ?? ??? ??? ???? ???-?????? ????? ????? ????, ??? ??? ???? ?????? ?? ????? ????? ??????. ???? ???? ?????? ?????? ?????? ????? ???? ""????? ???????"" ?????? ???? ????? ????. ??? ??? ???? ?????? ?????? ???????? ?????? ????? ??? ???????? ????? ???? ?????? ????? ????? ?????? ?????? ??????????? ??????. ???? ???? ?????? ??? ??? ?????? ?????? ???????? ????? ??????."
??? ?????,????? ?????? ????? ?????? ??????? ?????? ???? ???????????,"??? ??? ????? ?????? ????? ?????? ??????? ?????? ???? ???????????. ??????? ????? ???? ???? ????? ???? ?????? ??????? ??????? ?????? ????? ??????-????? ?????? ?????? ????? ???????. ?????? ???? ??? ????? ????? ?? ?????? ??????? ?? ????? ???? ?????? ?????? ?????? ???? ????? ??????? ??????? ???????, ??? ?? ?????? ????? ?????? ??????. ???? ??? ???? ???? ??? ???? ????? ????? ?? ?????? ??????? ?????? ??????? ???????? ??? ?????? ?????? ?????? ??????, ????? ?? ???? ??? ??????? ?????? ???""??? ????????? ??????."
??? ???,"???? ???? ??? ????? ??""? ????, ????? ????? ????? ???????? ???? ????? ????? ???? ????? ?????? ?? ?? ??????","??? ??? ???? ???? ???? ??? ????? ???- ????? ??????. ??? ???""? ???? 26 ???? ?????, ?????? ????? ?????? ??? ???""? ?????? (35). ?? ?????? ????? ??? ??? ????? ????? ????? ?? ??""?. ???? ????? ?? ????? ?????? ???""?. ???? ?????? ???""? ??? ?????? ??????, ???? ?? ???? ?????? ?????? ????? ????."
???? ????,????? ?????? ????,"???? ??? ???? ???? ???? ????? ????""???, ???? ??? ???? ????""? ???? ?????? ???????. ???? ??, ?????? ?????? ????? ????, ??? ????? ?? ?????? ??????? ????????? ?? ????? ??????? ????????? ?-34 ??????? ??????? ????? ????? - ????, ????? ??????? ???????. ???? ??? ??? ???? ???? 15 ???? ?? ????? ??????? ?????, ??????? ?? ???? ?????? ???? ?????? ???? ???, ?????, ??????, ??????? ???????? ????? ????? ????? ?????. ????? ?????, ???? ????? ?????? ??????? ????? ????? ?????? ???? ???? ????? ????? ??? ??????? ????? (?""?), ??????? ?????? ?????? ????? ????? ????? ????? ??????? ???? ????""?."
????? ????,"???""? ???? ???","????? ??? ???""? ???? ??? ??????. ??????? ????? ?? ??? ?? ??? ?????? ??????? ?????? ??????? ???????????, ???? BBC ??????, World Service ?-Sky News. ???????, ???? ?? ???????? ??? ?-SOAS, ?????????? ??????."
???? ????,"Managing Director, Wix Ventures","???? ??? ???? ???? ?????? ???? ?? ???? Wix. ??? ?? ??? ??? ????? ????????? ?? MIT DesignX, ????? ??? ???? ????? ?????? Wix Creators of Tomorrow, ??????? ??????? ??? ???? ??? ????? ????? ????? ?????? ???????. ???? ??, ??? ????? ?? ??????? ??????? ?????? ???? ????? ????? ??????? ???? ????? ?????? ?????? ??????? ??????? ????? ?? ????????? ??????? – ????? ????? ?????? ????? ????? ???????????? ?? ????. ?? ???? ???????? ??????? ????? ????? ????? ????? ???? ????? ???? ?????? ??????""?."
????? ????,??????? ????? ???? ??????,"??? ????? ???? ??? ???""??? ????? ????? ???? ??????, ?????? ?????? ???? ????????? ?????? ???? (??????, ????????? ????) ???? ??????? ????? ?????. ?? ??????? ?????? ????? ???? ??????, ??? ?????? ?????, ???????, ??? ?????? ???????, ???? ????, ?????, ??? ??? ???? ???????? ???? ?????? ??????, ??????? ????? ??? ???? ???? ?????? ????? ??????? ??? ????? ????????? ?????? ??????, ?????? ??????? ????.
????? ???? ?????????? ?????? ??? ??????? ??????? ?? ???? ????? ????? ?????? ??????? ??????? ???? ??????????? ????? ?????."
???? ??? ????,???? ??? ??????? ????? ?????? ???????,"???? ??? ???? ??? ??????? ????? ?????? ???????. ??????? ????? ?? ????? ?????? ?????? ????? ???????? ??????? ???????? ????? ?????. ????? ??????? ???? ???? ????? ??????, ???????, ??'????? ???????? ?? ??? ????? ?????, ?????, ???? ?????? ????, ????? ?????? ????? ?????? ????? ??????? ????."
????? ????,"????""? ????? ???? ????? ??????? ????""? - ????? ??????? ??????? ????","????? ??? ????""? ????? ???? ????? ??????? ?? ??? ?????? ???""? ???? 2015. ?????? ???? ??? ?????? ??????? ????? ?????? ???? ????? ???????? ?????? ???? ?????? ??? ?????? ????????. ????? ??????? ?????? ??? ????? ???? ????? ???? ????? ?????? ????? ??? ?????? ??? ????? ?????? ???????, ?????? ???? ?????."
???? ??? ????,"????? ???? ???? ??????? ????? ?????? ???? ?????? ??????? ?????? ??? ?????, ???? ??????","???? ????? ???? ??? ??? ???? ?????? ??????? ?????? ?""?, ???? ??????. ??? ????? ???? ????? ?????? ???? ????? ???????, ???' ?? ????. ????? ????? ???? ?????? ?????? ?????????. ????? ?????? ??? ??? ????? 2007-2016 ?????? ????? ?""?, ?????? ?? ???? ?????? ?????? ??????? ?????? ????. ??????? ?????? ???""? ????? ???""? ??? ???? ?????? ????? ??""? ????????. ????? ???? ?????? ??????? ??????? ??????? ???????? ??? ???? ???? ?????? ?????? ???????? ?????? ????? ?????? ????? ????? ?????? ??????? ????? ?? ???? ??????? ????????? ???? ????? ?????? ?""? ?????? ?????? ?????? ?????."
???? ??????,"????? ??? ????? ????? ????? ????""???","???? ????? ?? ?????? ??????? ????? ????""???. ???? ?? ????? ?????? ?????? ?.?.?.? ??????. ???? ??? ????? ???? ???? ?????? ????????-??????? ?????? ??????? ?????? ?????? ?????? ??????? ??????. ?????? ?????? ????? ?????? ?? ?????? ???????? ?? ????? ????????. ??????, ????? ????? ????? ?? ????? ??????? ???????? ???? ?????? ????? ??????. ???? ?????? ?? ?????? ???????? ??? ???????? ??????? ???????? ?????? ???? ??? ?????? ?? ???? ????? ?????? ???""? - ????? ????? ??????."
??? ????,"???""? ????? ?????? ??.?.?.? ??????","????' ??? ???? ??? ???""? ????? ?????? ??.?.?.? ?????? ????? ??? ???? 2017. ??????, ????? ???? ????? ???? ????? ????? ????? ???? ????? ???""? ????? ????? ???? ?? ????? ?????? ?????? ?????? ?????, ????? ????? ?????? ????. ??? ????? ?????? ?????? ??????? ???? ?????? ????' ??? ????? ??????? ?????? ?""? ??????? ??????????? ??-????, ?????? ??? ???? ?????? ???? ????, ????? ??????? ???????? ??????? ?????? ???????. ???? ??? ??????? ??????? ??'?????? ???????? ????? ????? ????? ????? ??????????. ??? ??, ??? ???? ???? ??????? ??????????, ?????? ?????? ?????? ?? ???? ??????? ??????? ??????. ??? ????? ?? ????? ?????' ????????? ???""? ???""? ????? ???? ?? ?? ??? ???????? ?????? ????? ?????? ?????. ??? ?? ????? ??????? ?? ?????? ????? ??????????? ?????, ???""?. ??? ??? ???? ??????????? ?????? ???????? (MD), ?????? ??????????? ??? ????? ?????? ???????? ???? ?????? ?????? ???????."
???? ???????,"???""? ????? ???????? ""??? ??????"" ???? ??","????, ???""? ????? ???????? ""????? ??? ??????"" ???? ??, ?????? ??????? ?????? ??????, ??????, ?????? ?????. ??????? ????? ???? ???? ?? ???? ????? ???? ?????? ????? ??????? ???????, ??? ????? ?????? ?? ???? ?????? ?????? ?????? ?????? ????? ????. ???? ???? ????? ???? ????""? ????? ??????? ?? ?????? ??????????? ?????? ??? ???? ????? ????? ?????? PWC. ??????? ????? ???????? ????????."
??? ?????,"?????? ????? ?????""??? ????? ????? nGrid Energy","??? ??? ?????? ????? ?????""??? ????? ????? nGrid Energy. ??????? ????? ???? ????? ????? ?? nGrid Energy ????? ???????, ????? ?? ????? ????? ?????? ?? ???????? ????? ?????. ?????? ?????? ??? ?????? ?? ????? ???????, ???????, ???? ????????, ?? ????? ??????? ??""? ??? ???????? ??????? ????? ?????? ????? ?????? ?????. ???? ??? ??? ????? ????? ?????? ?????, ????? ?????? ????????? ???. ????? ???????? ??? ????? ????? ?????? ??????? ???? ?????, ?????? ????? ???, ?????? ????? ???? ??????? 2 ??????? ???????? ?? ?????? ?????? ????? ?????. ???? ?????? ???? ???????? ??? ????? ???? ?????? ????? ??????? ????? ???? ????? ??????? ?? ????? ???? ????? ????? ??? ?????? ????? ??? ???? ??????. ??? ???? ???? ??? ?????? ??????? ????? ????? ?????? ????? ?????????, ????? ???????????? ??????."
???? ??????,??? ???? ?????? ??????? ???,"???? ??? ??? ???? ?????? ??????? ???. ??????? ??? ????? ?? ????? ?????? ??????? ????? ?????? ?????? ????? ????? ?????? ??? ??????, ?? ????? ?????? ????????? ?????? ??????, ?? ????? ??? ????? ???? ????? ???? ???? ?????? ??? ????? ????. ???? ??? ??? ?????? ???? ???? ??????? ???? ????? ?????? ???? ????? ?? ????? ?????? ???????? ????? ??????? ?????? ?????? ????? (??""?) ????? ??????? ??? ???????? ??????????????? ???????? ??? ???? ???????, ??????, ???????? ????????, ????? ?????? ????""?. ????? 2009-2005 ??? ??? ?? ????? ?????? ????? ???? ??????? ?? ??? ????? ?? ????? ?????, ????? ?????? ?????? ???????? ????????. ?????? ?????? ??????? ???? ??? ??????????? ?????? ????? ?????? ???? ??????. ???? ??? ??? ??????? ????? ???? ?????? ???? ??????? ??????? ????."
?'??? ????,???? ????? ???????? ???,"?'??? ???? ????? ?????? ?????? ?? ???? ????, ???? ??? ???? ????? ???????? ???. ???? ?? ??? ???? ?????? ????? ????? ?????? ??????? ???? ?????? ??????. ????? ?????? ?'??? ????? ?? ????? ??? ???????, ????? ?? ????? ????? ????? - ???? ??? ??????."
????? ?????,"???""??? ?????? ????","??????? 24 ????? ????? ????""??? ?????? ????. ?????? ?????? ??????? ??????? ??? ????? ???? ?? ??????? ??????? ?????? ???? ????? ?????. ???? ????? ????? ????""??? ?????? ??????? ????? ???? ???? 6 ????. ????? ?????? ???? ?????? ?? ????? ????? ??????? ?????? ??? ????? ??? ???????? ??????? ?????. ???? ??? ????? ???? ???? ????""??? ????? ???????? ?????? ??????, ????? ?????, ????? ???? ??????. ????? ????? ?????? ????? ?????? ????????? ?????? ??????, ??????, ??????, ???????, ????? ??????, ?????? ???????? ?? ????? ????? ?? ??????? ????? ?? ???? ??? ??? ?? ?????. ?? ?????? ?? ?????, ????? ??????? ?? ????? ??? 120 ?????? ? ????? ?? ?-1200 ??????. ???? ????? ????? ???? ???? ???? ????""??? ??? ?????? ??????? ???? ??? ??? ??????, ?????? ??????? ????? ???? ???? 2 ???????."
????? ?????,????? ????? ?????? ?????? ??????? ????? ?????,"????? ??? ????? ????? ?????? ?????? ??????? ??????????. ??????? ????? ????? ????? ????? ?????? ???? ????? ???? ??????? ????? ???? 2018. ?????? ?????? ????? ?????? ?? ????? ??????? ???????? ????? ????: ????? ???????, ????? ?????? ???????, ????? ?????, ?????? ???? ?????????? ?????? ???????, ????. ????? ?????? ?????? ?????? ??? ????? ?????? ????? ????? ???? ???????? ?????? ???? ????? ?????? ?????, ????? ???????. ???? ?????? ?????? ??? ????? ??? ??????? ????? ????? ????? ?? ?????? ?????. ????, ???? ????? ???? ???? ????? ?????? ?????? ????? ?? ??????, ?? ???? ??????? ????????? ????? ?????? ??????? ?? ?????? ????? ????? ???????."
?????? ??????,????? ?????? ?????? ??????? ????? ???? ????? ???????? -????? ???? ????,"??? ? 1.2020 ????? ????? ???? ????? ???????? ?????? ??????? ????? ???? ?? ????? ?????? ????? . ?????? ?????? ???? ???? ???? ??????? ?????? ?????? ??""? ?????? ????? ???? ?? ????? . 
???? ????? ?? ?????? ?????? ??? "" ??????? ???""??? ?? ????? "" ???? 2021 . ??? ?????? ???? :  40 ?? 40  ""   ????? ???????? ?????? ???? 2020 ?? ????? ?????.
????? ????? ?????? ????? ?????? ?????? ??? 2015 ??? ???? .  
???? ??? ???? 2013 ??? 2016 ????? ?????? ????? ?????? ??????? ?????.  
?????? ????  : ?????? ?????? ????? , ????? 
?????? ?? : ????? ???????? , ?""? ???? 
???? ????? : ?""? ????? ?????? ????? 
?????? ?????? ?????? : ????? ???? ???? ??????? ?????? ?????? ???? ??????? ????? ????? ???? ???? ??????? 
????? ?????? ????? ?? ??? ???? ?? ???? ???????  
?????? ????? ??????? ?????? ????? ??????  , ???? ?????? ????? ??????  – ??? ????? ????"
???? ?????,???? ?? ?????? ??????? ????? ?????? ???? ???? ??????,"???? ??? ???? ????? ?????? ????? ?????? ????? ??????, ??????? ?????? ????? ?? 16 ????? ???""? ?????? ????? ??????? ??? ?????? ?????? ??? ??????? ?????????. ????? ???????? ??? ????? ?? ????? ????? ?????? 922 ?????? ?????, ???????? ????? ?????? ????? ????? ?? 20 ?????? ? ?????? ??????? ?????? ???? ??? ????."
???? ????? ?? ???,??????? ?????? ?????? ????? ??????? ?????? ??????,"???? ??? ???????? ????? ??? ?????? ??????? ???????? ??????. ???? ????? ?????""??? ??""?, ??????? ??????? ???? ??""? - ????? ?????? ????? ???? ????. ???? ?? ????? ?? ????? ??????? ?????? ????? ?????? ?? ????? ??????? ???????? ?????? ???? ????? ????? ?????? ??????, ???? ?????? ?? ???? ????? ??????? ??????? ????? ?????? ????. ?? ???, ??? ??? 2010 ??? ????? ??????? ????? ????? ???? ??????????? ??????? ?? ????? ??""? ????? ?????? ??????? ?????? ?????? ???????? ???? ???????. ?????, ???? ????? ???? ?????? ???? ????? ???? ??????? ??????? ?????? ???? ?????? ????, ???? ???????? ??????? ????? ? - SHE SPACE."
???? ??????,VP Operations at Masterschool,"???? ??? VP Outcomes at Masterschool. ???? ?? ????? ?????? ????? ????""??? ?-P.I.E Challenge ???? ????? ????? 8200, ??? ????? ????? ??????. ?-P.I.Echallenge ??? ????? ????? ?????? ??????? ?????? ?????? ????? ???????? ????????? ?????? ????????? ?????? ????? ??????? ??-500 ??? ??? ??? ???? ??????? ???? ???????. ??? ???? ???????, ?????? ???""? ????????, ???? ????? ????? ????? ??????? ????-???? ???? ???? ??????, ????? ???? ??-P.I.E Challenge, ??? ???? ???? ????? ????? ?????? ???????? ?????. ?????? ??????? ??????, ??? ????? ?????? ???? ???? – ???? ??????????? ???? ???? ?????? ?????? ???? ???."
???? ??,???? ???? ????? ????,"?""? ???? ??, ???? + 3, ?????? ???????. ???? ?????? ????? (M.D) ??????? ?????? ?? ??????????? ?????? ????????. ????? ????????? ????? ???? ?????? ???????? ?????? ?????? ?????. ??? ???? ????? (M.Sc) ?????????????? ???????????? ?????? ????????, ??? ???? ????? (M.H.A) ?????? ?????? ?????? ??????????? ??-?????? ???? ???? ????? (M.B.A) ????????? ?????? ????? ??????????? ?? ????. ??? ????? 2013—2014 ??? ???? ???? ????? ???? ????????? ?? ??? ????? ?? ???""? ???-???????, ???? (USAISR). ??? ????? 2019—2020, ????? ???? ?? ???? ???????, ???? ???? ????? ????? ?????? ????? ??????? ?????? ??????? ????? ?????. ???? ????? ???? ????? ?'.
??? ?????? ?????? ??????? ?????? ????? ???? ?""? ?? ?????? ??? ???""? ????? ???? ?? ??????? ??????? ???? ?????? ?????? ?????? (???? ????? ?? ???? ???, ?? ????? ????? ??? ????? ???), ????? ?????? (???? ???? ??????) ????? ???? (??? ??? ????? ??????). ?""? ?? ???? ?? ????? ???? ?????? ?????? 669 ???? ???""? ????? ??""?. ???? ????? ???? ?????. ?????? ?????? ???? ???? ????? ?????? ???? ????? ?? ????? ??????, ???? ??????? ??????????, ???? ?????? ????? ??????, ?????? ?????? ?????, ??????? ?????? ??????? ??????? ???????? ?????? ???? ??????.
?""? ?? ??? ???? ????? ?????? ????? ????? ???? ????? ???? ????? ???? ????????? ????? ??????? ?????? ??????????? ?? ????. ??? ?? ???? ?????? ???? ?????? ???? ??? ?????? ???????? ???? ????? ??? ????? ?????? ???? ?? ?? ??? ?????? ????""?. ?? ?? ???? ??? 60 ?????? ????? ????? ???? ??????? ?????? ????? ???? ??? ?????? ????? ?? ??????? ???? ??????."
????? ??????-????,????? ???? ????? ?????? ????? ??? ?????? ???? ????? ???????,"????? ??? ????? ????? ????? ?????? ????? ??? ?????? ???? ????? ??????? ??? ??? 2022. ????? 2008-2022 ????? ????? ???????? ????????? ??????, ????? ?????? ??????? ????????? ???? ????? ????? ??? ???????? ?????? ??????? ????????? ??????. ?????? ?????? ?????? ???? ????? ?????? ?????? ????? ????? ?? ????? ??????? ???????, ??? ??? ?????? ????????? ?????? ???????? ?????? ?? ?????? ?????? ???????? ????? ??????. ??? ??, ????? ?????? ???? ??? ???? ?? ???????? ??????? ????? ????? ?? ?????? ??????? ??????????? ??-????. ???? 2020 ????? ?????? ?????? ?????? ?? ???? ??????? ??????? ?????? ????? ?????? ?? ????? ?????? ??????? ????? ????""??? ??? ????? ????? ????""??? ??????? ???""? ????? ???? ?????? ???""? ????? ???? ????????. ??? ???? 2018 ????? ????? ?????? ???? ???? ??????? ?? ???? ????? ???? ????? ???????."
???? ??? ?????,????? ????? ?????? ????? ?? ???? ?????,"???? ????? ?????? ?????? ????? ?? ???? ?????. ?????? ?? ?????? ??? ???? ?? ????? ??????, ????? ??????? ?????? ?????? ????? ?????? ???????, ???? ????, ????? ?????? ?????. ?????? ?????? ???? ???? ????? ????? ?? ???? ??????. ?????? ?? ?????? ?? ?????? ????? ?? ????? ??????? ????? ?????????? ?????? ?????? ??????? ???????. ??????? ??????? ?? ????? ????? ????? ??? ?? ????? ???? ???? ???? ????, ??????: ???????, ?????, ????, ?????? ???????. ???? ??? ???? ???????? ????? ???? ?????? ????? ?? ???? ?????, ????? ?????? ?????? ?????, ??????, ??-?????? ??????, ?????? ???? ????? ??????? ?? ????. ?????? ???? ???????? ?????? ?????? ????? ????? ????? ???? ???? ????? ????? ??????."
??? ???'??? ??????,??? ??? ??? ?????? ?????? ????? ?????,"??? ??? ??? ??? ??? ?????? ?????? ????? ?????, ???? ??? ????""? ????? ?????? ??????? ????? ?????. ???? ?? ??? ??? ???? ?????? ?? ??? ????, ????? ??????? ??????? ?????? ??? ????? ?? ????? ???????, ?????? ???????."
???? ????,"??""?, ????? ???? ?????? ?????? ???? ????","???? ??? ????? ??? ???????, ????? ???? ?????? ??????. ????? 2023-2025 ???? ????? ????? ??????? ???????? ?????? ???? ?????? ???????? ???????? ?????? ?????-????? ??????? ???????. ???? ??? ????? ?????""??? ????? ??????? ?????? ????? ?? ???????. ????? 2021-2000 ????? ?????? ?????? ??????? ???? ?? ????, ???? ?????? ?????? ?? ????? ??? ????? ?? ?????? ?????? ?????. ????? 2021-2011 ????? ?? ?????? ?? ?????? ?????? ?????? ??????? ?????? ????? ?????? ?? ????? ?????? ?????? ????? ?????? ????? ?????? ????? ???????, ?? ???? ????? ?????? ??? ?????? ???????, ??? ????? ?????? ????? ?????? ?????? ?????. ???? ???? ?? ???? ???????? ?????? ??? ????? ?????? ????? ??? ?????."
???? ??? ????,Head of business operations at Ledge,"???? ??? Director of business operations at Ledge. ???? ??? ??? ???? ???????? ????? ?????. ????? ??? ????? ????? ????? ?????? ????? ?????? ??? ?????. ?????? ??????? ??? ??? ????? ?? ?????? ???? ?????? ??????? ????? ?????, ???? ?????? ??????? ?????? ???? ?????, ?????? ??????? ????? ??????? ???????? ????????, ????? ??????? ???? ????? ???????? ??????? ?????? ?????? ???????? ?????? ????? ??????? ???????. ???? ??? ???? ???? ?? ???? ??????? ????, ??????? ?? ???? ??????? ????? ??????? ????? ????? ?????? ??????, ????? ???????? ?????? ????????. ??????, ???? ???? ????? ??? ?????? ????-?????? ?????? ?? ???????, ??? ????? ?? ????? ????? ?????? ?????? ???????? ?? ??????? ????????."
???? ????,?????? ??????? ?? ?????????? ?? ????,???? ??? ?????? ??????? ?? ?????????? ?? ????. ?????? ?????? ???? ?????? ??? ?? ????? ??????? ???????? ?? ??? ?????? ?????? ???? ?????? ???????????. ???? ????? ??????????? ????? ???? ?????? ??????? ?? ???? ????? ????? ??? ?????? ??? ????? ????? ??? ???? ??? ?? ???? ?????? ????'
???? ???,"???? ????""? ?'???? ???","???? ??? ???? ????""? ?'???? ??? ????? ?? ????? ???? ???? ????????. ??????? ????? ??? ????? ??? ???? ?????? ???? ????? ???????? ?????? ?????? ????? ??'???? ?????. ?????? ?????? ??? ?????? ?? ???? ?????? ?? ??????? ?????? ?????? ??????? ???????? ?? ???? ?????? ?????? ?????? ???????? ???? ?????? ??????? ???? ???? ??????? ???? ??????????. ????? ?????? ???? ?????? ??? ????? ?????? ????????? ???????, ?????? ????? ?????? ????? ???? ?????? ????????? ??????? ????? ??????-?'????-????????. ??????? ?? ??? ?????? ?????? ????? ??? ?? ??????? ???? ???? ???????? ???????, ??????? ?????, ?????? ?????? ??????? ????? ??????. ???? ????? ????? ?? ?????? ????? ??????? ????? ?????? ?????? ?????? ??????, ???? ?????? ??? ?????? ?? ??? ??????. ????? ??????? ?????, ??? ???? ?????? ?????? ?????? ??????? ??????? ????? ?????? ??????? ?? ??????? ?????? ?????????? ???????. ??? ?? ????? ???? ????? ??? ?????? ??????? ?????? ?????? ??????? ??????? ???????? ?????? ?????."
????? ?'???? ???,????? ???? ????,"????? ??? ??""? ????? ????? ???? ?????? ???? ??? ???? ???????? ???????. ???? ?? ????? ???""??? ??????. ?????? ?????? ????? ?????? ?????? ??????????? ???????? ?????-?????? ?? ????? ????? ?????? ?????? ????????? ??????? ???? ????????. ?????? ?????? ????? ????? ?????? ?? ????? ?????? ?? ????????? ?????, ?? ??????? ?????? ??? ??????? ??????? ?????? ?????? ????? ?? ??? ?????? ??????? ?????? ?????? ???????. ???? ??? ????? ????? ?? ???? ????????? ?? ????? ?????? ???? ???."
???? ????,"????""? ???????, ???? ??? ??????, ???? ???????",???? ????? ?? ????? ????????? ???????? ??????? ????? ??????? ???? ???????. ??? ????? ????? ????? ???? ????? ???????? ??? ???? ?????? ???????? ????????? ?????? ??? ???????. ???? ???? ???????? ???? ????? ???? ???? ????? ?????? ?????? ??????? ???????? ??? ??? ???? ???????.
???? ???????,??????? ?????? ??????? ??????? ???????,"???? ??? ????""??? ?????? ???? ??-?????? ?????? ????? ????? ??? ??? 2013. ???? ??? ????? ???? ?????? ????? ???? ???""? ??????? ????? ?? ????? ???? ???? ???? ????? ????""?. ???? ????? ???? ?? ????? ?????? ??????? ???? ??? ???? ????? ?????? ????? ???? ?-13 ????."
???? ????,"??""?, ????? ?????? ?? ??? ??????? 2B VC","???? ??? ???""? ??????? ?? ????? 2B ?????? ?? ??? ??????? 2B VC, ????? 2B Friendly ?-2 B HUB- ??? ????? ????? ????? ??????, ????? ?????????? ????? ????? ?????? ??????? ????? ???????. ???? ????? ?? 2B ??? ???? ???? ????? ??????? ??????? ?????, ???? ???? ?????, ???? ?????-?????? ????? ???????."
???? ????,???? ???? ????? ????? ?????? ???????,"???? ??? ???? ???? ????? ????? ?????? ???????. ???? ?? ????? ???""??? ????? ???? ????? ?????? ?????, ????? ?????? ???? ??? ???? ?? ??? ?????? ?????? ??????? ??? ????, ????? ???? ??????????? ??-???? ??????? ????? ?????? ????? ?????? ????? ????? ?????? ?-STEM. ?????, ???? ????? ?????? ?????? ????? ?? ??? ???? ??????? ????? ?????? ?????? ???""? ??? ???? ?????? ???? ???????? ???????? ????????."
??? ????? ??????,"???""??? Clear Sky","???? ?????? ??????, ????? ?????? ????? ??????, ????? ????????, ????? ???? ?????? ???????.
????? ????? ????""??? ?????? ??????? ??? ?????, ????""??? ?????, ????? ???? ?????? ?????? ????? ???? ?""?? ??????????"".
???? ????? ????? ????? ?? ??????? ?????????? ????? ????? ?????? ???? ??????."
???? ????????,????? ???? ???????? ??????? ??????? ??? ??,"?? ???? ????????? ?????? ???? ???? ??? ?????? ???????? ???????. ????? ????? ???? ??? ?????? ????? ??????? ?????? ????? ?????? ?????? ?????, ??????? ????????. ?????, ????? ?????? ??? ??? ???????? ?????? ????? ????. ???? ??? ????? ?? ???? ???????? ??????? ??????? ??? ??, ????? ?-300 ?????? ???? ???? ????? ?? ????? ?-150 ?????? ?. ???? ???? ??????? ???????, ?????? ??????? ????? ???? ?????? ??????? ????? ?????? ????? ?? ?????? ????? ?????????."
????? ?????,"???? ??????, ????? ???? ????? ???? ??? ????? ???? ????????","????? ???? ?????""? ????? ???, ??? ??? ????? ????. ??????? ????? ??? ???? ???? ??''? ????? ????? ????? ?????? ??????? ???????? ????? ???''? ????. ??????? ??? ?????? ???? ?????? ??????? ?????? ?????? ?????, ?????? ????? ????? ?????? ???????? ?????? ????. ????? ?????? ??? ?? ?????? ?? ??? ???? ???????? ???? ?????-????, ??? ?? ???? ?? ??? ????? ????? ??????. ??????? ??????? ?? ????? ???? ??? ???? ????? ???? ??? ???????? ?????? ????? ?????, ??? ????? ??????? ?? ????? ???? ???? ???? ????? ???''?-???''?."
???? ?????,"???""? ????? ???????? ?????? ????? ??????","???? ???? ???? ???? ????""? ????? ???????? ?????? ????? ??????, ?????? ?? ?? ??????? ??-??????? ???? ?????? ?????? ????????, ?????? ????? ???????, ????? ???? ???, ?????, ????? ??????? ????????? ???????? ???????? ?????""?."
???? ??????,???? ???????,"??? ?????? 2020 ???? ??? ??? ????? ?????? ????? ????? ?????? ????? ??????? ?????. ????? ????? ?? ????? ??????? ?????? ??? ?????? ?????? ????? ?????? ?????-????? ????? ?????? ??????? ????? ?????? ?????? ????????. ????? 2020-2017 ??? ???? ???? ???? ????? ???? ?????? ????????? ?????? ????? ????? ????? ????? ???? ????? ?????, ??????? ?????? ??? ????? ?? ????? ????? ??????? ?????? ?????????, ????? ????? ????, ????? ??????, ????? ?????? ?????????, ?????? ??? ???? ?????? ?????? ???? ?????. ???? ?? ??? ???? ???? ???? ?????? ??????? ?????? ???? ????? ?????? ?????? ????????? ????? ?????? ?????? ??????? ?????? ??????? ???????? ?? ??????, ?????? ????? ????????, ?????? ??????? ??????? ???? ????? ????? ???? ?????? ?????, ?????? ???????. ??? ?? ???? ????? ??????? ????? ?????. ???? ??? ??? ?????? ??????? ????? ?????? ??? ?????? ???? ?????? ???? ?????? KPMG. ????? ???????? ???? ?? ???? ???? ????????? ?????? ?????? ???? ????????."
????? ?? ???? ???,"????""? ????? ????? ?????? ?""? ???? ????? ?? ???","????? ???? ?????? ????? ??????? ?????? ?????? ?????.

???? ?? ???? ????? ?????? ???? ???? ????? ?????. ?????? ?????? ??? ????? ?? ????? ??????? ?? ?????? ??????? ???? ?????? ????? ?????. 

?? ????? ???? ???????? ??? ???? ???????? ????? ?????, ?? ??? ???? ?? ???????, ??? ???? ???? ???? ?????, ????? ???? ???? ?????? ?????. 

????? ?????? ??? ???? ??????? ?? ????? ??????? ?????: ????? ???? ????, ?????? ?????? ????? ?????? ????????."
????? ?????,"?????? ?????? ??????? ???? ??""?","????? ??? ?????? ???? ??????? ???????? ???? ??""? ?????? ?? ?????? ?????? ????? ????? ??????? ???????? ???? ????? ????? ??????? ???????? ???? ?????? ???????? ??????. ??? ????? ?????? ????? ????? ?????? ???? ?????? ???? ????? ?????????? ??????? ?? ??? ?????? ?????? ????????. ??? ??? ??????? ???? ????? ???? ?????? ???? ?????  ?????, ???? ??? ??????? ????""? ????? ?????? ????? ?""?? ????? ?????, ??? ????? ?????? ??????? ?????? ????? ?????? ??????. ?????, ????? ??? ?? ???? ????? ??? ???? ?? ????? ?? ?????? ""????"" ???? ???? ?? ??????? ??????? ??? ?????? ???????, ?????? ???? ???????? ??????? ?????? ???????."
???? ????,"????""? ????? ?????, ???? ?????? ????? ?????? ??????? ?? ?????? ????","???? ??? ????""? ????? ?????, ???? ?????? ????? ??????. ???? ?? ??? ???? ??? ????? ?????? ????? ???? ????? ???? ????? ?????? ???? 2011. ?????, ??? ????? ?? ?????? ??????? ?????????? ??????  ???? ?????????? ?????? ?????? ???? ???????. ???? ??? ??? ???? ????? ?????? ??????? ???? ???? ?????. ????? 2013 ?-2015 ???? ?? ????? ???? ????? ??????? ?? ???? ??????. ?? ?????? ????? ???? ???? ???""? ???? ??????? ?????? 8200."
??? ??????,???? ??? ???? ???? ????? ????? ???????? ???????,"??? ??? ???? ??? ???? ???? ????? ????? ???????? ???????. ??????? ????? ???? ????? ???""? ???? ?????? ??????? ???? ????? ?? ????? ????? ???????? ???-??????? ???? ?????? ???-????????, ?? ????? ?????? ??????? ?? ?????????? ???????? ??????? ?????, ?? ????? ???? ????? ??-????? ????? ???? ??-???? ??? ????? ???? ????? ??? ????? ?????? ??? ?????""?. ????? 2007-2009 ???? ??? ????? ?????????????? ???? ????? ?????? ?? ?????? ??????????? ??????."
???? ?? ??????,"????? ????""? ???? ?? ?????? ??????? ????? ???.","???? ??? ????? ????""? ???? ?? ?????? ??????? ????? ???. ???? ??? ???? ?????? ????""? ?? ???? ????? ????? ???????. ?????? ?????? ?????? ???? ????? ??????? ????? ??????? ?????? ?????? ??????? ??????? ?????, ??????, ?????? ?????????. ?????, ??? ???? ????? ?? ?????? ???????? ?? ????? ????. ???? ???? ???? ???????? ?????? ????? ????? ????? ??????? ??????? ??????, ???? ????? ??????? ?? ????? ??????? ??????? ?????? ?? ??? ????? ???????. ??? ???????? ??????? ???? ???? ???????, ??? ???? ???? ??????? ???????? ?????? ??????, ?????? ??????? ???? ????? ??????? ??? ?????? ??????? ?????? ??????? ?????? ???? ???? ???????? ????? ??????? ????? ?? ?????."
??? ????,??? ???? ????? ?????? ????,"?????? ?????? ?????? ??? ???? ???? ???? ????? ?????? ???? ???? ???. ??????? ?????? ?????? ??????? ???? ???? ???? ????? ???? ?????? ??????? ?? ??? ??????. ???? ????? ??????? ?? ???? ??????? ???? ?????? ????, ??? ?????? ?? ?????? ?????' ?????? ?????. ?????, ?????? ?? ?????? ???""? – ?????? ???????? ?????'??? ???? ??????, ?????? ????? ?????? ??????? ?????? ???????? ?? ???? ????????."
????? ????,"???""? ????? ?????? ?????? ?????? ???????","????? ??? ??? ????? ??????? ?????? ?????. ???? ???  ???? ??????? ?????? ?????? ?? ????????? ????? ???????. ???? ???""? ????? '??? ???????'. ???? ???? ????? ????? ?????, ??????? ?????? ????? ????? ???  ????“? ????? ?????? ??? ????? ??????. ???? ???? ?????????, ??? ??? ????? ?????? ???? ?????, ?????? ???? ???????? ????“??? ?? ???????? ??????? ????? ?????? – ??? ????? ?????? ??????  ???? ?????? ????? ?? ???? ??????. ?? ????? ????? ???? ????? ???? ???“?. ?? ????? ?????. ???? ????? ?????."
?? ???????,????? - ????? ?????? ??????? ????? ????? ????? ????? ???????,"?? ??? ????? - ????? ?????? ??????? ????? ????? ????? ????? ???????. ???? ??? ???? ????? ????? ?????? ??? ????? - ???? ?????? ?????, ??????? ?????? ?? ????? ?'???? ????? ???."
??? ????????,"????? ?????, ???? ?????? ??????? ??? ????, ?????? ?????? ?????","????? ?????? ?? ????? ??????? ??????? ??? ???? , ?????? ?????? ????? ???? 2022. ?????? ?? ???? ???????? ???? ????? ??????? ?????? ??????, ?? ?????? ???? ?? ??????? ??????? ????? ?????? ?????? ????????, ??? ???? ?????? ???? ??????. ?- 2011 ?????? ?????? ?????? ?? ?????? ????????? ?????, ????? ???? ????, ?????? ?????? ?????? ?????? ????? ?????? ????????? ???????, ????? ????? ??????? ?????? ????""?. ????? ????? ?????? ?? ???? ?????? ????? ??????? ???? ????? ????? ?? ?????? ?????? ?????, ????? ???? ?????? ?????? ?????? ?????? ????????? ?? ???? ???????. ???? ?????? ????? ?? ?????? ??????? ?????????."
??????? ?????????,??? ???? ??? ?????? ????,"?????? ????????? ????? ?????????. ???? ?1998, ???? ???""? ????? 2000, ?????? ????????? ????????? ???? ?????? ??????. ????? ???? ????? ????? ?? ???? ?????? ???? ?????? ??? ??""? ?????? ???? ??????? ?????.??? ?????? ???? ???""? ??.
??? ???? ??? ?????? ???? ??? ??????."
???? ??,"???""??? ??? ???","???? ??? ???""??? ??? ???, ???? ????? ?????? ????""??? ???? ?????? ??????, ?????? ???? ??? ?????? ????? ???????? ???????? ?????. ???? ??? ??? ????? ???? ?? ???? ?? ????? ?????? ???????' ???? ??? ???? ?""?, ?????? ????? ?????? ?????? ????? ?????? ???? ????? ?????? ????? ????. ?? ?????? ????? ????? ???? ?????? ????? ???? ?????? ????? ???."
???? ??,"?????, ?????? ????? ?????? ???""?","???? ??? ?????, ?????? ????? ?????? ???""?. ????? ???? ????""? ??? ???? ????? ??????? ??????? ???????? ??????? ??????? ????? ???? ????? ??????. ??????? ????? ???? ???? ???? ?????? ????? ???????? ???? ?????? ????? ????""? ??? ???? ?????? ????? ??? ?????""? ?????? ??? ???? ???? ????, ?????? 13 ???? ????? ????? – ?? ???? ???? ???? ????? ????? ?? ????? ??????? ????????. ?????? ?????? ??? ??? ????? ?? ????? ?????? ????? ?????? ?????, ?????? ??????, ??????, ?????? ????????, ????? ?????? ?????????, ??? ? ??? ????? ?? ???? ??????? ?? ?????? ????? ????? ?????? ?????? ???????? ??????? ???? ????? ?????? ???? ?????? ?? ??? ?????? ???? ????."
???? ?????,??? ?????? ?? ???????? ????? ?????,???? ??? ??? ?????? ?? ???????? ????? ?????.
???? ???,???? ???? ynet ??????? ???????,"???? ??? ????? ????.
???? ?? ??? ??? ???? ?????? ?????? ?????? ???. ???? ?? ???? ???? ??????? ????? ??????, ???? ????? ?? ????? ??????? ??????? ?? ????? ???? ????? ???? ??? ?? ??????? - ?????????? ?????????? ??????? ????? ????? ??????. ???? ??? ???? ????? ynet ?????? ???? ???? ??? ?????? ???? ????, ??? ?? ???? ???? ???????? ????? ?? ???? ??????. ?-2010 ???? ?? ?????? ???? ?????? ???? ???? ?? ???? ???? ???? ?????, ???? ???? ???? ????? ?????? ???? ??? nrg."
???? ?????,????? ????? ????? ????? SOLVIE,"???? ??? ????? ????? ????? ????? SOLVIE. ???? ??? ????? ???? ?????? ???????? ?? ??????? ??????? ???????? ??? ???? ????? ?????? ???? ??? ????? ???? ?????? ??? ???? ???? ????, ?????? ??????? ????. ???? ????? ?? ????? ??????? ???? ??????? ?????? ???? ???? ????? ?????????? ?????? ??????, ?????? ?????? ???? ???? ????? ????? ???????? ????????? ??????? ???????????. ??? ????? ?? ???? ????? ?????? ???? ??????? ?????? ????? ?????? ????????? ??????? CIMI ????? ?'???? ?????, ?????? ???? ??????, ????? ????, ????? ???? ???????? ?? ????? ?????? ?????? ????? ?????? ????????? IOM ?????? ?????. ?????? ?? ???? ?? ?????? ??????? ????? ???????? ?????????? ???????? ??????. ????? ??? ?????? ?? ????? ?????? ??????, ???? ????? ????? ??????? ???? ?? ??????? ???????, ???? ?? ???? ???""? ???????, ?????? ?????? ????? ??????? ?? ??????? ?????????."
?????? ???-????,"??? ????? ??????? ???? ?????? ??""? ?????","?""? ?????? ???-???? ??? ??? ????? ??????? ???? ?????? ??""?. ??????? ????? ??? ???? ????? ??? ?????? ??????? ?????? ????, ?? ?????. ???? ?? ??? ??? ???? ?????? ?????? ?????? ???? ?? ??""?, ???? ???? ????? ??????? ???? ??? ????? ????????? ????? ?????? ????-????????. ???? ??? ???? ???? ???? ???? ???? ?????????? ?????? ?????? ???? ?? ??""?. ???? ??, ????? 2013-2008 ???? ????????? ?????? ??????? ?????? ?????? ???? ?? ??""?, ???? ???????? ???? ?????? ?????????? ????? ?? ??? ????????. ????? ?????? ??????, ???? 2013 ??? ???? ??????? ??????????? ??????????? ?? ???? ????""? (????? ?????? ?????? ??????) ????? ????? ????? ???????? ??????? ??????? ????. ?????? ?????????? ??? ???????? ??????????? ??????? ?????? ?????, ??? ??????? ???????? ???????? ???????????. ??????? ???????? ?????? ?????????? ?????, ????? ?????? ?? ???????, ??? ????????? ??????? ???? ????? ???????. ???'? ??? ????? ???????????. ?? ??????? ???? ????? ??????? ???? ??? ??? ?????' ?????? ???? ???? ?????? ????."
????? ?????,"???""? ????? ???? ?????? ?????? - ??? ??? ?????","????? ??? ????? ????""? ????? ???? ?????? ?????? - ??? ??? ?????, ??? ???? 1993. ?????? ????? ?? ?????? ??????? ??????? ?????? ?????? (??'???, ?????, ??? ???, ??????, ?????? ???'????). ??? ??? ????? ???????? ?????? ????, ????? ???????, ????? ??????? ???????? ?????? ?????? ?????, ????? ?????, ????? ?????, ?????, ???, ?????? ???????, ????? ????? ?????? ??????, ????? ?????? ??????. ???? ?????? ???? ?????? ?????? ??????? ?????? ??????, ????? ???? ????? ????? ??????? ?????? ?????? ????? ?? ?????? ???? ?????? ?????? ????????? ??????. ??? ???? ??????????? ????' ?????, ????? ?????, ????? ?????????? ???????? ????????????, ??????? ??'??? ?????? ????? ????? ?? ????? ???????? ???????, ?????????? ?????? ?????? ????? ?????? ?????? ????. ????? ???????? ??? ????? ?????? ????? ????? ?????? ????? ??? ?????? ?????? ?????. ?????, ????? ??? ?? ???? ????? ?????? ?????? ????? ??? ?????, ????? ?????? ?????? ????? ???????, ????? ?????????? ?????? ????? ??? ??'??? ????? ???? ?????? ?????? ?????? ?????? ?????? ????? ?????."
???? ????,"OD Partner, ?????","???? ?????? ??????, ???? ??? ???""? ???? ????? ?????? ??????? - ????? ????? ???????? ??????? ????? ?????? ??????????? ?? ?????? ????????, ????? ??????? ???????? ?????? ??? ????? ????????. ?????? ??????, ??? ???? ?-120 ?????? ??????? ??? ???? ???? ???????? ?????????? ????? ?? ????? ????????. ???? ???, ??? ??? ???? ????? ??????? ?? ??????? ???? ?????? ????? ?? ?????? ????? ?????? ????? ?????? ??????? ?????? ?????? ????? ????????. ???? ?????? ????? ?????? ?????? ??? ???? ???? ???? ?????? ????? ???????? ???????."
????? ??????,"????""? ????? ????? ?????? ???????","????? ??? ????""? ????? ????????, ??? ??????? ?????? ?????? ????? ?????? ????? ???? ???? ??? ?????? ?????? ?????? MHA, ??????????? ?? ????. ???? ??????? ?????? ??????, ???????. ???? ?? ??????? ?????? ????? ????? ?????? ?""? ???? - ?? ?????. ?? ??? 2024 ???? ???? ????? ????? ?????? ????, ????? ?? ???? ????? ?????? ?????? ????? ????? ????? ?????? ??? ??????, ????? ?????? ????. ????? ?????? ?????, ???? ????? ??????? ?????-?? ?????. ???? ??, ???? 2018 ?? ??? 2020 ???? ?? ?????? ?????? ????? ????? ?????? ??????? -???????. ???? 2018 ???? ?? ?????? ?????? ????? ????? ?????? ???????-???????. ???? 2017 ???? ?? ??? ?????? ?????? ?????? ????? ????? ?????? ???????-???????. ???? ????? ?????? ???????? ????????? ???: ????? ?????? ?????, ???? ????? ???????, ???? ??????, Point of care Ultrasound, ?????? ????? ????? ???? ??? ??????, ???????? ??????, ????? ????? ????. ?????, ???? ?????? ??? ?????? ??????? ?????? ?????. ????? ???? ????? ?????? ?????? ???? ???? ????? ????????."
???? ??????,"???""? ???? ???????","??""? ???? ?????? ??? ???""? ???? ??????? ???????? ?????? ??""? ??""? ???? ????? ??????? ?? ??????? ??????? ??????. ?????? ?????? ??? ???? ?????? ????? ????????? ?????? ????? ????? ??? ??? ????? ????? ""????"", ????? ?????? ""?? ????"", ???? ????? ?????? ??????? (???""?), ??? ?????? ""???"" ????. ???? ??????? ?? ????? ?? ??? ?????? ???????? ?? ???????? ????? ????. ??? ??, ????? ?????? ?????? ?????????? ??? ???????? ????????, ?????? ?? ????? ????????. ?? ????? 2019 ???? ??""? ???? ?????? ????""? ??????? ??????? ??????."
??? ?????,????? ?????????????? ?? ????? ?????? ???? ?????? ??????? ???????? ???????.,"??? ??? ????? ?????????????? ?? ????? ?????? ???? ?????? ??????? ???????? ???????. ????? ????? ??????? ?-OECD ???? ??? ???""? ???? ???????. ???? ?? ????? ????? ????? ??? ????? (???????? ???????) ?????? ?????? ???????? ?????????? ??????? ????? ?????? ??????. ?????? ?????? ????? ?????? ?? ????? ?????????? ???????, ????? ??????? ?????? ???????????, ????? ?????? ???? ??? ???? ????, ?????? ????? ?????? ????? ???. ????? 2008-2002 ????? ????? ?????? ??????? ?? ??????? ??????? ?????. ???? ??? ????? ????? ??? ????? ?????. ?????? ?????? ??????? ????? ??? ?????? ????? ??????? ?? ????? ISPOR (International Society for Pharmacoeconomics and Outcomes Research), ?????? ???? ???""? ?????? (?""?). ??????, ????? ?????, ?????? ?? ????? ?????? ?????? ????? ?????? ??????."
??? ????,"Chief operating partner, ??? ?????'","??????  ?????? ??? ????? ??????? ?????? ?????? ????????? ????? ?? ????? ???????? ? ????????? ???? ?????? ?????? ???????? ????????????, ????? ?????? ???? ???????? ?? ?????? ????????? ????? ??? ?????. ???? ?????? ????? ??????? ??? ????? ???? ??????? ????? ????? ?????????? ???? ??? ???? ???? ??????? ???? ????? ???? ??????? ???? ????????. ?????, ????? ??? ????? ?????????? ???? ?? ????? ?????? ???? ????? ????? ?????."
???? ???'????,"??""? ????? ????????? ?????","???? ???? ???????? ????? ???? ???? ????? ???????, ???? ??????, ???????? ???????. ???? ?? ??? ?????? ?????? ????? ?? ?????? ???????? ??????? ??????? ????""? ?? ????? ????????? ??????. ???? ??? ???? ??? ???? ?????, ?????, ?????? ??????? ?????? ????? ??""? ????? ?????? ???????? ??????????? ????, ??????????? ????? ??????? ?????."
??? ????,"???? ????????????, ???? ????? ????, ?????","????? ????? ??????? ???????? ????? ??????, ??? ,????????? ?????????????, ???? ??????? ????? ????? ?? ?????. ??? ???? ?????? ????? ?????? ????, ????? ????? ????? ????????????.

?????? ?????? ????? ????? ???????????? ?? ???? ????? ???? ???? ?????? ????? ??????? ?????? ?????, ?????, ???????? ?????? ????? ?????.
???? ????? ??????? ????? ?? ?????.
???? ?????? ????? ??????? ?????? ?? ?????."
???? ?????,"???""? ?????? ????? ?????","??????? ?????? ???? ???? ????""? ?????? ?????. ?????? ?????? ????? ??? ????? ?? ?????? ????? ?? ??????? ???????, ?? ????? ??????? ??????? ?????? ??????? ??????? ?????? ????, ??? ??????."
???? ????,???? ????? ???? ?????? ?????,"???? ??? ???? ????? ???? ?????? ?????. ??????? ????? ??? ???""? ???? ????? ?????? ???? ?????, ??????? ?? ????? ??? ????? ?????? ?????, ????? ?????? ?????, ????? ?????????? ?? ?????? ??????? ?????? ??????? ?????? ????????? ??????. ?????? ?????? ????? ????? ????? ?????? ?????? ?? ????? ????? ????? ????? ?????? ????? ????? ????? ????????? ??????? ???? ?? ????? ???? ??? ????? ???? ?????? ???? ??????? ??? ????? ????? ????. ??????, ??? ???? ???????? ???? ??????? ??????? ?????? ????? ???????: ?????? ????, ???? ?????? ????""?. ???? ???? ?????? ???? ??? ????? ??????? ????? ????????? ??????? ?????????, ????? ????? ????????."
??? ???,??? ?????? ?? ???????? ????? ?????,"??? ??? ???? ??? ?????? ?? ???????? ????? ?????. ??????? ????? ??? ??? ??? ??????? ????? ????""? ???? ???????? ????? ?????. ?????? ?????? ??? ????? ???? ???? ????? ?? ????? ???? ?????? ?????, ???? ?????? ?????? ????? ?????? ??? ?? ????? ???????? ?????. ??? ?? ???? ?????? ????? ?????? ??????? ??????? ?????? ????? ???? ????? ?????? ?????? ????????. ??? ???? ???????? ????? ??? ????? ???? ?????? ?????? ?????? ???????. ???? ??? ??? ???? ?? ???? ????? ???????, ??????? ?????? ?? ????? ????? ?????? ?????? ?????? ?????? ??????? ??????. ???? ??????? ????? ????? ??? ?????? ??????? ????? ???? ??????."
???? ?????? ????,"????? ?????? ??????? ???? ???????, ???? ??????- ???? ???????","???? ???? ?? ?????? ?????? ?????? ??????? ???? ??????? ????? ??????? ?????? ??? 2022. ???? ?? ???? ???? ????? ???? ?????? ???? ?????? ??????? ?????? ??????? ?????? ?????? ????. ?????? ?????? ????? ?????? ??? ???? ?? ?????? ???????? ????????, ????? ????????? ??????? ?????? ?????? ?????? ?? ?????? ??????. ???? ??? ???? ????""? ?????? ??????? ???? ?? ????? ??? ?????? ????? ????? ?????? ?????? ????????. ?????? ???? ???????? ???? ????? ??????. ????, ???? ??????, ?????? ????? ???????, ????? ???? ????? ???? ??????????? ?????? ????????. ????? ???? ?????? ????? ???? ?? ????? ?????? ???????, ???? ???? ???????? ???????, ????? ?????? ???? ?????? ??????? ???? ?????? ?????? ?? ???????? ?????? ??????? ????. ????, ?? ????? ???? ??????, ??? ????? ??????? ??????. ????? ?? ????? ?????? ?????? ???????? ?????? ??? ????? ????? ??????, ????? ??????, ????? ?????? ??????."
???? ????,"????""? ?????? ??????, ???? agora ?????????? ????? ??????","???? ??? ???? ??????? ?????? ?? ?????? ????? ????? JFROG. ???? ??? ??? ???? ?????? ???? ????? ?SAP- ?????""? ????? ?????? ??????? ????? ??????. ?? ?? ?????? ?????? ??????? ?? ???? ???? ?????? ?????? ???? ??????? ?????? ?? ??????? ????? ???????? ??????? ?????????? ??????, ??????? ????????, ??????? ?????? ?????  ??? ????? ?? ????? ???? ????? ????? ?? ????? ??????? ???. ????? ??????? ??? ??? ???? ????? ????????? ??????? ????, ???? HP, ?????? ??? ??????????. ??? ??????? ?????? ???? ????? ??????? ?????? - ??????? ???????? ?? ?????? ?????? ??????? ???????? ?????? ????????? ??? ????? ?????? ????? ?? ?????? ?????."
???? ?????,???? ????? ?????? ???,"???? ??? ???? ????? ?????? ??? ??? 2018. ???? ???? ????? ?? ?????? ??????, ???? ???? ???? ?????? ?????, ???? ????? ?????? ??????? ?????? ??????-?????, ????????? ????? ???? ????? ????? ???? ?????, ????????? ????? ???????, ????????? ????? ???? ?????? ????? ??????, ???? ????? ?????? ????? ??????. 
????? 2013-2016 ????? ????""??? ?????????? ??? - ?????? ?????? ????? ????? ?????? ?????? ???????.   ???? ?? ??? ????? ?????? ????? ?????? ?????? ????? ??? ??????, ????? ??? ?????? ??? ???? ?????. 
????? ???? ??? ?????? ?????? ???????? ????? ????? ??????? ??????????? ?? ????. 
?? ?????? ????? ???? ???? ?????? ????? ??? ?????? ?????? ?????? ?????? ??? ???? ??????."
???? ??????,"???? ???? ????? ???? ?""? ??? (?????)","???? ??? ???? ???? ????? ???? ?""? ??? (?????). ??????? ????? ??? ????? 2022-2024 ???? ???? ???? ???? ???? ????? ???? ?""? ??? (?????). ???? ???, ??? ????? 2018-2022 ???? ???? ???? ????? ?????? ??? ????. ???? ?? ???? ???? ????? ???? ?????? ?? ???? ???? ???? ????? ?? ???? ?????????????? ????? ?????? ??? ???? ?????. ??? ????? ?? ???? ???? ??????? ?????? ?""? ??????? ??????????? ?? ????. ???? ??? ???? ????? ???? ??????? ?????? ??????? ????? ??????? ??????? ??????????? ????, ???? ???? ????? ???? ????? ??????? ???? ??????? ?????? ???????. ????? ???? ?""? ?????? (MD) ???? ??????????? ?????? ????????, ????? ????? ????? ?????? ?????? (MHA) ???? ?????????? ?? ?????? ???? ???. ?????? ????? ???? ??? ???? ????? ????? ????? ????? (MBA) ?? ?????? ?????? ?????? ??????, ??????????? ?? ????. ???? ????? ?????? ?? ???? ???? - ???????? ??? ??????. ?? ??????? ???? ????? ?????? ??? ???? ?????. ?????? ????? ????, ????? ???? ????? ????? ??????? ?????? ?????? ????? ?????? ??? ???? ?????? ?????? ???""?. ??? ????, ???? ???? ?? ??? ????????. ??????? ????? ?????? ???? ???? ???? ????? ??""? ?? ??? ?????? ???""?. ????? ?????? ????? ??? ???? ??? ???? ?????????-??????? ???""? ????? ?????? ??????. ?????? ?????? ???????, ???? ???? ???????? ????? ??????, ???? ??? ?????? ?????."
????? ?? ?????,???? ????? ?' ????? ??????? ???? ?????? ??????? ?????? ?????,"?""? ????? ?? ????? ??? ???? ????? ????? ?????????? ????? ????? ??????? ???? ?????? (?????? ?????? ?????) ???? 2022. ???? ??? ???? ???? ????? ?????? ???? ????? ???? ?????? ?? ??""? ????? ????, ????? ???????? ?????? ???""?, ???? ???? ????? ???? (?? ???? ????? ??????). ?????? ?????? ?????? ????? ??? ????? ?? ???? ????? ???????, ????? ?????? ????????? ???""?. ?????, ???? ???? ?????? ????, ???? ????? ????? ??????? ??????????? ???""?, ???? ??? ???? ?????? ????? ?????? ???? ???""? ?????????? ?????? ???""?. ????? ??? ?????? ??????? ?????? ??????? ??????? ??????? ????""?. ????? ??????????? ??? 2009. ?? ??????? ???? ????? ??????? ???? ?????? (?????? ?????? ?????) ??????? ??????? ??????? ???? ???""?."
????? ?????,"????? ????? ?????? ??????, ???? ?????","????? ??? ????? ????? ?????? ??????, ???? ?????. ????? ????? ??? ????? ???""?, ????? ?????? ????? ???????. ?????? ?????? ????? ????? ????? ?? ????? ?????? ?????? ??? ????? ??????? ??????? ???? ????? ?????""?, ??? ????? ?????? ??????????? ??????? ???, ???? ????? ??????, ????? ??????, ???????? ?? ???? ?????, ????? ???? ????? ??????, ??????? ???????, ???? ??????, ???? ???? ??????? ??????? ?? ????? ?????? ?????? ???????. ?????, ????? ???? ?????? ?????? ?????? ??????? ??????? ???? ????????."
???? ??? ????,"???? ??? ?????? ??????? ?????, ??""? ????? ????? ?????? ????? ??????? ???????","???? ??? ???? ??? ?????? ??????? ????? ???""? ????? ????? ?????? ????? ??????? ???????. ?????? ?????? ??? ???? ????? ??????? ???????? ??????? ????????? ??????, ???????? ??????? ?????? ?????? ????. ????? ?????? ??? ?? ??? ?????? ?????? ??? ???? ?????? ?????? ????? ?????? ????? ?????? ??????? ?????? ?????? ?????. ???? ???? ???? ?????? ??????? ?????????? ???????? ??????."
??????? ????,?????? ?????? ??????? ??? ???,"??????? ??? ?????? ?????? ??????? ??? ???. ???? ??? ????? ????""??? ?????? ??????? ????? ???? ????? ????. ???????? ?????? ?? ?????? ??????? ??????? ???? ????? ??""?, ??????? ????? ??????, ????? ????? ?????? ???????? ????? ?????? ???????."
??? ????,??????? ???? ??????? ?????,??? ??? ????? ??? ?????? ??????? ????? ?????? ????????? ??????. ??? ???? 2016 ??? ??????? 2020 ?????? ?????? ???????? ??????? ????????? ???? ?? ???? ????? ??? ???? 2020 ?????? ????? ??????? ????????? ???? ?? ???? ????? ???? ????? 2023 ???????? ???? ??????? ?????. ????? ????? ????? ?? ???? ??????? ??????? ?????????? ??-???? ??????? ?????? ?????? ????? ?????? ??????.
??? ?? ????,"???? ????? ????? ????, ????? ?????? ????",??? ??? ???? ????? ????? ???? ???? ??? ?????? ???? ??? ????? ?????? ????. ???? ?? ???? ???? ??? ????? ?? ?????? ????? ???????
??? ????,"????""??? ????? ????? ???? ?????? ???? ?????? ???????? ??????","??? ???? 1.1.2024, ??? ??? ????""??? ????? (????? ???? ??????) ????? ?????? ??????? ??????.

???????  ????? ???? ????? ????? (??? ????? ??????) ?????? ?????? ?????????, ???????? ?????? ????? (2020-2023). 

????? 2019- 2020 ????? ?????? ??? ????? ???? ????? ??????, ?????? ????????? ????????. 

????? 2015-2019 ????? ????? ??? ????? ???? ????? ???????. ?-2009- 2015 ????? ????? ???? ????? ?????? ????????? ?????? ????? ??????? ????? ??????, ????? ?????? ????? ???? ????????? ?????? ?? ???????? ????? ????. ????? 2000-2009 ??? ????? ?????? ???? ????? ?????? ??????? ???? ??????? ????? ?????? ????? ??????, ?? ??? ?????? ?????? ??????? ??????? ????? ?????? ??????? ?????? ????? ?????? ?? ?????? ?????????????? ?????????, ????? ????? ????? ?????? ????."
??? ??? ????,"???? ????""? ???? ?????","??? ???? ????? ????""? ???? ????? ????? ??? 2023. ???? ??, ?????? 2017 ??? ???? ?? ????? ?????? ???? - ???? ????????? ??????? ?????? ????? ????????? ?????? ????? ???? ??????? ????? ????? ?? ??????, ????? ?????? ??????? ???????? ?? ??? 100 ?????? ?. ???? ?? ??? ???? ?? ????? ??????? ???? ?????? ???? ?????? ?? ????? ????? ?????? ????? ?????? ????? ?????? ????? ??????. ???? ??? ?????? ???? ???? ????, ??? ???? ????? ??? ???, ????? ????? ??? ??? ?????? ????? ?????."
???? ????,"??? ??? ????? ?????, ???? ???????","???? ????? ???? ???? ???""? ?? ??? ???? ???????? ???????, ???????? ????????? ???? ??????. ??? ??????? ????? ???????? ??????? ??????? ??????. ??????? ?????? ???? ??? ?????? ?????? ??????? ????? ?? ?????? ???? ?????? ???? ?????? ??????  ??? ?????? ?????? ?????. ??? ?????? ?????? ?????? ?????? ?????? ???????? ??????. ???? ??? ??""?, ????? ????? ?????? ???? ?????? ??????? ?? Exercise is Medicine – ISRAEL, ????? ?????? ????? ????? ?????? ??????. ????? ??? ???? ???? ?????? ?? ????? ????? ?????? ????? ??????? ?????? ????? ?????"
????? ???? ???' ????,????? ?????? ????? ????? NAS ?????? ????? ????? ???????? ?????? ????? ?????,"????? ??? ????? ???? ??????? ?????? ?????? ????? ?????? NAS. ???? ?? ????? ???? ??????? ????? ?????? ????? ????? ??????? ?????????. ????? ????? ???????? ??? ?????? ?????? ?????? ????? ???? ?????? ??????? ?????? ?????? ?????? ??????? ????? ??????. ????? ???????? ???? ????? ?????? ????? ?????? ???? ??? ??????? - ???? ????? ?? ???? ??? ??????, ???? ?????? ????? ??????."
??? ????,"???""? ????? ????, ???????? ???? ?????","??? ???? ????""? ????? ????, ??""? ????? ???, ???? ???????? ???? ?????. ???? ??  ???? ?? ???? ?????? ?????? ""????? ????"". ???? ?? ???? ????""? ????? ??""? - ????? ??????? ???? ?????? ??????. ?????? ?????? ??? ???? ?? ????? ???? ?????? ?? ??????, ????? ????? ????? ?????????, ???? ??????, ????? ?????, ????? ?????? ?? ??????? ??????. ??? ?????? ??? ???? ???? ??? ?????? ???? ?????? ???? ????? ??????? (?????').  ??? ?? ??? ?""???? ?????"" – ????? ????? ????""?? ??????? ??????? ?????? ????? ?????? ???? ?????? ?????? ???, ??""????? ????? ????? ????? ???????"" ?????  ?????????? ?????????? ???????, ?????? ???? ?? ???????, ???? ?? ????? ???????? ????? ?? ????? ?????."
????? ????,??? ???? ????? ??'???? ?????,"????? ??? ??? ???? ????? ??'???? ?????. ???? ??? ??? ???? ???? ?????? ?????? ?????? ??'???? ?????-????? ??????? ?? ??? ????? ?? ????? ??? ????? ???? ?? ??????? ???????? ???????? ???? ????? ???? ???? ????? ????? ?????? ?????? ???? ???? ????? ?????? ??????? ???? ?????? ????? ????. ???? ??? ??? ???? ???? ???? ??? ????? - ?????? ???????? ?????? ??? ?? ?????, ??? ?? ???? ????? ??????? ?????? 30-18 ???? ????? ?????? ?? ?????. ?? ?????? ????? ??? ????? ?????? ???????, ???? ????? ?????? ?? ????? ???? ????? ????? ??? ?????? ??? ???? ???? ???? ??? ????? ????????."
?????? ????,"???""? ????? ?????? ??? ?????","?????? ??? ????""? ?? ????? ?????? ??? ?????. ?????? ?????? ??? ????? ?????? ??????? ?? ?????? ????? ???????? ??????? ??????? ????????? ??????? ??????, ???? ?? ???? ????? ?????? ????? ?????? ?????? ?? ??? ??? ?????? ???????. ???? ?? ???? ????? ??????? ?????? ?????? ??????, ?? ??????? ????????-????????? ????? ????, ????""? ??""? ????? ?????, ??? ??????? ???????? ???""? ????? ???""?, ???? ??? ???? ????? ???? ????? ???? ???. ?????? ??? ?? ??? ????? ???""? ?????????? ?? ???? ????? ????? ???????."
???? ???? ????,,"???? ??? ????? ??? ?????? ????. ????? ????? ?????? ??? ????? ????? ?????? ??????? ???? ?? ?????? ????? ?????. ???? ??? ????? ???? ???? ???????? ?????? ??????? ?????, ?????? ???? ?????? ???? ???. ?????? ?????? ????? ???? ??????? ???? ?????? ????? ????????, ????? ????? ??????, ????? ???????, ????? ?????? ?????? ????? ???????, ?????? ????? ???? ????? ?????? ?? ????? ?????? ?? ?????? ????? ??? ????? ?????? ????? ????????."
???? ?? ????,"VP Learning Experience  ?-MindCET, ???? ?????? ?????????-??????? ?? ??""?","???? ???? ????? ?????? ?- MindCET - ???? ??????? ?????????-??????? ???? ??""?. ?????? ?? ??? ???? ?? EdTech ????? ?????? ?????? ?? ????? ??????? ????? ??????? ???????? ?? ?????, ?????? ?????? ?????? ?????, ?????? ????? ?????? ???????????, ????? ?????? ?????? ???????-????????? ???? ??? ????. ???? ??? ???? ????? ????? ?????? ????????, ????, ????? ?? ??? ?????? ??????? ??????? ????? ?????? ??-?????? ????? ????? ??????? ?????. ???? ??? ???? ????? ?' ?? ????? ????? ?????? ????? ??????? ????? ?????? ?????."
????? ???????,"???""? ????? ?????? ?????","????? ??? ???""? ????? ?????? ????? ????? ?? ????? ?????? ????? ???????? ????? ?????. ?????? ???? 220 ?????? ???? ????? ???? ???? ?????? 60,000 ??????? ??????? ?60% ???? ????? ???? ?????? ????? ?????, ???? ?????? ??????? ???? ??????? ???????? ????? ?????? ?? ?????? ????? ??? ???? ?????? ???? ????? ?????? ?????? ????? ????. ????? ?? ???? ?????? ????? ??????? ??? ?????, ?????? ???? ??????."
??? ?????,"???""? ???????? ???????? ?????? ?? ??????","??? ??? ???""? ???????? ???????? ?????? ?? ?????? ??????? ?????? ????? ?? ????? ?????? ???????? ???? ????? ????? ???????, ??????? ???????? ??? ??????? ???????? ?????? ??????. ???? ??? ???? ?????? ??????, ????? ???????? ????? ????? ?? ???????. ????? 2021-2013 ???? (????????) ???""? ?????? ??????? ?????? ???? ???? ????????. ???? 2006 ???? ?? ?????? ????? ????? ???? ???? ??? ?????? ?????? ?? ??????. ???? 2017 ???? ?? ?????? ????? ??""? - ?????? ???? ????? ????? ?????."
??? ?????,"???""??? ??? ?????","???""??? ??? ????? - ????? ??????? ????? ???? ?????? ????? ????? ????? ???? ????? ????? ???.??? ?????? ????? ???? ???? ???? ????? ?????? ?????? ?????? ??????? ??? ???? ????.

??""? ??????? ????? ?????? ????, ???? ????? ????? ?? ????? ????? ???? ????""?, ???? ???? ?????? ?? ????? ????? ???????? ?????? ( ???? ???????? )

???? ???? ???""??? ????? ??????? ?? ????? ??? ???, ??""? ?????? ????? ????? ?????????? ??????? ????????.
?? ???? ?????, ????? ????? ???? ???? ??""?, ????? ???? ?????? ???? ???????? ??????? ????? ?????, ???? ??????, ?????? ????????.
?????? ???????? ?????? ????????, ???? ????????? ???? ??????? ?????? ??????? ?????? ????? ??????????.

???? ???? ??? ????? ????? ??????? ????, ???? ??? ???? ??????? ????, ????? ?????? ????? ????? ?????.
???? ?????? ?????? ????? ??? ??????? ?????."
?????(????) ?????????,"????? ??""? ???? ???? ????? ?""?????-??????? ???????""","????? ????? ???? ???? ????? ?""?????-??????? ???????"". ???? ????? ?? ????? ?????? ????????? ???????? ????? ?????-?'????-????????. ???? ??? ????? ?????? ?????? ???????? ??????? ????? ????""??? - ????? ?????? ?? ???????? ???????? ??????? ?? ???? ??????, ???? ???""?, ???, ?? ????? ???? ??? ???. ???? ??, ??? ??? 2014, ??? ????? ???""??? ?????? ??? ???????? ??????, ?????? ?????? ????? ?????? ?????? ??????? ????? ?????? ????? ?????? ??? ????????, ???????? ?? 290 ??? ??????? ??? ??????? ?-120 ?????? ???????. ???? ????? ????? ?????? ??? ?""? ??? ????? ?? ?????? ?????? ?????? ???-???? ???????? ?????? ?????, ?????? ????, ??? ????? ?????? ?? ??? ???? ???-???? ??? ?""? ??? ????? ?????? ????? - ???? ????????-??????????- ?????????? ?????."
??? ???,????? ??? ???? ???????? ????? ?? ????,"??? ???? ????""? ??? ???? ???? ????? ?????? 2024. ???? ???? ????""? ????? ????? ?????, ????? ????. ????? ????? ????? ?????? ?????? ?????? ????? ?????? ??????? ???? ??? ???? ?????? ???????. ?????? ????? ???? ?? ??? ???? ???? ????? ?????? ??? ????? ???? ????? ?????? ??????? ?????? ??? ??? ??-????? ????????. ???? ??? ???? ????""? ???? ??????? ?????? ???????? ?-101 ?? ???? ????? ???? ??????, ?????? ??????? ?????. ???? ??? ???? ???""? ?????. ?????? ?????? ??????? ???? ??? ????? ??? ????? ?????? ?????? ?????? ???? ??????? ?????? ??? ????? ?? ?????? ?? ???? ?????? ?????? ?????? ??????."
????? ????,"????""? ????? ??????, ???? ????????? ????""? ??' ??? ????????? ????? ??????","???? ??? ???? ????? ????? ???? ????? ???? ????? ????? ??? ?????? ????? ???? ????? ???? ?????? – ????? ???????? ????? ???????, ?????? ?? ????? ?? ???? ?????? ???? ??????? ????? ???? ????? ??????, ??????? ????? ?? ????? ???? ?????? ???? ?????? ?????? ????? ???????. ??????? ?????? ???? ????? ????? ???? ????? ???????? ???? ???? ????? ???? ????? ?? ???? ????""?. ?????? ??? ??? ????? ?????? ?????? ????? ???????? ?????? ?????? ????? ??????, ??""?, ????? ????? ??????? ????. ?????, ??? ???? ?? ????? ?????? ?????? ??????? ??? ????? ???????? ???????? ?????? ?????? ?????????. ??? ?? ??? ????? ????? ?? ???? ??????? ?????? ?????? ?????, ???? ???""? ?????? ??????? ???? ??? ??????? ????? ????? ??? ???""? ????????, ????? ???????? ???? ???? ????? ???????? ????? ?????. ?? ?????? ????? ??? ????? ???""? ????? ??????, ????? ??? ??""? ???????? ????? ???."
???? ????,"?????? ?? ???? ???????, ???? ??? ???? ?????? ???? ?????? ?????? ???? ????? ???? ????????? ???????","???? ???? ???? ???? ?????? ??????? ??? ??????? ??????? ???????, ?????? ?????? ??????? ??? ????? ???? ???? ?????? ??????. ???? ???? ??? ????? ???? ????? ?????? ?? ???? ??????? ?????? ???? ????? ?????? ???? ?????? ??????? ????????.
??????? ????? ??????? ?????? ?????, ?????? ?????? ??????? ????? ????? ?????? ???? ??? ????? ?????? ??????, ??? ????? ?? ????? ????????, ???????? ????? ?????? ?? ????? ?????? ?????? ?????. ??? ???, ??? ???? ?? ?????? ???? ?????? ???????? ???????, ??? ????? ""?????? ?????? ??????"", ??? ?? ???????? - ????? ?????? ???? ?????? ????????? ??????? ??????? ?????? ??????? ???????. 
??????? ????? ???? ????? ????? ???? ???""? ???? ????????? ???????, ????? ???? ?????? ?????? ?? ???? ????? ?????? ??????????? ???? ???? ??????. ????? ????? ????? ????? ????? ??????????. ????? ??????? ???????? ?????? ?????? ??????? ????????? ?? ?????? ??????????? ???????.
?????? ?????? ?????? ??????? ???????, ????? ?????? ??????? ?????? ????? ?????? ????? ???? ????? ?? ??????? ??????? ????????."
????? ????,???? ????? ?????? ??? ???,"?""? ??? ???? ??? ???? ??? ?????? ????? ???? ???. ??????? ????? ??? ???? ????? ????, ????? ?????, ???? ???? ???""?, ???? ??? 2017 ???? ?????? ?? ????? ????? ???""?. ?????? ????? ?? ??? ????? ??? ???? ????? ????? ?????? ??????, ????? ??????, ?????? ?????. ???? ?? ???? ???? ??? ????? ?????? ?? ??""? (????? ??? ??????) ??????? ?? ??? ????? ?? ????? ?????? ??????? ??????? ?????? ?????? ????""??? (???? ???? ??????) ?? ?????? ????? ??????? ???""?, ?? ????? ??? ????? ????? ?????, ?? ????? ????? ??? ?????? ????? ??????????. ?????, ??? ???????? ????? ????? ?????? ???????, ???? ??????. ????? 2014-2012 ??? ??? ???? ?????? ????? ?? ????? ???. ?????? ?????? ????? ????? ?? ?????? ??????? ????? ???????, ??????? ??????? ?????? ??????. ??? ?? ??? ????? ?? ?????? ?? ?????? ????? ??????? ??????? ???? ??? ???? ????, ??? ??????? ?????????? ???? ?????? ??????? ?????? ???? ?????. ???? ??? ??? ??? ??? ???? ????? ?? ????? ????? ???""?, ???? ?????? ??????? ???? ????? ?? ???? 101 ?????? ???????. ???? ??????? ?-62 ?? ????? ????? ????? ??? ????? ???? ?????? ??? ????. ??? ????? ????????? ?????, ??? ??????? ??? ????? ?????? ???????????? ?????? ???? ???."
???? ?????,"???""???, ????? ?????? ???","???? ??? ???""??? ????? ?????? ???, ????? ???????? ???????, ????? ???????? ??????? ????? ??? ????? ?????? ??????? ?????? ?????? ??????. ???? ??? ????? ?????? ?????? ?? ?????? ????? ?????? ?????? ????????. 
????? ????? ????? ????? ???? ????? ?? ????, ????? ???? ?""??? ?????"" ???? ??? ???? ?????? ?????? ??? ????? ?????? ?????? ??????, ??? ????? ?????????? ????? ???????????? (???? ??? ????? ??????? ????, ???? ???? ?????? ????? ????? ????? ??? ??? ?????? ??????)."
???? ????,???? ????? ?????????? ?????? ????? ??? ???? ?????? ??????? ??????????? ?? ???? ???????,"?""? ???? ???? ??? ???????? ???????, ????? ?????, ???? ?????? ??????????? ?????? ????? ????? ?????? ??? ????? ???? ?? ?????? ??????? ??????????? ?? ???? ???????."
???? ???????,????? ???? SIT-Systematic Inventive Thinking. ??? ????? ????? ????? ????????? ?????. ??? ???? ???? ???? ????? ??????? ?????????,"???? ???? ????""? SIT ???? ????? ????? ????? ????????? ?????. ??????? ????? ???? ???? ??? ??? ??""?, ??????? ?????? ???? ?? ??????, ????? ??????? ?????????, ???? ?????? ????? ???????? ????????? ???? ???? ????? ????. ???? ??? ???? ????? ???""? ???? ?????? ????? ?? ??? ?????? ?????? ???? ??????? – ???? ????? ????? ???????? ???? ???????. ???? ??? ????? ?? ????? ??????? ?? ???? ??????, ?????? ??????? ???? ????? ?????? ??? ?? ????? ?????? ????? ?????????? ?? ????? ??????. ?????? ?????? ???? ???? ???? ??? ???? ????? ?????? ??????? ?? ??? ?????? ???? ??? ???? ?????? ?? ?????? ??? ????? ?????, ???? ?????? ?????????? ??? ?????? ???? ???????? ?????? ???????."
??? ???????,"????""??? ????? ?????? ??????","??? ????? ?????""??? ????? ?????? ??????. ???? ????? ???""??? ????? ????""???, ?????""??? ??""?. ???? ??, ????? ?????""??? ????? ?????? ???? ????? ?????? ?????, ??? ???? ?????? ????? ?????? ????? ?????? ????? ????? ?????? ???????? ????? ????? - ???? ?????? ??????? ?????? ?????? ??. ???? ???, ????? ?????? ??? ????? ??????? ???? ????? ?????? ??????????? ??-???? ???????????? ?????? ??????? ?????? ???? ?????? ??????? ??????. ?? ?????? ????? ????? ??? ?????? ???? ???? ??????? ???? ??????."
???? ??????,????? ???? ?????? ??????? ???? ?????? ???? ?????? ??????? ???????? ????????? ???? ???????,"??? ???? 2018 ????? ???? ?????? ??? ?????? ?????  ?????? ???? ???????, ????? ??? ????? ?? ?????? ???? ?????? ????????, ????? 25 ?????? ??????? ???????? ??????? ????? ?-20 ??? ???? ???? ?????. ????? ?????? ???? ?????? ???? ??????? ?????? 86% ????? ?????? ??????? ???? ?????? ?????.
???? ?????? ?? ???? ?????? ????? ?????? ??? ????? ????? ???????.
?????? ?? ?????? ????, ???????? ?????? ??????? ??? ????."
???? ??????,???? ??? ???? ???? ?????? ????,"???? 1993 ??? ???? 2016 ???? ???? ??????? ??? ?????? ?????? ??????? ???? ?????? ?????? ?????, ?????? ?? ?????? ?????? ???????? ??????? ????. ??? ???? 2007 ??? ??""? ?????? ?????. ???? 2009, ?? ????? ?? ????? ?????? ????????? ??????? ???? (?????? ?? ??????), ???? ?????""? ?????. ???? 2013 ???? ??? ???? ???? ???? ?????? ????? ?? ????? ?? ???? ?????? ?????."
???? ??????,"?????, ???? ?????? ????? ?????? ???? ?????? ?????","?????, ????, ????? ????? ?????? ???? ?????? ????? ?????? ?????? ??? ????? ????? ????. ???? ???? ????""??? ????? ?????? ????? ?????? ?'?????, ????? ??? ????? ?????? ???? ????? ????, ??????? ?????? ???????. ??? ?? ????? ???? ?? ????? ??????? ???????? ?????, ????? ????? ??????? ?????? ??????? ?????? ???? ?????? ????? ???? ????? ????? ????? ?? ????. ????? ????? ????? ????? ???? ??? ??????? 2013. ????? ?????? 2018 ????? ?? ???? ""?????"" ?????? ????? ???, ?????? ?????? ?? ???? ????? ?????? ??????? ????????. ????? ?????? ?? ????? “????? ?????? ??????” ??? 2008- ????? ????? ???? ????? ??? ?????? ?????? ??????? ??????. ????? ?? ????? ????? ?? ???? ?????? ???? ???? ????. ???? ?? ????? ?? ?????? ???? ???????? ??????, ????? ?? ????? ???????? ?????????? ?????? ???? The Marker."
???? ???,"????""? ???? ????? ?????? ???????? ??????, ??? ????? ??""? - ????? ????? ??????",
???? ????,????? ?????? ?????????? ??????? ??????? ??? ???,"???? ??? ????? ?????? ?????????? ??????? ??????? ??? ??? ???? 2015 ?????? ?? ???? 1994. ????? ????? ??? ????? ??????? ???? ???""?, ?? ??????????? ??????? ??? ????? ??????? ??????. ??? ???? ????? ?? ???? ?????? ?????? ?????????????, ???? ??????? ??????? ??? ????? ??? ?????? ??????. ???? ??? ?????? ?????????? ?????? ??????? ??????? ???????? ??????? ???????, ???? ??????? ?????? ???????? ?????? ?????? ???? ?????? ?? ????? ??? ????? ????? ???? ?????? ???????? (???????), ????? ????? ???? ?? ??? ??""? ????? ??????. ???? ????? ???? ?????? ???? ?????? ?????? ????? ??? ?? ????? ""????""."
?????? ?? ???,"???""??? ????? ????? ????","??? 2013 ?????? ??? ???""??? ????? ????? ????, ?????? ?????? ???? ?????? ??????? ???????? ?????? ?? ??? ????? ?????????, ??????? ?? ???? 100 ?????? ?????? ????? ????. ?????? ?????, ?????? ??????? ??????? ?????????? ????? ???? ?????????? ???? ?????, ???? ?? ???????? ??????? ??????????? ?? ?????. ???? ??? ????? ?????? ?????""??? ????? ????????? ?????? ???? - ????? ???? ????? ??? ???? ??????? ??????, ????? ???????? ?? ?????? ?????? ??????? ????? ??????. ?????? ?????? ?????? ???? ?-2008 ????? ????? ????????? ?? ?????? ???????? ?????? ???????? ??????."
"??? ?""?",??? ????? ???????,"??? ??? ???? ????? ?????? ????? ??????. ?????? ?????? ??? ???? ?? ????? ???????, ????? ?????? ?????? ?????? ?????? ??? ?????? ???????? ??????. ???? ?? ???? ?? ????? ?????? ?????? ????? ?????? ????? ??? ???? ????? ???? ????, ???????? ?????? ??????? ????? ??????. ?????? ?????? ??? ??? ????? ?? ????? ?????? ???-??????? ????? ???? ???? ??????? ?????? ?????-????? ?? ?????, ????? ?????? ????, ????? ???? ????? ????? ????? ??????, ??????? ?????? ?????? ???? ????. ???? ???? ????? ???? ????? ??????? ????? ????? ?????? ????? ???????? ?????? ???????, ?????""? ????? ???? ???? ??????? ?????????? Galilea Group ?????? ????? ???? ????? Melta ???? ????. ????? ?????? ??? ???? ???? ???? ?????? ????, ??? ?????? ????? ?????? ?????? ????? ????? ?? ??????? ????? ?? ????? ??""? – ????? ??????????? ?????? ?????."
???? ????,"???? ????""? ???? ????? - ?????????? ?????? ?????? ?????","??????? ?????? ????? ???? ?????? ?????? ?????????? ?????? ????? ??????, ?????? ????????? ????????. ???? ???, ????? 2010-2015, ??? ????? ????? ?????? ??????? ?????? ?????????? ?????? ????? ???? ?????? ????? ??????. ????? 2010-1999 ??? ????? ?????? ????? ????? ??? ???? ????? ????? ??? ???? ?????? ??? ????? ??""? ???? ??? ????? ???? ??????? ??????? ????? ?? ????? ?????? ????? ???, ????? ????' ?????."
?????? ????,"????? ???""? ????? ?????? ????","?????? ??? ????? ???""? ????? ?????? ????. ???? ?? ????? ?? ???? ?????? ??? ????? ?? ?????? ?????? ????? ??????? ?????? ????? ?????? ?? ????? ???????? ???????? ???????, ???????????? ?? ?????? ?????, ?????? ??????? ?? ???????, ????? ????? ????? ??????? ?????? ?? ?????? ??????? ???? ??????. ?????? ?????? ????? ???? ????? ?????? ???? ????? ??????? ?????? ??????? ??????? ????? ????? ??????? ???? ?????? ??????? ?? ????? ?????? ??????? ??? ???? ??????? ???? ?????? ???????? ?????? ?????? ?????? ?????. ?????? ????? 2015 ????? ?????? ?? ???? ????? ????? ??????? ???? ?????? ?? ?????? ?????? ?????. ????? 2015-2013 ??? ????? ????? ?????? TREAT ????? ?????? ???? ???? ?????. ????? 2014-2005 ??? ????? ????? ?????? ??????? ??????? ?? ??? ????? ????????, ??????? ???? ?? ?? ????? ??????? ???? ????? ??????? ????? ?????? (M.M.U). ?????, ?????? ????? ???? ???? ????? ???????? ?? ??? ??????."
??? ?????? ?????,????? ????? ???? ?????????? ???? ?????? ????? ???? ????,"??? ????? ????? ???????? ?????? ????? ???????, ????? ???? ????? ?????? ??""? ???? ???? ???????? ??? ?????, ???""? ??????????, ??? ???? ????? ?????? ?????? ?????? ?? ?????? ??????? ??? ?????? ?????? ??? ????? ????????? ????? ???????. ??? ????? ?? ????? ???? ?? ????? ?? ???? ?????? ???? ????? ????? ???? ???? ??? ?????? ?????? ?-36."
??? ???,???? ?????? ???? ???????? ????,"??? ???? ????? ??? ????? ?????? ???? ???????? ???? ????? ???????? ?? ??? ???? ?????. ???? ??? ???? ????""? ????? ?????? ??????? ?????? ???? 2015 ??? 2023. ?????? ?????? ??? ????? ??????? ?????? ?????? ????? ????? ???????, ??????? ????????. ??? ????? ?????? ???? ??? ???? 12 ???? ????? ??????? ??????? ???????. ?????? ???? ??? ???? ?????? ?????? ??????????, ??????? ???? ??? ???? ???? ????? ??""? ?? ??????? (??? ?????? ????????? ?????? ????? ??????) ?? ??????? ???????? ??? ????? ??? ?????? ??????, ?? ????? ?????? ???????? ?????? – ????? ????, ???? ???, ??? ????? ??????, ????? ????? ?????. ??????? ?????? ??? ???? ???? ???? (????""?)."
???? ???,????? ???? ???? ????? ??????,"???? ????? ?????? ???? ????? ???? ??????. ???? ?? ????? ?????? ????. ?????? ?????? ????? ????? ??????? ?? ??? ??????? ?????, ?????? ?? ?.""? ??????? ??? ????? ?????? ????? ?? ?????, ?????? ?? ??????? ?????? ????? ?????? ?? ?????? ?????? - ????? ????? ?????? ?????? ????? ??????, ?????? ????????? ?? ??????? ?????. ???? ????? ?????? ????? ?? ??? ??? ?????. ??? ?? ????? ?????? ?? ????? ???? - ?????? ?????? ?????? ?????? ?????? ???? ????, ????? ????? ??????? ?????????. ?2011 ????? ?????? ?? ????? ????? ???? ??? ???? ?????? ????. ?????? ???? ????? ???? ?????, ?????? ?????? ??? ???."
??? ???,"???""? Incubit Ventures ???? ???? ?????? ?????? ??????","??? ??? ???""? ???????? ????'?? - ???? ????? ??????????? ??????? ?? ????? ?????? ?????? ???? ???????. ???????? ?????? ?-20 ?????-???? ?????? ????? ?????? ???? ???. ???? 15 ???? ???? ?? ???? ?????? ???""? BGN Technologies, ???? ??????????? ?? ?????????? ??-??????. ?????? ?????? ????? ???? ?????? ?????? ?????????? ?? ????? ???????? ?????, ???? ?? ????? ?????-???? ?????? ?? ????? ?????????? ???????. ??? ?? ???? ?? ???? ?????? ??????????? ??-?????? ?????? ??? ???? ???? ?????? ???? ?????? ???? ??? ??????? ???-????? ???? ?????. ???? ?? ???? ??????? ????? ?????? ??????, ???? ???????."
????? ???,"?????? ????? ????""? ????????","?????? ??? ?????? ?????? ????""? ???????? ?????? ?? ?????? ??????? ?????? ????? ?????? ??? ??????, ????? ?????? ????? ???????? ???????? ????? ??????. ??? ?? ??? ???? ??? ????? ?????? ????? ?????, ????? ?????? ????? ????? ????? ?????? ?????? ????? ??????? ???????. ???? ?? ????? ??????? ????? ?????? ???? ?????. ??? ????? ???? 16 ???? ???? ????? ???? ????? ??????. ?????? ??? ???????? ????? ???????, ????? ??? ?????? ?????? ??????, ?????? ??????. ???? ???? ?????? ????? ????? ?????."
??? ???,"?????. ???? ????? ??????? ????? , ???? ???????","??? ??? ?????. ???? ????? ??????? ?????, ???? ???????. ??????? ????? ???? ?? ???? ??????? ????? ?? ???? ?????. ?????? ?????? ????? ??? ????? ?? ????? ???? ????? ?????? 24/7 ??? ??????? ?????, ????? ?????? ????? ????????? (???? ?-300 ??? ??????, ??? ????? ????? ???????? ?????????). ???? ??? ???? ????? ?? ?????? ????? ????? ??? ????? ????? ???? ?????? ???????? ????? ????? ???? ??? ???. ???? ???? ??????? ???????? ????? ??? ?? ??????? ???????? ??? ????? ????? ????? ?? ??????? ??????? ??? ??????."
????? ?????? ???,"???""??? ????? - ????? ?????? ???? ??? ???","????? ??? ???""??? ????? - ????? ?????? ???? ??? ???. ??????? ????? ????? ????? ????? ???? ?????? ?????? ???? ????? ???? ??????? ??? ???, ?? ????? ?? ?????? ?????? ??? ?????. ?? ?????? ?????? ??????? ??????? ??? ??? ??? ???? ?????? ???? ?? ??? ??? ???? ?????, ????? ????????'. ???? ??? ????? ?? ?????? ?????? ?????? ????? ??? ???? ????? ???? ???? ?????? ????? ???? ??? ???? ?????? ?? ????? ??????, ???""??? ???????, ?? ????? ?? ???? ????? ????????."
???? ??? ???,"????? ??? ??????????, ?????? ??????? ?????? ??????? ???????? ?????????","???? ??? ????? ??? ??????????, ?????? ??????? ?????? ??????? ???????? ?????????. ???? ??????? ????? ?? ?????, ????? ?????? ?? ??????? ????? ??????? ???? ??????? ???????? ?????? ??????. ??????? ???? ????? ???? ??????????, ??????? ?????? ?????? ?????? ??? ??????? ????????. ???? ?????? ???? ?????????, ???? ??????? ??????? ?????? ??????? ???????? ????????, ???? ???? ????? ????? ?? ?25- ??? ????? ????????, ???? ????? ???? ????? ?????? ?????? ??? ??????? ????? ?? ????? ????? ???? ??????, ????? ???? ??????-????."
???? ???,"???""? ????? ???????? ????? ?????","???? ??? ???""? ????? ???????? ????? ?????. ??????? ????? ??? ???""? ???? - ????? ???? ????????. ???? ??, ???? ???? ??? ???""? ???? ??? ?????? ????? ??? ????? ????“? ???? ??""?. ?????? ?????? ???? ?????? ????? ????, ?????? ??????? ??????? ??????? ??????? ?????? ???? ?????. ???? ?? ???? ????? ???? ????""??? ????? ????? ?????? ?????? ????? ?????, ?????, ???????, ????? ?????? ????? ?? ????? ?????? ?? ????? ??? ??????? ?????? ??????. ?????, ???? ??? ?????? ??????? ?? ???? ??????. ?? ?????? ????? ???? ?????? ????? ????? ????""? ????? ?? ??? ?????? ????? ???. ????? ?????? ???? ??????? ?????? ??????? ??????? ??? ??????."
??? ???,"???""? ?????? ??????? ?? ??","??? ??? ???""? ?????? ??????? ?? ??. ???? ??? ???? ????""? ?????? ????? ????? ???? ?????? ??? ?? ??? ???? ????? ????? ?? ??? ??? ????? ?????? ?????? ??????? ?????. ???? 2005 ??? ???""? ????? ???? ???? ???? ????? ?????? ???? ????? ?????? ??????? ??? ???????? ??????? ??? ???????? (????? ???? ??? ????? ???)."
???? ???,"???? ?????, ????? ?????? ???????","???? ??? ?""? ?????? ?????? ??? ???, ????? ???? ??????? ???? ??? ???. ???? ?? ???? ???? ?????? ???? ??????? ????? ?????? ??????? ??? ??? 2014. ?????? ?????? ??? ???? ??????? ????? ??????? ???? ????? ?????? ??????? ??????? ????? ????? ????? ?????. ???? ???? ??????? ????? ?????? ??? ???? ?????? ???????? ??????? ????? ??????? ?????? ??????? ???????."
????? ?????? ???,???? ?????? ?????? ?????????,"????? ???? ????? ?????? ?????? ?????????. ??????? ????? ??? ???? ?? ?????? ??????? ??? ???? ??""? ?????? ??????? ?????? ???? ???? ?? ????? ??????? ???? ???????? ???""? ???? ?????? ?????, ????? ??????? ????? ???????? ?????? ?????? ?? ???? ??????, ?????? ?? ?????? ?????? ????? ?????? ?????? ?????? ??????. ???? ???""? ??? ???? ????? ???????? ??????? ?""?-?""? ???????? ?????? ?????????? ??????. ?????, ??? ???? ??????? ????? ??????? ?????? ????????? ???? ?-C.B.T, ??????? ?????? ????? ?????? ????? ???? ?????? ????? ?????? ????? ???????? ????? ??????? ?? ?????????. ????? ??? ???? ??????? ????? ?????? ?????? ?????? ??? ?????? ?????? ???????. ???? ???? ????? ?????? ?????? ???????."
???? ???,COO ????? ????? ?????????? ???????,"???? ??? ??? ??? ???? ????? ?????????? ???????. ??????? ????? ??? ???""? ????? ????? ?????? ???????. ???? ?? ??? ???? ???""? ???? ??? ?????? ??????? ?????? ????? ?????? ??????? ???-??????? ??????? ???????? (?????) ?????????. ???? ??? ??? ???? ????? ???? ???? ???????? ??????? ??????? ?????? ???? ?????? ???????? ????????? ???? ????? ??????, ?????? ??????? ??????? ??????? ?????? ????? ????????. ???? ?????? ????? ??????? ??? ???? ?????""? (???? ?????? ???????????) ?????? ????? ????? ???-???. ?? ?????? ????? ??? ???? ????? ??? ?????? ???? ??? ???? ?????? ????."
??-?? ???,?????? ????? ????????? ????? ?????,"??-?? ????? ???? ??????? ????? ????????? ??????? ????? ?????, ??????? ?? ????? ?????? ???? ?? ?????? ???? ????? ????? ????. ?????? ?????? ??? ????? ?????? ????? ????????, ????? ???-????? ?????? ????? ????? ??????? ???????? ?????? ????? ?? ?????.

???? ??? ????? ???????? ?????? ??Einav Drying Technologies / ???? ??????????, ???? ??????? ??????? ?????? ????? ?????, ?? ?????? ????? ??????, ????? ?????? ??????? ????????? ?????? ??????? ??????? ?????????. ???? ?? ????? ???????? ????? ???? ????? ?????? ?????? ?????? ???? ???????? ??????? ????? ??????, ????? ????? ??? ?????? ?????? ????? ????? ???????.

?? ??????? ??????? ?????? ???? ?? ??????? ???????? ????? ?????, ??????? ????? ?????? ???????, ?????? ???????? ?????? ??????? ??????? ???????? ?????? ???? ?????? ?????? ??????? ???? ????"
????? ????? ???,???? ?????? ??????? ??????? ?????? ????,"????? ??? ???? ?????? ??????? ??????? ?????? ????? ????. ??? ??? 2016 ??? ????? ?? ?????? ???????? ??? ?????: ?????? ?????,  ????? ????? ?????? ?????? ???? ????? ????? ??? ???? NRG ???? ?????. ??? 2012 ??? ?????? ????????? ?????? ?????? ??????? ????? ?????? ???? ?????????."
???? ???,"???? ??? ???? ???????, ???? ?????","??? ????? 2019 ???? ???? ?? ????? ???????? ????? ?????. ????? ?????? ??? ????? ?? ???? ?????? ??????? ??????? ???????? ??????? ???????, ????? ??????? ?????? ?????? ?????? ??????? ???????? ?????? ??????? ????????? ?????? ???????. ??? ???? ?????? ??????? ?? ???? ?-10 ??????? ?. ???? ??? ???? ???? ????? ????? ???????? ?????? ???????? ???? ???? ?????? ??????? ???? ??????? ?????? ??????? ???? ??????? ??????. ??? ???????? ?????, ???? ???????? ??????-????? ???????, ????? ????? ????? ????? ??? ?????? ???? ????? ??????? ????????? ??????????,D.C."
???? ???,"????""? ??????","???? ???? ?????""? ?????? ????? ?????? - One City. ???? ???? ?? ?????? ????? ???""? ??????? ???? 202, ????? ??? ??? ???? ???? ??????? ????? ?????? ?????? ?????. ???? ???? ???????, ??? ???? ??? ??????? ?? ?????? ????? ?????? ??????????? ?? ????. ???? ???? ?????""? ???????? ????? ????? ?????? ?????? ???? 7 ????, ???? ?? ???? ?????? ????? ???? ????? ??????, ???? ?? ?????? ???????????, ?? ?????? ?????? ?????? ??? ???? ?????? ?? ?????? ??????. ??? ?? ???? ???? 2013 ?????? ????? ???? ????? ????. ???? ???? ???? ????? ????? ??????? ??????? ????????. ???? ??????? ????? ????, ??????? ???? ??? ??????? ???????? ?????? . ?????? ??? ????????? ?????? ????? ???????? ????""?? ?????? ???????. ???? ????? ????? ???????? ??????? ???? ????, ???? ????? ???? ????? ???? ??????? ????? ????."
???? ?????? ???,"??? ??? ?????, ??""?","??? ???? 2020 ????? ???? ??? ????? ???""?. ????? 2016 ?? 2018 ???? ??? ???? ????? ?????? ????? ?????. ???? ?????? ?????? ??????. ?? ??????? ????? ???? ????? ???????, ?? ?? ???? ?? ?????."
??? ???,????? ????? ????? ???? ?????? ?????? ???? ??? ????,"??? ????? ?????? ????? ????? ?????, ???? ????, ???? ??????. ??? ????? ?????? ???? ? 30 ??? ?????? ???????, ??? ?????? ?????? ????, ????? ????, ????? ????, ????? ?????? ????? ??????? ????, ???? ??????? ???????? ??????, ????? ???""? ????? ???????. ????? ?????? ????? ????? ????? ????? ????? ??? ???? ????????. ???? ?? ????? ?????? ?????? ?????? ????? ???? ???? ?????? ?????? ?????? ???? ???????? ??? ?? ????? ?????? ????? ?????? ???? ???""?, ???? ???????? ????? ????? ?? ???? ??????. ???? ??????? ?????? ?????? ????? ????? ????? ?? ????? ?????."
????? ?????,??????: ????? ????? ??????? ?????? ????????,"????? ??? ??????: ????? ????? ??????? ?????? ????????. ?? ???? ?????? ?????? ??? ??? ????? ???? 20, ?????? ????? ????? ??????? ?? ?????? ?????, ?????? 2018 ????? ?????? ????? ?????? ???? ????? ???? ?????? - ?? ???? . ???? ????? ??? ????? ?? ????? ????? ?????? ??? ????? ????????? ???????? ???? ????? ?????? ?????, ???????, ????? ??????, ????? ????? ?????, ?????? ?????, ????? ????????, ????? ?????? ???????? ?????? ????????? ???????? ?????? ????????????. ????? ??? ?????? ?????? ???? ?????????? ???? ???? ?????? ???."
?????? ????,"????""? ?????? ????, ?????? ????? ?????? + ?????? ??????","????? ?? ???? ?????? ????, ?????? ????? ??????. 
???? ?????? ?????? ???????? ??????? ?????? ??????? ?????? ?? ??? ?????? ?????? ?????? ????????? ??. ???? ???? ??????? ?????? ????? ??? ?????? ??????? ???,?????? ????? ?? ????? ??? ?????? ???? ???????? ???? ???""?.
???? ??, ?????? ???? ?????? ??? ?????? ?????? ?????? ???? ?????? ?????? ????????? ?????? ????????? ????? ?????? ?????? ?????????."
????? ????,????? ?????,"?""? ????? ???? ??? ????? ??????? ????? ????? ?????- ????? ????? ?????? ??????.???? ?? ???? ????""? ????'-?? ?????? ??? ???????, ??? ????? ?????? ????????? ????? ???????. ????? ????? ????""? ???? ???????? ?????? ???????? ?????? ????? ????? ??????? ????? ???? ????????. ???? ???? ????? ?? ??? ???? ??? - ????? ?????? ???????? ????? ?????? ?? ???? ?-30 ?????? ??????? ?????, ????? ???? 2019. ????? ??? ?????????? ?????? MooNa ????? ?????? ????? ???????? ????????, ???? ????? ?????? ??????? ?????????, ????? ?????? ?????-???? ?????? ?????? ????? ????? ????? ?????? ????? ????????? ???? ?????? ?????."
???? ????? ?????,???? ?????? ??? ???? ?????,"??????? ?????? ????? ???? ????? ?????? ??? ????. ???? ??? ??? ????? ???? ??? ???? ????? ????? ???? ?????? ??????????. ?? ????????? ????? ??????? ??? ????? ???? 25 ???? ???""? ??????? ????? ?????? ?????? ???""??? ??????? ??????? ?????? ???? ????? ?? ???? ????? ????? ???????. ?????? ?????? ????? ???? ?? ?????? ?????? ????? ???? - ?????, ?? ?? ?????? ???."
???? ?????? – ????,????? ????? ????? ??????? ????? ?????? ??? ???? ?????? ???? ???? ??????? ?? ????- ???,"???? ??? ????? ????? ????? ??????? ????? ?????? ??? ???? ?????? ???? ????? ??????? ?? ????-???. ????? ???? ???? ??? ???""? ???? ??????, ?????? ????????? ???????? ?????? ?????? ?? ????? ?????? ????? ???? ????? ?????? ???????? ??????? ????? ???????. ??? ?????? ???????? ????-??????? ???????? ???????? ??? ????? ??????, ??????? ???????????? ?????? ?????? ??????? ??????. ???? ?? ???? ?????? ????? ????? ???? brack-capital - ???? ????????? ?????? ?????? ????""?, ???????, ??????? ??????????? ????? ?????. ????? ???? ??? ???? ???????? ????????? ???? ???? (?????) ????? ????? ????? ???????? ???? ????? ?????? ????? ??????? ??????? ???????. ?????, ????? ?? ?????? ?? ??????? ??????? ?????? ?????? ???? ?????? ?????? ????????? ???? ?????. ?????? ?????? ????? ????? ???? ?????? ??????? ???? ????? ????? ??? ???, ?????? ??""? ????? ???? ??????? ????? ???? ?????."
??? ????,????? ?????? ??? ?????? ???? ??????,"??? ??? ???""? ?????? ??? ??? ???? ?????? ????? ?????? ????? ??? ???? ???????, ?????? ??? ??? ?????? ?? ???? ????? SMR ???? ?????? ?????? ??????? ????? ???????, ????? ?? ??? ????? ?????? ?????? ????? ???? ???? ?????????? ???????? ???????. ???? ?? ??? ??? ???? ????""? ?? ??? ?????? ???????. ????? ?????? ????? ?????? 13 ??? ???? ??? ?????? ????? ????? ????? ????? ???? ??? ????? ?????? ??????? ????? ?????? ??""? ????? ??""? ???? ???? ?????? ?? ?????? ??????. ??? ?? ??? ??? ????? ????? ?? ????? ????? ???? ????? ??????."
???? ?????,???? ???? ?????? ??????? ????? ??????,"??""? ???? ????? ???? ????? ???? ?????? ??????? ????? ??????. ???? ???, ???? ????? ????? ?????? ?????? ????? ?????? ?????? ???? ????? ?????? ???? ????? - ?????? ??? ????? ??????? ?????, ???? ????? ????? ?'???? ?????. ??????? ???? ?????? ?????? ??????? ??????? ?????????????, ????? ??????? ????? ???????, ???? ????? ?????? ?? ????? ?????, ????? ???????? ????????, ????? ????? ?????? ?????? ????? ?????? ?????. ??? ????? 2015-2019: ??? ????? ?????? ???? ????????. ?????? ?????? ?? ??? ????? ?? ?????: ????? ??????, ?????? ????? ?????, ??? ?? ????? ?????, ?????? ??????? ???????? ???????."
??????? ??? ??,"???? ????? ?????? ?????, ???? ???? ??????? ?????? ????? ???? ????? ?????? ?????? ???? ?????? ??? ????","??? ???? 2016 ?""? ??????? ??? ?? ??? ???? ????? ?????? ?????, ???? ??? ?? ???? ?????? ?? ????? ????? ?????? ???? ?? ???. ?????, ??? ???? 2018 ??? ????? ?? ????? ??? ???? ??????? ?????? ?????. ???? 2017 ??????? ???? ???? ?????? ??????? ?? ????. ??? ????? ?? ??? ??????? ?????? ????? ????? ?????. ??? ?? ??? ??? ?????? ?????? ?????? ?????? ??? ????. ??????? ??? ???? ????? ?????? ??? ???? ??????? ?? ????? ????? ?????? ??????, ????? ????? ?????? ?????? ?????? ???????? ??????? ???????. ?????, ??????? ???? ???? ??? ????? ???????????? ??????. ??? ????? ?????? ????? ????? ?? ??????? ????? ?????? ??????????? ?????? ??? ?????' ?????? ???? ?????? ??????."
?'???? ??? ??,??????? ????????-???? ????? ?????? ???????,"?'???? ??? ????? ???? ??? ????? ???? ??????? ???????. ???? ??? ????? ??? ???? ????? ????? ?????? ????? ?? ????? ?????? ???? ???? ???? ?????? ??????? ????? ??????? ?????, ?????? ?????? ????? ?????? ???'???? ????? ?????? ???? ??????. ???? ????? ?'???? ?? ???? ???? ??????, ???? ???? ??? ????? ???? ???? ???? ????? ???? ????? ????? ?????? ???? ?????? ????????-???????? ?????? ????."
???? ??,????? ??? ????????? ?????? ???????? ???????? ???????? ????? ??????,"???? ??? ????? ???? ??? ??????? ?? ????? (???""? ??????? ??""?), ??? ????? ???????? ???????? ????? ??????. ???? ???? ????? ???????? ?????? ???????? ??? ?????. ?????? ?????? ??? ?????? ?? ?????? ???????? ?????? ?'-?""?, ???? ????? ?????? ????????, ????? ????""? ????""? ?', ????? ?? ?????? ??????? ??? ???????? ????????, ?????? ??????? ??????? ???????? 5??2  ?????? ???? ???????? ?????? ????? ??? ??????? ??? ??????."
??? ??,"????""? ????? ????? Extell","??? ??? ????""? ????? ????? Extell ???""? ????? ?????? ???????? ???? ??????. ????? 2023-2012 ???? ?????? ???? ??????? ????? ???? ???? ????? ?? ????? ?????? ???? ?? ???? ???? 2040 ?? ????? ?????? ????? ????? ?????? (??""?, ??????? ???????) ?? ???? ??? ????? ???? ?????? ????? ??????? ??????? ?? ?????? ?????. ??????? ???""? ????? ?????? ???????? ???? ?????? ??? ???? ??????? ????? ???????? ?????? ?? ???? ?????? ??????. ???? ???? ????? ??? ????? ?????? ?? ?????? ??????? ??????? ???? ???? ??????? ??????? ??? ????? ????? ????? ?????? ???? ????? ???? ?????? ????????. ???? ??? ??? ???? ????? ??????? ????? ?????? ???????? ???????? ???? ????? ?????? ????""?, ??????? ?????? ???? ????? ???????? ???????, ?????-????????????? ?????? ?????."
???? ??,"??""? ??? ????? ??????? ???????? - ????? ????? ??????? ????????","???? ??? ??""? ??? ????? ??????? ???????? - ????? ????? ??????? ????????, ???? ?? ??? ????? ??????. ?????? ?????? ????? ??? ???? ?? 15,000 ?????? ?????? ??""? ?????? ?? ??????? ???????? ??? ???? ?????? ??????? ????. ??? ??? ??????? ???????, ??? ???? ??""? ???????? ??? ????? ???? ?? ?????? ??? ??????, ??? ??????? ????, ???? ???? ???????, ???? ?? ??""? ?????? ???? ????? ?????????? ???????. ?????, ???? ???? ?? ????? ????? ????? ??????? ??? ?????? ????? ?????? ?????."
????? ??,??? ?????? ?? ???????? ?????? ?????? ????? ?????,"????? ???? ???? ???? ?????? ?????? ???? ???????? ????? ?????. ?????? ?????? ????? ?????? ??????? ?? ??? ??????? ?????? ???????????? ?????? ??? ?????? ?????? ?? ??? ?????? ?????. ???? ??? ???? ???? ?????? ????? ????? ???? ????????, ????? ????? ?? ????? ????? ???? ????? ?????? ?????? ??????? ??????? ????. ???? ??????? ?????, ????? ???? ???? ??????? ????? ??????? ??????? ???? ??? ??? ???? ??????? PPP ??? ???? ?? ????? ?????? ?? ????? ?????? ???? ???""???."
??? ??,"????? ???? ???? ????, ???? ?????? ??????? ??????","??? ??? ????? ???? ???? ????, ???? ?????? ??????? ??????. ??? ??????? ????? ???? ?????? ???????. ????? ?????? ????? ?????? ????? ???? ????? ?????? ??????? ????? ???? ?????? ?????? ?? ??? ?-10 ????. ???? ??????? ????? ?????? ????? ????? ?????? ??? ???? ?? ???? ??????, ?? ????? ?????? ????? ??????? ??????????, ?????? ?????? ????."
???? ????,????? ??? ????? ??????? ????? ??????? ?????,"???? ???? ????? ?? ???? ????? ?????? ?????? ????? ????? ?????? ?????? ????? ????? ????? ??? ?? ????? IVN. ????? ???? ???? ????? ?????? ????? ?????? ?? ??? ????? ???????? ?????. ?? ?????? ?????? ?? ?????? ???????? ????? ??????. 
???? ???? ???? ?? ???? ??????? ?????, ????? ?????? ?? ???? ?????? ??????? ??? ??? ???? ??????? ?????? ???? ?????? ???????, ??? ?? ?????? ??????? ??????? ?????? ??????? ???????? ??????, ???????? ????????? ???? ??????? ??????. ???? ?? ???? ?????, ???? ????? ?????”? ?????? ?????? ????????? ???? ?????? ???""?. 
????? ???? ??? ????? ????? ?? ?????? ?????? ?????????? ???? ??????????? ??????, ????? ????? ???? ???????, ?? ?????? ?????? ??????? ??????, ???? ?????????? ?? ????. ??? ???? ??????? ???? ?????, ???, ???, ????, ????? ????? ???? ????? ?????."
????? ?????,????? ?????? ???? ????? ???? ?????? ?????? ??????? ?????? ?????,"??? ???? 2016, ????? ????? ?????? ?????? ????, ????? ???? ????? ????? ?? ?????? ?????? ?????. ???? ?? ?????? ??? ????, ????? ?? ????? ?????? ?????? ??????. ??? ????? 2001-2009, ???? ?????? ????? ?????? ?????? ???? ?????? ?????? ?? ??????. ??? ???? 2004 ??? ?????? ?????, ????? ???? ???? ?????? ?????? ????? ?????, ?????? ??????, ??????? ?????? ????  ???????. ?????? ?????? ???????, ????? ????? ????? ???? ????? ????? ?????? ????? ??? ????? 2015-2018. ?????? ???? ?""? ?????? (MD) ?????????, ???? ??????? ????? ????? ?????? ?????? ?????? ?????????, ???? ?????????? ????. ?????? ????? ????, ????? ?? ??????? ????? ????? ????? ????? (MBA) ???? ??????? ????? ????? ?????????? ?? ???? ???? ????? ?? ????? ??????? ?????? ?????. ????? ?????? ?????? ?????? ?????? ?????. ?? ??????? ?????? ????? ????? ?????? ?????? ????? ????? ??? ?????' ????? ????? ????? ????? ??????."
??'?? ?????,"???""? ????????? ???? ????","??? 2013 ??'?? ??? ???""? ????????? ???? ???? ??""? - ????? ?????? ????? ????? ?????, ?????? 15 ?????? ???? ??????? ?-1,100 ??????, ???? ????? ???? ????? ??????? ????? ????? ??????. ???? ?????? ?????? ?? ??'?? ??? ??? ?????? ??????? ????? ????? ????? ???????? ???? ???? ????? ??? ??????."
??? ?????,"??? ????? ????? ?????. ???""? ??????? ???? ?""?.","???, ???????? ????????????. ??? ????? ????? ????? ????""? ??????? ???? ?""? ????? ??? ?????. ???? ???? ?? ?????? ?? ???????? ????? ????? ?????? ???????????????? ?????? ??? 18 ?? 108 ???? ??????, ????? ??????, ??????? ?????? ?????? ????? ????? ?????? ?????? ??????. ???? ????? ??????? ?????? ????? ??????. ???? ?????? ?? ???? ?????? ???? ??????? ????? ?? ????? ???? ?????. ????? ?? ???? ????? ?????? ?? ??????? ??????? ????. ????? ?????? ??? ?????? ?????????? ??????. ???? ???? ???? ?????????? ????????? ??????????? ?? ??????. ???? ?????? ?????. 
???? ???? ?????? ????? ?? ???? ?????. ???? ???????? ??? ????, ??????? ???? ?????.

?? ??????, ??? ????? ?????."
??? ?????,"????""? ????? ????????? ?????? ?????","??? ???? ???? ?? ?????? ?????, ????????, ????? ???? ?????? ?????? ??????, ??? ???? ???????? ???? ??????, ???? ????? ???? ??????? ???, ????""? ????? ?? ????? ????? ??? ?????? ?????? ???????? ?????? ???? ????""? ???? ???? ?? ?????? ??????. ????, ???? ?????""? ????? ????????? ?? ?????? ?????. ???? ??, ??? ?-5 ???? ????? ??????? ????? ?????? ?????????? ACCENTURE, ?????? ???? ????. ?? ??? ?????, ???? ????? ?????? ???? ??? ?-3 ?????, ???, ????? ????."
??? ????,????? ?????? ???. ???? ?????? ????? ???????? ??????,"??? ????? ?????? ???????? ????????? ?????? ??? ?????? ?? ?????? ?????? ?????. ??????? ????? ?????""??? ????? ?????? ????? ??????? ???? ??? ????? ?????? ?????? ?????? ????? ??????????. ?????""??? ????? ???? ???? ?????? ????????? ?????? ?????? ?????? ????? ????????. ??? ????? ????? ????? ???????? ?????? ???????. ??? ?????? ????? ???????? ????????? ???????? ?????? ???????? ?????? ????? ?????, ??????? ???????. ???? ???? ?????? ?????? ???????? ?????? ????? ?????? ???? ?????? ???. ??? ?? ?????? ????? ????? ????? ????? ???? ?????? ????????? ?????? ????? ????."
???? ??,"???""??? ???????","???? ??? ???""??? ???????, ?????? ?????? ????????? ?? ???? ?????? ???? ???? ?????? ?????? ???????? ??? ????? ?????. 
??????? ????? ?????? ????? ?????? ???????? ????? ??????, ?????? ??? ????? ????? ?? ??????? ??????? ???? ??????? ?????? ????? ?? ???? ?????? ??????? ???????, ????? ???????? ???????. 
???? ??????? ?????? ??? ????? ?????? ?????? ?????? ??????? ?????? ??????? ?? ???? ?????? ?????????.
???? ????? ?????? ?????? ???????? ?????? ????? ??????? ??????? ???????, ???? ??????? ?????? ???? ????? ?????? ??????? ?? ????? ?????? ????? ??? ???????, ????? ??? ???? ??????? ?????. ??? ????? ????? ???????? ????? ????? ????? ??????? ???????? ???? ??????? ???? ?????? ????? ???""? ???? ??????."
???? ????,???? ??? ????? ?????,"?""? ???? ???? ??? ????? ?????? ????? ?????? ?????, ??????? 2024 ???? ????? ??? ????? ????? ???? ???? ???? ????? ????. ???? ???, ???? ???? ???? ????? ?????? ????. ???? ???""? ????? ?????? ??? ????? ???? ?????? ?????? ?????, ????? ??????. ?????? ?????? ??????? ????? ?????? ???? ?????? ?????? ????? ????? ???? ????? ?????? ?????. ???? ??? ????? ?????? ?? ???????? ???????. ???? ????? ??? ??? ??? ?????? ??????? ?????? ??????, ?????? ?? ???? ?????? ??????, ????? ???? ????? ????? ????? ?????? ???."
???? ?????? ????????,Partner at Tal Ventures,"???? ??? ????? ???? ??? ????? Tal Ventures, ??????? ????????? ??????? ???????, ?????? ?? ????? ??????? ????????? ????????, ????? ?????? ?????? ????? ?????? ?????? ??????. ???? ?????? ???????? ?????? ??. ????????? ?-IATI - ????? ????? ?????????? ??????, ?????? ??????? ?????? ????? STEM, ???? ?????? ?????? ????????, ?????? ?? ???? ??????? ????."
??? ????,??? ??? ????? ????????? ?????? ?????? ??????? ?????? ?????,"?""? ??? ???? ???? ???? ??? ????? ????????? ??????? ?????? ?????. ???? ?? ???? ???? ???? ????? ?????? ???? ????? ??????? ?????? ??? ????? ?? ?????? ????? ?? ??? ?????? ??? ?????? ?????? ??????? ??????, ??? ?? ???? ??? ??????? ???? ?????? ????""?, ?? ????? ??????? ??? ?????? ?????? ?????? ????????, ?? ????? ??????, ??? ???? ??? ?????? ?????? ?????? ??????? ????. ???? ??? ???? ????? ???? ?????? ??????? ????? ?????? ????. ??? ???? ???""? ??????? ?????? ??????? ????? ???? ??????? ??? ???????? ??? ??????, ?? ??????? ???? 2014 ????? ??""?. ?????? ??????: ??? ????? ?????? ??????. ?? ?????' ?????? ??? ??????? ?????? ?????? ???? ????? ?????? ????."
??? ????? ????,"????""?? ???????? ?????? ?? ???????","??? ??? ???""??? ???????? ?????? ?? ??????? ??? ???? 2019. ????? 2017-2012 ??? ????? ????""??? ?????? ??????? ?? ???? ????? ????????? ?????? ??????? ?????? ????? ?????? ?????????? ?? 20 ?????? ??????? ?????? ??????? ?????? ?????? ?????? ???? ????? ?????????. ???? ????? ?????? ????? ??????? ???????? ???????? ???? ????? ?????? ?? ???? ?????? ????? ?????? ???? ??? ????? ?????? ???? ??? ??????. ?????? ?????? ??????? ??? ??????? ??? ???? ??????, ?? ???? ??????? ???????? ????? ????? ????? ?????? ???????. ?????? ?????? ??????? ????? ??? ?????""??? ????? ?????? 2000 ?????? ?? ???? ??????? ??????? ?? ????? ????? ??????. ?? ???? ???????? ??? ???? ????? ?????? ?????? ??????? ????? ??????? ?????? ?? ??????? ???????."
???? ???? ????,"????? ??? ????? ??????, ???? ???????","????? ??? ????? ?????? ????? ???????, ?????? ?????? ????? ?????? ??????? ??????? ????? ??????? ????????. ?????????? ????? ????? ??????,  ???????? ?????? ????? ???? ????? ?????? ?????? ??????? ???????. ????? ?????? ????? ??????????? ?? ?????? ?????? ?????? ?????? ??????? ???? ???? ???? ???????? ???????, ????? ???? ????? ????? MBA. ????? ????? ???? ?????? ????? ?????? ??????? ????? ?? ?????? ???????? ?????? ??? ?????? ?? ??? ?????? ????? ?????? ?????. ????? ??????, ?????? ???? ??? ??? ????, ??""? ????? ???? ?????? ????? ??? ??? ??? ???. ????? ?????? ???' ????? ???""?, ??????? ???????? ?????? ??????. ?????? ??????????? ?? ???? ???????. ?? ??????? ????? ????? ???????? ????""?."
???? ????,???? ????? ?????? ?????,"???? ??? ???? ????? ?????? ?????, ???? ???? ?? ??? ????? ??????? ??????? ??????. ???? ?? ??? ??? ?????? ?????? ????????? ???? ????. ???? ??? ??? ?????? ???? ????? ?? ???? ??????? ????? ??? ????? ???? ??????? ?????? ???? ??????? ???? ?? ????????? ???? ??????? ??????? ???? ?? ?????? ??????? ????????? ???????. ??? ?? ??? ??? ?????? ????? ??????, ?????? ?????? ?????? ?????? ????????? ????? ?????? ????. ???? ??? ?? ????? ????? ???? ?? ????? ????? ?????? 2397 ?????????? ??????? ??????? ?? 600 ?????? ?"
???? ?????,"???? ??? ???????? ???????, ????? ??????? ???????","???? ??? ???? ??? ???????? ??????? ?????? ??????? ??????? ??? ??? 2025. ????? ?????? ??? ?????? ????? ??? ??????? ????????? ?????? ?CIO ???????? ????? ??????? ??????, ???? ??? ??????, ???? ??????? ??????? ?????? ?????? ?????? ????????? ????? ?????? ????? ???? ???????? ????? ??????? ?????. ???? ?????? ??? ?????? ??????? ??????? ???? ??????? ?????? ??????. ???? ???? ???? ????? ??????. ???? ???? ???? ??? ????."
????? ????????,"???? ??? ???? ??????? ????? ?????? ????? ????? ????? ?????? ????? ???? ???""? ?????? ??????? ?????? ????? ?""? ???????-?? ????","?""? ????? ???????? ??? ???? ??? ???? ??????? ????? ?????? ????? ????? ????? ?????? ????? ???? ???""? ?????? ??????? ?????? ????? ?""? ???????-?? ????. ??????? ????? ??? ??? ???? ????? ?????? ??? ????. ???? ??? ??? ????? ????? ????? ?????? ????? ??????? ???""? ????? ?????? ??????? ?????? ?????. ??? ??, ???? ????? ?????? ???????? ??????????? ????”?. ?????? ?????? ??? ????? ????? ?? ????? ??????? ??????? ?? ?????? ????????, ???????? ????????? ?? ??????. ??? ??? ??? ?????? ??????? ??????? ??????? ?????? ??? ?????? ??????? ???????????. ?????? ???? ????? ????? ??????? ??????: ??? ???? ??? ???? ?????? ?????? ?????????????? ????? ??????? ???”? ?????? ???? ?????? ????? ????? ????? ?????? ????? ??????. ?????, ???? ????? ???? ???? ??????????? ????? ????? ??????. ????? ???? ??????? ??? ????? ??????? ?????? ?? ??????? ????? ????”? ???? ??????????? ????????. ?????? ?????? ??????? ??? ????? ??? ??????? ????? ?????? ?????? ??????, ???? ????? ???? ?????? ????? ????? ???????????, ??????? ??????????, ??? ?????? ??????? ?? ????? ?????? ?? ?????? ?????? ???? ??????? ???? ?????? ?????? ?? ????? ????????? ????????? ???????. ?????? ??????: ?????? ?????? ????? ?????. ??? ??, ????? ????? ??????????? ????????. ?? ??????? ???? ????? ??????? ???”?, ?????? ??? ???????-?? ???? ???? ???? ????????? ????? ?? ???? ???? (??????????????). ?? ?????’ ?????? ???? ???? ?????? ??? ????."
???? ????????,????? ??? ???????? ??????? ?????,"???? ??? ????? ??? ???????? ??????? ?????, ????? ?? ????? ?????? ?????? ????? ?????? ?? ??? ???? ????? ?????? ????????. ??? ????? ???? ??? ????? ?????? ????????, ????? ???? ?? ????? ???????, ???? ?????? ????? ???? ???? ???? ?????? ??????? ?????."
?? ??????,????? ????? ??? ????? ??????????,"?? ??? ????? ????? ??? ????? ??????????, ??????? ?????? ????? ????? ???? ?????? ??????? ?????????? ??????? ??????? ???????. ???? ????? ??????? ???? ?????? ????? ??? ??????? ???? ???? ?????, ??? ?? ???? ?????? ????? ?????? ???? ????? ??????, ????? ??? ???? ????? ?????-????? - ???? ?????? ?????? ?????? ??????? ?????????."
????? ???,????? ???? ???????,"????? ??? ????? ???? ???????. ????? ???? ?????""? ????? ??????? ??????? ?????, ???? ?????? ???????, ???? ????? ??' ???? ????? ??? ???? ?????? ???????, ????? ????? ?????. ???? ???, ???? ????? ??? ???????? ????? ?????? ???????. ????? ?? ?? ??? ??????? ?????? ?????? ?????? ?????? ???? ????? ????? ??????? ???“?. ?????, ???? ?????? ?????? ??????? - ?????? 'EESC' ?????? ?? ?????? ???????. ???? ???? ????????, ????? ?????? ???????? ??????? ????? ????? ????? ?????? ?????? ???????? ?????. ?? ????? ????? ???? ????? ????? ?????? ??????? ?? ????? ????????? ????? ???."
??? ???,"????? ????? ????????? ?? ????? ""?????? ??????"", ????? ????????? ???????? ?????????? ????","??? ?????? ????? ?????? ????? ????, ???? ???? ?????? ???????-??????? ?-Storytelling ????????? ????????. ????? ????? ?????? ??????? - ?????? ?????-???????? ?????? ????? ???? ?????? ???????, ?????? ?????? ???? ????? ???? ?????? ???????. ????? ?????? ?? ????? ?-Storytelling ?? ????, ??????? ?????? ?? ????????? ????????? ????????? ?? ??????. ?? ??? 2018 ????? ??????? ????? ?????? ??????? - ??????? ???????? ????? ?????? ???? ""?????? ???????"" ????? ????? ynet. ????? ????? ?? ????? ??????? ????? ??? ???? ?????? ????? ?????? ???? ?????? ?????? ?????? ??????????? ??????. ???? ???? ????? ??????? ???? ?????? ??????????? ?? ????, ???? ???? ??? ????????? ??????? ??????????? ?? ????."
???? ????,"????""? ??????? ????? ????? ????? ???? ??? ??????","???? ??? ????""? ??????? ????? ????? ????? ???? ??? ??????. ????? ???? ????? ????""? ???? ?????, ?????? ??? ??????? ????? ?????. ???? ?? ??? ??? ???? ?????? ?????? ????? ????? ???? ?????? ????? ????? ?????. ?????? ?????? ??? ????? ?? ????? ????????? (??????), ?? ??? ?????? ?????? - ?????? ?????? ?????? ?????? ??? ??????? ??????? - ?????? ????? ???????, ?????? ?????? ?????? ???????? ????? ????? ??????. ??? ???? ??????? ????????? ??????? ??? ???? ????? ?????? ???????? ?????? ???????, ???? ???? ?????? ?????, ???? ???? ??????? ??????????? ???????, ???? ??????? ??????? ????? ?????? ??????? ?????? ????? ??????????. ???? ??? ???? ?????? ???? ???????? ?? ???? ?????, ???? ??????? ?????? ?????? ???? ????? ?? ????? ???? ?? ?-5-??????? ?. ????? 2010-2009 ??? ???? ????? ?????? ?? ???""? ???? ?????."
??? ???,"??""? ???? SupPlant ????? Lynxight","??? ??? ??""? ???? ??????. ??????? ????? ???? ????? ???? ??? ??????? ????? ?? ??? ????""? ????. ???? ??? ???? ?? ?????? ????? ????? ?????? ?????? ??????? ??????? ???? ????? ???""? ?????? ?????? ???? ????? ?????? ????? ?????? ?????? ????? ???? ??? ????? ???? ????? ?????? ??????? ?????? ?????? ???? ??????. ??? ???? ????? ?? ?????? ???? ????? - ?????? ?????? ??????? ????? ???????, ??????? ?????? ???? ????? ??? ?????? ???? ?????? ??????? ????? ????? ???."
???? ????,"Investor Relations Director, Qumra Capital","???? ?????? Qumra Capital ???? 2023 ?? ?????? ?? ????? ??????? ???????? ????? ????? ??????.
??????? ?????, ????? ?????""??? ????? ?????? ?????, ?? ??? ????? ?? ???? ????? ??????? ??????? ???????.
???? ????? ?????, ?????? ????? ??????? ?? ???? ???? ????? ????? ???? ???? ?????? ??????? ?????? ?? ????? ?????? ?????? ???????? ?????? ???? ??? ????? ?????? ?????? ?????????. ????? ???? ????? ????, ???? ???? ??????? ?????????? ??????? ????? ????????????. ???? ?? ????? ???????? ?????? ???? ?? ???? ??????? ??????? ????? ???? ????, ?? ?????? ?? ???? ???? ?? ???? ?????? ?? ??? ??????. ?? ???? ?????? ????? ????, ?????? ????? ????? ????? (NSN), ????? ??????? ???????, ?? ????? ?????? ??????? ?????? ????? ???? ???? ??????? ?????? ????? ????. ?????? ???? ???????? ???? ?????? ??? ??? ?????? ????? ????? ???????.
???? ??? ????? ??? ???? ???? ????? ??????? ???????????? ?????? ????????."
???? ??????-??????,???? ????? ????? ????? ?.? ???,"???? ??? ???? ???? ???? ?-?.? ??? ??""?. ???? ?? ???? ????""? ????? ??????? ?? UJA (??????? ??????? ?? ??? ????). ?????? ?????? ??? ????? ?? ????? ?????? ????????? ??????? ?? ??????? ???????????? ?? ??????? ?????? ????? ?? ?-30 ?????? ???? ????. ??? ?? ??? ??? ?????? ????? ??????? ?? ??????? ??????? ????????. ?? ???? ?????? ??? ????? ????? ??????? ???? ?????? ???? ????, ?? ???? ??? ???? ?? ?????? ??????? ????? ????? ???????, ????? ?????? ?????? ?????? ??????. ????? ??? ???? ???????? ?????? ???????? ?????????? ???????. ??? ???? ????? ???? ?? ??????? ??????? ?? ???? 10 ??? ??????? ????? ?????? ????? ????? ?? ???? ??? ?????? ?????? ?????? ????. ?????? ?????? ????? ??? ???? ?????? ??????, ??? ????? ?????? ?????? ???????? ???? ????, ????? ????? ????? ?????? ?? ????? ????? 8200 ???""?."
???? ???,???? ??? ??????? ?????? ????? ????? ???? ???????? ???????,"???? ???? ??? ????? ???? ???????? ??????? ??????? ?? ??????? ?????? ?? ???????. ????? ???  ???? ???? ????? ??????? ELA ?????? ????? ??????? ???? ????. ???? ?? ???? ???? ???? ????? ?????? ????? ???? ????. ?????? ?????? ?? ????? ?????? ?? ?????? ??????, ????? ??????? ?????? ?? ???? ????? ????? ????. ???? ??? ??? ????? ???? ????? ???? ?? ??? ???? ??????? ??? ???????, ????? ????? ??????? ???? ??????? ??????? - ?????, ???????? ??? ?? ??????? ?? ???? - ??? ????? ?????? ????? ?????? ?????? ?????? ???? ?????? ?????. ???""? ??? ???? ?????? ??? ?????? ?????? ??????? ???????? ????, ??????? ????? ???? ????? ????, ??? ??? ?????, ????? ???? ??? ?????? ?????? ?????. ???? ??? ????? ???? ???? ??? ????? ???? ???? ??????? ???? ???????? ???? ???? ???? ???? ?????? ???."
????? ???????? ???,"?????? ??????? ????? ??? ????? ??""?","????? ??? ?????? ??????? ?? ????? ???????? ??? ????? ??""?. ????? ??? ???? ??? ?? ??? 20 ????, ????? ????? ??????-??????, ??????? ?? ???? ?????? ???????? ???????? ????????/????????. ????? ?? ??????? ?????? ??????? ?? ?????? ????? ?????, ???? ??????? ??????????? ??????, ??????? ?????? ????? ?????? ?? ??? ???????? ???????? ???????? ??????? ?????? ??? ?? ??????, ????? ???????, ????? ??????, ????? ????????? ??????? ????, ????? ?????? ??????????, ???? ??????, ????? ?????? ???????, ???? ????? ?????? ????. ???? ???, ???? ?-16 ????, ????? ????? ?????? ????? ??????? ?? ???? ????? ??? ??? ???? ????' - ???? ????? ?????? ????? ?????? ?????? ?????? ??????? ?????? ?????? ???????, ????""? ?????? ?????? ??????, ???????? ????????????, ?????? ????????? ?????? ???????? ??????."
??? ????? ???,"???? ??? ?????, ??????? ????? ?????????? ?????? ???? ????? ????? ??????","??? ??? ???? ??? ?????, ??????? ????? ?????????? ?????? ???? ????? ????? ?????? ??? ???? 2018. ?????? ?????? ??? ????? 18 ????? ????? ??????? ????? ?????? ????? ??????. ?????, ??? ?????? ?????? ?? ?????? ??????? ?????? ????? ?????? ??????? ??????? ??????????? ?????? ?????? ??????, ?????? ?? ???? ?????? ?????? ???????? ??????? ?????? ???? ??? ?????? ?? ???????. ??? ?? ??? ?????? ?? ????? ????? ?????? ???? ????? ??? ?????? ???????? ??????? ?????? ?????? ?????? ???????, ??????? ?? ????? ???? ??????? ??????? ?????? ?????? ??????, ?? ???????? ???????, ?? ????? ???""? ??? ???????? ?????? ????? ??????, ??? ?????? ?? ??????? ????????? ?? ?????? ??????? ????? ??????."
????? ???,????? ??? ?? ???? ???????? ???????? ????? ??????,"??? ????? ??? ??? ????? ??? ?’ ???? ???????? ???????? ????? ?????? ??????, ?? ??? ?????? ?? ????? ??????? ????? ????? ???? ??????? ?????? ??????? ?????? ????? 14 ???? ?????? ??????, ??????? ???? ???? (????? ??????, ??????? ????? ?? ?? ????? ?????? ????? ????? ???????), ???? ???? (?????? ?????? ???? ??? ??????) ????? ????? (??????, ???????, ?????, ?????, ??????, ????? ???????). 

????? ????? ??????? ?? ??????? ??????? ?????? ???????, ?????? ???? ?? ??? ??????? ?? ?????? ????? ??????? ???? ????????? ??????????. ?????? ??:

• ?????? ???????? ??????? ?????? ??? ?????? ??????? ???????? ??????? ????? (CEFR), ??? ?????? ????????? ??????? ???? ????????? ???? ????????.

• ???? ??? ?? ????? ????????? ???????? ?????? ??????? ???? ????????, ?? ??? ?? ???? ??????.

• ????? ?????? ????? ??????? ???????? ?????? ?????? ??? ????? ????????? ?????? ??????? ?? ??? ?????. ?????? ?? ????? ?????? ????? ????????? ?????? ????, ???? ????????? ????????????? ?????????? ???.  

????? ?????? ?????? ?????? ???????????. ?????? ?? ??? ????? 68 ?????? ????? ???????? ?????? ????? ?????, ???????? ?????? ??????, ????? ??? ?????? ?????? ??????? ?????? ?? ?????? ????.

??????? ??? ????? ?????? ???? ?????? ??????, ?????? ????? ?????? ??????, ???? ????? ?????? ?????, ??? ?????? ?? ???? ??????? ???? ?????? ????. ??? ???? ??????? ????? ????? ??? ??????????? ?? ????, ?????? ?????? ?????????? ?????? ????? ??????, ???????? ?????? ?????? ?????? ??????.

????? ??????? ?? ????? ??? ???? ???????? ????????? ?????? ????? ???? ?????? ????? ?? ???? ??? ????? ?????? ?????? ???????? ??????????? ?? ???? ?-21."
???? ????? ???,????? ???? ?????? ?? Dell Technologies ???? ???,"???? ??? ????? ???? ?????? ?? Dell Technologies ???? ???. ???? ?? ???? ????""??? ???? ?????? ?? Dell EMC ???? ??? ???? 2013 ????? ?? ???? ?- EMC ????? ???? 2011. ?????? ?????? ????? ????? ?????? ?? ????? ??????? ?? Dell EMC ????, ?? ????? ???????, ?? ????? ?????? ?? ?????????? ??-??????, ?? ????? ?????? ?????? ????? ????? ??? ????? ??????? ?????? ????? ?? ????? ????. ???? ??? ??? ????? ???? ????? ?? ???? ???????? ?????? ?????? ????? ??????? ???? ????""?. ????? ????? ??????? ???? ????????? ????? ???? ????? Atlantium Technologie, ???""??? ???? ++See ?????? ????? ???? ????? Compugen."
??? ???,"??? ????? ??????? ????? ??????? | ????? ??????? ?????? ?????, ????? ??????? ??????.","?????? ????? ???????? ???? ??? ?????? ?????? ????? ?????? ?????? ?????? ????? ??????? ??????. ??? ????, ????? ????? ??? ????? - ??? ????? ????,  ????? ?????? ??????? ????? ?? ????? ?????? ???? (???""? ???????? ????""? ?????), ???? ??? ???????? ????? ??? ????""? ????????, ????""? ????? ?????? ???? ?? ??? ?????? ?????? ????? ????, ????”? ?????? ??? ?????, ????""? ??? ?.?.? - ??? ????? ?????? ????????? ????? ?????? ????"
??? ???,"????""? ????? ?????? ???? ??? ????? ??????? ???????? ?????????, ???? ???????","??? ???? 2019 ???? ?????? ???? ??? ????? ?????? ?????? ??????? ???????? ?????????, ????? ???????. ?????? ??????  ????? ?? ?????? ???????? ??????? ???????? ??????? ??????? ???????? ??????? ?????? ????? ???????? ??????? ????????. ????? ????? ?? ????? ??? ?????? ??????? ?????????? ??? ???? ????? ?????????, ???? ???????? ??? ?????? ???????  ?????? ?????, ???? ????? ????. ???? ?? ??? 4 ???? ????? ?????? ?????? ???? ???? ?????? ????? ?????? ????? ?????? ???? ???? ??? ????? 2012-2015 ??? ????' ?????? ????? ???? ??""? ???? ??????  BDO  ??? ???? ????'."
??? ??????,"???""? ??????? ?????? (CBC) ?? ????? ????-????","??? ??? ???""? ??????? ?????? ?? ????? ????-????. ??? ??? ?????? ?? ?????? ?????, ?????? ??????? ????? ??????? ??????? ???? ?????? ???????? ?????, ??????? ??????? ?????? ????????."
???? ????? ??????,???? ?? ???? ????? ???????,"???? ???? ?????? ???? ????? ???????. ???? ?? ???? ???? ?????? ??????? ????? ???? ??????? ?????? ??? ????? ?? ????? ?????? ???? ?? ????? ???? ????? ????? ?????? ?????? ??????? ???????. ???? ??? ??? ???""? ????? ??????? ?????? ????? ????? ?? ???? ?? ?????? ???????? ???? ??? ???? ?????? ????? ?????? ?????? ????????. ???? ??? ????? ??????? ??????? ???? ?????? ????? ???????, ??????? ??????? ??????? ?? ??? ?????? ???? ???? ???? ????????, ??? ????? ?????? ???? ?????? ????? ??? ?????? ????."
???? ?????,"????""??? ????? ???????? ????? ?????","???? ????? ?????""??? ????? ???????? ????? ?????. ??? ???? ???? ??????? ???? ???????? ????? ????? ??????? ????? - ????? ????????, ?????, ????? ????? ?????? ?????."
??? ?????,"???""??? ??????, ???? ??????? ?????? ????? ???????? ????????","??? ????? ????""??? ???? ??????, ?????? ?????? ?????? ????? ???????? ???????? ???? ??????. ??? ????? ??? ???? ???? ?????? ?? ?????? ?????? ???? ?????? ????????. ???? ???????? ??????? ????? ??????? ????? ?????? ????? 3M, ?????? ?? ????? ?-Fortune 100. ??????? ?????? ??3M ????? ???????? ?????. ???? ??? ????? ????? ????? ?????? ?????? ?? ???? 15 ???? ????, ?????? ??????? ?????.

???? ???? ????? ????????? ???? ?????? ???????? ???? ???? ???????????? ?????? ????????, ??? ??????? ??????? ???? ?????? ??????????? ????'??? ???????????? ?'???????. ???????? ???? ??? ?? ?????? ??? ???? ?????? ????????."
?????? (???) ????? ?????,"????? ??????, ???? ??? ???","?????? ?? ???? ??????? ????? ?????? ?????????? ????? ????""? ????. ?????? ?????? ???? ???? ?????? ??????????? ??????. ?? ?????? ??????? ?????? ????? ????? ????? ?????? ?????, ?????? ?? ????? ?? ????? ??? ?????.
?????  ????? ??????  ????? ?? ????? ????? ????? ??????.
???? ??? ???? ?????? ?? ?????? ???? ?????? ??????? ?????? ???""?,
?????? ???????? ??? ?????? ?? ?????? ????? ??? ???."
??? ??????,??? ???? ?????? ?????? ?????? ?????? ???????? ????? ??????,"?""? ??? ?????? ??? ??? ???? ?????? ?????? ?????? ?????? ???????? ????? ??????. ???? ??? ????? ?????? ?????? ????? ???? ???????? ??????? ????? ???? ?? ?????? ?????? ?????. ??????? ????? ??? ?????? ?????? ????? ?????? ?????? ?? ?????? ?????? ????? ????? ????. ?????? ?????? ?????? ??????? ?? ?????? ????? ??? ?????? ?? ????? ??????? ????? ??? ????? ??????? ???????? ??? ????? ????? ??????? ?????? ?????? ????????. ??? ?? ??? ??? ????? ?????? ?????? ???? ??????? ??. ????? 2012-2005 ??? ????? ????? ????? ?????? ????? ?? ?????? ?????? ????? ??????? ????? ?????? ????? ??????? ?????? ?????, ??? ????? ????? ?? ??? ????? ?????? ?????? ?????? ???? ????? ??? ??????? ?????? ????""? ??????. ???? ??? ????? ????? ????? ?????? ?? ?????? ?????? ????? ??????. ?????? ?????? ??????? ??? ????? ?????? ?????? ???????? ?????? ?????? ???? ?????? ??????? ??????? ?????? ??????? ?? ????? ?????? ???? -.Bewellhaifa, ????? 2012-2001 ??? ?????? ???? ??? ????? ??????? ???? ????? ????, ???? ????? ???? ??????? ?????? ????? ????? ???? ????? ????? ?????? ???? ??????? ??? ????? ?????. ??? ?? ??? ????? ????? ?? ????? ??""? ???? ????????? ?? ????? ???? ???? ????. ??? ??? ????? ??? ???? ?????? ?? ???? ??? ??? ??????? ?????? ????? ???? ???????. ?? ?????' ?????? ???? ????? ?????? ??? ????."
???? ???,????? ??? ???? ????? ????????? ?????? ????? ??????,"???? ??? ????? ??? ???? ????? ????????? ?????? ????? ??????. ??????? ????? ??? ????? ?????? ??? ??????? ???? ?????? – ?? ??? ?????? ?? ??? ??? ?????? ????? ?? ??????? ???????? ?????? ????? ????? ??????? ????????? ????? ?????? ??????. ???????? ??""? ?????? ?????? ?????, ?????? ?????? ????????, ?????? ?????? ?????, ?????? ????? ????? ???? ????? ????????, ?????? ????? ???? ?????, ??????? ????, ?????? ??????? ?????? ???? ??????? ????? ??????, ??????? ???? ??????? ?????? ????? ?????? ??????. ???? ?? ??? ????? ????? ?????? ?????? ????? ????? ?????? ?????? ???""? ??????? ??? ????? ?????? ?? ????? ??????? ???????? ??????? ?????? ?????? ??????, ??????? ?????????? ?? ????? ??????? ??? ????? ?????? ???????? ???????? ?????? ??????? ??????. ?? ???? ???? ???? ?????? ??????? ???? ??? ????? ???? ???, ?????? ????? ?????? ????? ???? ?????? ????? ????? ??????? ?????? ??? ?????? ??????? ??????? ??????? ??? ??? ???? ??? ???? ?????? ??????? ?????? ???????."
????? ?????,"????""??? ????? ??? ????? ????? ???????","????? ??? ????""??? ????? ??? ????? ???? ????? ???????. ??????? ????? ????? ?????? ??????? ??? ??????, ?????? ????????? ????????. ???? ?? ????? ?????? ??? ????? ??????? ?????? ??? ???? ????? ?????? ?????. ???? ??? ????? ?????? ??? ?' ???? ????? ?????? ?????, ?????? ?????? ?? ???? ??????? ????? ??????. ?????, ????? ????? ?????? ??????? ??? ????? ?????? ????? ??????? ?????? ??????? ????? ?????? ??????? ?? ?????? ????? ????? ?????? ??? ????. ??? ????? 2005-2009 ????? ????? ?????? ????""? ?????? ????? ?????? ?????. ????? ????? ????? ??? ???? ????? ?????? ???""? ????? ?????? ?????. ????? 1994-2000 ????? ????? ??????? ????? ?????? ??????, ?????? ?? ?????????? ????? ?????? ?????? ??????? ???? ??????? ???? ?????? ?????????? ??????????? ??????."
??? ?????,"??? ???? ?????? ?? ???? ?????? ?????, ???? ?????",???? ???? ???? ?????? ?? ???? ????? ?????. ????? ?? ???? ?????? ?????? ???? ?????? ?????? ??? ?? ????? ????? ?? ??? ????. ???? ????? ????? ?-9 ????
??? ???? ???,"???? ????? ????? ????? ?????? ??????, ???? ?????","??? ???? ????? ????? ????? ????? ?????? ??????, ????? ?????. ???? ???? ????? ???? ???? ????? ?????? ???????, ???? ??? ???? ????? ?????? ?????? ???? ????""? ?????, ??? ????? ????""??? ????? ???????? ????? (????) ??'???? ?????, ????? ???""? ????""? ????? ????????? ????? ???? ????? ??, ????? ??""? ????? ????????? ?? ??????????? ??????. ???? ???????? ????? ?? ????? ?????? ????? ????? ??""?."
??? ??????,???? ????????? ?????? ??? ?????? ?????? ???????,"??? ??? ???????, ???? ?????? ????? ????-?????? ???? ??? ?', ?????? ??? ???? ??-500 ??? ???????, ????? ????????? ????????? ?????? ?????? ?????? ?? ????? ???????? ????: ??????????, ???????, ????? ?????? ????. ??????, ??? ???? ???? 11 ????????? ?? ?????? ???????? ??? ??? ??? ??????? ???????? ??????? ""??? ??????"". ???? ???? ??????? ????????? ????????? ???? ??""?, ?????? ???? ???? ????? ?? ????? ???? ??? ????? ??????. ???? ??? ?? ???? ????????? ??????????? ????? ????? ?????? ????? ????? ??? 88."
?????? ????,?????? ???? ????? ?????,"?????? ??? ????? ????? ????? ?????? ?????? ?????? - ???? ?????? ???????. ??????? ????? ????? ??????? ????? ?????? ??????, ????? ??? ????? ?????? ???? ?????? ??? ????? ??????? ??????? ????? ?????? ????? ?????????? ????? ??????? ?? ???? ??????? ?????. ????? ?????? ????? ?????? ?? ?? ????? ????? ???? ???? ??????, ???????????, ??????? ?????? ????"
????? ?????,????? ?? ???? ?.?.? ?????? ??????? ?????? ???????? ????? ????? ????? ?????? ???? ??????,"??? ?????? ?????? ??????, ????? ???? ???? ???""? ??????????? ?? ????? ???????? ?????? ????? ??? ??????, ?????, ???? ????????????? ???????? ???????-  ???? ????? ??????, ??? ??""? ??""?, ????? ?????, ????? ??????? ???.
??????? ?????? ???? ????? ????""? ?????? ??? ??? ??? ????? 2019-2024. ?????? ???? ???????? ??? ????? ?????? ???""? ???? ?????? ?""? ??? ???? ?????? ?????? ???? ?? ????? ?? ????? ????? ????? ???? ?????? ?????? ?????? ??? ???? ?????? ?????????? ???? ???? ??????? ????? ??? ???? 46 ?????? ?? ?????. ???? ??? ??? ??? ??? ??? ???? ??????? ?????? ????? ?????? ???? ??????. ??????, ???? ????? ???? ????? ????? ?????? ??'?? ??? ???? ?????."
??? ?????????,"???????? ?????, Baromar","??? ??? ???? ??? ???? ????? ????? ??????? ???????. ???? ?? ????? ???? ????? ???????? ???? ???????? ????? ????? ??????? ?????? ????? ?????? ?????? ?? ????????. ??? ?? ??? ???? ?????? ?????? ????""? ???? ??????? ??????? ?? ????? ?????? ??? ????? ???? ?? ????? ???? ????? ??? ??? ????? ?????? ??????? ?? ??? ???????. ???? ??? ???? ??? ???????? ?????? ??????? ?????? ????? ??? ??????, ?? ???? ?????? ???? ???????."
???? ????????,????? ????? ????? - ????? ????? ????? ??????? ??????,"???? ??? ?????????? ??????, ????? ?????? ???? ?????? ??????-?????? ??????. ????? ???? ?? ????? ? SEL ??? ????? ???? ?? ????????? ??????? ?? ????? ????? ?????????? ??????? ??????? ?????, ???? ?????? ?? ???, ?????? ????????? ?????? ????? ?????? ??????? ??????? ?? ?????? ?? ????? ?????? ????? ?????, ??????? ?? ?????? ???????? ?????? ?????? ????? ????????? - ?????? ?????? ???????? ?????? ???????. ???? ???? ????? ?????? ?????????? ?? ????? ????? (KARANGA-The Global Alliance for SEL). ???? ???? ???? ??""? ????? ????, ?? ???? ?????? ?????? ????? ?????? ???????? ??? ????? ??????? ??????? ? SEL ??????? ?????? ??????????? ?? ?????? ???????? ???????? ???????. ????? ????? ?? ""?????? ???? ???? ?????? ?? ????? ?????-??????"" ????? ??? ?????? ?? ????? ""????? ?????: ???? ??????? ???? ?????? ?????? ?????? ?????? ????"". ???? ???, ???? ???? ???""? ???? ?? ?? ????? ?? ????? ??????? ???? ??, ???? ??????? ?????? ?? ?????? ???? ????? ????? ??????? ??????? ??? ??????."
???? ??? ???,???? ?????? ??????? ??? ????,"???? ??? ???? ?????? ??????? ??? ???? ???? 2014. ?? ??????? ??? ????? ?? ??""? ????? ??? ????????, ?????? 2003-2002 ????? ?? ??????? ????? ??""? ????? ????? ?????. ????? 2008-2003 ??? ??? ???? ????? ???? ??? ????? ?????? ?????? ??????. ????? 2013-2010 ??? ???? ????? ????? ???? ??????? ????? ??????? ??????. ????? 2013-2010 ????? ????? ????? ???? ???? ???""?, ?????? ??? ??????? ???? ???? ????? ?????? ?????? ??? ??? ????? ?? ??""? ????? ???. ????? 2013-2003 ???? ???""? ????? ??? ???? ?????? ????? ???? ???? ???? ?????? ?????? ??? ?????? ???, ???? ????? ???????? ???????, ?????? ????? ?????? ?????? ???????? ?????? ????? ??? ?????. ???? 2020 ??? ???? ???? ???? ???? ???????, ????? ????????."
???? ???,????? ???? ?????? ??????? ?? ???? - ???,"???? ??? ?????""? ????? ??? ?????. ????? ????? ?? ??? ?????? ??????? ??? ??, ??????? ?????? ????? ????? ?? ?? ????? ?????? ????, ???? ???? ??????? ???????. ???? ??? ????? ????? ??? ??? ????? ?????? ?????? ????? ????? ??????. ?? ?????? ?????? ?????? ???? ???? ?????? ???? ???? ?? ????? ???????, ?????? ??????? ???? ??????."
??? ????????,"????? ?????? ?? ????????, ??? ???????? ???? ?????","??? ??? 2023 ???? ???? ??????? ???? ????????. ?????? ?????? ????? ???? ???? ????? ?? ????? ???? ?????? ??????? ??? ?? ????? ???????? ?????. ??? ???, ?????? ?????? ????? ?????? ?????? ??????? ???. ?????, ????? ?????????? ????? ???? ?????. ??????? ????? ??? ???? ???? ?????? ?????? ???? ??????? ???????? ????? ???????."
?? ??????,"????""? ????? ?????? ????","?? ??? ????""? ????? ?????? ????. ??????? ????? ??? ???? ??????? ?????? ????? ???? ????? ????""? ?? ???? 6, ???? 16 ????? ??? ???????. ???? ?? ??? ???? ????? ??? ?????? ????????, ??????? ?????? ??? ??? ???? ?????? ??????, ??????? ??????? ????? ?????????. ???? ???? ????? ??????? ????? ?? ??? ???? ??? ????."
???? ?????,???? ????? ?????? ??? ????,"?""? ???? ????? ??? ???? ????? ?????? ??????? ???? ??? ???? ??? ???? 2026. ???? ??? ???? ???? ??? ???? ????? ?????????? ????? ????? ?????? ??????/?? ?????? ????? ???? ???? ???? ???? ??????. ???? ?? ??? 11 ???? ???? ?????? ?????????? ?? ?????, ?? ????? ?????? ??? ????? ????. ??? ??? ??? ???? ???? ??????????? ??????? ?????? ?? ??????? ????? ???? ????? ????? ???????? ?????? ???????. ???? ??? ???? ??? ??????? ???? ??? ????? ??????????? ???""?, ????? ???""? – ?????? ?????? ?????, ????? ?????? ??????? ?????. ???? ??? ????? ??????????? ??????? ????? – ?????? ?? ????? ???? ????, ???? ??? ??????? ??????? ???????? ????????? ????? ???????. ?? ?????' ??? ???? ?????? ????."
???? ?????,????? ???? ??? ????? ?? TheMarker,"???? ??? ????? ???? ??? ????? ?? ?????? ?????? TheMarjer. ???? ?? ????? ???? ????? ??? ????? ????? ?????? ?????? TheMarker ???? 2008, ??? ???? ????? ???????? ????? ???????. ??? ????? ?? ???? ????? ????? ??????? ??????, ???? ????? ????? ???? ???????? ?? ????? ??????? ???? ?? ????? ?????? ???????? ??????. ???? ??? ???? ?????? TheMarker ????? ?????? ????? ????? ????? ??????? ???? ??? ??? ??????, ???? ????? ?????? ?????? ???????. ????? ????? ??? ????? ?????? ???""??? ?????? ????? ?????? ???????? ???????. ???? 2011 ????? ???? ?????? ??????? ?? ????? ????????? ?????? ????? ??????? ?????? ?????? ?????? ???????? ???? ??????."
?????? ??? ???,"???? ????""? ????? ?????? ?????? ?????? ???, ????? ?????? ????????","?????? ??? ???? ????""? ????? ?????? ?????? ?????? ???. ????? ???? ???? ????? ?????? ???? ??”? ??????? ?????? ????? ?????? ?? ??????? ?????? ???????? ?????, ?? ??????? ????????? ??? ?????? – ??????? ????????. ??? ??? ????? ??????? ?????? ?? ??? ??""? ????? ?????? ???? ?????, ???????? ??????? ?????? ??????? ??? ?????? ???""”?."
???? ??????,????? bluED,"???? ??? ??? ????""? ????? bluED  ??? ???? ????? ???????? ???????? ??????? ?????? ?????? ??? ???? ??????? ???? ??????? ???? ???? ????? ???? ??????? ?????? ?????? ??????? .????  25 ????? ???????? ???? ????? ?????? ????? ?????? ??????  ???? ?????? ?????? ?? ?????? ????????. ??? ????? ???? ????? ???????? ???? ????? ?????? ??????, ??? ???? ?? ?????? ???????? ????? ???? ????? ?????? ???????? ????? ?? ??????? ?? ????? ??????? ???? ??????? ??????????. ????? ?????? ?? ?????? ????? ????? ?????? ???????, ???????? ??? ??????? ????? ?????? ??? ???? ??????? ????? ?????? ?????? ?????? ??????? ???? ???."
???? ??????,"??? ??? ???????, ???? ?????? ????, ????","???? ??? ?????????? ?????? ??????????????. ????? ???? ???? ?????? ????? ?????? ???? ??? 2022. ?????? ?????? ?????? ?? ????? ???????? ????? ?????? ???? ?????, ????? ????? ?????? ??? ????? ?????, ????? ??????? ?????? ???????. ???? ?? ????? ???? ??????? ?????, ?????? ???? ??? ??? ???? ??????????. ???? ????? ???????? ????? ??-?????? ???? ??????? ????? ??????? ???? ??????. ?????? ?????? ???? ?????? ???? ??????? ????? ?????? ?????? ???????? ????? ????? ??????? ???? ?????. ?????? ???????? ??????????? ????? ?????? ????? ????? ?????? ?????? ?????."
??? ????,"???? ????? ????, ???? ??????? ????- ??? ???","???? ?? ????? ????? ????? ??????? ???? ???? ???. ???? ??? ????? ?? ????? ????? ?????, ?? ???? ???????? ?????? ??????? ?????? ????? ??? ???? ???????? ?????? ????? ?????? ???????????? ??????. ???? ??? ??? ?????? ??????????? ?? ?????? ?????? ??????????? ?? ???? ???????. ??? ??? ????? ?????? ????? ???? ??? ?????? ??? ??????. ???? ????? ????? ???????? ?????? ??????? ????? ????? ????? ????? ?????? ???? ??????? ?????????. ??? ??? ??? ??????? ???????."
??? ????,????? ???? ?????? ????? ???? ??????,"??? ????? ?? ???? ?????? ?????, ?????? ?????? ?????? ?? ??? ???? ??????? ????? ??????. ????? ?? ??????? ???????? ???, ????? ??? ??????? ???? ???????? ??? ?????? ???? ??????, ????? ??????? ???? ???? ??? ??????? , ????? ?????? ????? ?????? ??? ??? ????? ?????? ??? ??????. ?-11 ????? ???????? ??? ???? ?????? ????? ????? ??? ??? ?????? ????? ???? ?????? ?? ??? ?????? ?????."
???? ??????,????? ????? ?????? - ?????? ?????? ?????,"???? ??? ????? ????? ?????? - ?????? ?????? ?????. ?????? ?????? ??? ?????? ?-260 ???? ????, ????? ?????? ??????? ?? ????? ????? ??????? ????????. ??? ???? ??? ????? ??? ?????? ???? ???? ??????, ??????, ??""? ????."
??? ????????,???? ????? ?????? ???????? ????? ?????? OD CONSULTING,"??? ???? ????? ????? ?????? ???????? ????? ?????? OD CONSULTING. ??????? ????? ???? ?? ???? ???? ?????, ???? ???? ?? ???? ????? ?????? ?????? ??????. ?????? ????? ?? ??? ???? ?? ????? 65 ?????? ????? ?????, ????? ????? ??????? ????? ?????? ???????? ?????? ??????? ????? ?????? ????????? ?????? ????? ?? ??? 90 ?????? ?. ?????, ????? ????? ????? ???? ?????? ??? ?? ???? ????? ?? ????? ????? ??????? ?? ???? ?????? ????? ??????? ???????? ?????? ??? ?????? ???? ?????? ??? ???? ???? ?????? ?????? ????? ??????. ???? ??? ???? ???? ?? ???? ????? ?????? ???? ???? ???? ?????? ?? ??? ??""? ???? ???? ?? ????? ????? ?? 3,000 ?????? ???? 32 ?????? ??????? ???? ??? ????? ??????? ?? ?????? ??? ??? ??? ???? ???????. ?????, ???? ????? ???? ????? ?????? ??'???? ???? ????? ??????? ????? ?????? ????? ????? ??????. ??? ???, ???????, ?????? ?????? ????? ???? ???? ????? ???? ???????? ???? ????? ?????? ?????? ?????, ??? ????? ???. ?????? ??????? ????????? ????, ????? ???????? ??????? ??????????? ??????? ????, ????? ????? ??????? ??????? ??."
?????? ????,??? ????? ??????? ?????? ?????,"?????? ??? ?????? ?? ???? ??????? ?????? ?????? ????? ?????? ?????? ?????? ?????. ?????? ?????? ??? ?????? ?? ????? ?????? ?????? ????????, ???????, ??????? ????????, ?????? ?????, ?????? ???????, ?????? ??????? ???? ?????? ?? ?-150 ??????. ???? ??? ????? ?????? ??? ?????? ?????? ??????? ????? (???""?) ?????? ?????? ?????? ??????? ?????? ??????? ??????. ????? ???? ?????? ?????? ????? ?????? ??????? ??? ????? ?????? ????? ?????? ??????? ?????? ???????? ??????? ??????? ?????? ?????? ???? ?? ????? ??????  ???? ??????."
????? ????? ????????,"????? ??? ???????? ???, ??? ????? ??????? ?????? ??????? ????","????? ???? ?? ???? ????? ??????? ?? ???? ?????? ????? ?????. ????? ?????? ?? ?????? ???????? ?????? ?????? ??????? ????. ???? ?????? ??????? ?????? ?????? ?????? ??? ?????? ???? ???? ???? ?????? ??? ????? ????? ?????? ??????? ??????. ????? ??""? ???""??? ????? ?? ????? ????? ???? - ????? ????? ????? ?????? ???? ?? ?????? ???????? ?????-?????? ?? ?????. ???? ????? ??????? ????? ?????? ?????? ?? ???? ""????? ??????? ???????"" ??????? ?? ????? ?????, ?????? ????? ?????."
???? ?????? ?????,"??""? ?? ??? (????? ?????) ?????????? ????? ?????","???? ????? ???""? ???? ?? ????? '?? ???', ????? ????? ??????. ???? ??, ????? ???? ??? ???? ?? ???? '?????' ????? - ???? ????? ????? ?????? ?????? ???? ?????? ?? ???????? ?????? ?????? ??????, ????? ??????? ??????. ???? ????? ????? ???? 15 ??? ??????? ????? ??????? ????? ??????. ????? ?????”? ????? ?????? ????? ?? ??????? ??????? ??????. ?????? ??????? ????? ?????, ??? ?????? ?????? ????? ??????, ????? ???”? ??????? ???????? ??????? ?????. ???? ???? ???? ??? ???????? ??????? ??????' ??????. ??? ??????? ????? ?????, ???? ????? ????? ????? ?? ????? ????? ?????? ???????? ??????. ???? ????? ?????? ??????. ????? ??????, ??? ????? ????? ??????"
??? ??? ??????,????? ?????? ?????? ????? ????? ?????,"??? ??? ????? ?????? ???? ???? ????? ?????. ????? ????? 52 ?????? ??????? ????? ??? ???? ????? 2.5 ?????? ??????. ???? ?????? ?????? ????? ??????? ??????? ?????? 19 ???. ??? ???? ?????? ????? ???????. ????? ???? ????? ?????? ????? ????? ???? ???? ?? ???? (??????? ?????) ????? ??? ?????? ????????? (?? ???) ???? ???? ???? ???????? (????? ?????). ????? ?????? ???? ???? ??????? ?????? NLP ???????????, ????? ????? ??????? ?????? ???????? ????? ?????? ????????. ?????? ???? ????? ???? ???? ??????? ??????? - ????? ??????? ????? ????????? ??????? ????? ????. ?????? ?????????? ???? 2022 ??????? ?????? ??? ."
???? ????,??????? ??????? ??????? ????? ???? Google,"???? ??? ??????? ??????? ??????? ????? ???? Google ?????, ??????, ?????, ???? ???? ???????. ???? ??? ??? ????? ?? ???? ????? ??????? ?????? ??? ???? ????? ?????? ????????? ?????. ??? ?? ??? ????? ?????? ???? ????? ?????? ?? ?????."
????? ????,????? ??? ????? ?????? ??????? ??? ???,"????? ??? ????? ??? ????? ?????? ??????? ??? ???. ?????? ?????? ??? ????? ???????? ?????? ???? ??????? ????? ???????, ????? ?????? ????? ?????? ??????? ?? ???? ???, ????? ???? ??????? ????, ????? ??? ?????? ????? ??? ????? ??????? ??????? ??????? ???? ?????? ?????. ???? ??? ??? ????? ????? ????? ??? ??????? ??????? ??? ???, ??????? ?? ????? ?? ???? ?????? ??????? ???? ?????? ????? ?? ?-2 ??????? ? ??? ????? ???????? ????-??????? ?????? ?? ????? ?????? ??????, ???????? ???? ??? ?????. ?????, ??? ???? ???? ????? ?????? ??????? ????? ????? ??????, ???, ????? ?????? ????, ????? ????? ?????? ??????? ?? ??????? ???????. ???? ????? ????? ?????????? ???""? ??? ???."
???? ????,????? ????? ??? ???? ?????? ?????? ????? ????? ??????,"???? ??? ????? ??? ???? ?????? ?????? ????? ????? ??????. ??????? ????? ????? ?????? ???? ?????? ????? ?? ??????? ????? ?????? ???????? ??????? ????? ????? ????? ?????? ???? ???? ?????? ?????? ?????. ???? ?? ???? ?????? ???? ????? ?????? ????? ????? ???? ???? ?????? ?????? ?? ???????. ???? ??? ????? ?????? ??????? ????????? ????? ??????? ????? ???""? ?????? ?????, ????? ??????? ?????????, ??? ????? ?????? ?? ???? ??????? ?? ?????? ???""? (?????????), ?????? ???? ????? ?????? ???? ??'?? ?????. ????? ????? ?? ????? ?? ????? ?????? ??????? ?????? ????? ??????. ?????? ??????? ????????-????????? ????? ???? ????? ????? ?????? ????? ?????? ??????? ?????, ?? ??? ????? ???? 2102 ???? ?????? ?????? ????? ?????? ???????. ????? ????? ???? ????? ?????? ??????? ??? ?????. ???? ???? ???? ???? ???? ?????????? ????????? ???? ???????, ?????? ????????? ?????? ?? ??? ???????."
???? ??? ?????,"????""??? ????? ???? ?????? ?????? ?????? ??????","???? ??? ????""??? ????? ???? ?????? ?????? ?????? ??????. ???? ?? ????? ?????""??? ????? ???? ????? ????? ?????? ?????? ?? ??????? ????? ????? ??????, ?????? ?? ?????? ??????? ?? ????? ???????, ?? ??????? ?????, ?? ????? ????? ??? ????? ?????? ???? ???? ??????, ??? ??????? ?????? ??????? ?? ??????? ????????, ?????? ?????? ?? ??????, ?? ????? ???? ?????? ??? ??????? ?? ????? ??????? ???????. ???? ??? ????? ???? ??? ???? ????? ??? ????? ????? ????? ?????? ??????, ?????? ???????? ????? ?? ??????? ????? ?????? ????. ???? ????? ???? ?????? ??? ????? ??????? ?? ????? ?????????? ???? ?? ???? (?????)."
??? ????? ????,"????? ???? ???? ??? ?????? ?????? ??????? ?""?-??? ?????","??? ??? ????? ???? ???? ??? ?????? ?????? ??????? ?""?-???. ??????? ????? ????? ???? ????? ???? ????? ????? ?? ??????? ?????? ?????? ?? ????? ????? ?????? ?????? ????? ????? ????? ????, ????? ??, ???? ??? ????, ????? ?????? ?????? ????? ??????? ???????? ???? ???? ????????? ???????? ???????????. ?? ???? ???????? ???? ??? ?????? ????? ?????? ?????? ????? ???? ????, ?? ????? ??????, ????? ?????, ?????? ????. ????????? ???? ???? ?????? ???? ????? ?????? ?????, ???? ??? ?????? ???? ???? ???????? ?? ??? ???? ?????? ?????????? ???????? ?????? ????? ???? ????? ????? ?? ???? ?????? ????? ???."
????? ????,????? ?????? ??????? 360 ?????? ????? ??????,"???? ????? ?????? ??????? ????? ?????? ???? ??? ????? ?????? ??????? ????? ?????, ?????? ?????? ????? ??""?. ???? ???? ??????.

?? 9.24 ???? ????? ?????? ??? ????, ????? ????? ????? ?????? ????? ?????? ??????? ??????. ???? ?? ????? ????? ?????? ?????? ???? ??????? ????? ?????? ????????? ????????. ???? ????? ????? ?????? ????? ?????? ??????? ?????? ?????? ?????? ?????? ???? ??????? ????? ?????? ????????? ????????. ?????, ????? ?????? ???????? ???????? ?????? ??? ?????, ?????? ????? ????? ???????. ????? ???? ????? ????? ?????? ???? ?????? ????? ????? ?????? ?????? ??? ?????."
????? ????,"????""? ???, ???????? ?????? ?????","????? ??? ????""? ????, ????????? ?????? ?????? ?????, ????? ?? ????? ????????? ???????? ?????? ?????? ?????? ??????? ???.
??????? ????? ???? ????? ????? ???? ?????? ????? ????? ????? ??????? ?????????.
?? ????? ???? ???????? ??? ???? ???????? ????? ??????, ?? ???? ????? ????? ?? ?????? ???? ?????? ??????? ????? ??????. 
????? ???? ??? ??? (???? ?'), ??? ???? ????? ????? ????? ???????????? ?????? ?????? ????? ??????????? ?????.
???? ???? ??? ?????, ????, ???? ????"
????? ?????,??????? ????? ?? ????,"????? ??? ??????? ??????? ????? ?? ????. ????? ??????? ????. ??? ???? ??? ?????? ??????. ???? ?? ??? ???""? ????? ??????? ???? ????? ???? ?? ????? ??????? ?????? ??? ????? ?? ????? ????? ??? 15 ?????? ?????? ?????? ??????? ??????? ?????? ????? ?????? ????????. ???? ??? ??? ???? ??????? ????? ????? ??????. ???? ???? ??? ??? ???????? ???? ??? ???? ??????? ???? ????? ??????, ??? ???? ?? ????? ?????? ???????, ????? ?? ??? ???? ????? ?????? ????? ???? ????. ????? ???? ?? ????""? ????? ????????."
???? ??'????,???? ??? ?????? ??????? ???? ?? ??????,"???? ???? ????? ?? ?????? ????? ?? ?? ??????? ?????????. ???? 1991 ???? ?? ??????? ???????? ??????????? ?? ?????? ??????? ?????? ?????? ?????? ??? ??? ????? ????? ????? ????? ?????????? ?????? ????. ???? 1997 ??? ????? ???? ?? ??? ???? ???? ?????? ?? ??? 2007, ??? ??? ???? ?? ??? ?????? ???????. ?????? ?????? ???? ????? ?? ?? ???? ?????? - ????? 18-3 ?????? ????? ?????? 21-3 ?????? ??????. ????? ?????? ????? ?????? ??????? ???????? ?????????? ?????."
???? ???,???????? ??? ?????? ????? ????? ?????? ??????,"??? ??? 2000 ???? ????? ????? ???? ??????, ????? 2017 ??? ??? ????? ??? ?????? ????? ????? ?????? ??????. ?????? ?????? ??? ?????? ?? ??????? ???????? ???? ??????? ???""? ??? ???????? ?????????, ????? ???? ?? ?????? ???????? ?????? ?????? ???????? ??????? ?????????? ????? ???????? ???? ????? ????????. ???? ????? ?? ?????? ????? ????? ????? ?????? ??????, ???? ??? ???? ???? ????? ???? ????? ?????? ???????? ???????? ????? ??? ?????."
??? ??? ?????,"????? ??? ???? ??????? ???????? ????????,  ?????","??? ????? ???? ?????? ??????? ???????? ???????? ?? ????? ?????. ??? ????? ??? ????? ????? ???????, ?????? ?????? ?? ??????? ??????, ????? ????? ??????? ????, ?????? ??????? ??????? ?????? ?????????. ???? ????? ????? ???? ??? ???? ???? ?????""? ?????? ?????? ?????? ????? ????? ????? – ????? ??? ????? ?? ??? ???? ?????? ???? ?? ???? ???? ?????? ????? ???? ?????? ???? ???? ???? ????. ??? ???? ????? ?????, ????? ????? ????? ???? ???? ????? ??? ??? ?????? ????? ????? ????? ?????? ?????? ?????? ??? ????? ?? ????? ?????? ????? ???????."
???? ?????,"???? ???? ???? ????? ???? ?????? ?? ???????, ????? ????????","???? ???? ???? ???? ????? ???? ?????? ?? ??????? ????? ????????. ??? ????? ?? ???? ???? ?????? ??? ???? ????? ??????? ?????? ???????, ???? ??? ????, ???? ?????? ???? ???? ??????? ??????? ??????? ?????? ?????? ?????? ??????? ??????? ???? ?????? ????????? ??????????-?????? ??????, ???? ?? ????? ??????. ???? ?????? ???? ???? ???? ????? ??????? ?????? ???????, ???? ???????? ????: ????? ?????? ???????? ????? ????? ?? ?????? ??? ?????? ????? ??????? ?????? ??? ????? ?????? ?????? ????????."
???? ????????,"??? ??? ?????? ????? ????? ????? ??????? (???""?) ??????? ???????","???? ?????? ?? ???? ???????? ?????? ?????? ?? ???? ???????. ??? ???? ??? ????? ?????? ????? ?????? ??? ??? ?????? ?? ????? ???? ???? ?? ????. ???? ??? ?????? ?????? ????? ?????? ?? ?????? ????? ??????? ???????, ?????? ?????? ?? ??? ????, ????? 2010 ?????? ?????? ?????? ?? ????? ?????? ?? ???? ???????. ???????? ?????? ?????? ???? ????, ????? ????? ?????? ?? ???? ???? ??? ?????? ?????. ?????? ???????, ??? ????? ????? ?????????? ????? ????? ???? ???????, ???????? ??????? ??????? ???? ?????? ???????."
???? ?????,????? ????? - ??? ??????? ??????,"???? ???? ????""? ????? - ??? ??????? ??????. ??????? ????? ??? ???""? ????? ???????, ?????? ?????? ???????, ???????? ???????? ?????? ????? ??????. ???? ??? ??? ???? ???????? ?? ??? ????? ???? ????. ?? ??? ??? ????? ????? ????? ?????? ???? ??????."
???? ?????,"???? ???? ???? ????, ?????? ??? ?????, ?? ?????? ??????? ???. ??? ???? ????? ????? ?????? ?""? (???????)","????' ???? ????? ???? ????? ????? ??? ???? ????, ?????? ???-?????, ?? ?????? ????? ????? ?? ???? ?""? ??????? (???????) ???? 2021.  ????? ???? ?? ????? ????????? ????????? ??????????? ???? ??????. ???? 2017 ???? ?? ?????? ????? ????? ???? ???? ??? ??????. ??????  ???? ????, ????? ????? ???. ?????? ?????? ??????? ?????? ???? ????????? ?????? ???????. ???? ?? ???? ????? 2016-2021 ???? ????? ?????? ????????? ?? ??? ?????.  
?? ??????  ????? ???????? ?????????? ??????? ??  ??? ?????  , ??? ????' ????? ????? ????? ????? ??????????? ??????? ???? .  ????? ????  ???? ???? ????? ????? ?????? ???? ?????? ?????????? ?????? ??????????? ???????.
????' ????? ????? ????? ???????? ?????? ????? ?? ??????? ???????? ????? ????? ?????? ?????????? ????? ?????? ??????? ??? ?????, ????? ????? ???? ??????? ????????????? ."
???? ???? ?????,"???""? ????? ?????","???? ???? ????""? ????? ????? – ?????? ?????? ?????? ????? ??????? ?????? – ?????? ???? ????? ????? ?????? ??????? ?? ????? ?????? ????. ???? ??? ??? ???? ???? ??? ???? ?? ????? - ???? ????? ????? ?????, ????? ????? ?????? ??????? ???? ????? ??????. ????? ??? ???? ????? ?????? ????? ???? ????? ??????. ???? ?????? ?????? ????? ???? ???? ???? ???? ?????? ????? ????? ????? ???????? ????? ??? ??? ?????? ????? ?????? ??????."
??? ?????,"????""? ?????? ??????? Qlik Israel","??? ???? ??????? ?????? ??????? ????? Qlik Israel ?????? ????? ????? ??????????. ???? ?? ???? ?????""? ????? eTeacher - ???? ??????? ??????? ??????? ?????? ??????. ?????? ?????? ??? ????? ?? ??????? ?????? ????????? ?? ??? ???? ??? ?? ?????? ?????, ???? ?????? B2B. ???? eTeacher  ??? ????""? ????? ??????? ?????? ??? ??????????.  ???? ??? ???? ?????? ???? ??????? ??????? ???? ????""? ?????? ?????? ???? ????? ????? ??????? ???????? ?????????? ?????, ??? ??? ?????? ????? ?? ?????? ????? ?????? ???? ???????. ????? ??? ?????? ??????? ???????? ???""? ??????? ??????."
???? ?????,???? ???? ?????? ????? ????? ?????? ????? ??????,"???? ???? ????? ???? ?????? ????? ????? ?????? ????? ??????. ?????? ?????? ??? ????? ?? ??????? ????? ??? ????? ????? ??????, ??????? ?? ?????? ????: ?????? ?????? ???? - ??????? ?? ??? ???""??? ??????; ?????? ?????? ???????? ??""?- ??????? ?? ????? ??""? ?????, ??""? ???""?; ?????? ?????? ???? - ??????? ?? ?????? ???""? ??? ????? ????? ???? ????? ????;, ?????? ?????? ???????, ????? ??????- ??????? ?? ????? ????, ?????????, ??????? ???? ??? ????; ?????? ??????? ??????? - ??????? ?? ?????""? (????? ????? ??????????), ?????? ??????? ???? ????? ?????; ?????? ??""? - ??????? ?? ??? ?????????? ????, ?????? ?????? - ?????? ??????. ???? ?? ???? ???? ????? ?????? ??????? ????. ???? ??? ???? ????? ?????? ??? ???? (???""?) ????? ?????? ????? ?????? ?????? ????? ???? ????."
???? ??? ??????,????? ??? ?????? ????? ????? ?????? ????,"???? ??? ???? ????? ?????? ??? ?????? ????? ????? ?????? ????, ???? ????? ??????? ?? ?????, ????? ????? ?? ????? ??? ??????, ??? ????? ?????? ??????? ???.  ???? ??? ????? ???? 14 ???? ????????? ?? ??? ??????."
??? ?????????,????? ??? ???? ????? ????? ????? ????? ?????,"??? ??? 2016 ??? ????? ?? ???? ????? ????? ????? ?????. ?????? ?????? ??? ?????? ?? ??????? ???????, ????? ????? ?????? ?? ?????? ?????? ???????????, ?????? ???? ???????? ?? ????? ???? ??????? ?????? ????? ????????? ??? ??????? ?? ?????? ???????? ?? ???? ??????. ?????? ??? ??? ????? ??????? ?? ????? ?? ????? ??????? ??????? ?????? ???? ??????? ????????, ??? ???????? ????? ?? ????????? ??????. ???? ?? ????? ??? ?????? ????? ???? ???? ?????? ????? ?????? ????? ??????, ???????? ????? ?????? ?? ?????? ?????? ??? ?????? ?????? ????? ?????? ????? ????? ?????? ???????? ???? ?????? ???????."
???? ????,"???""? ????? ??? ??","???? ??? ??? ????? ??? ???? ????? ?????? ????? ????? ????? ??? ????? ????? ??????? ???? ?????? ??????. 
???? 2003 ???? ???? ????""? ????? ??? ?? ?????? ?????? ????? ??? ?????????? ??????? ?????????? ?????. ???? ??? ???? ?????? ????? ????? ????? ????? ???? ??? ????? ?????? ????? ????. ???? ????? ??? ????? ?????????? ?????? ??? ????? ?????? ??????? ????? ???, ?????? ?????? ?????? ?????, ??? ????? ????? ??????? ??????? ??????? ??????? ??? ????? ?????? ??? ?? ????? ??????? ?????? ??????.
??? ??, ???? ??? ???? ?????? ??????, ??? ????? ?? ??????? ??????? ???? ????? ?? ?? ???????.
???? ???? ??? ????? (??????) ???? 2022 ?? ????? ???? ????? ?????? ???? ?????? ????."
????? ????????,????? ???? ??? ?????? ??????,"?""? ????? ???????? ??? ????? ???? ??? ?????? ?????? ??? ??? 2022. ??? ???? 2019 ??? ?????  ?????? ?? ???? ????? ??????? ???? ??? ???? ??? ????? ??????? ?? ????? ?????? ??????? ??? ??????????? ?????? ?? ???????. ???? 2016 ??? ????? ?? ?? ?????? ??????????? ?????, ????? ??? ????? ??? ???? ????? ????? ????? ????. ??????, ??? ??? 2015 ??? ????? ?? ?????? ??? ???? ?????? ????? ?????? ????, ??? ???? ?????? ?????????? ????? ?????? ??????? ?????? ???? ??????. ??? ?? ??? ????? ?????? ??Case Management ?????? ????? ??????. ????? ??? ?????? ??????????? ?????. ?? ??????? ????? ????? ?????? ???? ??? ???? ??? ?????' ????? ???? ????? ??????. ???? ??? ????? ?????? ????? ????? ???????."
????? ??????-??????,????? ??? ????? ?????? ????? ????? ?????? ????? ??? ???? ?????? ???????,"????? ??? ????? ???? ????? ????? ????? ?????? ????? ?? ???????? ????? ??? ?????? ???? 2010, ?????? ??????? ????? ???? 2015. ?????? ?????? ??? ????? ?????? ?????? ????? ??????? ???? ???????? ?????? ????? ?????? ?? ?????????? ??????, ??????? ?????? ??????? ??? ??????? ????????. ???? ????? ????? ???? ?????? ????? ?? ??? ??? ???? ????? ?????? ""?????"", ?????? ???? ?????? ? ""???-??????"" ????????, ????? ????? – ?? ?????? ?????? ?????? ????? ???? ?????? ??????? ?????? ???????."
???? ?????? ????,"?????? ????? ?????? ??????? ?? ?????? ?????, ???? ??????- ????? ????? ?????","???? ??? ?????? ???-????? ????? ?????? ??'???? ?????. ?????? ?????? ??? ????? ?? ????? ????? ???? ?????? ??????? ????? ????? ?????? ?????? , ?????? ?? ?????, ?????, ????? ??????? ?????? ???????? ?????? ????? ??????, ????? ???????? ????-???????? ??? ?????? ?????? ?????? ???????? ?? ????? ?????? ?????? ?????? ?????? ?????? ????? ??????? ??????."
??? ?????,"???""? ??????","??? ??? ???""? ????? ??????? ?????? ?? ???. ???? ?? ???? ??? ????""? ????? ??????? ????? ???? ????????? ???? ????? ????. ?? 20 ??? ??? ???? ?????? ???????? ????????? ????, ???? ?????? ?????? ????? ?????? ?? ?????.  ??? ?????? ?? ????? ?????? ?? ?????? ???????? , ??????? ????? , ?????? ???? ?????? ?????? ?????? ??????? ?????? ."
???? ???,????? ???? ?????? ??????? ??????? ???????,"???? ??? ????? ???? ?????? ??????? ??????? ???? ??????, ????? ???? ??????. ??????? ????? ??????? ????? ????? ???? ????""? ?????? ???? ???????, ??????? ?? ????? ?????? ?? ????? ?????? ???????, ??? ????, ????? ??????? ??????. ???? ??? ????? ???????? ?? ?????, ???? ???? ?? ?????? ????? ???? ???????? ????? ????? ???? ?????? ????? ???? ??????. ?? ???? ???? ???? ??????? ?????? ????? ?????."
??? ???,"????""? ???? ????????","??? ??? ????""? ????? ????????, ?? ??? ????? ????? ????? ?????? ??????? ????. ??????? ????? ???? ???""? (????""?) ????? ???????? ?????? ????? ??????, ?? ??? ????? ?????? ?????? ?????? ??? ??????, ?????? ????????. ???? ??? ???? ????? ????? ??????? ???????? ????? ???????. ??? ??? ????? ???????? ??????? ??????? ??????? ????? ?? ?????? ??????? ?????? ??????? ???????? ????????? ???????. ???? 2021 ???? ?? ??? ??? ????? ????? ??? ??????? ??????. ???? ??? ??????? ????? ???????, ???????? ????? ??????? ???? ????""?. ????? ?? ????? ????????? ""????????""."
?????? ???,????? ????? ???? ????? ?????? ????,"????? ????? ???? ????? ????? ????? ????? ???? ???? 2017
????? ???????? ?????? ??????? ????? ?????? ??????.
???? ??? ????? 5 ???? ???? ????? ??? ???? ?????? ????? ????? ????.
????  ?? ,???? 2004 ??????  ??????? ?????? ????? ?????? ??????? ???? ???? 2006-2012  ???? ??????? ????? ?????????? ??????? ???????? ????????? ??????. ??? ??, ???? ???? ???? ??????? ??????? ??? ?????."
??? ???-???,"???""??? ??? ?????????? ???? ??""? ??????? ?????? ?????????-????? ??????????? ?????? ?????? ????? ??????","??? ??? ???""??? ??? ?????????? ???? ??""?. ????? ??? ????? 2013-2022 ????? ????? ???? ????? ???? ??????? (???""?) ????? ??????. ?????? ?????? ????? ????? ?????? ?? ?? ?????? ???? ??????? ??? ???? ????, ??????? ????? ????? ???????? ???, ?????? ???????, ????? ??????. ??? ??, ?????? ?? ????? ????? ????? 3790, ????? ????? ????? ??????? ?? ????? ????? ?????? ??????? ???????. ?? ???? 2017 ????? ?? ??? ?????? ???? ????? ??????? ???? ???? ????, ?????? ????? ????? ????? ????? ????? ??????. ??? ???? ???? ???? ?????? ?? ?????? ??????? ?????. ???? ??? ????? ??? ?????? ????? ??? ???, ???? ?? ???? ?????? ????? ????."
????? ?????????,"???""? ???? ?????? ???????","????? ??? ???""? ???? ?????? ???????. ??????? ????? ???? ??""? ???""? ????? ??????? ???? ???, ?????? ?????? ???????? ????????????? ?????????? ?????? ?????? ??????? ?? ????""? ???? - ?????, ?????, ??????? ????????. ??? ???? ?? ???? ???, ?????? ????????? ??????? ?????? ??? ????? ?????? ?????? ?????? ??????, ?????? ??????. ??? ?? ??? ???? ????? ????? ???? ?????? ??????? ?????? ??????? ????, ??? ????, ?? ??? ?????? ??""? (??????, ???????, ??????) ?????? ??????? ??????? ?????? ?????. ????? ??? ?? ???? ????? ????? ?????? ????? ?? ?????? ?????? ????? ???-?????."
???? ???? ????,????? ????? ??????? ????????? ????????,"???? ????? ?????? ?????? ???????? ????? ????????? ????? ??????? ????????? ???? ????? ?????? ????? ????? ?????? ??????? (???? ????? ????? ?????????). 
???? ??, ???? ??????? ?? ????? ???? ?????? ??????? ????? ??????. ????? ???? ?????? ???? ????? ?????? ????????? ???? ???? ???? ????? ????????. ?? ??? 2019 ????? ?????? ?? ?????? ????? ?????? ??????? ?????? ????? ????? ?????? ??? ????? ?? ?????? ?????? ?????? ???? ?????. ?????? ?? ????? ?????? ?? ?????? ???????? ?? ????? ?15 ??? ?????? ?????? ?' ?? ????? ?????-????? ????? ??????? ????? ????? ????? ???????. ???? ?????? ??????? ???????? ??????? ?????? ???? ??????? ????? ?????? ??? ????????? ????? ???????? ?? ????? ???????? ???? ?????? ?????? ????. ???? ????? ??? ?????? ?????? ????? ?????: ???? ??? ??? ????????? ??? ????? ????? ????????? ????????? ??? ???? ??? ?????? ?????? ????? ???? ??? ??? ?????. ????? ??????? ??????? ????? ??????? ?????? ??????? ????? ??????? ?????? ?????? ????? ???? ????? ??? ????? ???????? ??????? ??? ?????? ???? ?? ?? ??? ??? ???? ?? ??, ???, ????, ????, ?? ?? ????? ?????."
??? ????,"???? ????? ??????? ?????? ??????, ??? ?????","??? ??? ???? ????? ??????? ?????? ???????, ??? ?????. ????? ?????? ?? ?????,????? ???? ??????, ?????? ???????? ????? ?????? ?? ???????: ????? ??? ????,?????, ?????? ????? ???. ????? ??? ???? ????? ????? ?? ????? ?????. ???? ??? ???? ?????? ??? ????? ?????? ???? ??????. ?????? ?????? ??? ????? ?????? ?? ????? ???? ?????? ????? ????? ????? ?????? ?? ??? ??????? ?????? ?????? ?????. ???? ???? ?????? ?? ?????? ?????? ???? ?????? ??????? ?? ?????? ???????? ?????? ??""?, ???? ??????? ????? ?????? ???? ???? ????? ?????? ?????????, ?????? ?????? ?????. ?????? ???? ??????? ??????, ???? ???? ?? ?????? ?????? ????? ?????? ???? ?? ??? ????? ?? ????? ?????? ?? ?????? ??? ??? ??????? ?????? ????? ?????? ?? ?????, ????? ?????? ?? ??????? ????? ??? ???????? ??, ??? ????? ????? ??????? ??????? ???: ???? ?????? ??????, ??????? ???????, ????? ????? ??????? ??????? ????????, ?????? ?????? ???????, ??????, ???? ????? ???????, ?????, ????? ????? ???? ?????, ????? ????? ?????? ?? ?????, ??""? 38 ?????? ??????? ?? ??????? ???? ??????? ??????? ?? ?????? ??????? ???????????? ????. ??? ????? ????? ?????? ??????? ???????? ???????? ????? ???? ?????? ?????? ????? ????? ?????? ??????? ??? ?????? ???? ?????? ??? ???? ?????????. ???? ???? ???? ???? ????????? ??? ???."
??? ???? ?????,"???""??? ????? ????? ?? ?????? ??????","??? ??? ??? ????? ?????? ?????? ????? ?????? ?????? ??? ????? ????? ????? ?????? ?????? ???? ????? ????? ?????? ?????? ?????????. ???????? ??????? ????? ?????? ???? ?????? ??????? ???????? ?? ????? ????? ?????? ????? ?????? ?????? ?? ?????? ??? ?????? ??????? ???""?. ???? ?????? ????? ?????? ????? ??????, ????? ??????? ???????? ???? ????? ???? ??????? ????? ??? ???? ??????."
???? ????,"???""??? ??? ????? ????? ?????? ????? ??????","???? ??? ????? ??????. ????? ????? ??????????? ???? ????? ??????????? ?????? ?????? ??????? ???????, ??????? ?????? ??? ???. ?? 2018 ????? ??? ?????? ??????? ??? ????? ?????? ???? ?? ????? ?????? ?? ?????? ????????? ??? ??? ?????? ??????. ????? ????? ???""? ???? ??????? ???? ???? (???? ????? ????, ????? ???? ?????) ????""? ????? ??? ?????. ???? ???? ?????? ???? ??????? ?????? ?????? ????? ?????? ????? ?????? ???????, ???? ????? ?????? ???? ????????? ????? ?????. ??? ????? 2019 -2021 ????? ????""??? ???? ????? ????, ???? ????? 2021-2023 ????? ????""??? ???? ?????? ???????? ??????.
????? 2024 ?????? ??? ?????, ??? ??????????-?????? ?????? ????? ??????? ????? ?????? ???? ????? ?? ?????? ??????, ?????? ????? ?????? ????????."
????? ?????,"????? ?????- ??""? ""?????"" ????? ?????","????? ??? ????? ???? ???? ???? ????? - ????? ????? ????? ?????? ????? ????? ??? ???????. ????? ???, ????? ????? ?????? ??????? ????? ???? ""?????"" ????? ?????- ??? ?????.
????? ????? ?????? ????? ??? ????? ?????? ?????? ?????? ??????? ?????. 
????? ???? ?????? ??????? ??????? ??? ?????? ????? ?????. ???? ????? ?????? ????? ????? ???? ?????? ???????? ???????? ???????? ???? ??????? ????????? ???? ??? ?????? ????? ?????? ??????? ????? ?? ??? ???? ??????????? ?- 2017."
"?????? ???""?","????? ????? ????? ???????? ?????? ???? ????? ?? ??????-????? ?????? ????? ????? , ????? ?? ????? ?????? ?????","????? ?????? ????? ????? ????? ????????? , ??????? ????? ??????? - ?????? ????? ??????? ???? , ????? ??????? ?????? ??????? , ????? ??? ????? ????? ????""??? ????? ???? ????? ??? ???? ?????? ?????? ?? ???????? ????? ????? ???? ??????? ???? ?? ???????? ???????. ????? ???? ?? ???? ??? ????? ????? ?????, ??? ?????? ????? ????? ??????? ?????? ?????? ????. ???? ???? ????? ???? ??????????? ?????? ????????."
???? ?????,???? ??? ??????? ????? ??????,"???? 2011 ???? ??? ???? ??? ??????? ?? ???? ?????? - ??? ?????""? ????? ????????. ?????, ??? ???? ???""? ???? ??????? ??????? ?? ?????, ??? ?????????? ?????? ???? ???? ??? ???? ?????? ??? ?????? ???""? ???? ?????, ???? ?????????? ?????? ????? ???????? ??????. ???? ???????? ???????? ??? ???? ????? ????""? ???? ?????? ?""? ????? ????? ?????? ????? ????????, ?????? ??????? ???. ??? ??? ??? ??? ???? ?????? ?????? ???? ?????? ??? ??? ?? ???? ???????, ????? ????????, ????? 2008 ???? ???? ?? ????? ???? ???? ????? ??????? ?? ???? ???""?. ?? ?????? ????? ???? ???? ???""? ?????? ????? ???????? ?? ????? 310, ????? 720."
???? ??????? ?????,??? ???? ???? ???? ????? ????,"???? ???????-?????, ??????? ???? ???, ????? ??? ??????, ??? ???? ???? ???? ????? ???? ????? ????""? ????? ???????? ??????? ??????????? ??????.

????? ??? ????? ???? ???? ???? ????, ???? ??????? (do-tank) ????? ??? ????? ?????? ????? ??????, ??????? ???????? ???????? ??? ???? ???????, ??????? ???? ?????? ???? ????? ??? ?""? ????? ???????? ????????? ?????? ????.

??? ????? 2014-2021 ????? ?????""??? ???????? ?????? ????? ??????. ???? ????? ?? ?????? ??? ????? ?? ????? ?????? ????? ???????? ?????? ???? ???? ?????? ??????, ???? ???? ?????? ?? ????? ????????? ????????  2030 (???? ?????), ?? ????? ?????? ????????? ??????? ?????? ??? ?????? ?????? ??????? ?? ???? ??????, ????? ????? ???? ??? ??????? ????? ?????? ??????.

??? ????? 2008-2014 ????? ???? ???? ???? ????? ???? ????? ????? (????? ???????) ????? ??? ?????? ?? ???? ?????? ??????? ?????? ??????, ??????? ???? ?????? ???????? ????? ?????? ?????. ?????? ?? ???? ????? ?????? ??????? ??????? ????? ???????: ???? ???? ?????? ????? ???????, ????? ????? ??? ????????? ??????? ??????? ????? ?????? ?????? ????? ???? ?????? ??????.

??? ????? 2002-2008 ???? ?????? ????? ????? ????? ?????? ?? ?????, ?? ????? ????? ?????? ?????? ????? ???????? ??? ?????? ??????? ?????? ?????, ?????? ?????.

???? ???? ???? ?????? ?????? ???? ??????????? ????????????? ??????????? ??????."
??? ?????,??? ????? ?????? ????? ???????,"?""? ??? ????? ??? ??? ????? ?????? ????? ???????. ???? ?? ????? ????? ???? ????? ?????? ?? ?? ???? ??? ????? ??????? ????? ?????? ????? ?? ??????? ????? ?? ????? ??????. ?????? ??????? ?????? ????? ????? ????? ?? ?????? ?????? ?????? ????? ?????? ????? ??? ????? ?????? ????? ??????? ????????? ????? ???? ?????? ?????? ?? ????? ?????? ??????. ???? ??? ????? ????? ????? ??????? ????????? ????? ???? ?????? ???? ??????. ?????? ??????: ??? ?????? ????? ????? ????? ???? MBA ????? ??????????? ?? ????, ???? ?????? ????????? ?????. ?? ??????? ????? ???? ?????? ???? ??????, ???? ????? ?? ?????? ???????, ?? ?????? ???????? ??????????? ????? ??????????? ???. ?? ?????? ?????? ???? ??? ????? ?????? ????."
???? ?????,???? ??? ???? ????? ?????? ?????,"???? ??? ???? ??? ???? ????? ?????? ?????. ???? ???? ????? ?????? ?-30 ????. ??????? ??? ???: ????? ?????, ?.??""? ???????? ????????, ????? ????? ???????? ???? ???? ???""?. ???? ???""? ????? ???? ??? ????? ??????? ?????, ??""? ???? ????, ??""? ???? ?????? ??????, ??? ????? ????? ?????? ?????? ?????, ??? ????? ????? ?????? ???? ?? ???? ????, ??? ????? ??????? ?????? ?????? ????? ?? ??????."
????? ????'??,???? ??? ????? ??????? ??? ?? ???,"???? 1998 ????? ??? ???? ??? ????? ??????? ??? ?? ???. ?????? ?????? ??? ????? ?? ??? ?????? ????? ?????? ???? ?????: ????? ?????? ???????? ?? ????? ?????? ???? ???????? ???????? ??????? ?? ?????? ???? ??????, ?????? ????? ??????? ????? ?? ??? ??????? ?????. ????? 1997-1994 ??? ??? ????? ????? ?????? ????????????? ?????-???????? ??????? ?? ????' ?'?? ????? ??????????? ????????? ?????? ????""?. ???? ??? ??? ????? ???? ?????? ??????? ????? ?????? ???????? ??? ???? ???? ??????? ??????????? ??????."
?????? ????'??,???? ????? ?????? ?? ???? ECONEXT. ???? ???? ???? ???? ??? - ?????? ?????? ????? ????????? - ???? ??????,"??? ??? 2014 ?????? ??? ???? ???? ???? ???? ?? ???, ????? 2017 ??? ?? ??? ???? ????? ??????. ?????? ??? ???? ?????, ???? ?????????? ?? ???? ???? ???????? ????? ??????. ??? ????? ?? ??????? ??? ????? ????? ???? ?????? ?????? ????? ??? ?????? ???????. ????? ?????? ?????? ????? ?????? ????? ?? ?????? ??????? ?????? ?????? ????? ????? ????? ?? ???? ??????, ??? ???? ?????? ???????? ????? ?? ??????: ????? ???? ????? ???????, ???? ?????? ???'. ????? ?????? ???? ???? ??? ???? ???? ?? ??? (???? ????? ??????? ??????)."
???? ??????,??? ?????? ??? ?? ???,"???? ??? ??? ?????? ??? ?? ???, ??? ????? ?-57 ??? ??????. ?????? ?????? ??? ???? ?? ?????? ????, ?????? ?? ???????? ???????? ?????? ???????? ?????? ?? ????? ???? ????? ?? ????? ???????, ?? ??? ??????? ??????? ?????? ???? ??? ????? ????? ????? ?????? ????? ?? ???????. ????? ???? ???? ?????, ?????, ???? ???? ??? ???, ????? ??? ???, ????? ??????? ??????? ??????."
????? ?????,??? ?????? ??????? ??? ????????,"????? ??? ??? ?????? ??????? ??? ????????. ??????? ????? ??? ???? ??? ????? ?????? ?????? ??? ????????. ?????? ?? ??? ??????? ????? ?? ?????? ??????, ????""?, ???? ?????? ????????, ????? ??????, ????? ?????? ????? ???????, ?????? ??????? ?????? ????????. ?????, ?????? ????????? ??? ????? ?? ????? ?????? ????? ?????? ??????? ????????? ?? ?????? ?????? ?????. ???? ??????? ???? ????? ????? ????? ?????? ???????? ?????? ????? ??????? ?????? ??? ?????? ?? ????? ??????? ??????? ??? ???? ???? ?????? ??????? ????????. ????? ??????, ???? ???? ???? ?????? ??????? ?????? ??? ????? ??????? ?????? ????? ?? ??????? ????? ??????. ???? ???? ????? ????? ????? ??? ???? ??????? ?????? ???????? ????? ???? ???, ?????? ?????? ?????? ??????? ?????? ?????? ??????."
???? ???,?????? ?????? ??? ???? ????? ??? ??????+ ????? ????? ?? ????? ???????,"?? ??? 2023 ???? ????? ?? ???? ??????, ???? ????? ???. ??????? ??????? - ??? ????? ?????? ???""? ???? ??? ???? ?????? ?????? ????? ??????. ????? 2023-2024 ????? ??????? ????? ??????? ?? ???? ?????? ????? ????? ???? ???. ???? 2025 ?????? ????? ??? M.Teach ?????? ??? ????  ???????? ????? ????? ????? ??????? ????????/?????? ??? ????? . ???? ???? ???? ??????? ?????? ?????? ??? ???? ??????. ???? ????? ?????? ????? ???? ?????? ."
??? ???-???????,????? ?????? ??????? ????????? ??????,"??? ??? ????? ?????? ??????? ????????? ??????. ??????? ????? ??? ????? ?????? ?????? ?????? ?????? ????? ??????? ??????? ????? ???? ????? ?????? ?????? ????????? ??????. ???? ??? ????? ?????? ?? ????""? (???? ?????? ?????? ?? ??? ????? ??????? ?????) ???????? ??? ???? ????? ??. ??? ????? ??? ?????? ??????? ???? ?? ?? ???? ????? ??????? ????? ????? ?????? ?????? ????? ??????? ?????? ????????? ????????? ???? ????? ????????? ???? ???""? ?? ????? ????? ????. ??? ???? ????? ????? ???? ????? ?????? ????????."
???? ????,????? ????? ?????? ???? ?-????,"???? ???? ???? ????”? ?????? ??????? ?’?? ?-????, ????? ?? ????? ????? ?????? ???????? ?????? ????? ?? ?-400 ?????? ?”?. ???? ???, ???? ????”? ?????? ???? ????? 2020–2024, ????? ??????? ????? ???? ?? ??? 250 ?????? ?”? ???? ??????? ????? ????? ?? ??? 500 ?????? ?”?.
????? ????? 2015–2020 ???? ????? ????? ???? ???? ?????? ????, ????? ???????? ????????? ??????? ???????? ????. ????, ??? ????? 2008–2015, ??? ????? ???? ????? ????? ?????? ?????? ?????? ????? ??????."
????? ????????,"???""??? ???","????? ??? ????? ?????? ?-DNA ??????? ???????????? ??????. ???? ?????? ?? ????? ?????? ?????? ??????? ?? ?????? ????: ?????? ??????? ?????, ???? ????""?, ??????, ?????, ????? ???????. ???? ????? ???? ??????? ??????, ????? ???? 2019 ?????? ???""??? ?? ????? ???, ?????? ?????? ????? ??????."
??? ??????????,"????? ?? ?????? ??""??? ????????? ?????? ????? ???????","??? ???? ??????? ???? ?????? ???""???. ?????? ?????? ??? ????? ?? ?????? ?????? ???? ??? ????? ??????, ??????? ???""? ???????? ??????. ??? ????? ?? ?????? ??????? ???????? ??????? ??????? ???????, ??????????, ?????????, ??????? ????. ??? ????, ?????? ??????? ?????? ?????? ??? ????? ?????? (""???? ????? ??????""), ?????? ?????? ?????? ?????? ?????? ????? ????? ??????? ????. ??? ????? ?????? ???""??? ???? 2012. ???? ??? ??? ?????? ??? ????? ????????? ??????? ????? ???????, ?? ??? ????', ?????? ???? ????? ????'. ????? ????? ???? ????? ?????? ??? ????? ???? ????? ????? ????? ???? ????? ????? ???? ???."
????? ?????,"????? ?? ?????? ?????? ??????? ????? ????, ???? ??????","*?????? ???? 30 ??? ?????? ??????? ????""?  ?????-????? ????? ?? ?????? ?? ???????? ??????? ????? ????? ???????, ?????? ??????   ????? ?????? ??????? ??????????? ??? ????? ???????? ??????.
*????? ????? ??????? ?????? ????? ????? ????? ?????? ?????? -?????? ????? ????? ?? ???""? ?????? ????? ?????? ?????? ?????  ???????. ?? ?????? ??????  ??????? ?????.
*????? ?????? ???? ???""? - ????? ?????? ??????? ???????? ,????? ????? ???????, ??????? ????? ?????.
*?8 ????? ???????? ??? ????? ?? ?????? ?????? ??????? ?????. ??? ?????  ?? ?100 ?????? ??? ???? ???? ,??????? ????? ???????? ?????? .
 ??? ?????? ?? ????? ??????  ??????? ??? ?????? ????????  .??? ?????? ???? ??????? ??????  ,????? ?? ????? ????? , ????? ????? ?????? ?????, ????? ??????? ?????""?  ?????? ?????? ?? ????? ?????.
???? ??????? ??????? ?? ?????? ????? ????? ???? ????? ????? ????? ???????? ?????? ????? ????. ????? ?????? ??????? ?????? ?????? ??????, ?????? ?????? ?????? ????? ?????? ?????? , ????""? ??????? ??????? ?????? ."
????? ?????,"???""??? ?????? ??????? ?? ????","????? ??? ???""??? ?????? ??????? ?? ???? ????? ????? ???? ??? ???. ??????? ????? ??? ????? ?? ????? ??????? ??? ????, ????? ??? ????? ?? ??????? ???????? ??????? ??????? ????. ?? ??? 2018 ???? ????? ????? ????? ?????""??? ????? ???? ??????? ?? ????? ?????? ????? ???? ?????? ?????, ?????""??? ????? ????? ??????? ????? ?????? ????? ??????? ?????? ?? ????? ???????? ???????? ?????????, ?????? ???? ??????."
???? ?????? ?????,?????? ?????? ??? ??,"???? ??? ???? ????? ?????? ??????? ?????? ??? ??. ?????? ?????? ????? ??????????, ????? ?? ????? ???? ?????? ??? ?????? ??????? ??? ??? – ?? ????? ????? ?? ???? ???????, ???? ????? ???????? ????? ???? ?????? ??????? ????? ?????? ?? ?????. ?????, ????? ?????????? ????? ??????? ??????? ????? ??????. ??????? ?????? ??? ?? ?? ?? ?????? ????? ?? ?????? ????? ???????? ?? ???????: ??? ???????, ????? ??????, ??????, ?????? ????? ???', ? ?? ??????? ?????? ????????, ??? ?? ????? ??????, ????? ????????, ??????, ????? ????????, ???? ??? ?? 2,500 ????? ?????? ?????? ?? ???? ??????. ???? ????? ???? ????? ???? ????""??? ????? ????? ?? ?? ????? ?????? ??, ??????? ?????? ???? ???? ??????? ????? ??? ????? ??????, ????? ?? ????? ?? ?????? ??????? ????? ????”? ????? ???? ??????. ?? ?????? ????? ???? ???? ???? ????????."
??? ?????,"??? ??????, ??? ???? ??? ??, ???""? ????? ??????? ?????? ?? ??????","??? ??????, ???? ""??????? ???????"" ????? ??? ?? - ??????? ??????? ????? ????? ?????. ??????? ???? ????? ??? ???? ?-2008. ???? ?????? ?????? ?????? ??????? ?? ??????? ????? ?????. ???? ??? ???? ????? ?????? ?????? ???????? ????????, ????? ????? ?? ????? ???????."
???? ????? ???????,????? ????? '???? ????',"?????? ???? ????? ??????? ???? ????? ?? ????? ???? ???? ?????. ??? ????? ????? ???????? ?????? ?? ????? ?????????; ?????? ?????? ???, ????, ?????, ???? ????????, ????? ?????? ?????. ???? ????? ????? ???? ??????? ????, ??????? '????? ?????'.  ???? ????? ???? ?????? ????? ?? ????, ????? ???? ????? ???? ???. ???? ????? ?????? '???? ??? ???' ?????? ??? ???? ???? ?????? ???? ????? ?????? ??????? .  ????? ????? ???? ???????? ?????? ??????. ????? ???? ??????? ????? ?????? ?????? ???????."
???? ?????,?????? ????? ?????????? ??????,"?????? ?????? ????? ?????? ???? ???? ?? ????? ?????????? ??????? ????? ????? ???? ????? ??????. ?????? 2025 ????? ?? 13 ?????? ?????? ???? ?????? ?????? ????? ?????. 
???? ???? ?? ???? ???????? ??????? ???? ????? ?????????: ???? ????? ???? 2, ???? ?????? ‘????? ????’ ?????? ?????? ?????? ?? ?????? ‘?????’ ?? ????? ????. ??? ????? ???? ????? ????? ?? ???? 10 ?????? 10, ????? ???? ?????? ?? ???? ????? ????? ??? ????. ??? ??, ???? ????? ?????? ??????? ?? ?????? ‘??? ???’- ?????? ??? ????? 80 ?????? ???. ??? ????? ????? ‘??????’- ???????? ?????? ?????????? ??????? ???????? ????? ?????- ?????? ?? ??? ???????. ????? ????????? ?????? ??????? ?? ??? ???????, ???? ????? ???? 2006 ?????? ???????? ???? ???? ????? 8 ???? ????? ????? ?? ??????? ????????? ????. ??? ??, ????? ?? ????? ‘???? ??????’ ?? ????? ???????? ?????-??????.
???? ???? ????? ????? ????? ?? ????? ???? ?????? ?? ????? ????? ???? ???? ?????? ??????? ????? ?? ??? ???? ?????? ?? ???? ????? ????. ????? 2017-2022 ????? ?????? ?? ???? '??????' ?????. ?????? ?????? ?? ???? ?????? ?? ????? ????? ??????? ?? ?????? ?????? ???????? ??? ????? ????????? ???? ??????? ??????. ??????? ???? ???????? ????? ????? ?? ??????? ????????, ????? ???? ????? ?????? ?????? ??????? ??????? ????. 
???? ???? ???? ????? ?????????, ?????? ??-???? ??????? ????? ???? ??????????? ?????? ????????. ???? ??? ??? ?????? ?????, ????? ??????? ????? ??? ???? ?????. ????? ????? ????? ????? ???? ????, ???? ??? ??? ???????, ????? ????? ????, ????? ????? ??????? ????? ?? ??? ?????????? (??? ???????? ?????)."
???? ????,????? ??? ?????,"???? ??? ????? ??? ????? ??? ???? 2019. ???? ????? ?? ???? ??????? ??????, ???? ?? ?????? ??????? ???????? ?????? ???? ?? ?????? ?????? ??????? ??????????? ?????, ????? ?????? ???????? ???-??????? ?????? ????????? ?? ????? ?????. ???? ?? ???? ???? ?????? ??????? ???? ??????? ??????. ???? ?????? ?? ???? ????????? ??? ???? ??????????? ??????? ?? ???""??? ??????? ???????? ??????? ???? ?????? ??????????? ??-?????? ??????????? ?? ????."
????? ????,????? ???? ??????? ???????? ?????? ???? ????,"???? 2014 ????? ????? ?? ??? ???? ??????? ???? ???? ???????. ?????? ?????? ??? ???? ??????? ???????? ????? ??????? ??????? ??? ?????? ???? ???? ????? ???? ?????? ???, ???? ????????? ??????? ????? ????? ?????. ???? ??? ???? ?????? ???? ????? ????? ??????? ????? ?????? ?????? ???? ???? ??????. ?????? ???? ?????? ????? ?????? ?? ????? ????? ?????? ??????? ???????? ??-??????."
??? ????-????,"?????? ?????? ?????, ????? ????? ??? ??????, ????? ???? ????","MD ?????????? ?? ?????? ?????? ????? ??????? ?? ??""?, ??""? ???????? ???????? ,  ?????? ?????? ?????, ??? ???? ?????? ?????? ?????, ????? ????? ??? ????? ?????? ???? ????
?????????? ????? ??????? ?? ?? ??????? ??????? ??????? ?????? ????? ????????? ??????? ??????????. ?????? (????????) ?? ?????? ?????? ?????? ????? ???????."
???? ????,"????? ???? ??????? ??????, ???? ???",
???? ????-????,"????? ??? ????? ????????, ???? ???? ???????? ?????? ????? ??????","?- 8.10.2024 ???? ???? ?? ?????? ?????? ??? ????? ???????? ???????? ?????? ?? ????? ?????? ??????? ???????. ???? 17 ??? ????? ?????? ?????? ?????? ?????? (???""?). ?????? ?????? ??? ?????? ?? ????? ????? ??? ?????? ????-???? ???? ??? ???? ????, ????? ?? ????? ????? ?????? ????? ????? ?????? ?????? ???? ?????? ???????. ???? ???? ?????? ?? ?????? ??????? ????????? ??????, ??? ???? ??????? ??? ???????? ??????, ????? ??????, ???? ??? ?? ????."
??? ???????,"????? ???? ?????, ????","??? ??? ????? ???? ????? ?????. ???? ????? ?? ??? ?????? ?????""? ?????? ??????? ??? ????. ?????? ?????? ??? ?????? ?? ?????? ??????? ?????? ??????, ?? ?????, ?? ?????? ?????? ?? ?????? ?????????? ?????? ??? ?????? ??????? ??????. ??? ??? ???????? ?????? ???? ??? ????? ????? ????? ?????? ?????? ??????? ??????? ?????? ????? ??????? ????? ?????????? ??????? ?????? ??????? ???? ???????????? ?? ??????. ???? ?? ??? ???? ?????? ??????? ??????? ??????? ???? ?????? ???-????? ????? ??????, ????????? ???????? ?????? ????? ????."
????? ??????,????? ???? ????? ???? ?????? ?????? ??????? ?????? ??????,"?""? ????? ?????? ??? ????? ???? ????? ????, ????? ??????, ?????? ?????? ??????. ?????? ??????: ?????? ????? ??????????? ?????? ????????, ?????? ?????? ??????????? ????? ?????? ???? ???. ??????? ??????? ??????: ???? ????? ??????? ?????? ????? ?????? ????? ???????????? ?????? ????????, ???? ??? ????? ????? ??????????? ?? ????."
???? ????,????? ????? ???????? ???????? ??????? ?? ????-???,"???? ??? ????? ????? ???????? ???????? ??????? ??-????-???, ?????? ?? ???? ?????? ??????? ?????? ????. ?????? ?????? ??? ??????? ?? ?????? ??????? ????? ???? ???, ?????? ?????? ?? ????????? ?????? ?????? ?????? ????????? ??? ??? ???? ?????????? ????. ???? ?? ??? ????? ??????? ??????? ??????, ???? ?? ????? ??????? ??????? ????????. ????? ???? ??? ?????? ?????? ??????? ???????? ??????? ?????. ???? ????? ?? ?????? ??????? ??? ?? ???? ???? ?????? ??? ????? ???? ?????? ??????? ?????? ?????? ?????."
???? ??? ?????,????? ?????? ??????? ????? ??????,???? ??? ?????? ??????? ????? ??????.
???? ???,???? ???? ????? ????,"?""? ???? ??? ??? ???? ???? ????? ????. ??????? ????? ??? ??? ???? ????? ?????? ???? ???? ????? ?????? ???? ????? ????, ????? ??????? ????? ??????? ?????? ?????. ???? ?? ??? ??? ?? ????? ????? ??????? ?? ?????????? ??????? ????? ????? ???? ??????. ?????? ??????? ??????? ??? ??? ?????? ???? ?????? ????? ????????, ???????, ??? ??? 2016 ??? ???? ?? ???? ?????? ????? ?? ???? ?????? ??????????? ??????? ?????? ??????????? ?? ????. ?????, ??? ???? ???? ??? ?????? ??????? ???????? ??????????? ?????? ??????? ????? ?? ??????. ??? ???? ????? ???????? ?????? ???????? ???????? ?????? ??????????? ?? ????. ?????? ?????? ??????? ??? ???? ?? ???? ??? ????? ??? ????? ??""? ?????????? ??????? 2013 ???? ???? ??????? ????? ?? ??????. ???? ??? ??? ?????? ?? ?????? ??""? ??????? ?????. ???? ??? ?? ??? ????????, ???? ???? ?????? ????""??, ??????? ?? ???? ?? ???? ?-300 ????? ???????. ??? ????? ?????? ????. ?? ??????? ??? ????? ?????? ???? ??? ?????' ??? ???? ????? ????????."
???? ?????,?????? ????? ?????? ????? ??????,"?? ??? ????? ?????? ?????? ?????? ??????, ??????? ?????? ????. ????? ???? ???? ?????."
???? ??,"????""? ????, ??? ?????? ??????? ?????? ????? ?????? ???????? ??????","???? ??? ????""? ????, ??? ????? ?????? ?????? ????? ?????? ???????? ??????. ???? ????? ?? ???? ?????? ??????? ?????? ????? ?? ???? ?????? ??????? ??????? ???? ??????? ???????? ??????. ??? ?? ????? ????? ??? ?????? ???? ?????? ?? ??????, ????? ???? ?????? ????? ???? ??? ????? ???????. ?????? ???? ?? ???? ??????? ???????, ????? ????? ??? ????? ???? ????? ???? ????????. ???? ????? ?? ????? ?????? ??????? ????? ?????? ?????? ?????? ?????? ???? ?? ????? ????? ?????? ??????? ??? ??????? ???? ???""?.
???? ??? ???? ?? ???? ?????? ????? ?????? ????? ??????? ???? ????? ??????? ??????? ?? ??? ???? ?????? ??????? ????????? ?????? ?????? ????? ?????? 2397 ????? 3.2 ??????? ? ?????? ????? ?????? ??????? ????? ??????? ????. ?????, ??? ???? ????? ??????? ?????? ????? ????? ???? ???? ???? ???????? ??? ?????? ??????? ????? ???????? ??????? ????????. ??? ?? ??? ???? ???? ?????? ???? ??????  ???""??? ????? ?????? ???? ???? ?????? ??????? ?????? ???? ????? ???????? ?????? ????? ?? ????? ??????? ?????? ????? ??? ????? ???????. ???? ??? ???? ???? ???? ?????? ??????? ????? ??? ?????? ???? ???? ???????? ????? ????. ????? ???? ????? ????????? ???? ?????? ??????????, ???? ??? ???? ?????? ????? ??? ???????? ??????? ????? ??????? ???????????? ??????."
????? ????,????? ?? ???????? ????????,"????? ??? ????? ?? ???????? ????????. ???? ????? ????? ???? ??? ?????? ????? ?????? ?????? ??????? ??????? ?????? ?? ????? ?????? ????? ????. ?????? ?????? ????? ????? ????? ?????? ????? ????? ????????? ???????? ???? ?????? ??? ?????? ???????? ?????? ????? ?????? ??????, ?????? ???????, ?????? ?????? ???? ?-21, ?????? ?????? ????. ???? ????? ??? ??? ????? ?????? ?????? ?????? ????? ??????. ??? ?????? ????? ??????? ??????? ????? ?????? ""????? - ?????"", ???? ????????? ????? ????? ????? ??????? ?????? ??????? ???? ??????? ??????? ???????. ?????? ???? ????? ?????? ????? ??? ?????? ???""??? ???????????? ??????."
??? ????????,"???? ????""? ???? ???????","?""? ??? ????????' ??? ???? ????""? ???? ??????? ????? ???? ?????? ?????? ????? ????? ????? ?????? ???? ???. ???? ???? ??????? ????? ????? ???. ??? ?? ??? ????? ?????? ???? ?????? ??????? ?????? ??????? ????? ??""? ??""? ????? ????? ?? ???????"
????? ????,"???""? ???? ????? ?""? ??? ???""? ??""?","????? ???? ????""? ???? ????? ?""? ??? ???""? ??""?. ?????? ?????? ????? ????? ?? ????? ?????? ??? ????? ??????, ????? ?????? ??? ????? ?????, ???? ????? ???? ?????? ????? ?????? ???????? ???????? ?????? ?????. ??????, ???? ????? ???“? ???? ???? ?????? - ???? ?? ?? ?????? ?“? ??? ?????? ???? ????? ?????? ????????? ???. ????? ???? ????? ?????? ????? ?????? ????? ?? ?????, ??? ????? ???? ??????? ?????. ?????, ???? ???? ?????????? ?? ??? ??? ???? ??????."
?'??? (?'?) ????,?????? Start-Up Nation Central,"?'??? ??? ?????? ???? - ???? ?????? ???? ??????. ??? ?? ???? ????""? ?????? ?-Start-Up Nation Central - ????? ?????? ?? ?????? ?????? ??????. ???? ??? ??? ???????, ????? ???? ?' ???? ??????? ????? ?????? ???? ????? ????? ?????? ?? ???? 2 ????? ????? ?????? 10. ???? 2015 ???? ????? ??? ?', ????? ????? ???? ?????? ???? ????? ????''? ?????? ?????? ?????? ??? ?????, ????????? ????????."
????? ??? ????? (??????),"???""??? ????? ?????","????? ??????, ???????? ???? ??????, ????? ????? ???????? ??? ??? ??????. ??? ?????? ?? ??????? ??? ?????? ????? ??????? ???? ?????? ?? ??????? ??????????? ?????? ??????? ????? ?????? – ?? ???? ?? ???? ????? ?????? ??????? ???????? ???? ?????? ????? ????? ????? ??? ?? ????' ??? ????. ????? ???? ?????? ???? ????? ????? 2009 ??? ????? ?????? ????? ?? ????. ???? 2017 ??? ????? ?? ???? ????? - ????? ????? ???????? ????? ??????. ????? ??? ????? ???? ?? 10 ?????? ?-16 ???????? ???????: ????? ???????????, ????? ???? ????????? ??????? ?????????, ????? ???????? ?????? ?????? ?? ??? Ynet, ????? ?????? ???????? ???????? ???? ????, ????? ??????? ???????? ????? ????? ??????? ??????. ?????? ???? ??????? ?????? ????????? ??????, ???? ??????? ?????? IFEX ??????, ????? ??????? ?????? Ifj."
???? ??????,????? ???????? ?????? ???? - ????? Hive,"???? ??? ????? ???????? ?????? ???? ?????? Hive. ???? ?? ???? ?????, ?????? ????? ???? ??? ???? ?? ????? ?????? ??????, ??? ?????? ?? ??????? ???????? ?????? ?????? ???????, ??????, ??????? ??????? ??????. ??????? ?????? ????? ??? ????? ????? ???? ?????? - ?????? ?? ???? ?????? ????? ??????. ???? ?? ???? ???? ???? ?????? ???? ?????? ?????? ??? ????? ?????? ?????? ???????? ?? ??????? ?????? ???? ?????? ???????.
????? ?????? ?? ??? ???? ?????? ???????, ????? ???????, ????? ???????? ???????, ????? ???? ?????? ???????? – ?? ??? ???? ?????? ?????? ?? ????????? ??????? ????? ????????."
???? ??????,"???? ?????? ???????, ???? ?????? ?????? ?????? ??????? ???????  ?????? ?????? ??????? ??????? ????? ?????? ????? ????",
???? ??????,???? ???? ????? ??????,"???? ??? ???? ???? ????? ?????? ?????? ?? ???? ?????? ?????? ?????????. ???? ?? ??? ???? ?? ??? ?????? ???? ????? ?????? ?? ?? ????? ????? ??-???? ?????? ?????? ???-?????, ???? ?? ??? ???? ????????? ???? ??? ????? ??? ??? ??-???? ???? ????? ????. ???? ??? ???? ????? ????? ????? ???????, ????? ?????? ????? ??? ?????? ???? ????? ?????? ???????, ??? ?? ???? ?????? ???? ?? ?????? ??? ?????? ??????? ?????? ??????? ????? ?????? ?????? ."
????? ?????,???? ????? ?????? ????? ????????,"????? ??? ???? ????? ?????? ????? ????????, ????????? ?????? ???? ???? ?????? ?????????? ???? ?????? ????? ??????? ??????? ??????? ?????. ?? ?? ?????? ?? ???? ????? ?????? ??????? ?????? ???????? ?????? ????, ???? ?????? ?????? ????? ??????? ???????? ?????? ?? ?????? ???????? ??????? ?????? ?????? ????? ????? ????""?, ??????? ???????, ????? ?????? ?????? ?????? ?????? ??????. ????? ????? ???? ???? ???? ????? ??????? ??????? ??????? ?????? ??????? ???? ???????. ???? ????? ?????? ?????? ???? ??????? ?????""???."
???? ????,"???""? ????? ????? ??????","???? ???? ????""? ????? ????? ?????? ????? ????? ????? ?? ????? ????? ???. ??????? ????? ??? ???? ?????? ????? ?????? ?? ??????? ?????? ?????? ?????? - ?????? ?????? ?????? ?????? ???????? ??????? ??????????? ??????? ????? ?????? ????? ??????? ?????? ?????? ??????? ????????????, ??? ??????? ?????? ?????? ?????? ?????? -. ??????? ?????? ?????? ???????? ????????? ??????? ????? ??????? ???????-??? ?????????. ???? ???, ??? ???? ?? ????? ????? ???, ?????? ??????? ???????? ??????? ??????????? ???? ???? ??? ???? ?? ???? ???????, ??? ??? ???? ???? ???? ??????? ???? ?????. ???? ??? ??""? ????????, ????? ???? ???? ?????. ??? ???? ??? ??? ??????? ?? ??????? ??????? ?????????, ???? ??????."
???? ?????,????? ???? ???????,"???? ??? ???? ???? ????? ??????? ???????? ??????? ????? ?????? ????? ??????? ??????? ????? ???????. ?????? ?????? ??? ????? ?? ????? ??????? ??????? ?????? ??? ??????? ???????? ???????? ??????? ??????? ??? ????? ??? ?????? ??????? ?????? ??????? ?????? ??????? ????????. ????? 2013-2012 ??? ???? ?????? ?? ??? ?????? ???? ?????? 2018-2015 ??? ??? ????? ?????? ?? ??? ????? ????? ????. ?????, ??? ???? ????? ??????? ???? ???? ????? ????? ?????? ?????????."
???? ???????,?????? ??????? ????? ???? ????? ?????? ??????,"??????? 2023 ???? ???? ??????? ??????? ????? ???? ????? ?????? ??????. ?????? ?????? ????? ???? ?? ????? ???? ?????, ????? ?????? ??????, ????? ????? ?????? ?????, ??? ???? ?? ???? ???? ?????? ?????? ????? ??????? ??????? ????. ???? ?? ???? ???? ????? ???? ????? ????? ???? ???? ????? ?????? ????? ??? ??????. ?????? ?????? ????? ???? ??? ???? ???? ?????? ???????? ?????? ??????? ??????? ???? ????????? ?? ?????? ??????, ????? ????? ????? ??? ?????? ?????? ?????? ?-50 ?????? ??? ?????? ?????? ??????. ????? ????? ?? ??????? ?????? ?????? ????? ?????? ??????. ???? ??? ???? ???? ???? ??????? ?????? ???????: ???? ????? ??? ????? ???????, ???? ????? ????? ?????? ??????? ?????? ??????? ?????? ?????? ?????? ????? ?????. ???? ??? ???? ????? ?? ??? ???? ??????? ?????? ?????? ???????."
???? ???,"????? ??? ????? ???""?, ????? ??????? ??????? ????","?""? ???? ??? ??? ????? ???? ??? ????? ???""? ??? ???? 2017. ????? ???????? ??????? ??? ????? ??? ?????? ????? ??????? ?????? ???? ??????, ????? ??? ?????? ?? ???? ??????? ??? ????? ????? ????? ???? ??????. ??? ???? ?????? ????????? ????? ???? ????? ???""? ?? ???????? ????????? ?????????? ???? ?????? ???'???? ?'??? ??????? ????????, ??????, ???""?. ?? ??????? ?????? ????? ?????? ?? ?? ???? ????? ???""? ??????? ??????? ???????? ?????????. ???? ????? ?? ???? ????????? ????? ?????? ????? ????????? ?????? ?????? ?????? ?? ?????? ???????."
?? ???????,"???""? ????? ????? - ???? ??????","?? ??? ???""? ?????? ????? ????? - ???? ??????, ??? ?????? ????? ???? ?????? ?????? ?????? ????? ??? ???? ?????? ??????? ?? ????? ??????? ??? ??? ???? ?????? ?????. ?????? ?????? ??? ????? ???? ??? ????? ?? ????? ????? ???????? ????? ???? ????? ????? ????????? ?????? ?????? ???????? ?????????. ???? ??? ???? ????? ???? ???? ???? ?? ????? ????? ????? ????? ???????? ????????? ISRAEL CYCLING ACADEMY, ???? ?????? ??????? ????? ?? ???? ?-50 ?????? ? ?????? ?? ?????? ???? ???? ??'??? ?? ?????? ?????? ???? 2018. ???? ??? ???? ????? ???? ???????, ??????? ?????? ?????? ???? ????????? ????? ?? ??? ????? ????????."
??? (????) ????,????? ?????? ????? ??????,"???? ??? ????? ?????? ????? ??????. ???? ????? ????""??? ?????? ??? ??. ???? ??? ????? ???""??? ????? ???????? ?? ?????? ??? ???, ??????? ?? ????? ?????? ?? ????? ??????? ????, ????? ???? ??????, ????? ????? ??????????, ????? ??  ??????? ????????? ???? ??????? ?? ???????? ?? ???? ??????? - ?????? ??? ?????-?????."
????? ?????? ?????,????? ?????? ?????? ?????? ???-???,"???? ????? ????? ??????. ???? ??, ???? 2007, ????? ????? ?????? ??????? ?????? ?????? ??????? ?????????? ?????. ?????? ?????? ???? ??????? ?????? ?????? ???????, ????? ?????? ?? ????? ??????? ????? ?????? ????? ??? ??????? ???? ??????. ???? ??? ???? ?????? ??? ????? ????? - ????? ????? ???? ???????-??????????? ?????? ????? ???? ?? ???, ???????, ???, ???? ????', ??? ?? ????? ?? ???????. ?????, ???? ????? ?????? ???? ????? ??????. ?????? ?????? ???? ????? ?????? ??????? ?????? ???? ????????. ??????, ??? ???? ??? ???? ?????? ???? ????? ?????? ????-?????? ???? ?????? ???????? ????. ?????, ??? ????? ??????? ?????? ?????? ???? ??? ???."
????? ?????????,"???""? ?????? ?????? ?????? ????????","????? ??? ???""? ?????? ??????? ??????? ?? ??????. ??? ???? ????? ????? ??? ??? 2012 ?????? ???????. ??? ??""? ????? ??????? ????-??????? ?????? ???????? ??????, ???????? ????? ??????? ????? ???? ???? ??????? ????? ??? ????? ??????? ?????. ?????, ??? ????? ??????? ???? ????? ????, ?????, ??? ?????, ??? ???? ??? ????? ???????? ???????, ?????? ????? ?????, ????? ????. ???? ??? ????? ????? ??? ???? ???? ??????? ??????? ????????? ???????? ?????? ?????? ????? ????."
????? ????,?????????? ????? ????? ???? ??????? ?????? ?????,"????? ??? ??????????? ?????? ????? ???? ??????? ?????? ?????. ????? ?????? ?????? ?????? ??????????? ???????. ????? 2014-2011 ????? ?????? ?????? ?????? ??????? ????? ??????? ??????? ???? ?????? ?????????? ??????? ???? ???. ????? 2007-2002 ??? ????? ?????????? ?????? ????? ?????? ?????? 2003-2000 ????? ?? ?????? ?????????? ??????? ?????? ????. ?? ???, ????? 2006-1998 ???? ??????????? ?????? ????? ??????? ???? ???? ???. ??? ??????? ??? ????? ???? ??????? ????? ??? ??????????? ??????? ????? ?????? ????? 017-2016), ????? ?? ???? ??????? ??????????? ??????? ????? 017-2002). ????? ??? ?????? ?????? ??????????? ?????? ??????? ??????????? ???????. ?? ??????? ?????? ?????? ????? ?????? ??????????? ???????, ?? ??????? ??????????? ?????? - ????? ??????? ???? ???? ???, ??? ??????? ??????????? ??????? - ?????? ?????????? ??????? ???? ???."
????? ???????,"????, ????? ??????? ????? ??????? ?????","???? ???? ?????? ?????, ???? ?? ????, ?????? ??? ???? ????? ?????? ??????, ????? ????? ??????, ????? ?? ??????? ?????? ????????, ????? ???, ????? ???? ???????, ????? ??????? ??????. ????? ??????? ?????, ???????? ????????.   ???? ????? ?????? ??????? ????? ????? ???? ??? ????? ????? ???? ????? ??? ????."
??? ?????,?????,"?""? ??? ????? ??? ?????. ???? ??? ??? ???? 2021 ???? ????? ???? ????? Diagnostic Robotics. ??????? ????? ??? ??? ?????? ??????? ?? ???? ???? ????? ?????? ?????? ?????? ??????? ????? ?????. ???? ???, ????? 2017-2015 ???? ??? ????? ????? ?? ???? ??? ????? ?????? ?????? ???? ????? ??? ???? ?? ?????? ?????? ????? ??? ????? ??????? ???????. ???? ?? ???? ?????? ?????? ?????? ????? ???, ????? ??????? ????? ????? ????? ???? ???? ?""????? ??????"" - ???? ?????? ?????? ????? ????? ?????? ??????? ???????? ??????. ????? ??????? ??? ??? ??????? ?????""? ???? ??????? ????? ??? ?????? ??????? ?????? ?????? ??????? ????? ????? ???? ??? ????????. ?????? ??????: ??? ????? ?????? ??????. ?? ??????? ???? ?????? ?????? ?????? ?? ???? ?????? ?????? ?? ????? ??????? ??????, ????? ?????? ????? ????? ?????? ?? ???? ?""? ??????? (???????) ?????? ??????? ???? ??????. ?? ???? ?' ?-?' ???? ???? ???? ""??? ?????"". ?? ?????' ?????? ???? ????? ?????? ?""? ?????? ??????? ???? ?????'? ??????."
????? ???,"???""??? ????? ???????","????? ????? ???? ????? ?????? ????, ?????? ????? ?? ????? ?? ????? ????? ?????? ???? ????????? ????? ??? ???? ?????????? ???????, ?? ??? ??????. ???? ???? ???? ???????? ?????? ????? ???? ????? ???? ?????? ????? ???? ????? ?????? ????? ???? ??????? ????????. ?????? ?? ???? ????? ?????? ????????? ????? ?? ??? ????? ??????? ????? ????? ????? ?????. ???????? ??????? ????? ?????? ?? ????? ?????? ???????? ?????? ?????? ????? ?????? ???? ?????? ???????? ????, ??? ????? ?????? ??? ????? ????? ??????? ?????? ???""? ?????? ????."
?? ???? ??????,"????? ????? ?? ?????? ?????? ??? ?????????, ?????? ??????, ??? ?????","?? ??? ????? ????? ?? ?????? ?????? ??? ????????? ?????? ?????? ???? ?????. 
?????? ?????? ?? ?????? ?? ????? ??????? ??????, ?????? ??????? ?????? ?????????, ????? ???????, ?????? ??????? ?????? ??????, ????? ??????? ??? ??? ??? ?????? ?? ??????? ?????? ?????? ????? ????????? ????? ??? ????, ???? ????? ??? ??? ??? ????? ????? ?????????? ??????? ????? ?????, ????? ?????? ??????? ????? ?? ?????? ?????? ???????, ??? ?????? ??????? ?????? ?????? ????? ?????? ?????? ???????."
???? ????,"???""? ??????","???? ??? ???""? ??????. ???? ???? ???? ?????? ??????? ??? ?????. ???? 17 ??? ???? ????????'? – ???? ????? ?????? ????????? ??????""? ?????, ???? ???? ????? ???? ?? ????? ???? ????????. ??? ???? ????????? ??? ?????? ?????-????? ??????? ??????? ?????: ???? ???? ???? ??? ??? ??????? ??????? ????? ?????????? ???? ??????? ??????? ??????, ???? ????? ????? ?? ????? ?????? – ????? ?????? ????? ?????? ???????? ?? ???? ??????? ????? ????? ?????? ???? ?????? ????. ??? ?? ???? ???? ????? ?????? ???? ??? ??? ????? ?????? ??????, ???? ????? ???????? ??????."
???? ?????,???? ????????????? ??? ?????? ?.?.?.? ????,"????? 2025 ???? ???? ????? ?????????????? ?? ????? ?-EMMS Nazareth ?????? ?? ??? ?????? ????, ??? ??? ??????? ??????, ???? ??????? - ??? ???? ?????? ???????? Serve Nazareth. 

???? ???, ???? ???? ???? ?-11 ??? ????""? ?????? ??????? ??? ???. ?????? ?????? ????? ?? ?????? ????? ??? ????? ???? ?????? ???? ???? ????? ??????? ?????? ????? ?? ??? ????? ??????? ??????? (UNTWO) ?? ???""? ???? 2022. ???? ??????? ????""? ??????, ???? ???? ?-12 ??? ???""? ??????? ????? ??""?. ?? ????? ??????? ???""? ??? ??????? ????? ??????, ???? ???????? ???????? ???? ???? ????? ???? ?????? ???""? ?????? ???? ???""? ?????.

????? ???? ????? ????? ?????? ???? ????? ??? ??????, ???? ??? ????? ????? ????? ???? ?????????? ????.
?????, ???? ???? ???? ???? ????????? ?????? ???? ????? ???? ?????????? ?""? ????? ????? ""??????? ?????????""."
???? ???,??? ????????-?????,"???? ???? ??? ????????-?????, ?????? ???? ?? ?????????? ?????? ??????? ""?????? ??????"" ?????? ?????? ????? ????? ????????. ?????, ???? ???? ?????? ?????????? ?????? ?????? ?????? ???????? ??????? ????? ????? ????????. ??????? ????? ???? ????""? Sweetch Health, ???? ????? ????? ??? ?-150 ?????? ???????? ????? ??????? ???????? ?? ???? ?????? ?????, ??? ???? ?? ????? ?????? ??????. ???? ???? ?Sweetch ???? ?????? ?? ???? H3 Health, ???? ?????? ????? ??????? ?? ????? ???????, ???? ???? ?? ???? ??? ?????. ???? ?? ???? ????? ?? ???????? Cimagine, ???? ???? ?????? ???????? ????? ??????? ??????, ??? ????? ?? ????????? ??????? ?????, ???? ?? ????? ?- Snapchat. ???? ?????? ???? ????? ?? ???? ?????? ??????, ?????? ?? ????????? ?? ??????? ??? ??? ??? 100 ?????? ??? ????? ?????. ???? ???? ???????? ?????? ?????? ????? ?????? ???? ??????, ????? ???? ???? ????? ???? ?????????.

???? ?????? ??????, ???? ??? ??????. ??? ???? ??? ????? ????? ????? ????? ????? ?????, ????? ??????????? ??-????, ??? ????? ????? ?????."
??? ?????? – ???,????? ????? ??????? ????? ??????? ?????? ??? ???,"??? ??? ????? ????? ??????? ?????? ???? ???????. ??????? ????? ????? ????? ????? ?????""? ????? ?????? ??????? ????? ?????. ????? 2010-2020 ????? ?????? ????? ??????? ???? ???? ?????? ?????? ????? ????? ?????? ?????? ?? ???? ???? ?????? ???????, ?????? ??????, ?????? ????????, ????????, ??????? ????? ????. ????? 2010-2005 ????? ???????? ????????? ???? ??????? (?????) ????? ????? ?????, ????? ????? ???????, ?????? ??????????. ????? 2003-2001 ???? ??? ???? ?????? ??????? ?????? ??????? ???????? ????????? ?????? ????? ??????? ????? ????? ?????? ??? ?????? ???? ????."
??? ???,???? ????? ????? ?????? ??????,"??? ???? ????? ????? ?????? ??????. ??? ???? 1998 ???? ??? ???????? ????? ??????: ???? 2012 ??? ???? ????? ????? ????? ?? Flex ????? ????? ????? ?????? ??????? ?????? ??????? ?????? ?? ?????? ??????? ????? ??? 2015 ??? ?? ???? ????? ??????? ???? ????? ????? (CIO). ????? 2012-2005 ??? ??? ???? ????? ?????? ???? ?????? ????? ????? ?? ???? ?????? ???? ????????? ??????????, ??? ?????? ?????? ????? ???????? ?????? ?????? ???? ?? ????? ???? ??????. ????? 2009-2008 ???? ????? ?????? ??? ????? ?????? ??????? ???? ???? ????? ????? ?? ????? ????? ?????? ???????? ????? - ????? ?????? ?????? ????? ??????? ??? ???? ??????? ?????? ?????? ???????? ??????. ???? 2012 ??? ??? ????? ?? ?????? ??????? ?????? ??, ??? ???? ????? ????? ?? ????? ????? ??????, ?????? ?? ????????? ?????? ??????? ?????? ????? ?????. ??????, ???? 2010 ??? ???? ?????? ?? ????? ??????? ?? IT ????? ???????? ???????? ????? ?????? ?????? ?????? ???????? ????????. ??? ??? ?????? ???? ?????? IQA ????? ??? ????? ?? ????? ????? ??????."
???? ????,"????""??? ???????? ?????? ??????????? ?? ????","???? ??? ????""??? ???????? ?????? ??????????? ?? ????. ???? ????? ?? ????? ????? ????? ????????? ??????????? ????. ?????? ?????? ????? ????? ?????? ?? ????? ??????? ????????? ?????? ?????? ?? ????? ?????? ?? ????? ??? ????? ?????? ????? ???????. ??? ??, ????? ?????? ?? ????? ?????? ?????? ???????????, ?? ???? ???? ???? ????."
???? ????,????? ???? ???? ???? ??????,"???? ??? ????? ????? ?????? ?????? ??????? ????? ??????. ?????? ?????? ??? ?????? ?? ?????? ????? ????????? ?????? ?????? ??????? ?? ??????, ???? ???? ?????? ?? ?? ??? ?????? ?????? ????, ?? ????? ??? ?-70, ?? ??????? ????? ??? ?????? ??????, ?? ????? ??????? ??? ?????? ???????? ????. ???? ???? ?????? ??????. ??? ???? ?? ???? ?????, ????? ????? ?? ????? ??????? ?? ?????? ????????? ???????? ?????? ?? ??? ??? ?????. ???? 2011 ???? ????? ???? ???? ?????? ????? ???????: ????? ?????? ?????? ???????, ?????? ?????? ???? ???, ??? ??? ???""??? ???? ??????, ????? ???? ?????? ??????? ?????? ???? ???? ?????? ??????? ?? ??????? ??????? ??????."
???? ???,??? ????? ??? ????? ????????,"?""? ???? ??? ??? ??? ???? ??? ?????? ???????? ?? ?????? ?????? ?????. ??????? ????? ??? ??? ???? ????? ?????? ??? ???. ?????? ??????? ?????? ??? ???? ????? ?????. ?????? ??????: ???? ????? ?????? ????? ??????? ????? ????? ?????? ?????? ?????. ?? ??????? ?????? ????? ???? ????? ?????? ??? ???."
???? ????,???? ???? ???????? ?????????? ?????? ??????? ????? ??????,"???? ??? ???? ???? ???????? ?????????? ????? ?????? ???? 2014. ?????? ?????? ??? ????? ?? ??????? ????? ??????? ????? ??????? ????????? ??????, ????? ??????? ?????? ?? ???????? ?????? ?????? ?????? ??????? ??????? ?????????? ????. ????? ?????? ????? ???? ?? ???? ??????? ?????? ??????? ??????? ???? ????? ???????? ???????? ?????????? ??????? ????????? ??????? ?????????. ??? ???? ?????? ?????? ???? 1992 – ????? ????? ??????????? ???????, ???? ????, ??? ???? ???? ?????, ?????? ????? ??? ??? ???????? ?????????? ???????. ??????, ???? ????? ??????????? ?????? ???? ?????? ?????? ?????? ????????? ??????? ?????? ????? ?????. ???? 2012 ???? ?????? ???? ????? ???? ????? ??? ??? ?????? ???? ??????? ???? ???????? ?????????? ?????."
???? ???????,??? ???? ????? ????? ??? ??? ??? ???? ????? ?????,"???? ??? ??? ???? ????? ????? ??? ??? ??? ???? ????? ?????. ?????? ?????? ??? ???? ?????? ????? ?????? ????? ??????? ?????? ????? ?????, ??? ???? ?????, ????? ?????? ??????? ??????? ????????. ???? ???? ???????? ???????? ???? ???? ????? ????? ?????, ???? ???? ??? ????? ??????? ????????? ??????????? ????? ??????? ?????? ????? ???????. ???? ??? ???? ????? ???????."
????? ?????,"??????, ?????, ??? ???? ?? ??? ??????","??????? ?????? ????? ???""??? ?????? ?????? ?????????, ???????? ?????? ?????. ???? ?? ????? ?? ??? ?????? ?????? ??????? ???? ?????? ??????? ?????? ??? ???""? (?”? ?????, ??????, ????? ?????????). ????? ?? ????? ?? ?? ????? ?????? ??????? ?????? ????????? (????) ???????? - ????? ????-???????? ???????? ??????? ?????????. ???? ??? ????? ?????? ?? ????? ??????? ????? ??????, ?????? ?????? ???? ??? ???? ???? ????? – ????? ?????? ?????? ?????. ????? ????? ????? ???????? ???????? ??????. ???? 2000 ????? ???????, ??????? ????????? ?? ?????? ??? ?????? - ??????? ?????? ???-??????."
???? ?? ???,?????? ???? ???,"???? ??? ?????? ???? ???. ???? ????? ?????? ????? ???? ?????? ?????? ???? ???????? ???? ???? 12 ????. ?????? ????? ????? ????? ????? ???????, ????? ???????? ?????? ???? ???? ????? '???????' ?????? ????? ????? ????? ???????? ??????? ??????????? ???????. ??? ???? 2019 ????? ??????? ?????? ??????? ?????? ??????? ?????? ????? ?????? ??????? ??? ?????. ???? ?????? ???? ?????, ????? ???? ?????, ????? ?? ?????? ??????? ????? ??????? ?????, ?????? ?????? ?????? ?????? ?? ????? ?? ???????? ?????? ??????. ??? ??????? 2024 ????? ??????? ???? ???."
???? ????? ??????,????? ??? ????? ??? ???? ?????? ???????,"???? ??? ????? ?????? ?????? ????? ???? ?????? ??????? (????? ???? ??? ???????), ????? ???? (????? ?? ????? ??????, ????? ????? ????? ????? ????) ??????? (????? ?? ???? ????? ?????? ??? ??????). ??????? ??? ???? ?? ??? ??????? ?????? ?? ?????? ???????? ?????? ??? ??""?, ????? ??? ????? ??????, ????? ???? ?????."
??? ??????,"???""??? ????? ?????? 2000","??? ??? ???""??? ?????? 2000. ?????? ?????? ??? ?????? ?? ????? ?? ?????? ??????, ?? ?????? ????? ?? ???? ??????? ????? ??? ?????? ????????. ???? ?? ????? ?????? ????""??? ??????. ???? ??? ??? ????? ????? ?????? ????? ???????? – ????? ???????? ?????????, ????? ?? ????? ????? ????? ?????? ?????? ?????? ?????? ????? ????? ?? ?????? ????? ??????. ?? ???? ???????? ????? ?????? ???? ????? ????? ?????? ?????? ?????? ??-??? ?? ?????? ???? ???? ????????? ???? ?????? ??????. ?????? ?????? ????? ??? ????? ????? ?????? ???? ?????? – ?????? ???? ?????? ????? ???????, ??????? ???? ????? ?????? ????? ??? ?? ????? ??????."
???? ???????,???? ???????? ????? ????????? ????????? ???? ?????? ??,"???? ??? ???? ???????? ????? ????????? ????????? ???? ?????? ?? ????????. ???? ?? ??? ???? ??????? ????? ?????? ??? ????? ???????. ????? 2007-2005 ??? ???? ??????? ????? ???? ??????, ???""? ?????? ?? ???? ???""? ????? ?'??? ????. ????? ??????? ??????, ??? ??? ??????? ??????? ?? ???? ????? ???? ??? ??????? ????? 8200, ????? ??????? ?????, ???? ???? ??????? ?? ??????????? ?????? ??????? ?????? ?? ????? ?????????? ?? ??????? ?????? ??????. ???? ???? ????? ????? ?????? ??????? ???????? ???????? ???""? ??? ?????? ????? ???? ????? ???? ????? ?????? ??""? ?????? ????? ???? ???""? ????????."
???? ????,VP Product-CoffeeSai,"???? ??? ????""? ????? ???? ???????? ???? ??'?? ?? ????? ???? ????? ??""?. ?????? ?????? ??? ????? ?? ??????? ??? ?????? ????? ?????? ?????? ??? ?????? ???? ????? ?????. ???? ??? ????? ?????? ??????? ????? ??? ?????."
????? ?????,"???""??? ???? ?????  B Orion Strategies ?????? ?????????, ????? ????? ????? ??? ???? ????","????? ??? ????? ??????? ?????? ?????? ??????? ?????? ?????? ????? ?????? ????????? ??????, ?????????? ????? ????? ????? ????? ????? ????? ?? ?????? ?????? ??????. ?????? ?????? ?? ???? ?????? ?????? ??? ????????, ????? ????????. ??????? ????? ????? ?????? ?? ?????? ?????? ??????? ???????? ????? ?????, ????? ??????-?? ???? ?????? ???????? ??????? ?? ???? ???????. ???? ?? ????? ?????""??? ???? ??? ?????? ??????? ???????? ??????? ????? ??????, ??????? ?? ????? ?????? ??????? ?????? ??? ?????? ????? ??????? ?????? ??????? ???? ???????? ?????????, ????: ????? ????? ??? ????? ????? ????? ?? ?????? ??????????? ???????? ?????? ??????, ????? ?????? ???????, ????? ????? ????? ????? ??????, ?????? ?? ???? ?????? ???????, ?????? ?????? ?????? ?????? ??????, ?????? ????? ???? ???? ??????, ???? ?????? ?????? ???????? ?????? ??????? ??????? ?????, ???? ?????? ????? ????? ?????? ?????? ????. ?? ??? ?? ??? ???? ??? ???? ?????? ??????? ??????? ??????? ??????? ????? ?? ??????? ??????. ????? ????? ?????? ?????? ??????????? ?? ?????? ??????? ???? ?????? ????? ???????, ??????? ??????? ????? ?????? ????? ?????. ???? ??? ???? ??????????? ????? ??""? ??????? ????? ???? ?????? ????????. ????? ??????? ????, ??? ????? ?????? ???????? ?????? ?? ?????? ??????? ??????? ????????. ????? ??????, ?????? ????? ??? ???? ???????? ????? ??????? ????? ??????. ?????, ????? ???? ?????? ??????? – ????? ????? ?????? ????? ???? ??????."
????? (???) ???????,"?????? ????""???  Hidden Sparks - ??????? ?????? ?????? ??? ????","????? ??? ?????? ????""??? Hidden Sparks - ??????? ?????? ?????? ??? ???? - ????? ?????? ?????? ??????? ????? ????? ?? ????? ???? ????? ???????? ????? ??? ?????? ???? ?? ????????? ??????? ???? ???? ????. ???? ?????? ???????? ??????? ???? ?? ??????? ????????? ?? ???? ?????? ??????? ???? (coach) ????? ???? ???? ??? ????. “Hidden Sparks” ???? ???? Covenant ???????? ??????, ?-Slingshot ???? ??????? ??????? ??????. ??? ?????? ?????? ???????, ?????????, ?????? ???????, ????? ?????? ??????? ??????, ??????,  ????? ???? ?? ??? ?'??? ???? ?????? ?? ?????? ???? ????? ???????? ??????? ?????? ???? ????. ???? ??? ????? ??? ????? ????? ?? ??? ????? Nash, ??? ????? ??????? ????? ????? ??????????? ???? ???? ?????? ???""? ???."
????? ????,????? ????? ????????? ?????? ?????? ?????? ????? ??????? ??????,????? ??? ????? ????? ????????? ?????? ?????? ?????? ????? ??????? ??????. ??????? ????? ????? ??? ???? ????? ????? ?????? ??????? ???? ?????. ?????? ????? ????? ???? ??? ????? ?????? ???? ????? ?????? ???? ????? ?????? ?????? ????? ??????? ????? ????.
?????? ??????,"????? ???""? ???? ??? ????? ???""? ????? ???? ??????","???? 2015 ???? ?????? ?? ???? ???, ??? ??? ???? ???”?. ?????? ???? ?? ?? ????? ???? ??????, ??? ?? ??? ???? ???""?. ???? ???, ????? 2013–2015 , ????? ???? ?????? ?? ?????? ??????? ????. ?? ???, ???? 2011 ???? ?? ???? ???? ?????? ???? ??""? ?????? ????? ????? ???? ?????? ???? ???????, ????? ???""? ????? ?? ????. ???? 2002 ???? ?? ???? ?????? ??? ??""? ?????? ?????? ????? ????""??."
??? ?????? ??????,??? ????? ?????,"???? ??? ??? ????? ????? ??? ??? 2018. ???? ???, ???? ????? ???, ??? ???? ????? ??? ???? ????? ?? ???? ????, ??? ???? ??? ???? ???? ????? ??????, ????? ????""?."
???? ????,"???""? ??????? – ????? ???? ???? ?????","???? ??? ???""? ??????? – ????? ???? ???? ?????. ?? ?? ?????? ?? ?????? ?????? ??? ????? ?????? ?????? ???? ?? ????? ??????, ???? ?????, ????? ????? ????? ??? ????????. ??? ?? ??? ???? ????? ???? ???????? ?? ?????? ?????? ??????? ??? ???? ???????, ???? ????? ??????? ????? ??????? ???????? ???? ??? ????? ????? ???? ????? ????? ??????????? ???????? ????? ????? ?????? ???????. ?????, ???? ??????? ?????? ?????? ????? ??? ??? ???? ???? ??????? ???? ??????? ??????????."
???? ???,???? ???? ???? ?????? ?????????,"???? ???? ???? ???? ???? 2021. ??? ????? ?? ????? ????? ????? ???? ?? ????? ????????, ????? ???????, ????? ?????, ?????. ???? ?????? ????? ?? ?????? ???????, ?????? ??????? ???????. ????? ?????? ???????? ???? ????? ?????? ???????. ???? ??????? ??????? ????? ???????. ????? ?????? ?????? 2,000 ?????? ??????? ???? ?????."
???? ?????,????? ?????? ??????? ??????? ???????? ??????? ???? ?????? ????????,"???? ??? ??? ?????? ???????? ???? ????? ?????? ?? ?????? ??????? ???? 2014. ?????? ?????? ??? ????? ?? ??? ???? ?????? ??????? ????, ???? ???? ??????? ??????? ?????? ?????????? ????. ?????? ?????? ??? ???? ?????? ??????? ?????? ??? ????? ?????? ??????? ??????? ???????, ???? ???? ??????? ????? ?????? ??? ?????? ??? ????? ????? ???? ??????. ???? 2010 ???? ???? ???? ?????? ???????? ?????? ?????? ???? ??????? ???? ??????? ??????, ?????? ??????? ?????? ????? ????? ?????? ?????. ??? ?? ???? ???? ????? ??????? ??????? ?????????? ?????? ?????? ??????."
???? ???,"????? ?????? ??????, ??????? ???????? ????????? ????????","???? ??? ????? ?????? ??????, ??????? ???????? ????????? ????????. ???? ?? ????? ?? ??? ???????? ?? ????? ?????? ????? ???? ???????? ????? ???????? ?????? ?????? ?????. ?????, ??? ????? ???? ???? ???? ??????? ?? ??????? ??????? ?? ???? ???? ??????? ????? ??????? ?????? ???? ?????? ?-YIMBY ??????? ???? ""?? ??? ????""."
?? ????,????? ?????? ??????? ????? ???????,"??? ???? 2012 ?? ????? ????? ??????? ?? ???? ??????? ????? ????? ?????? ?????? ??????? ????? ???????. ??? ??? ???????, ???? ??????? ???? ?????? ??????, ????? ????? ???????, ???? ??????, ?????? ??????, ?????????? ?????? ?????? ???????? ???????, ?????? ???? ????. ??? ???? 2019 ????? ??? ???? ????? ?????? ?????? ????? ??????? ??????? ?? ?????? ????? ????? ????, ????? ????? ????? ????? ?????? ??????? ?????? ????? ?? ????? ??????? ???????? - ????? ????? ???? ?????, ??? ????? ?????? ?????? ??????? ?????, ???? ????????? (???), ????? ????? ?? ?????? ???????? ?????? ?? ?????? ???????, ????? ????? ???????, ????? ????? ?????????? ??????? (???""???, ???? ????), ??? ?? ??? ????? ?????? ??????? ????? ???????. ?? ???? ??????? ???????? ????-??????? ?????? ????? ??????? ????????, ???? ????? ?????? ?????? ??? ????? ??????, ???? ???-????? ?????? ????? ????? ????? ???? ????? ????? ?? ?????? ??????? ?????? ?????."
???? ?? ???,????? ??? ???? ?????? ?????? ????? ?????? ??? ???,"??? ???? 2010 ???? ????? ?? ??? ???? ?????? ?????? ?? ?? ?? ????? ????? ?????? ??? ??? ?????. ??? ?? ??????? ??? ?????  ???? ?????? ??????????? ?? ????; ??""? ????? ??? - ????? ?????? ??? ???? ?????? ????; ???? ?????? ????? ?????? ???????, ???? ???? ???""? ???? ??????? ????? ?????? ?????? ????? ?????? ????? ?????? ??? ???; ??""? ??-???? ??????? ?? ????? ?????? ??? ???; ?????? ''??? ???'' - ??? ?? ????? ??????. ????? 2011-2018 ??? ????? ??""? ?????? ???????? ????? ??????. ???? ????? ?? ???? ???? ???? ???? ?????? ?????? ????? ?? ??????????."
???? ?? ???,"???? ??? ???? ??????? ?????? ?????, ???? ?????? ??????? ?????","???? ???? ????? ??? ???? ??????? ?????? ?????, ???? ?????? ???????. ???? ?-2012 ????? ?????? ???????. ????? 2019-2022 ????? ??? ????? ????? ???? ??????? 2022 ???? ??? ???? ??????? ?????? ?????, ???? ?? ?? ?????? ??????? ?????? ?? ?????. ??? ?????? ?????? ?? ???? ???????. ??? ?????? ?????? ???????. ????? ??? ?????? ?????? ?????? ??????."
?? ???,"???""? ?????? ???? ?????","?? ??? ???""? ?????? ????. ???? ?????? ????? ???? ????? ????? ????? ??????? ????? ????? ???? ??????, ?? ??? ?? ?????? ???""?. ???? 2008 ???? ?- 11 ???? ????? ???? ???? ???? ????? ???? ????. ??? ????? 2016-2019 ???? ???? ??? ??? ?? ??????? ???? ??????? ??????? ?????, ????? ???? ????????  ???? ????""? ?????? ????."
???? ????? ??????,"???""? ?????? ??? ?????","???? ??? ???""? ?????? ??? ????? ??? ?-2023. ???? ??? ???? ???? ????? ??????? ??????? ????? ???????. ??? ??????? ???????? ?? ???? ???? ?????? ??????? ??? ????? 2015-2021. ???? ???? ???? ??????? ???, ????? ??????? ?????? ?????. ???? ???? ????? ???????? ???? ???? 20 ??? ??????? ???? ??, ??? ???? ???? ???? ????? ?? ????? ??????? ?????? ?????. ???? ???? ???? 12 ??? ?????? ??????????? ?? ???? ??????? ??????, ???? ?????? ?????? ???????? ??????? ?????. ???? ????? ???????? ?????? ????????, ????? ??? ???? ????? ?????? ???????? ?????? ????? ?????"
????? ????,???? ????? ?????? ???? ???? ???? ????,"????? ??? ???? ????''? ?? ????????? ???? ???? - ???? ?? ????? ?????? ????, 1,500 ?????? ?????? ?????? ?? ???????? ??? ?. ?????? ??????, ??? ????? ?? ???? ????? ?????? ??? ?-1,100 ??????. ???? ??? ??? ??? ???? ????''? ????? ?? ????? ????? ????? ?? ???? ????''? ?? ???? ?????? ?? ?????? - ???? ???? ????? ?????? ??????? ????? ????? (?????) ???????? ????? ???? ????. ?????? ?????? ?????? ?? ???? ????????? ???? ????????? ????? ????, ??????? ??? ?????? ?? ????? ??????, ???? ????? ????? ???????? ?? ?????? ?? ???? ???? ????."
???? ????,???????? ?????? ????? ????? ?????,"??? ??? ???????? ?????? ????? ????? ????? - ????? ?????? ?????? ?????? ????? ?????? ???? ?? ????? ?????? ????? ?????? ????""?. ???? ?? ????? ?? ???? ?????? ????? ????? ?????? ??????? ?????? ?? ????? ?????? ?? ??? ???? ???????? ?????? ?????? ??????. ???? ??? ????? ?? ?????? ??? ???? ?????? ???? ????? ??????. ?????? ???? ????? ???? ?????? ?????, ??? ????? ??? ??? ???: ??? ????? ?????? ??????? ?? ?????, ????? ??? ???? ???? ??????."
???? ????,??? ?????? ??????? ??????? ??????? ????? ?????,"???? ??? ??? ??????? ???????? ???????? ??????? ??????? ????? ?????. 
??? ??? ?????? JERWAY ??????? ?????? ????-????, ????? ?? ??? ???? ????? ?????? ???? ???? ?????? ????? ???????? ??????? ??????, ???? ????? ????? ???? ????? ??""? ????, ???? ???? ?? ?????- ?????? ??????? ?? ????? Ernst & Young ???????? ????? ????? ??????? ???? ?????? 2013-2012 ????? ?-40 ??????? ???????? ???? ???? 40 ?????? ?? ????. ??? ???? ???? ??????, ????? ?????? ??????? ???? ??????? ??? - ??????? ?????. 
??? ???? 2013 ??? ?????? ????? ??? ????? - ????? ?????? ?????, ???? ????? ????? ??????? ??? ?????? ?????? ?????? ??????? ???? ?? ?????? ???? ????????. 
???? 2011 ????? ???? ????? ?????? ????? ????? ???????? ????? ??????? ?????? ?????, ???? ????? ????? ?? ?????? ????? ????? ????? ?????-????? ?????? ???????. 
?????, ???? ???? ???? ?????? ??????? ????? ????????? ?? ???? - ????? ?????? ????? ??????? ?????? ??????? ??????? ?????? ????? ?????! ?????? ????? ????."
????? ????,??? ???? ???????? ??????? ????? ?????? ?????,"????? ??? ???? ????????, ?????? ??????? ?????? ??????. ???? ??? ????? ?? ????? ?????? ?????? ??????? ??????? ?????????? ?????? ????? ???? ?? ??? ??????? ? ?? ???. ??? ?? ???? ?? ???? ????? ???????? ????? ????? ???????? ????? ?? ?????? ?????? ?????? ???? ????""? ?????? ????? ??????? ????????. ????? ???? ???????? ????????? ????? ?????? ???????? ????????."
??? ???,??????? ????? ?????? ???? ?????? ?? ??????? ??????? ???? ????,"??? ??? ??????? ????? ?????? ???? ?????? ?? ??????? ??????? ???? ????, ???? ???? ???? ???? ?????? ???????? ?????? ?????. ???? ?? ??? ????? ?? ????? ????? ????? ????? ??? ????, ????? ??????? ??????? ?????? ??? ????? ?? ????? ?????? ??? ?????? ?????????? ??? ????? ??????? ??????? ????????. ??? ????, ?????? ????? ???????? ????? ??????? ???????? ?????? ???? ???????? ????????."
?????? ????,"????""??? ??????, ??????? ?????? - ???? ?????? ???????","?????? ??? ????""??? ??????, ??????? ?????? ????? ?????? ???????. ?????? ??????? ?????? ?? ????? ?????, ??? ?????? ??????, ??? ?? ????? ???????? ??? ???? ?????? ??????? ????????. 
????? ?? ???? ??????? ???????? ?????? ???? ????? 2016-2024. ????? ??? ?????? ???? ??????? ???? ?-150 ????? ??????, ??????? ??????? ?? ??????? ????????. ???? ?????? ?-200 ?????? ?????? ??????? ??? ???? ???? ?????? ?????, ?????? ???????? ??????? ??????, ????? ?????? ????? ??????? (18-35). ?? ??? ???????? ?? ?????? ???? ??????? ???? ???? ???? ?????????? ?? ?????? ??????? ?????, ???? ?????? ?????? ??? ??????, ?????? ?????? ?? ?????? ????? ??????? ?????? ??????? ????? ???????. 
?? ?????? ?????? ???? ?????? ?????? ""?????? ?????? ??????"".
???? ?????? ?????? ???? ????? ?????? ?? ??? ???? ??????? ??????? ?????, ????? ??????, ??? ???? ????? ??????? ????? ????? ????, ?????? ???? ????, ????? ????? ?????? ??????? ??? ?????? ????? ????? ?????????? ?????."
???? ???,"???""? ??????? Mission critical conversational AI","???? ??? ???""? ??????? Mission critical conversational AI. ???? ??, ??? ???""? ???? ???? - ??? ????? ???? ???? ????? ????? ??????: ?????? ??????? ?????? ???? ?? ????? ?????? ?? ?????? ?????? ?????. ?????, ??? ?????? ??? Openvalley ?????? ?????????? ????? ????. ???? ??? ???? ???? ???????? ???????? ????? ?????? ???? ????""?, ???? ???? ???? ?? ???? ????? ????? ???? ???? ??????."
????? ???,????? ????? ????? ?????? ????,"?""? ????? ??? ??? ????? ????? ????? ?????? ????. ??????? ??????, ??? ???? 2016 ????? ????? ??? ????? ?????? ????? ???????. ???? ???, ????? ?????? ?????? ???? ???? ????? ????? ???????. ??? ????? 2011-2015 ????? ????? ?????? ????? ?? ?????? ???????????????? ????? ????? ?????? ??????? ??????. ?????? ????? ?????? ????? ?? ?????? ?????? ?????? ????? ?? ??????? ????? ??????????????? ????? ?? ?????? ?????? ?????? ?????. ???? ???, ??? ????? 2008-2010 ????? ?????? ????? ?? ?????? ???????????????? ????? ????? ?????? ???? ??? ??? ???????? ??????? ????? ??????? ???????????????? ????? ?????. ????? ??? ????? ??? ???? ?????? ??????????? ?? ????, ?????? ?????? ????? ???? ?????? ????, ?????? ???????????????? ????? ???? ?????? ?????? ????????, ???? ??????? ????? ?????."
??? ???,"??????""? ?????? ?????? ?????? ????? ???????","??? ????? ???? ????? ?????? ?????? ????? ????? ????? ?????? ????? ???????. ????? ????? ?????? ??? ??? ????? ????? ???????, ???? ?????? ???????: ????? ??? ?????? ??? ?????? ??????? ?????? ?????? ???? ??? ????? ??? ?????? ?????? ????? ?????. ???? ??? ????? ?? ??? ?????? ??????? ????? ??????? ??????? ????? ?? ????? ?? ????? ?????? ?? ????? ???? ??????? ????????, ?????? ?? ???????? ???? ???? ???? ?? ??????? ?, ????? ?? ???? ???? ?????? ??????? ???????? ?? ???? ??????? ?? ?? ????? ??????. ??????? ?????? ????? ????? ???? ?????? ????? ??????, ????? ????? ????? ?? 6 ??????? ? ?????? ??????? ?????? ?????? ?????? ??????? ????? ???????. ??? ??? ????? ????? ?' ?? ??????? ?????? ?????? ?????? ????? ??????? ????? ??????? ???? ???????? ?????? ????? ????? ????????: ????? ???? ?""????? ????"", ?????? ?""??????"", ??????? ???? ???? ?????? ???????. ???? ??? ?????? ?????????? ?????? ?????? ???? ?????, ??????? ????? ?????? ???? ??????? ????? ?????? ?????? ???? ?????? ????? ????????."
?????? ???-????,"????, ????? ????? ??? ?????, ????? ??????? ?????? ??????","?????? ??? ??? ????? ?????, ????? ?????? ????? ???????. ?????? ???????? ????? ???? ????? ???? ?????? ?????? ??? ?????? ?????? ????? ?????? ??????: ????? ?????? ?????, ??? ???? ??????? ????? ??? ???? ??????? ???? ??? ????? ????? ???????. ???? ??? ??? ?????? ???? ???? ????? ?????? ?????? ???""??? ????????? ??????, ??????? ?? ???? ?? ?????? ??????? ??????? ???? ???? ????? ??????. ??? ??????? ????? ??? ??? ?????? ?????? ????? ??????, ?? ?????? ??? ?????? ??????? ????????? ??????."
?'?? ???????,"????? ??????? ????? ????""? ??? ????","??? ??????? 2024 ?'?? ???? ????? ??????? ?? ????? ??????? ???? ??? ????. ???? ??? ???? ???? 20 ??? ????? ????""? ?? ?????, ??????? ????? ?????, ?????, ????? ?????? ?????, ???? ???? ???? ???????? ???? ?????? ????? ????? ???????. ?????, ??? ???? 2019,  ?'?? ???? ????""? ?????? ?????? ????????? ??????."
???? ????? ???????',???????? ???? ?? ??,"???? ??? ???????? ???? ?? ?? ?????? ??? ?????? ???????. ?????? ?????? ??? ?????? ?? ?????? ???? ??? ???? ????????? ?????? ????????, ??? ????? ???????? (??????? ????? ???) ??? ???? ?????? ???????? ?? ????? ????? ????? ???????? ????? ???????. ???? ?? ??? ????? ?? ????? ?????? ????????? ??? ??, ??????? ????? ????? ?? ??????? ??????? ??????? ??????? ?????????. ???? ????? ???? ??? ??????? ??? ??? ???? ?????? ?????????, ???? ??? 2010 ??? ????? ?????? ??????????? ??????."
???? ???????,????? ????,"???? ???? ?????? ?? ???? ???? ?????? ????? ????????. ???? ?? ??? ????? ?-OurCrowd, ??? ??? ?????? ?????? ????? ??????. ???? ?????? ???? ?-2023 ???? 400 ????? ?????-??, ???? ????????, 43 ????? ??? ????? ?????????? (????? ????? ????? ???? ???? ??? ???? ???? ?????? ???????). ???? ????? ???? ?? ???? ""?? ?????? ?????"" ?????? ???? ??? ????? ? 10,000 ??????. ???? ??, ???? ???? ???? ?? ????? ????? ????? ???? ????? ???????, ?????? ???? ?????? ?????? ??????? ????????? ????? ??????? ??????. ???? ???, ??? ???? ?????? ???? ?????, ?? ???? ???? ?????/? ??????? ????????? ?? ??????? ????????? ????? ?????? ????? ????? ????? ??? ?????? ?????? ?????? ????????. ??????, ???? ????? ?????? ??????????? ????? ?????? ??. ??? ?? ?????  ??????? ??????? ????? ????? ???? ???? ?????? ?????? ????? ?????."
????? ????? ????,"???""??? ????? ??????","????? ??? ???""??? ????? ??????. ??????? ????? ????""??? ???? ????? ?????? ???? ????? ????? ?? ????? ????? ?????? ?????? ??????? ???? ????? ????? ?????? ?? ????? ??????? ?????? ??????, ???? ?????? ????? ?? ????? ???? ????????. ??????, ??? ????? ?????????? ???????? ??????. ???? ?? ????? ?? ?????? ?? ????? ?????, ????? ????? ????? ?????? ????""? ?????? ???????? ??????, ????? ??????? ????? ????? ??????? ?????? ?????? ???????. ????? ??? ???????? ????? ?????? ??? ??????? ???? ????? ??????, ????????? ?????? ????? ????? ??? ????? ????? ???? ?????????? ?????."
??? ?????,???? ?????? ????? ?????????? ?????? ????? ????? ?????,"??? ??? ????? ????? ???""? ???? ????? ???? ??????, ??????? ????? ????? ???? ??? ??? ??????? ??????? ????? ???????. ???? ??? ??? ????? ????? ??""? ????? ?????, ????? ????""? ???? ?????? ????""??? ?????? ??????? ?????. ????? 2016-2011 ??? ????? ????""??? ????? ?????? ?????? ??????? ?? ???? ??? ???? ?????? ??????? ?? ????? ??????? ???? ???? ?????? ?????? 35-18, ????? ????? ???-????? ?????? ??????? ????? ?????? ?? ??????????? ?????? ?????? ?????? ?????. ??????, ????? ????? 2008-2016 ???? ??? ?????? ?????? ???? ????? ?????? ??????? ??????, ?????? ??????? ????? ???? ????: ????? ?????? ?? ???? ????? ??????? ????, ????? ????? ??????-????, ????? ???? ?????????? ????? ?????? ????? ?? 5 ?????? ?????."
????? ???? ?????,"???? ????""? ?????? ??? ????, ????? ?????? ???? ??????","?9 ???? ???????? ????? ?????? ??? ????? ????? ????""? ?????? ??? ???? )?????, ?????, ??????, ?????? ??????(. ?????? ?????? ????? ?????? ????? ??????? ?????? ??????? ??????? ????? ???? ???? ???? ???????. ?? ?????? ?????? ???? ??? ?????? ?? ?? ???????? ??????? ?? ???????. ???? ??????? ???? ?????? ?7.10 ??????? ???? ????? ????? ???? ????? ???? ???? ??? ?? ????? ????? ??? ?? ???? ??????? ????? ?????? ?? ????? ?????? ????? ??? ???? ????? ??????? ?????? ???? ?????? ?????? ?? ???? ????? ?? ????? ???? ??????."
???? ?????????'-???,"????? ???? ???? ????? ???????? ???? ?????, ???? ?????","???? ??? ????? ??????????? ????????, ?????? ????? ????? ?????? ????? ??????? ??????. ???? ?? ?????? ??'???? ?????-??? ?????, ????? ?????? ?? ??????? ??????? ??????? ??? ?????? ?????? ??????? ?????? ???????, ??????? ?? ???? ?????? ?????? ??????? ????. ???? ?? ????? ???? ????? ?????? ?????? ????? ??????? ?????? ????????? ?????? ????? ??????. ?????? ??? ???? ??????? ?? ??????? ???? ??? ???? ???? ?????? ?????? ??????? ???????? ???????, ????? ???? ?????? ?????? ?????? ???? ?????? ??????, ????? ????? ??????? ???????? ????? ?????? ????? ???????. ???? ???? ?????? ??? ????? ????? ??????? ????? ????? ????? ?????. ?????, ???? ??? ??????? ?????? ??????? ?????? - ???? ?????? ?? ?'???? ????? ?????? ?????? ??????, ????? ???? ??? ???? ??????? ?? ???? ????? ???? ??????? ??????? ????."
????? ??'????,????? ????? ????? ????? ???? (?????),"?????? ?????? ?????
?????? ????? ?????
???? ??? ?????? ?????
?????? ?????? ???? ?????? : ?????? ?????? ????? ?????? ?????? ????? ?????? ??????
?????? ?????? ???? ???""? : ????? ???? ???? ????? ????
????? ????? ?????? ????? ?????? ??????"
???? ???,???? ????? ?????? ?????? ??????????,"?""? ???? ??? ??? ???? ??? ?????? ????? ???????. ???? ??? ???? ?? ?????? ?????? ????? ??? ???? ?????? ????????? ????? ?? ??? ?? ?????? ?????? ????? ?????? ?????? ????. ??? ?? ??? ??""? ??? ?????? ?????? ???????? ?????? ???????? ??????? ??????. ??? ???? ???? ???? ????? ?????? ?????? ???????? ?????? - ????, ?????? ????? 2017 ???""? ?????, ??????? ?? ??? ???? ???? ?????? ?????? ??????? ??????? ??????, ??? ???? ?????? ?????? ?????? ?????, ?????? ????????? ???????? ?????? ?????? ????????? ???????. ?????, ???? ?????? ??""? ??? ??????? ???? ??????. ???? ????? ?????? ???????? ??????. ?? ??????? ???? ???? ?????? ????????? ??? ?????' ???? ?????? ????????."
????? ??????? ???,????? ??? ??? ?????? ?????????? ????? ??????,"????? ????? ?? ??? ??? ?????? ?????????? ????? ??????. ?????? ?????? ??? ????? ?? ?????? ???? ????????, ?? ?????? ??? ????? ??????? ???? ?? ?????. ??????? ????? ???? ???? ?????? ??-????? ??????? ????? ?????, ???? ????? ?????? ????? ????, ????? ????? ??????, ????? ????? ?????????? ????."
???? ??????,????? ????? ?????? ????????? ??????,"???? ??? ???""? ????? ?????! ?????? ????? ??????? ??????? ????? ??????? ???? ??? ???? ??????? ???? ???? ????? ????????. ????? ????, ??????, ?????? ????, ????? ????? ?????? ???? ???????? ???????? ?????? ????. ???? ?? ???? ???? ??????? ?????? ??????, ?????? ????? ???? ????????, ???? ?????? ?????""?."
???? ??? ????,"??""? ?????","???? ??? ??? ???? ??""? ????? ???? ???, ??? ??? ?? ??? ??? ???? ?????, ???? ?????? ????????? ??????? ???? ???, ????? ??????? ??????, ??????? ?????? ??????. ???? ??? ?????? ???????? ??????? ????? ?????""? ????? ?????? ?????, ??????? ????? ??????? ???""? ???? ????????."
????? ??????,"?????? ?? As ???????? - ???? ?????? ???????, ???? ???? ?????????","????? ??? ?????? ?? As ???????? - ???? ?????? ???????, ???? ???? ?????????. ???? ??? ??? ???? ????? ?????? ??? ???????? ??? ?????? ?? ?????? ??? ????? ?????? ??????? ??? ????? ?? ????? ??????? ????????? ??? ????? ??????? ????? ???? ????? ?? ?? ????? ??? ????? ?????? ??????? ?? ?????? ??? ???? ?????? ?????? ???? ?????????, ??????? ??????? ???????? ???? ??????? ?????? ????? ??????. ????? ??????? ?????? ?????? ???????, ??? ???? ????, ???? ?? ?????? ???????????? ???? ????? ?????? ??????."
?? ????,"???""??? ?????? ????? ??? ???? ???? ??""?","?? ??? ???""??? ?????? ????? ??? ???? ???? ??""? - ??????? ??????? ?????? ?? ????? ?????. ???? 2003 ??? ????? ???????? ????? ????? ??, ???????? ?????, ????""???, ????? ?????? ?? ???? ?????? ?????, ????????, ????? ????? ?????????? ????????. ???? 2016 ????? ?? ????? ?????? ????? ????? ?????? ??""? ??? ????? ??? ?????? ???? ????? ??????????? ???? ??????. ???? 2019 ??? ?? ???? ?????? ???????? ?? ???? ????? ?? ???? ??????."
???? ?????,????? ?????? ?????? ????? ????,"???? ????? ?? ?????? ?????? ???? ???? 2008 ????? ?????? ???-???????. ????? 2005–2012 ????? ??? ????? ????? ???? ?????? ????, ?????? 2002–2008 ????? ??????? ???? ???? ?????????? ???? ????, ????? ?????. ????? 2015-2014 ????? ???? ?????? ??????? ?????? ???? ?????? ?????? ??????? ??????. ???? ????? ???? ???? ??????? ?????? (?""?) ???? ???? ???? ??? ?????, ???""? ??? ????, ???? ?? ?????? ??? ?????? ????????? ?? ????? ?????? ?? ????."
???? ???????,"????""??? ???????? ?????? ??????? ????? ??????","???? ??? ????""??? ???????? ????? ??????? ????? ????? ??????.
?????? ?????? ????? ???????? ????????? ???????, ??????: ???? ?????? ?? ??? ???????, ??? ?????? ?????? ?? ??? ?????? ????????? ?????? ???? ?????? ????. 
????? ???????? ?????? ????? ??????? ??????? ??? ?????? ?????? ?? ?????? ???????? ?????? ?????. 
??????? ????? ?????? ??????? ??????? ???????? ????? ????? ???????, ????? ?? ??????? ?????? ???? ?????? ?????? ????? ?????? ????????. 
?????? ???? ???????? ?????? ?????? ???? ???? ???? ??? ???? ????? ?????, ?? ???? ????? ??????? ?????? ?? ???? ?????? ???? ???? ?????? ????? ??????? ?? ????? ????? ?????? ?????? ?? ????? ??? ??????."
??? ?????,???? ???? ???? ????? ????????,"??? ??? ???? ??????? ??????? ?????? ?? ???? ???? ????? ????????. ???? ???? ???? ????? ??? ?????? ????? ????????. ??? ??? ???? ???? ???????? ???? ?? ???? ???? ?????? ????? ??""? ?????? ???? ?????, ????? ??? ?????? ???????? ?????? ????? ?????? ????? ??? ????? ???""?. ???? ???? ???? ???? ?????."
??? ??????,???? ?????? ?????? ?????? ????? ?????? ???? ???? ??????? ?????? ?????,"?""? ??? ?????? ??? ???? ???, ???? ????? ??????? ????? ???? ??????? ?????? ?????, ??? ??????? ????? ???????? ???????. ??? ??? 2005 ???? ????? ??? ?? ?????? ?????? ????? ??????? ??? ???? ????. ?????? ?????? ???? ???? ?? ?????? ??????? ???? ??????? ?????????. ?? ???, ??? ???? 2009, ??? ???? ????? ????? ?????? ????????. ???? 2012 ??? ????? ?????? ?? ?????? ???? ???? ???? ????? ?????? ?????? ?????? ?? ?????? ?????? ?????. ?????? ?????? ??? ????? ?????? ???? ??????? ??????? ???? ????? ???? ????. ???? ???? ??? ??????? ??? ?? ???? ?????? ?????? ???? ???, ??? ???? ?????? ?? ????? ??""? ??????? ?????? ???? ??? ?????? ????? ???????. ?????? ?????? ???????-??????? ??? ????? ???? ?? ???????? ????? ???? ?????? ??????? ????????? ??????? ???? ???????? ?????? ?? ????? ???????. ??? ???? ???? ????? ?????? ????? ?????, ??????? ???????, ???? ???? ????? ??????? ?? ??? ??????? ?? 400 ????? ?????? ?????. ??? ??? ???? ????? ?????? ?? ????, ????? ??????? ?????? ?????? ???? ?????? ??????????, ???? ????? ???? ????? ???????? ???? ????? ????. ??? ???? ??????????? ?? ?????? ?????? ????????? ?????? ?????? ??????. ??? ??? ?? ??? ???????? ????? ????? ????? ?????? ?????? ???""? ?? ??? 2016. ???? ??????? ???""? ?????? ?????? ????? ???? 2012. ??? ????? ?????? ?????. ?? ??????? ??? ??????? ?????? ?????, ???? ????, ??? ?????' ?????? ??? ????? ?????? ???????????? ?????? ??? ???."
????? ??????,"Chief Business Officer, embARC Ventures","????? ??? ?????? ?????????? ????? ??????? ??? embARC Ventures ??????? ????? ??????? ??????????? ????? ??????? ????????????? ???? ??????. ???? ????? ????""??? MassChallenge ?????. ?????? ?? ??? ?????? ?? ????? ???? ??????? ?????? ?? ??? ????? ?????-?? ??????? ????????? ?????? ??? ????? ??????????? ?????? ???????? ???????? ???????, ??????????? ?????? ?????. ???? ?? ???? ????? ?????? ?????? ?????? ????? ???????, ????? ????? ????????. ???? ??? ????? ?? ??? ???? ????? ???????? ???'?? ?????? ?????""??? ?????? ????? ????? ??? ???? ????? ??????? ???? ???? ??????? ????? ?????? ????? ???? ????. ???? 2014 ????? ????? ?? ??????? ???????? ?????? ""40 ??? 40"" ?? ????? TheMarker."
???? ?????-????,????? ?????? ?????? ????? ????? ?????? ???? ?? ??????,"?""? ???? ?????-???? ??? ????? ?????? ?????? ????? ???? ?????? ???? ?? ??????. ?????? ?????? ??? ????? ??????? ??? ?????? (??""?), ????? ????? ??????? ??? ??? ????? ?????? ?????? ????? ????? ????? ????? ??? ??????? ???? ????? ??????? ?????? ??????? ?? ?????? ????? ?????. ?????, ??? ????? ??????? ?????? ??????? ?? ?????? ????????? ?????? ??????, ?????? ???? ??? ????? ???? ???? ??????? ??????? ??????. ??? ?? ??? ???? ??????? ??????? ???? ?????? ???????? ?????? ???? ????? ?????? ??????, ?????????, ?????? ??????. ?????? ????? ??? ???? ?????? ??""? ?????? ????? ?????? ????? ?????? ?????. ???? ???? ????? ??????????? ?????? ??????? ?????? ?????? ????? ???? ?? ?????? ?????? ?????. ????? ????? ???? ??? ?????? ?????? ?????? ???????????? ?????? ????????? ????."
??? ??????,"??? ???? ?????? ??????? ???????? ????? ???? ?????, ?'???? ???","??? ??? ??? ???? ???? ????? ??'???? ???. ???? ?? ???? ???""? ???""? ??????? ??? ???. ???? ??? ???? ?????? ????""? ?? ?????? ?????? ?????? ????? ????????? ????? ?????? ???? ????? ?????? ??????? ?? ?????? ???-?? ?????? ????? ??????. ?????? ?????? ????? ??? ???? ??""? ??? ????? ??????? ?????? ????? ????? ??????? ??????? ?????? ??? ??????. ?? ???? ???????? ??? ????? ?????? ??????, ??????? ????? ?????, ?????? ??????? ?????? ?????? ???????? ????. ?????, ???? ????? ????? ????? ???????? ???????? ??????? ???? ???-????? ????? ??????? ?????? ??????? ???? ???????? ?????? ????? ?????."
??? ??????,"??????? ??????, ????? ??????","??? ????? ?????""??? ?????? ?????? ??????. ????? ????? ??????? ???? ???? ????? ??????? ??? ???? ????? ???? ?????? ?????? ????? ?????. ?????? ?????? ????? ?? ?????? ?? ????? ?????? ????? ??????? ???? ?? ??? ????????? ?? ???? ??? ????? ????? ??????? ????? ?? ????? ?????. ???? ??? ????? ?????? ????? ?????? ?????? ??????? ??????? ????? ?????? ??????, ??????? ?? ????? ?????? ?? ????? ????? ?????? ??????? ???? ??""? ???? ??????? ??????? ???????. ???? ????? ?? ???? ????? ???? ????, ????? ??? ??? ????? ??????? ?????? ??????? ?????? ????? ?????."
??? ??????,??? ???? ????? ?????? ??????,"?""? ??? ?????? ??? ??? ???? ????? ?????? ??????. ??????? ????? ??? ??? ???? ???? ????""? ???????, ????? ?? ???? ?? ??""? ???? ????? ?????? ?'. ??? ???? ????' ?????? ??????? ??? ??????-?? ?????? ????? ????? ?????? ???????????? ?????? - ??""?. ????? ???? ????? ????? ???? ?????? ?????? ?' ??? ???? ???? ????""?. ??? ??? ??? ??? ?????? ????? ?????, ???? ????? ?????? ????? ??????? ?????? ??? ?????? ???? ????? ???.  ??? ?? ??? ???? ??????? ???? ????? ??""? ?????? ???."
??????? ??????,??? ???? ?????? ????? ?????? ?????? ????? ?????? ?????? ???? ????? ??????,"???????? ???? ????? ??????? ????. ??? ??? ???? ?????? ????? ?????? ?????? ????? ?????? ?????? ???? ????? ??????. ??? ????? ??????? ?????? ??? ??? 2005 - ????? ?? ????? ?????? - ?????? ??????? ?????? ?????? ?????? ?????, ?????? ?? ?????? ??? ??? ????? ????""??? - ?????? ?????? ?????? ?????? ??? ????? ??????? ??????? ?????? ???????, ??????? ?????? ????? ?? ??????? ?? ?????? ????? ?? 45 ??????? ????? ??????. ??? ??? 2013 ??? ????? ?????? ????? ??? ????? ????? ????? ????? ???? ?????? ?????, ?????? ??? ????? ?????? ???? - ?????? ??????? ??????? ???? ????? ????? ??????? ???????? ?? ?????????? ?????? ?????? ??????? ????? ??????? ?????? ???? ??????? ???????? ?????? ????? ?????."
?????? ?????,????? ???? ?????,"?????? ??? ????""? ?????? ?????? ????? ???""? ??????? ???? 2015. ???? ?? ??? ??? ??? ???? ??????? ???? ???? ???? ???? ????? ???? ????? ???? ??? ????. ??''? ??????? ???? ???? ??? ????? ?????."
???? ???,"??""? ????? ????? - ???? ????? ???????","???? ??? ??""? ?????, ????? ????? ????? ??????. ????? ????? ????? ????? ???????? ???? ????? ????? ?????? ?????????. ???? ???? ?? ???? ???????? ???? ?????? ?? ????? ????? ????, ?? ????? ????? ????? ???????? ??????. ??? ???? ????? ????? ???? ???? ?????, ????? 2000 ????? ?????? ?????. ???? ??????? “????” ???. ????? ?????? ?????? ????? ??? ??? ????? ???? ?????? ??????? ???????? ???????-???????? ????? ??????? ?????? ???? ?????? ??????, ??? ?????? ?????? ?????? ?????? ??????? ?????? ??????? ??????. ?????? ????? ?? ??????? ?????? ?????? ????????? ?????? ?????? ??????? ?????? ????? ????????."
???? ???,????? ??????? ??????? ?????? ???????? ????????,"???? ??? ????? ??????? ??????? ?????? ???????? ???????? ??????? ??????? ???? ?????? ??????? ???????. ?? ??? 2022 ??? ????? ?? ??? ?????? ??????? ??????? ??? ??? ??????? ?????? ?????? ?????? ????? ?? ??????? ??????? ?????? ?????? ????? ??????? ?????? ????? ?????? ????? ?? ???????? ??????? ?????. ?????, ??? ????? ?????? ????? ?? ???? ??????? ??????? ?????? ??????? ????. ???? ?? ??? ????? ?? ????? ??????? ?? ?????? ??-????-???, ?????? ???? ?-120 ??? ?????? (????? 18–35) ????? ???? ??????? ?????? ????? ?????? ?? ????? ????? ??????? ???? ???? ??????? ????? ??????? ?????? ??? ?? ????? ????? ?????? ?????? ????? ???????. ???? ?????? ?????? ??????? ????? ????? ???????? ?????? ?? ??????? ????? ???? ???? ???? ?? ?????? ????. ???? ??? ???? ???? ??????? ????? ?????? ?????? ????? ?????? ?? ????? ??????? ?????????? ???????, ?????? ????? ????? ?????? ??????? ?????? ???????? ??????-?????????."
????? ????? ???,"????? ???? ?????? ????, ??? ?????? ?????, ???? ?????","????? ??? ????? ???? ?????? ????, ??? ?????? ?????, ???? ?????. ???? ??? ????? ?????? ???? ???? ????? ?????????? ??????? ???? ????????. ???? ????? ?? ???? ???? ??? ???? ?????? ?? ???? ?????? ?? ??? ????? ?????? ???? ????? ??????? ????? ???? ????? ?????? ?????? ??? ???????? ?? ?????? ???????? ??????????. ?????? ??????? ???? ????? ?? ?? ??????? ????? ?? ?'????-????? ??""? (????? ???????) ????? ????? ??????? ?????? ?????? ????????? ???????? ???????? ???????? ???? ??????. ???? ??? ??? ???? ?????? ??? ??? ????? ?????? ??? ????? ????? ?????? ?? ????? ??? ???????? ??? ?????? ???? ?? ????? ??????? ???? ??????. ???? ?? ????? ????? ????? ???????? ?????? ?????""??? ?????? ??????? ????? ????."
???? ???,??????? ?????? ????? ??????,"?""? ???? ??? ??? ??????? ?????? ?? ???? ?????? (?????). ????? ?????? ??? ????? ?????? ????? ????, ????""??? ?????? ???????? ?????. ?????, ??? ?????? ??????, ???? ?????? ??????? ??????? ?????? ?? ?????? ????? ??????? ?? ???? ?????? ???????? ???? ??????? ????????? ?????. ???? ?????? ??, ????? ????? ????? ????? ?????? ???? ????? ???? ?????? ????? ?? ????? ????????? ????? ????? ?????? ??? ?????? ?????? ???????. ???? ????? ????? ????? ???? ???? ?????? ???? ?????? ?????? ??????? ?? ??? ????, ?? ?? ????? ?????? ?????? ???? ?????? ?????? ?? ?????? ????? ?????????."
??? ?????,"??? ???? ????? ?????, ????? ??????, ???? ???????","??? ????? ?? ???? ?????? ?????? ?????? ????? ??????-?????? ?????? ??????, ???? ???????. ?????? ?????? ?????? ????? ????? ?????? ?? ?????? ??? ????? ???????? ???????? ????????? ????? ?????? ??????. ?????? ?? ????? ??????? ???????? ??????? ???????? ????? ???????, ?????? ?????? ?????? ??????? ?????? ?????? ?????????? ?????? ??????? ?????? ??????. ????? ????? ??????? ????? ?? ??????, ????? ????? ????? ??????, ????? ??????? ?????? ?? ?????? ????? ?????? ???????????. ?? ????? ????? ???? ????? ?????? ????? ?????? ?????? ??????; ?????? ???? ??????? ?????? ???????? ??????? ????? ??? ???? ????? ??????? ???????? ????? ????. ???? ???? ????? ???????, ????????? ????, ????? ??? ??????? (?? ?????? ????? ??????) ?????????, ????? ???????????? ??????. ???? ??? ?""? ???? (???) ????? ?? ???????? ????????, ?????? ?????? ???????? ??????."
??? ????,"?????????? ??????, ?????????? ?????? ??????? ????????","??? ????? ?????? ???????? ????? ?? ???? ????.
??????? ????? ????? ??? ???? ?????? ?????? ?? ????? ????? ????, ????? ???? ?????? ?? ???? ????, ????? ???? ???? ?????? ???? ??????, ????? ???? ???????.
??? ???? ?????????? ?????? ???? ??????? ?????, ?
??????????, ???? ???? ????? ???? ??????????? ?""? ???? ?????????? ??????????? ??? ??????.
??? ???? ?????? ?????? ?????? ????, ????? ??????. ??? ?????, ????? ????? ??????? ?????? ????, ???? ????? ?????? ??????? ??????? ??????? ???? ??? ???????? ???? ?? ???? ?????? ?????? ????? ??????? ???????. ??? ???? ?? ??? ?????? '???? ?? ???' ????? ??????? ?? ???????? '?? ?????' ?? ??? 11.
???? ????? ?????, ??? ????? ?????? ???? ????? ?????? ????""? ????? ????, ????? ???? ?????? ???? ??? ?????? ?????? ????? ??????? ????? ??? ??? ??????.

??? ??? ????? ?????? ?????? ???????? ??????? ?????? ????? ??????? ???????? ?????? ???? (????? ??? ?????) ??????? ?????? ????? ???????. ???? ?? ?? ????? ????? ???????? ?????? ??????? ???? ???? ????? ???????. ??? ???? ???? ?? ???? ?????, ????? ???? ????? ?????- ???. ??? ????? ???? ?-40 ??????? ???????? ???????? ?? ????? ??-???? ???? 2018."
???? ????,"???""??? ????? ?????? ????","???? ??? ???""??? ????? ?????? ???? - ?????? ????? ??-600 ???? ??????, ????? ????? ?????. ?????? ?????? ??? ????? ???????? ?????? ????? ?? ??? ?????? ???????? ?????? ??????? ????? ???????? ????? ??????."
???? ???????,"????""??? ????? ????? ???????? - ????? ?????? ?""? ?""? ???????","???? ??? ????""??? ????? ????? ???? ?????? ??????? ???? 2012 ??????, ????? ?????????? ????? ????? ?? ????? ??????? ?? ??????. ???? ?? ????? Clinical Research Associate –Forsightlabs Vision5, Menlo Park, California, ??????? ?????? ????? ????? ?????????? ?????? ??????? ??? ???? ????? ?? ???????? ????????. ????? 2008-2004 ??? ????? ????? ???? ???? ?????, ????? 2003 -2002 ????? ????? ?????? ?????? ?????? ??? ??? ?????? 2003-1995 ????? ???? ?????? ?????? ?????? ???? ?????. ???? ??? ???? ????? ???? ?????? ????????? ?? ????."
????? ????????,????? ???? ?????? ???? ?????? ??????? ?????? ?????,"??? ???? 2016 ????? ?""? ????? ??? ???????? ?????? ???? ?????? ????? ?? ?????? ?????? ????? ??????? ?????? ?? ????? ?????? ?????? ???? ?????. ???? ???, ????? -20182016 ???? ?????? ????? ???? ????? ??? ???? ????? ?????? ??????? ??????. ????? 2016-2012 ???? ?????? ????? ???""? ??????? ????? ??????? ?? ????? ?????? ?????? ???? ??????, ????? ?? ???? ?????? ???? ?????? ???? ????. ????? ??????? ??????? ????? ?????? ?????? ????????? ???? ??? ???? ?????? - ????? ?????????? ?? ???? ????. ??? ?????? ?????? ???? ???????? ??? 2005. ?? ??????? ????? ???? ????? ??? ???? ????? ??? ?????' ?????? ????? ???? ??????????? ?????? - ?????."
???? ????,"???""? ?? ??????","???? ??? ???""? ?? ??????. ??????? ????? ???? ?? ???? ???????? ?? ????. ???? ??? ???? ???, ???? ??”? ??? ????? ???? ??????? ????? ????? ????. ???? ???? ?? ???? ?????? ?????? ?????? ??? ????? ?????? ????? ?????? ???????? ???????? ?????? ???????? ???????, ??? ???? ????? ?????? ???????? ????? ???????? ?????????, ??? ??? ?????? ????""? ?????? ?????? ?????? ????? ??????, ???? ???? ???? ???? ???? ????? ????? ???? ???? ??????? ??? ?? ??? ??? ???????. ???? 2017 ???? ?? ??? ?????? ?????? ??????? ???? ??????? ???????? ????? ??????."
???? ????,"???? ?????, ???? ????""? ???? ?????? ?????? ???? ?? ????? ???? ????? ?????????","???? ??? ????? ????""? ???? ?? ????? ???? ????? ????????? ????? ??""? (??""?). ?????? ?????? ??? ????? ?? ????? ?????? ?? ???????? ????? ???? ?????? ????? ??????, ???? ?????? ?????, ???????? ??????? ??????? ?????? ??????. ??????, ???? ???? ????? ????? ????? ????? ?????? ?????? ?????? ???????."
???? ????,"???? ???? ""?????"" - ????? ?????? ????? ?????? ???? ????? ????","???? ????? ?? ???? ????? ??????????? ?????? ???????, ????? ?????? ?? ???? ??????, ??? ????? ??????? ?????? ????? ???????? ?????? ??????? ?????. ????? ????????, ?????? ?????? ????? ???? ???? ????? ????? ????? ????, ??? ???? ?????? ???? ???, ???? ?????? ??????? ???????? ???????? ????? ??????? ?????? ????? ?????? ????? ??????."
?'???? ????,???? ???? ???? ????? ??????? ?????? ????? ??????? ?????,"?'???? ??? ??? ???? ?????? ?????? ?????, ???? 25 ??? ?????? ????? ????? ????? ?? 2010, ??????? ?????? ??? ???? ??""? ???????. ??? ??? ?? ?????? ?????? ???? ??? ?? ??? ???? ????, ???? ???? ??""? ??? ?????. .???? 2010 ????? ?????? ???? ????? ?????? ??????? ??? ??? ?????? ????? ???""? ?????? ?? ??????? ??????? ????? ?????? ?? 2018 - ?? ???? ??-????? ??? ????? ???""? ?????? ????? ??????? ?????? ?? ??? ????? ??? ??????? ?????? - ??""?, ????? ?????? ?????? ????? ????????. ?? ??????? ????? ?? ???? ??? ????? ??? ???? ???? ???? ????? ??????? ??????."
???? ??????,????? ???????? ?????? ???????? ??????,"???? ????? ??????, ?????? ?????? ??????? ????? ??????? ????? ????????. ??? ??, ????? ???????? ????? ?????? ???? ?????? ???????? ????? ??????? ??????.

???????? ??????? ????? ?????""? ?????? ????, ?????? ??? ?????? ??????? ?????, ????? ?????? ????? ??? ???????? ?????, ?????? ???? ???-???? ???????? ??????????? ??-???? ??????? ???-???.

?????? ??????? ???????? ????? ????? ????? ???? ???-??? ?????? ??????? ??????, ?????? ???????, ?????? ????????.

????? ???? ?-3 ????."
???? ?????,????? ?????? ????? ????? ?????? ???????? ??????? ?????,"???? ??? ???""??? ?????? ??????. ???? ?? ????? ?????""??? ????? ????? ?????? ???????. ??????? ????? ????? ????""??? ????? ?????? ???????. ???? ??? ????? ????? ????? ??????? ?? ?????? ???? ?????, ???? ?????? ????? ??????? ??????, ??????? ???? ??? ???????? ?? ??????? ????? ????? ?????? ??????. ?????? ?? ????? ?????? ??? ???? ?? ????? ???? ????? ??????? ??????, ?? ??????? ????????? ??????? ????? ?????? ?????? ?????? ??? ??????? ????? ????? ??????."
???? ????,"????? ???? ?????? ????? ????? ????, ???? ?????? ???????? ??????","????? ??????? ??????? ??????? ???""? ???? ???????, ??""? ?????? ???""? ??? ????. ????? ?????? ?????? ??? ?????. ????? ?? ??? ????? ???? ?????? - ????? 30 ??""? ?????? ??? ????, ???? ???, ?????, ????? ????? ??????. ???? ????? ???? ?????? ????? - ????? ?????? ?????? ?????? ??????? ????? ?????? ???? ?????? ??????."
????? ?????,"???""? j.b.h (?????)","???? 2011 ???? ???? ????? ???? ?????-???? ???? ????????. ??? ???? ?????? ????? ??????? ??????? ?????? ??? ????? ?? ????? ???? ??? ????? ???? ???? ????? ??????. ?????? ?????? ??? ???? ?????? ??????, ???? ????????? ?????? ??? ????? ??????????? ??????? ????????. ???? ??? ???? ????? ?????? ???? ????? ????? ?? ???? ?? ???? ????. ???? 2005 ????? ???? ??????? ????????? ????? ????."
????? ???? ????,?????????,"????? ???? ?????""? ???? ???????, ???? ??????. ?? ??????? ???? ?????? ???""??? ????????? ??????. ???? ?????? ?????? ???, ????? ???? 2014 ????? ?????? ?????? ????? ??????. ??? ?? ????? ???? ????? ??????? ??????."
??? ????,??????? ????? ??????? ?????? ??????,"??? ??? ??????? ????? ??????? ?????? ??????. ???? 1996 ??? ????? ????? ?? ?????? ?????. ??? ????? ??????? ?????? ???? ????? ?????? ??????? ?????, ????? ?? ???? ?????? ?? ??? ?????? ??????? ??? ??????, ????? ?? ???? ?????? - ???? ????? ?????? ??????? ????? ????? ????? ????????, ?????? ??????? ?????? ??????? ??????? ?????? ??????. ??? ?? ????? ????? ???????? ??????, ????? ????? ?????? ?? ????? ?????? ???? ?????? ????? ?????. ???, ????? ????? ?????, ??? ???? ???? ?????  ???????? ?????? ??????? ?????, ???? ????? ?????? ???? ???, ???? ??? ?????? ????? ??? ?????? ?????? ??????, ???? ????? ????."
??? ??? ????,????? ???? ??????? ?????? ??????????,"??? ??? ????? ???? ??????? ?????? ?????????? ???""? ???""? ???? ????????. ??????? ????? ???? ????""? ????? ???????? ?????? ????? ?? ????''? ????? ??????? ?????. ??? ???? ???? ????? ????? ????? ????? ?????? ?????? ???????? ???? ???? ??? ???? ?????? ????? ???? ????? ??? ?????? ?????? ??? ?????? ?????? ???????? ??????? ????. ?????, ???? ??? ????? ????? ????""? ???? ??? ?????? ???? ?? ????? ??????? ?????? ???? ?????? ????? ????""?. ?? ?????? ????? ???? ??? ????? ????? ?????."
??? ????,"???""? ???","??? ??? ?????-???? ????""? ???. ???? ????? ?????? ????????? ?????? ?????? ???????? ??????-?????? ????? ??????. ??? ????? ?????, ?????, ????? ?????? ?? ??????? ?????????, ????? ??????? ???????? ????? ?????? ????? ????? ???? ????? ?????, ?????? ??????? ?????? ???????? ???????. ??? ????? ???? ???????, ??? ????, ???? ???? ??? ??????, ?????, ?????? ????? ????, ???? ?????????, ???? ?????? ??????-?????, ?????? ??????? ??????, ???????, ??????????? ?????? ?? 27 ?????? ???????, ??? ??? ?????? ?????????? ???? ???? ?????? ?????? ???????. 

??? ???? ????? ????? ?????? ????? ?????? ?????? ?????? ???? ???? ????? ??????? ?? ????? ?????? ?????."
???? ???,"????? ?????? ?????? ??? ????????? ?????, ????? ????? ????? ??????? ????? ?????? ???? ????? ????? ?????, ???? ??????? ???? ??????","??? ?????? ??????????? ?? ???? ???????, ????? ???? ??? ????? ????? ??????? ?????? ?????????? ?????? ?????? ????? ????? ??????? ?????????? ??????????? ???. ???? ????? ??????? ????? ????? ??????? ?????? ??? ???????. ????? ?? ????? ???? ?????????? ????? ?????? ????, ????? ??????? (????? ??????? ???) ?????? ?????? ??????? ?????? ????? ?????? ?????? ?? ????/? ???????. ?????, ??? ????? ????? ????? ???????? ?????, ???? ????? ?????? ????? ?????? ?? ????? ??????????? ?? ???? ??????? ??? ???? ???????. ??? ??, ??? ????? ????? ?? ???? ?????? ?????? ?????? ??????? ????????? ?? ?????? ?????? ????? ????????."
????? ???-????,"??????,????? ????? ????? ??????? ?????? ??????? ????? ??????","????? ??? ?????? ?????? ??????? ???? ??-???? ???? 2014. ?????? ?????? ??? ????? ?? ??? ?????? ??????, ????? ????? ?????? ???? ??? ????? ?????? ?????? ?????? ?????, ?????? ?? ?????? ??????, ??????? ???? ??? ??????? ????? ???, ????? ???? ????? ???????, ????? ???????? ??????? ?? ???? ?????? ???? ?????, ????? ?????? ?????? ???????. ??????? ????? ????? ????? ??? ???? ????? ????? ????? ????? ????? ?????? ???????."
???? ?????,???? ??? ????? ???'??,"???? ??? ???? ??? ?????? ???'??. ????? ??? ???? ???? ????? ????? ?????? ????? ?????, ????? ????? ????, ???? ????? ?????? ?????? ???? ??'??, ???? ???? ?????? ??? ????? ????? ????, ???????? ?????? ????? ???'??, ???? ????? ????? ????? ???""? - ????? ???? ????? ?????? ??? ??? ?????? ???'??."
????' ?????,"????? ?????? ???????? ????? ?????? ??????? ?????? ????? ??""?","????' ??? ????? ?????? ???????? ????? ?????? ??????? ?????? ????? ??""?. ???? ?? ????? ?????? ?????? ??????? ???? ??'? ?????? ?? ??? 2021. ???? ??? ????? ???? ?????? ?????? ???????? ????? ???? ????????? ??, ??????? ????? ????? ?? ?? ???? ????? ????? ????? – ???? ?????? ?????? ????????. ????? ??????? ????? ??????? ????? ?????? ????? ????? ????? ??????. ??? ????? ?????? ??? ???? ????? ???????? ????? ??? ????? ??????? ??????? ?????? ?????? ???????? ??????, ???? ????? ?????? ?????? ??? ??? ?????? ??????? ??????? ?????-?????. ????' ????? ???? ?????? ?????? ????? ?? ???? ????? ????? ??????, ??????? ???? ???? ???????? ?? ?????? ?????? ???? 2021 ?? ????? ????????. ??? ?????? ????? ??????? ??? ?????? ?????? - ???? ????? ?????? ??? ??????, ???? ???? ?????? ????? ?????? ?? ???? ?????? ????????? ????? ????? ??? ??????? ?? ??????, ??????, ?????? ??????? ?????????? ???? ?????? ????. ?????, ??? ????? ?????? ??????? ???????? ?? ????? ??? ?????? ??????? ?????? ?????, ????? ???? ?????? ???? ???? ????? ????. ??? ??, ????' ?????? ?? ????? ????? ????? 1804 ?? ?'?? ?????? ?????? ??????? ????? ??? ????? ?????? ???????? ?? ????? ??????."
???? ???,"???? ??????? ??????? ?????-???? ???""?","???? ??? ???? ??????? ??????? ?????-???? ???""? ?????? ?? ?? ?????? ??????? ??????? ?11 ??????? ??????? ????? ??. ???? ???? ???? ????? ?? ??? ? ????? ????? ??? ????? (???""?) ????? ??????. ???? ???? ?? ????? ?????? ???????? ?????? ???? ??????, ??????? ????? ???????? ?????? ??????? ???? ?????? ?????? ??????. ???? ??, ?-2016, ???? ???? ?????? ???? ???? ???? ?????? ?? ????? ??????-??????? - ???? ??? ???? ??? ?????? ?????? ????????-?????? ????? ????? ??????-???????. ???? ??? ??????, ?????? ????????, ??????? ???????? ?????? ??? ??? ????? ??????? ???????? ???????? ?????? ???? ?????? ????? ????? ????????. ???? ?? ???? ?????, ???? ????? ????? ????? ?????, ??""? ??????? ??????. ??? ?? ??? ?????? ??????? ????????: ??? ??? ??? ???? ???? ynet, ???? ???? ????? ????????? ???? ???? ????? ?????? ?????? - ????? ???????-??????. 
???? ??? ???? ??""? ???????? ????? ??""? ???? ???? ????? ??????? ?????? ????? ??? ?????????? ?????? ?????????."
???? ??? ??????,???? ?????? ??????? ??? ????,"???? ??? ???? ?????? ??????? ??? ???? ???? ????? ???'?? ???? ????. ??? ??? ?????? ???? ?????? ????? ????? ?????? ??????, ?????? ??????, ?????? ?????????? ?????? ?????? ??????? ?????-?????. ??? ?? ??? ???? ????? ??????? ??????? ??????? ????, ????? ?? ????? ????? ????? ?????? ?????? ???? ????? ????? ????? ????? ?????? ??????? ????? (?????, ????? ???? ???? ????), ?????? ???? ?????? ??????? ??????? ?' ?????? ???? ?????? ??????? ??? ?????. ?????, ??? ??? ????? ????? ???????, ??? ???? ?????? ?????? ???????? ???????? ???????? ????? ???????? ??????? ?????? ?????? ?????, ??? ?????? ?????? ???????? ??????? ??????????? ??-?????? ????? ???????? ??????? ???????? ??????? – ???? ???? ????? ?????? ????."
?????? ?????,"???? ?????, ???? ???? ???? ????? ?? ???? ????","22 ???? ?????? ??????, ????? 8 ???? ???? ?????? ???? ??????? ???? ?????? ????? ????"
???? ??? ????,???? ?????? ?????????? ?????? ??????? ????,"???? ??? ???? ?????? ??????????-?????? ?????? ??????? ???? ??? ??? 2012. ?????? ?????? ??? ????? ?? ????? ?? ???""?, ?? ????? ?????? ????? ????? ??? ????? ???????? ?? ??""? ????? ???????. ?????, ??? ???? ???? ?? ???? ??? ?????? ??????, ?????? ?? ????? ?????? ?????? ???????. ???? ??? ??? ???? ???????? ?????? ????? ???????? ???."
???? ????,??? ???? (?????) ?????? ?? ???? ???? ???? ?????? ?????? ????? ?????,"???? ??? ??? ???? (?????) ?????? ?? ???? ???? ???? ?????? ?????? ????? ?????. ???? ??? ???? ????? ?????? ???? ???? ?????? ?????? ????? ?????. ?????? ?????? ????? ??? ????? ?? ?????? ??????? ???? ?????? ???????? ??????? (800 ????? ???? ?????? ???????, ????? ????????, ???????????? ???????, ????? ????? ????, ????? ?????? ?????? ?????? ????? ?????? ??????? ????? ?? ???? ????? ????? ????. ???? ?? ???? ??? ??? ????? ?????? ??????? ?????? ????? ?????? ???????? ??????? ??? ?????? ?????? ??????? ?? ????? ?????."
??? ?????,?????? ????? ?????? ?????,"??? ??? ?????? ????? ?????? ????? ????? ?? ????? ????? ??????, ??????, ???? ?????? ?????. ???? ??? ???? ????? ???????? ?????? ??????? ?????? ????. ??? ????? ????? ????? 2023 ???????? ?????? ???? ????""? ????? ?? ????? ????, ?????? ????? ???? ???? ????? ?????. ???? ?????? ???? ?????? ?????? ????? ???????; ????? ????; ????? ?????? ????????; ????? ?????? ???????; ???? ?????? ????? ???????; ????? ????? ?????? ????? ?? ??????? ???????; ????? ?????? ????? ?????? ??????? ???????? ??????? ?????? ?????? ????. ??? ???, ??? ???? ?? ?????? ??? ??????, ????? ?????? ??? ?????, ????? ????? ??????? ?????? ?????? ???? ??????."
???? ????,"???""? ??????? – ????? ?????? ????? ?? ??????? (?""?)","???? ??? ???""? ????? ??????? (?????? ??????) ??????? ??? ??? 2005. ???? ?????? ??? ????? ????? ????? ?????? ?????? ?? ?????????, ??????? ????? ?? ???????? ?????? ??????? ?? ??? ?????? ????? ???? ???? ???????, ?????? ????????. ?????? ?????? ??? ????? ?? ??????? ?????? ???????? ???? ?? ??? ?????? ????? ??? ????? ???????."
???? ?????,??? ???? ????? ?????? ????,"?""? ???? ????? ??? ??? ???? ????? ?????? ????. ??????? ????? ???? ???? ???? ????? ?????? ???, ????? ?? ???? ????? ????? ????? ????? ?????? ???? ??? ??????. ?????? ??????? ????? ????? ??? ???? ????? ?????? ????? ?????? ??? ????? ?? ??? ???? ?????? ?????? ????? - ????? ???? ???? ????? ??????, ????? ??? ????? ??????. ??????, ??? ???? ????? ????? ?????? ?????? ???? ?????? ??? ????. ????? ???????? ??? ??? ????? ?? ????? ????? ??????? ?????? ???? ??????????? ????? ?????? ????? ????? ????????. ?????? ?????? ??????? ??? ???? ???? ??? ????? ?????? ?????? ?????????? ?????? ???? - ???? ?? ?? ???????? ??????? ?????? ????? ?? ??? ??""? ????? ?????? ?????? ?????? ??????, ?????? ??????? ?????? ?????? ???? ?????????? ?????? ??????. ???? ????? ????? ????? ??????? ?????? ?? ?????? ??????? ?????? ??????? ??????? ???? ???? ?? ???? ??? ????? ???? ?????? ??????? ?????. ?? ??????? ??????? ??????? ???? ?????? ?????? ????? ?????? ??? ???? ??? ?????' ?????? ???? ????? ?????? ???""?."
??? ????,????? ????? ???????? ????? ???? ??????,"??? ??? ????? ????? ???????? ????? ???? ??????. ???? ?? ????? ????? ????? ????? ??????-????????. ??????? ????? ????? ?? ???? ????? - ????? ??????? ??????? ???? ????? ?? ???????? ???????? ??? ????????? ??????? ????????, ??????? ?????? ????? ?????? ?? ????? ?????? ??????? ?????? ??? ???? ????????? ????????, ?? ????? ???? ????? ?????? ????? ??????? ???????, ??? ???? ??????? ???????? ???????? ????? ????? ?????? ??????? ??????? ????? ???????. ???? ??? ???? ?????? ???? ???""??? ???? ?????? ????? ?????? ??????? ??????? ????????? ?????? ?????. ?? ???? ???????? ?????? ??? ???????? ??????? ????? ?????."
???? ????,???? ????? ?????? ?????? ??????? ??????,"???? ???? ?? ????? ?????? ?????? ??????? ??????. ?????? ?????? ??? ????? ?? ????? ?????? ???????? ???????, ????? ?? ??????? ?????? ??????, ???? ????? ?????? ????????? ???????? ????? ??? ??? ????? ?""?, ?????? ?? ?????? ??? ?????? ??????? ?????? ????? ??????."
???? ????,???? ???? ????? ?????? ??????? ?????,"???? ??? ???? ???? ?????? ??????? ?????, ???? ?????? ????? ????-????????, ???? ???? ????????? ??????, ????? ??????? ?????? ?? ?????? ??????? ??????. ?????? ??????? ??? ????? ???????? ????????? ?????? STEM, ????? ?????????? ????????? ???????, ??? ????? ???? ????? ?????? ?????? ??????. ??? ???? ?????? ?????? ?????-???????? ????? ?????? ????? ?????? ???? ???????? ???? ??????????. ????? ?????? ?????? ?? ????? ??????, ?????? ?? 14 ???? ???? ????? ?????? ????? ???? ??? ????? ?????? ?? ??????? ????? ??????? ???????. ??? ???? ???? ?-15 ?????? ??'??????? ??????? ??????? ?????? ?????? ????? ?????????? ????????."
????? ??????,"???""? Quai.MD","????? ??? ???""? - Quai.MD ?????-?? ????? ?????? ????????? ??????? ???? ?????? ????? ??????? ??????? ??????. ??? ??? ???? ?????? ???? ?????? ?????? ??????? ?????? ????? ??????? ??????? ?????, ????? ???? ???? ????? ????? ????? ???????. ???? ??? VP R&D ????? ?????? ????? ???? ?????? ?? ?????? ??????."
???? ???? ?????,??? ???? ???? ?????? ??????,"???? ?????? ???? ??? ?????? ?? ??????? ??????? . 
?????? 25 ???? ????? ???? ????? ????.  
??? ?- 5 ????  ???? ????? ???? ?????? ?????? ????? ?????."
???? ???? – ?????,"???? ????? ?????? ?????????, ????? ?????? ???? ???????","???? ??? ?????? ?? ?????? ???""??? ?????? ???""??? ????????? ??????, ?? ??? ??????? ??? ??? 2009.  ?????? ?????? ??? ?????? ?? ?????? ??????? ??????? ???? ???""?, ?????? ?? ?????? ?????? ??????, ????? ????? ?????, ??????, ???? ???????, ?????? ????? ???????? ????????, ????? ?????, ?????? ??? ??????, ?????? ??????? ??????? ??? ????. ????? 2009-2006 ?????? ?????? ?????? ?????? ?????? ??????? ??? ??? ?????? ????????? ?????? ????? ?????? ???? ?????? ????? ????? ????? ?????????? ?????? ????????????? ?? ?????? ????????? ?????? ??????. ??????, ????? ????? ????? ???-????? ?????? ?????? ?? ????? ??????. ???? ????? ?????? 40 ??????? ???????? ?? ????? ??-???? ???? 2019 ???????? ?? ????? ?????."
???? ???,Head of HP Graphics Experience Center & AI lead,"????? ?????? ?? ??? 17 ??? ??????? ??????, ??????, ?????? ?????? ????? HP Indigo. ??? ???? ?????? ?????, ?????? ????????? ?? ???? ??????? ?????, ?????? ????? ?? ?????? ?????? ?????? ?? ??? 300 ?????? ?????? ????? ?? ?????? ????????.

?? ?????:
????? ????? ???????? ???? ??? ??????? ????, ????? ????, ?????? ??????. ??? ??? ?? ?????? ?????? ????? ?????? ?? ???? HP Graphics Experience Center. ?????, ??? ???? ?? ???? Mindscale, ?????? ???? ?? ?????? ????? ????? ????? ?????? ????? ????????? (AI)."
????? ?????,??????? ??? ?????,"???? ???? ???????? ????? ???????? ??? ????? ?????? ???????? ??????? ???? ?????? ??????? ?????, ??????, ?????? ???????. ???? ?????? ?? ????? ??????? ???????? ?????? ???? ????? ?? ?????? ???? ??????. ????? ???? ?? ????? ?????? ???? ?????? ????? ?????? ??? ??? ????? ??? ????? ?????? ?????? ????? ?????. ???? ???? ????? ????? ?????, ???? ??? ????? ????? ????? ??? ????? ?????."
????? ????,???? ??? ????? - ?????? ??? ????,"????? ???? ????? ??? ????? - ?????? ??? ????. ????? 1994-1997 ??? ????? ???????? ???? ???? ???""? ??""? ?????? ???? (???? ?????? ???? ????? ). ??? ????? 1997-2001 ???? ????? ???????? ???? ????? ????? ???? ??? ????? ???? ??? ????.  ????? 2001-2004 ??? ???? ???????? ???? ???? ???? ??? ????? ???????? ??? ????. ???? ???, ????? 2004-2009 ???? ????? ??""? ??""? ????? ???????? ?????? ??? ????. ????? ????? 2010-2015 ??? ???? ??""? ??""? ??? ????? (???? ?????? ???? ??????? ). ??????? ??? ????? 2015-2016 ???? ????? ????? ????? ?????? ?????? ?'??'???? ????? ?????? ??????? ??????. ????? 2016-2019 ???? ????? ??""? ????? ???? ?????? ????? . 2019- 2022 ???? ??? ?????? ??????? ??? ???? – ?? ???? ."
???? ?????,"???? ?????? ????? ???????, ????? ?????? ??????? ??????","???? ??? ???? ?????? ????? ?????? ??????? ??????. ???? ????? ?????? ????? ?????? ???? ??????? ??????? ?????? ????? ???? 2017 ?? 2024. ???? ?? ????? ?????? ????? ?????? ?? ??????, ????? ??? ??? ?????? ??? ????? ???? 12 ????. ????? ???? ??? ?? ????? ??????? ?????? ????????? ?????? ???? ??? ?????. ???? ????? ???? ???? ????? ??????? ?????? ????? ????? ??? ???? ???? ????? ?????? ?????."
???? ?????,??? ???? ??? ????? ???? ???????,"???? ??? ???? ????? ?????, ???? ??? ????? ????? ??? ?????? ???? ???????, ?????? ?? ???? ??????? ???? ?????? ????? ???????, ????? ?????, ????? ????????????. ????? ??? ????? ?? ??????? ?????? ????? ??? ?????? ????? - ?????. ??? ???? ???? ????? ???? ????? ????? ?????? ????? ?? ??? ?????? ????? ???? N-HMC, ????? ????? ????? ?????? ????? ????? ?????? ?????? ?????. ????? ???? ?”? ?????? (MD) ???????? ???? ????? ?????? ?????, ?? ??????? ???? ???? ????? ????? ????."
???? ??? ????,????? ????? ????? ?????? ?????? ??????,"????? ????? ????? ?????? ?????? ?????? ????? ?? ????? ?? ?????? ?????? ???? ??????? ?????? ?????? ????, ????? ????? ?????? ? 14 ???."
?????? ????,"???""? ????, ??'?? ???? ????","?????? ??? ???""? ?????? ??'?? ?????? ????? - ????? ????? ????? ??????, ??????? ???????. ??? ???? ????? ?? ???? 2006 ??? ???? ???? ?? ???????, ?????? ???? - ????""? ?????? ????? ?????????. ?????? ?????? ??? ????? ?? ????? ??????, ?? ??????? ?????????, ?? ????? ?? ????????? ??? ???? ????? ??? ????? ??????? ????? ???? ???????. ??? ??? ????? ?? ????? ????? ?? ??'?? ????? ?? ????""? ???. ??????, ?????? ?? ???? ?????? ????? ???????, ???? ?? ??? ???? ?????? ????? ???? ????? ????.  ???? ??? ??? ?????? ?????? ??????? ????? ?????? - ?????, ????? ????? ?????."
???? ???? ?? ???,????? ?????? ?????? ??? ????? ????? ????? ????? ????,"???? ??? ????? ?????? ?????? ??? ????? ????? ???? ??? ???? 2015. ???? 2016 ??? ?? ?????? ?? ?? ?????'. ???? 2021 ???? ?????? ??????? ?? ????? - ????? ?? ???? ?????? ???????????, ???? ?? ???? ?????? ??????? ?????? ?""? ??????? ??????????? ??-????. ???? ?? ????? ?? ???? ????? ??? ????? ?????? ??? ???? ??? ????. ??? ???? ??? ???? ????? ????? ??? ???????? ????? ??-UAB, ????????, ?????. ???? ????? ??""? ?????? ?????? ?? ?????? ?????? ??? ??????????? ?? ????."
??? ??????,"???? ??????, ???? ????, ????","??? ??? ???? ??? ?????? ??????? ????? / ?????????. ??? ??? ?? ???? ??????? ???? ???????? ???????? ?????? ?????? ??????? ???? ???????. ??? ??? ?????? ???? ???? ??????, ?????? ??? ???? ??????? ?? ??? ????? ?????? ????? ???? ?""?. ???? ??? ???? ????? ?????? ?? ????? ??? ????, ?????? ??? ???? ????????? – ???? ?????? ??????. ??????, ??? ??? ?????, ??? ???? ?????? ????? ????? ???????? ???? ?? ???? ?????? ""????? ?????? ?????""."
???? ????,"Group Director of Product Management, Taboola","??? ???? ???? ???? ?????? ?-ynet, ????? ?? ?????? ????? - ???? ?????? ???? ????? ????? ?? ???? - ????? ??? ???? ???? ?????? ??????? ????. ?-2025 ??? ?? ynet ?????? ?????? ??????, ?? ??? ???? ?? ????? ?????? ?????????? ????? ??????"
???? ?? ??????,???? ??? ????? ?????? ?????? ?????? ??? ????,"?????? 2021 ???? ??? ???? ??? ????? ?????? ?????? ??????? ??? ????, ????? ?????? ?????? ????? ??????? ????? ?????? ?????? ?????? ???????. ???? ??? ???? ?? ?????? ?????? ???? ????? ????? ???? ???? ????? ?????? ??????? ????? ?????, ????? ????????? ??????, ???? ????? ???????, ????? ????????, ??????? ?????? ??????. ???? 2017 ??? ????? ???? ???? ????? ????? ???? ?????? ????? ??????? ????? ???????? ??????. ????? 2016-2013 - ???? ?? ?????/??????? ???????? ?????? ????? ?????? ??? ??? ?? ??????? ???? ????? ?????? ????. ?????? ???? ???????? ???? 2000 ??? ???? ???? ???? ??????, ??? ?????, ??? ??????, ??? ??????? ??????? ????? ???? ????????? ?????? ???? ???? ?????? ????????? ???? ????."
????? ????,???? ????? ?????? ????? ?????? ???? ?????? ????? ???????,"????? ???  ???? ????? ?????? ????? ?????? ???? ?????? ????? ???????. ???? ?? ????? ?? ???? ?????? ??????? ?????? ?????? ????? ??????. ??? ???? ??? ???? ?????? ??? ????? ??????? ???? ?????. ???? ??????? ??????? ???????, ??????? ???? ???? ?????. ??? ???? ???? ?? ????? ??????? ?????? ???????, ????? ???? ?????? ?- IBCLC ????? ??? ??????? ???????? ????? ?????? ?? ???? ????? ????? ????."
??? ???????,"???? ????? ????? ???? ""?????? ????'","??? ??? ???? ????? ????? ???? ?????? ????' ????? ????? ?????? ?? ????? ????? ??????? ?????? ??????. ???? ??? ???? ???????? ????? ???????? ???????, ???? ?????????? ???? ??? ??????, ???? ????? ?????? ???????? ????? ????? ???? ????? ?????. ???? 2018 ??? ??? ??? ????? ?????? ?????? ????? ??????? ?????? ?????? ????' ???? ?????? ?????' ??? ??????. ???? 2012 ??? ??? ???? ??????? ?????? ??????? ????????? ???? ???? ???? ????????. ????? 2015-2011 ??? ???? ???? ?????? ?????? ?? ???? ????? ???? ????? ??""? ?????? ??????? ?????? ?????? ?? ????? ?????? 2011-2007 ???? ???? ??""? ???? ???????? ????? ????? ????. ????? 2013-2005 ??? ???? ??????? ???? ????????? ?????? ????? ???? ???? ?????? ???? ????? ????? ??????? ???????. ????? 2001-2005 ???? ??? ???? ????? ??????? ????? ??????????? ?? ?????????? ?? ???? ????? ???? ???? ?????, ????? ?????? ??? ???? ???? ????? ????? ?????? ????? ?????? ???????? ??????."
???? ????,"??? ???""? ??""?","??? ???""? ???""? ????? ?????? ????? ???? , ???? ????? ???? ????? ????? - ????? ???? ???????? ?????? , ?????? ????????? ??""? ????? ???? . ?????? ??? ???? ??????? ??????? ?? ?????? ?????? ??????? ?????? ??? ?????? ???? ?????? ???????? ."
??? ?????,"????""? ????? ???? ?????? ?????","??? ??? ????""? ????? ???? ?????? ????? ???? 2020. ?????? ?????? ??? ????? ?? ????? ??????? ??? ????? ????????? ?????? ???? ????""? ?????? ?????? ?????? - ?????? ??????????, ?????? ????????, ????? ????? ????""?. ???? ??? ??? ???? ?? ????? ???? – ???? ???????? ?????? ?????. ???? ?????? ?? ???? ??????? ???? ???????? ?????? ????, ???? ??? ????? ????? ?????? ?????? ????? ??????."
????? ??? ?????,"????""? ???? ????? ????? ?????? ???????","????? ??? ???""? ????? ????? ??????? ????? ????? ????? ?????. ???? ?? ???? ????""? ???? ???? ????? ????? ??????? ?????? ????. ???? ??? ?? ??? ?????? ???? ????? ???? ???? ???? ???????, ????? ??? ???? ?????? ???? ???? ??????. ??? ???? ????? ?? ???? ???? ?????? ??????? ?????? ???? ???? ???? ???? ???? ????? ?????? ???? ????, ????? ???? ?????? ????? ???????? ???????? ?????. ???? ??? ??? ????? ???? ???? ???? ????? ??????? ?????? ????/???? ?????? ????? ??????? ??????? ???????? ?????? ????? ????? ????? ????, ????? ?? ??? ?????? ????????? ????? ?????."
????? ??????,???? ?????? ??? ????? ????? ???? ??????? ?????? ?????,"?""? ????? ?????? ??? ???? ?????? ??? ????? ????? ???? ??????? ?????? ?????, ???? ?? ???? ???? ?????? ??? ??? ????? ????. ??????? ????? ???? ?? ???? ?????? ?????? ???? ?'. ?????, ??? ??""? ??? ??????? ????? ???? ??????? ?????? ?????, ??? ???????? ?????? ?????? ????? ?????? ???? ?????????? ????? ??????? ???? ???. ??????, ??? ???? ????? ????? ????? ?????? ??? ???? ????????? ????? ????. ????? 2015-2009 ??? ???? ?? ????? ??? ????, ????? ?? ??? ?????? ??????? ?????? ??-???? ????? ???? ????? ????? ???? ?????? ????. ????? ??? ????? ?????? ?????. ?? ??????? ??? ????? ?????? ???????????? ?????? ??????? ?""? ???? ???, ??? ?? ?????' ?????? ???? ???????. ?????, ?? ?? ?????? ?? ?????? ????????? ????? ??????? ??? ??? ??? ????????? ??????? (??? ??????). ??? ?? ??? ???? ?????? ???? ????? ??????? ?????? ???? ?????? ???????? ??????????????? ??????? ??????? ??????."
??? ?????,????? ????? ????? ??????? ????? ????? ????? ???? ?????,"??? ??? ????? ????? ????? ??????? ????? ????? ????? ???? ?????. ???? ????? ???""??? ???? ??????? ????? ???? ?????? ?? ??? 2022. ???? 1998 ??? ????? ?????? ??? ??? ????????? ????? ?????? ????? ?????? ???? ???? 14 ????, ???? ???? ????? ????? ?-15 ????? ???????? ????? ????? ?????? ????? ????? ??????? ?????? ??????? ???????????. ????? ?????  ?????? ????? ?? ??? ??? ??????? ????""? ??????? ????? ???????? ?????? ?????? ????? ???????. ???? ???? ????? ???????? ????? ?????? ?????? ?????? ?????? ????? ??????????? ?????? ???? ?????? ?????? ????? ??????? ???? ??????? ???? ???. ??? ???? ??? ???? ???????? ??????? ???????, ???? ?????? ???????? ?????? ??????? ????? ??? ???? ????? - ?????? ???????? ?????? ?????? ????????."
????? ????,???? ????? ??????,"????? ??? ???? ????? ??????. ???? ??? ???? ?????""? ???? ????? ????? ???????? ????? ??????. ??????? ????? ??? ???? ??? ???? ??????? ??????? ?????? ????? ??? ?????????? ????? ??????. ????? 2009-2014 ??? ???? ?????? ????? ?? ?????? ?????? ???'????, ????? ??? ??? ???? ???? ????? ?? ?????? ??????. ????? 2007-2003, ???? ???? ??????? ????? ???? ????????, ??? ??? ???? ???? ?????? ?????? ??? ????? ?????? ?????????? ??????? ?? ??? ????? ?????? ????? ????????. ????? ???? ????? ?? ??? ???? ?????? ?????? ????? ??? ??? ???? ??????? ???????. ???? ??? ??? ???? ???????? ?????? ????? ???? ??? ???????? ?????."
???? ????,"???? ?????? ?? ????? ?????, ??""?","?""? ???? ???? ??? ???? ?????? ????? ??????????? ?""? ?????? ?????? ??????? ?? ??? ??????. ????? ?????? ?????  ???? ??????? ????????? ????? ?????? ??? ????? ????? ??????? ???? ????? ????? ?????? ?????? ???? ?????? ???""? 10. ???? ???? ?? ??????? ?????? ????? ???""? ?????? ???? 2016 ????? ??? ???? ??????? ?????? ?? ?????? ??????????? ????'?????? ??????.  ???? ??? ???? ????? ?????? ?? ????? ????? ????? ?? ?????? ???????, ????? ?????, ?????? ???? ??????? ???? ????? ????? ????? ?????."
??? ??????? ????,"????? ?????? ?????? ???, ????? ?????? ?????? ?????????. ????? ??????? ?????? ??????, ?????.",?????? ?????? ???????? ??????. ????? ?????? ?????? ??? ????? ?????? ?????? ????????? ?????? ???? ????? ??????. ????? ?????? ???? ?????? ???? ????? ????? ????? ?????? ?? ??? ????? ???? ?????? ?????? ????. ????? ???? ????? ?????? ????? ?????? (?????? ?????? ??? ?'). ???? ???? ??? ????? ????? ??????? ????? ?????? ?????? (MBA).
????? ?????????,?????? ???? ??????? ???????,"????? ??? ???? ??? ???? ?????? ?????, ???? ??? ??? ???? ??? ?????? ????? ??????. ???? ?? ???? ???? ????? ?????? ???????? ?????? ??? ???? ??????? ??? ?????, ??""? ????? ?????? ????? ?????. ????? ??? ??? ?????? ?? ????? ?????? ?????? ???? ???????? ????????? ????? ??? ?????, ????? ?????? ?? ??? ????? ????? ???? ?????."
???? ?????? ????,"????? ??""?","???? ??? ????? ??""?. ??????? ????? ????? ?? ???? ?????? ?????? ????? ?????? ???? 2013. ?????? ?????? ????? ?????? ???????? ????? ?????? ?????? ?????? ?????? ?? ????? ??????? ?????? ?????. ????? 2013-2009 ??? ????? ??????? ?????? ??????? ?????? ????? ??? ?????? ????? ?????? ??????? ???????? ?????? ?????, ?????, ??????? ????????. ???? ???, ????? 2009-2008 ??? ????? ?????? ???? ?????? ??????? ?????? ????? ?????? ?????? ????????. ????? 2008-2006 ??? ????? ???????? ????? CERT ???? ??????? ????""? ??????? ????? ??????? ??? ????? ????? ???????, ?????? ????? ????? ???? ??????? ?????? ?????. ??????, ????? ?????? ???????? ?? ???? ??????? ??????????? ?????? ????? ??????? ?????? ?????? ?????? ????."
??? ????,"???? ????""? ????? ????","????? ?-25 ??? ????? ??? ??????? ????? ????? ?????. ???? 2006 ??? ???? ?? ????? ???????? ????? ???? ????? ???? ?? ????? ????""?. ?????? ???? ?? 8,000 ??????? - ??????, ???????? ??????? - ?????? ??????, ????? ????????, ????? ?????. ???? ??????? ???????? ???? ????? ??????? ??????? ??? ???. ??? ?? ???? ??? ????""? ????? ???????? ??????? ????? ????? ??????????. ?????? ??????? ?????? ?????? ?????? ?????? ???? ???""? ??? ?????? ?????? ????? ????? ???? ??? ?????. ?????? ?? ?????? ???? ????? ?????? ?????? ???????? ?????? ?? ??? ""?????""."
???? ????,"???""? ????? ??????? ??? ???","????? ??? ???""? ????? ??????? ??? ??? ???? 2021. ?????? ?????? ??? ?????, ??? ????, ?? ????? ?????? ????? ????? ???? ???? ?? ??? ?-1,000 ???? ?????? ????? ??????, ?????? ?????. ???? ??? ????? ???? ???""? ??""? ???? ?????? ?? ?""? ??? ????. ?????? ??? ???? ?????? ?????? ????????? ??????? ?????."
???? ??????,"???? ??????? ???? ????? ?????? ?????????, ??""? ?????? ?????? ??????? ???""? ????? ??????? ??????","???? ??? ???? ???????. ??????? ????? ???? ??""? ?????? ????? ????? ??? ???? ????? ????? ????????? ?????? ?????? ?????. ??????? ???????? ???????? ???? 2013 ???? ???? ????? ????? ??????? ?? ??? ???? ?????? ???? ??????? ????? ???? ???? ???????? ?????? ??????? ??????? ??????? ?????? ??????? ???? ????. ????? ??????? ????????  ???? ???? ????“? ????? ????????? ??????????? ?????? ???? ?????? ????? ??? ???? ????????. ???? ??? ???? ????? ????."
??? ??????,"????? ??????? ??????? ?????? ??????? (?????), ???? ???????","????? ?????? ?????? ??????? ????? ??????? . ?????? ??? ???? ????? ??????? ?? ??????? ??????? ?????? ??????? - ?????? ????????? ??????? ????????? ????? ?????? ?????? ???????? ?????? ????? ???? ????? ??????? ??????. ?????? ?????? ??? ?????? ?? ?????, ????? ?????? ??????? ???????."
???? ????,"??? ????? ???? ??????, ????? ????? ??????-??????, ???? ???????","???? ???? ???? ????? ???? ?????? ?????? ????? ??????-????? ?????? ?????? ????? ???????. ?????? ????? ???? ????? ????? ?? ?????? ??????? ?? ????? ???? ????? ?????? ??????? ???? ????? ??????? ??????? ???????. ?????? ?????? ???? ???? ???? ?? ???????? ??????? ????? ???? ??????. ???? ??? ???? ???? ???? ?????? ???? ????? ????? ???? ????? ?????? ?????? ????? ?? ???? ??????? ?????? ???""??? ????????? ??????. ???? ???? ??????? ??????? ?????? ????? ??????."
?? ????,"?? ???? ????? ????? ???""? ????? ???? ?????? ??????? - ???? ??? ???","??? ???? 2010 ???? ?? ??? ???? ????? ????? ???""?- ?????? ?????? ?? ?? ?????, ?? ???? ???? ????? ????? ??? ???????? ?? ??????????? (??????, ????? ??????, ??????).
?????? ???? 2018 ???? ?? ????? ???? ?????? ??????? ????? ?????? '????'. ????? ???????? ????? ?? ????? ????? ?????? ????? ??? ???? ????? ?????? ???? ??????? ?????? ??????.
?????? ?????? ??????? ?? ???? ?????? ?????? ????? ????? ??????. ???? ???? 2015  ???? ?????? ??????? (???? ??????) ?? ????? ?????? ??????? ??? ??? ????? ?????? ?????? ??????."
????? ????????,????? ????? ??????? ?? ??????????? ??????,"????? ????? ???????? ????? ????? ??????? ?? ??????????? ??????. ?????, ??????? ???? ???? ????? ????? ???????, ???? ????? ???????? ??????. ????? ????? ?? ????? ????? ??????? ???? ??? ????. ???? ?? ????? ?????? ???? ?????, ?????? ?????? ????? ?????? ??????? ????????? ????? ??????? ??????? ????""? ???? ???????. ??? ?????? ??????????? ????? ??????? ?? ?????? ?????. ???? ????? ???????? ??????????? ?? ????, ????? 22 ??? ???""? ?????? ??????? ????? ??? ????? ?????? ????? ????? ?????? ??????? ???? ?????? ????' ???? ????? ???? ??????? ????? ??????? ???? ???. ???? ???????? ?????????? ??? ????? ?? ?????? ??????? ??????? ????? ??????? ???? ??????? ??????. ????? ????? ?????? ????? ??????????? ??????? ?????? ?????? ????? ?? MIT ?????? ????? ????? ????? ??????? ??????? ?????. ????? ??? ??????? ?????? ??????? ?????? ?????? ????? ???????. ???? ???? ????? ????? ?? ???????? ??????? ??????? ????? ???????????. ???? ???? ????? ????? ????? ??? ??????."
???? ???????,??????? ?? ????? ???????? ????? ???????? Director of Project Management,"???? ??? ??????? ?? ????? ???????? ????? ????????. ???? ??? ????? ?????? ?????? ?????. ???? ??????? ???""? ???? ????? ?""? ???? ??????? ????? ??????? ?????? ????? ?????? ???? ????? ?????? ???? ??????? ?????. ???? ??? ????? ?????""??? ????? ?????? ??????, ??????? ????? ?????? ?????? ??????? ???? ?? ??????. ???? ??????? ????? ???? ?? ???? ??????? ?????? ?????? ???? ??????? ??? ?????? ??????? ??? ??? ????, ???? ?????? ??-40,000 ?????? ??????? ????????? ??????? ??????????. ???????? ?????? ?????? ?? ???? ?????? ????? ??????? ??????, ????? ????? ????? ???? ????? ???????. ?? ??? ??? ????? ????? ??????? ?????? ??????? ?????? ?????? ???????? ?????? ?????? ??????? ????? ????????."
???? ????,???? ???? ?MIT,"?""? ???? ???? ??? ???? ???? ?? ?????? ??????? ???, ????? ???? ?? ???? ?????? ?????? 162 ?????? ??? 100 ??????, ????????, ??????, ??????, ???? ????? ???????. ??? ???? ????? ?????? ?????? ????? ?????? ??????????? ????? ???? ???? ???? ?????? ?? ??????????? ??????. ???? ???? ?? ??? ?????? ?????? ?? ??? ?????? ???? ?????."
??? ??,"???? ????????? ?????? ????? ???? , ?????? ?????? ?????","?""? ??? ?? ??? ???? ????????? ?????? ????? ???? ??????? ?????? ?????. ????? ???? ???? ??? ?????????? ??????? ?????? ?????. ???? ?? ??? ???? ???? ????? ?????? ????? ??????? ??????????, ????? ??? ??? ???? ?????? ???????????? ????? ??????. ?????? ?????? ??? ????? ?? ????? ?????? ????? ?????????? ??????, ?? ????? ?????? ????? ?? ??????? ????????, ??? ????? ??????? ?????? ???? ????? ????? ??????. ??? 2012 ??? ??? ????? ???? ???? ?????? ?? ?????????? ??????? ???????, ????? ????? ?????? 2016-2009 ??? ?? ?????? ??????? ????????????? ???????? ???????? ???? ???? ?????? ?? ???????? ???? ?? ????? ????. ????? 2009-2007 ????? ????? ?????? ????. ??? ????? ?????? ?????? (CHA, Harvard) ????????????? (BIDMC, Harvard), ?????? ?? ??????? ?????? ????? ?????? ?????? ????. ????? ??????? ??????? ?? ???????????? ????????????."
????? ??,"????? ??? ?, ????? ??????, ????? ??????, ??? ?????? ???? ???","?????  ????? ??? ?, ????? ??????, ????? ??????, ??? ?????? ???? ???. ???? ?? ????? ?? ???? ?????? ??? ????? ????? ?????? . ?????? ????? ?? ????? ?????? ?? ????? ?-17,500 ??? ????? ?????? ?????, ???? ?????? ????? ?????? ???? ?? ?? ?-22,000 ?????. ??? ?? ??????? ???????? ????? ???? ?????? ?? ???? ?????? ???? ??????? ????? ?? ??? ???? - ??? ???? ?????? ?????. ?????? ?????? ????? ????? ????? ?? ????? ???? ????? ?????? ???, ????? ????? ?????? ???????, ?????? ???????, ????? ???? ?????? ???????, ????? ??? ?????? ????? ?? ??? ???? ????, ??????? ?????? ??????? ???? ?? ?????? ???? ????? ?????? ??. ????? ?????? ????? ????? ?????? ?? ????? ???????, ??????, ????????, ?????? ????? ??????? ??????? ?? ??? ?????? ?????? ???? ?-21 ??????????? ??????? ????? ?????. ???? ??? ????? ?????? ??? ????? ??????? ????? (?????? ?? ?? ??? ?????? ?????) ????? ????."
??? ????? ??,"????? ?????? ???????? ?????????? ??????? ?? ?????? ??????, ??? ???? ???????, ???????","??? ?2022 ????? ?? ?????? ???????? ?????????? ????????, ??????? ?????? ?????? ?????? ??? ?????? ????? ?????? ???????? ?????? ????. ??????, ????? ?? ???? ?????? ?????? ????, ???? ????? ??????? ??? ??????, ??? ????? ???? ????????? ??????. ??? ????? 2018-2022 ????? ?????? ?????, ?? ?? ?????? ?? ?? ???????  ?????? ??? ?????? ?????? ?????? ?? ????? ???????. 
???? 2020 ????? ?????? ???????? ?????? ????? ?""????"". 
?????? ??????? ????????, ??? ????? ??? ????? ?????? ??????? ??????????? ????????, ?????? ???? ?????? ??????? ??????????? ???????? ??????? ?? ?????? ??????. ?? ?????? ??? ?????? ??? ?????? ?????? ??????????? ??????, ??? ??????? ??????????? ???????? ???? ????? ????."
????? ??,"??? ??? ???? ???? ??????, ????? ?????? ????? ?? ????? ??????, ????? ??????? ?????","????? ???? ?? ????? ?????? ????? ?????? ????? ????? ?????? ???? ??????? ???????? ??????? ?????? ??????? ??????. ????? ?????? ????? ??????? ??????? ???????? ?????? ????? ?????? ?????-?????. ????, ???? ?? ???? ????? ?????? ?????? CIMI ????? ?????? ??? ????? ???? ???? ???. ???? ???, ????? ???????? ????? ?????? ????? ???????? ??????? ??????????."
????? ?????,"????? ?????? ?????? ?????? ????? ???? ????,?""? ?????? ?????? ?????? ????????? ??????","????? ????? ??????????? ?? ???? ?????? ?????? ???? ???? ???? ?????? ?????????? ??????. ?""? ?????? ?????? ?????? ?????????? ?????.
 ?? ???  2023 ????? ?????? ?? ?????? ????? ???? ?????? ??????? ???????. 
???? ???? ??? ????? ???????? ?????? ?????? ????? ?????? ??????, ,
 ???? ????? ??""?,  

????? ???? ????? ?????? ????? ????? ??? ?????? ?????? ???????,?????????? ?????? ?????? ?????? ??????,
??????? ?????? ?????? ??????. ?????? ??????? ????,??????  ???????? ??? ???????? ?????? ????? ?????? ?????? ??????? .????? ??????? ?????/???-???????? ??????? ????? ????/???? ?????? ????? ????? ???? ???? ?????????? ????? ???? ??????. ????? ????? ?????? ??????? ??????? ??????? ??????? ?????? ?????? ????? ???? ???? ???????. ??????
 ???????? ??????? ????? ??? ???? ?????????? ??????, ????? ????? ??????? ?????? ??????? ?????? ??????.
 ????? ??????? ????? ??? ?? ??????? ????????? ????? ?????, ?????? ?????? ?????? ??????? , ????? ?????? ?? ??? ????? ?????????? ??????? ?????."
???? ??????,?????? ?????,"???? ???? ??? ??? 2018 ???? ?????? ??????? ????. ???? ??? ???? ??""? ???? ??? ?????? ??????? ???? (????????) ?????? ???? ??????, ?????? ?????? ??????? ?? ???? ???? ????? ????? ?? ??. ??? ???? ????? ?????? ??? ??????? ???????? ????? ??? ?????, ????? ??? ???""? ????? ??????? ??????? ?????? ?????? ????? ?????. ???? ??? ???? ???? ??? ???""? ????? ?????? ???? ?????? ?????? ?????? ????? ?????. ?? ?????? ????? ???? ???? ?????? ????? ????""? ????? ?? ??? ?????? ????? ??""?."
??? ???,"???""??? ?????? ??????? ???? ?????","??? ??? ???""??? ?????? ??????? ???? ????? ???? 2014. ?????? ?????? ??? ????? ??? ?????? ???????? ???????????? ??????? ??????, ??????? ??????? ?? ????? ??? ???????? ?? ??????? ???????? ????????? ???????? ????????? ???????. ???? ?????? ?????? ??? ????? ??? ?????? ?????? ????, ??????? ?????? ??????? ???? ?????, ????? ??????? ???? ??""?. ?????? ??? ???? ????? ?????? ?????? ??????, ???? ????? ?? ???? ????? ?????? ????? ??? ??????? ???????? ?????. ???? ???? ??? ????' ???? ????, ????? ?????? ?????????, ???????? ??? ?????? - ?????? ?????. ????? ??? ???? ?????? ????? ??????, ?????? ??????? ?????? ??? ??????? ??????."
??? ??????,????? ?????????????? ????? ???? ??????? ?????? ?????,"??? ??? ????? ?????????????? ????? ???? ??????? ?????? ?????, ???? ????? ???? ??? ????? ??????? ?????? ????? ???? 2019. ???? ?? ????? ?????? ????? ?????? ????? ???? ?? ??????, ????? ??? ????? ??? ???? ????? ????? ????? ?? ???? ????? ?????? ?????? ????? ?? ????? ????? ????? ??????. ????? 2012-2000 ???? ????? ???? ?? ?????? ?????? ?????: ????? ??????? ?????? ???? ?????? ?????? ????? ????????? ?????? ?????? ???????, ?????? ???? ??????? ??????? ??? ????? ??????? ????? ?????."
?? ????,"???? ???? ????? ????? ?????, ???? ????? ????, ??? ????? ????????","????? ????? ?????? ?????? ??????? ?????? ?? ??????????? ??????. ???? ???? ?????' ????? ????? ???? 2000-2001, ???????? ?????? ????? ???? ??????, ??????? ???? ?????? ??? ???? ???? ??????.
???? 2009 ?????? ?????? ?????? ?????????, ?????? ?????? ????? ?? ????? ????. ?- 2015 ????? ???????? ?????? ?????? ????""? (???? ????? ?? ?????????? ??????????, ????? ??? ????? ??? ?????? ?????????). ?- 2017 ??????? ????? ???? ????? ????? ????? ?????? ?????, ?? ?????? ?? 2022.
?- 2022 ??????? ?????? ?????? ????? ???? ????? ????? ????? ?????????."
???? ????,"??????? ?????? ?????? ?? ??? ???? ??????????? '??? ???????', ????? ?????? ?? ????? ??????? ?????.","???? ?????? ?????? ???????? ?????? ?????? ??? ????? ??????? ???????. ??? ???? ???????? ????? ?????? ?????????? ???????????? ??????? ??????, ???????- ?????? ?? ????-???, '??? ???????' ????? ???""?. ????? ????? ??? ?????? ??????? ??????????? ???????????? ?????????? (AIRPP) ?????? ????? ?????? ??????? ?????? ???????. ????? ??????? ????? ????? ????? ????? ?????? ??? ??? ?????? ????? ???????. ??? 2016-2018 ????? ????? ????? ?????? ??? ??'????, ????? ?? ????? ?????? ??????? ??????? ?????? ???? ??????????? ??????."
??? ??????,"???""??? ????","??? ??? ????""?? ????. ???? ?? ?????? ?????? ?????? ??????? ??????? ???? ?????? ??????? ???????? ????? ????? ????""??? ??? ???? ??? ?????, ??????? ?? ????? ?? ??????? ???????? ??????? ?????? ????? ???? ??? ????? ?? ??? ??? ???? ???? ????? ???? ????. ??? ???? ?????? ?????? ?????? ????? ???? ??? ???????? - ??? ??? ??????? ??? ?????? ?????????. ??? ?? ???? ??????? ?? ????? ?? ?????? ???? ????? ???? ????? ??????, ????? ????? ????? ??? ????? ??????? ??????? ?? ????? ?? ?????? ?????? ?????? ???????? ?????? ??? ????? ?? ??? ??? ???? ???? ???????? ????. ???? ?? ????? ??????? ?? ????? ?? ???? ??? ????? ????? ??????? ????? ??? ?????? ?? ??? ??? ??? ???? ???? ??????? ??? ???? ????? ???? - ??????? ????? ??????. ?????? ???? ???????? ??? ????? ????, ????? ???? ?????? ???? ?????? ???? ????? ????. ???? 1997 ????? ??? ??? ?????? ?????? ?????? ?? ?????? ??????? ????."
??? ????????,?????? ????? ???? ????? ???? ??????,"??? ??? ?????? ????? ???? ????? ???? ??????. ??????? ????? ??? ????""? ????? ???? ????? ????? ????. ???? ??? ???? ?????”? ???? ??? ????? ?????? ????? ???????, ???? ??????? ????? ?????? ??? ???? 2014 ????? ???? ?????? ???????? ??????? ?? ????? ??????? ???? ????? ?????? ???? ?????. ????? 2014-1989 ???? ???”? ????????? ???????? ???? ????? ?????? ????? ???? ?????, ???? ??? ??? ?????? ???? ?? ??? ???????? ?????? ??????? ?? ????? ?????? ???????? ????? (?????). ???????? ??? ???? ????? ???? ?????? ??""? ???""?. ??? ???? ?????? ?????? ??? ???? ?????? ???????? ????? ??????."
?? ????,"????? ????""? ?????? ??????? ??????? ??????? ?? ????","?? ??? ????? ????""? ?????? ???????? ???????? ??????? ?? ????, ??????? ???? ?????? ???? ?????, ????? ????? ?????? ??????. ???? ??? ????? ????? ???? ???? ??????? ????? ?????? ????? ??????, ?????? ????????? ????????. ?????? ?????? ????? ????? ?? ????????? ???? ?????? ??????? ??? ??????? ??? ????? ???? ????? ???????? ?????? ???? ?????? ?????. ????? ??? ?????? ?? ????? ??? ?????? ?????? ????? ?????? ?? ?????? ????? ????? ??? ??????? ???????, ?????? ?????? ?? ????? ???????? ??????? ?? ?????? ????. ???????? ??????? ????? ???? ???? ???""? (????? ?????? ?????????) ?????? ????? ?????? ??????? ??????? ??????, ??????? ????? ??????? ?????? ???????? ????????? ??????. ?? ??? ????? ?? ?????? ???????? ?????? ?????? ??????."
???? ?????,"???""? ????? ?????? ??? ????",
???? ????,???? ??? ?????,"???? ??? ???? ??? ?????. ???? ??? ???? ????""? ???? ??? ??????. ????? ???? ????? ???? ?????? ????? ????? ??? ??? ??????? ??????? ??????? ????? ?????. ??????? ????? ???? ???? ???? ??????? ?????? ???? ???????? ???? ?????? ???????? ????? ?????? ?????????, ?????? ??????? ????? ?????? ?????, ??????? ??? ?????? ?????? ?????? ??????. ???? ???, ???? ?????? ?????? ?????? ???? ???????? ????? ????? ???? ?????? ?????? ?????? ??????? ???????? ?????? ?????? ???? ?? ????? ?????? ???????? ?????? ???????? ???? ?? ????? ??? ???? ???????? ?????? ?????? ???? ?????? ?????? ???????? ?????? ?????? ??????. ?????? ???????? ???? ???? ????? ??????? ????? ????? ?????? ????? ???? ?? ???? ???? ????? ???????? ?????."
???? ????,"??? ???? ????????, ????? ??????? ????? ?????? ????????","???? ???? ??? ??? ???? ???????? ????? ??????? ????? ?????? ????????. ??? ???? ?????? ??? ??? ???? ?????? ?? ?????? ???? ???????, ???? ??????? ??????? ????? ????? ?????? ???????? ???????? ??????? ??????, ??? ????? ???????? ?????? ??????  ????? ?????? ???????? ?? ????. ??? ???? ????? ???? ?? ?????? ?????? ?????? ???????? ?? ?????. 

???? ?? ???? ????? ????? ?????""??? ????????? ?????? ??????? ????? ???? ??? ???????? ?????? ?????? ???? ????? ??????. ????? ???? ?????? ???? ????? ??????? ????? ???? ?????? ??????? ????? ????? ??????? ?????? ?? ???? ??????, ????? ??? ?????? ?????? ????? ????? ?????? ????????, ????? ??????? ?????? ??????, ????? ????? ???????, ????? ???? ????? ????????? ??????. ???? ?? ????? ?????? ????? ????? ?????? ?????, ???????? ?????? ???????? ????? ???????, ??? ??""? ??? ???? ?????? ????? ????? ?? ??????? ????. ????? ?????? ????? ???? ?????? ???????? ??????? ????? ????? ???? ?????? 2030, ???? ?????? ?????, ????. 

???? ???? ???? ????? ???? (MBA) ?????? ????? ???????????? ??????, ????? ?????? ?????? ???? ???? ???????? ??????? ??????? ??????????? ???????, ??? ????? ?????? ???????? ??????? ?????? ?? ??? ????? ?????? ????. ???? ????? ????? ????? ???????? ?? ?????? ????????."
???? ???,"????""? ????? ?????? 2B","???? ??? ????""??? ????? ?????? 2B : 
- ????""??? ????? ???? ??? ????? 2b.vc
- ????????? ?????? ?????????
- ????""??? ????? ?????? 2b ??????, 
???? ?? ???? ?????? ?????? ??? ??? ( ?????) ?????????? ?????? ?? ??? ?????? ??????? ?????? ??? ???.
???? ?????, ???? ????? ????? ?????."
??-??? ???,"????? ??? ?????? ????????? ????????, ????? ?????? ???","??""?, ????? ????? ??? 25 ???? 
????? ???????? ????? ?? ????????? ??????? ???????? ??????? ??????? 
??? ????? ?? ??? ?????? ????????? ???????? ?? ????? ?????? ???, ?-6 ????. ????? ?????? ????, ????? ????????, ????? ??????? ??? ??? ????? ???? ?????? ?????.
??????? ?????, ????? ?????? ????? ???? ??????? ??????, ????? ?????, ??????? ????? ?????? ?????? ?????."
???? ????,"????""??? ??????, ????? LEAD","???? ??? ????""??? ??????? ?????? LEAD ?????? ???????. ???? ???, ??? ????? 2014-2024 ????? ???? ???????? ????? ?????? '????', ??????: ????? ???? ????? ?????? ????? ????? ??????; ????? ????? ??????? ?????? ????? ?????? ?? ??????; ????? ?????? ???????? ?????; ?????? ?????? ?? ????? ?????? ?? ???? ?? ???? ???????. 

???? ????? ?? ?????? ????? ????? ???? ?????? ?????? ?? ????? “??”?-????? ?????”. ??? ???? ??? ???? ????? ????? ????? ?????? ?????? ?????? ?? ????? ????????? ??????? ?????? ????? ?????? ????? ????? ??? ???????.

?????? ??????? ??????????? ???? ????? ????? ??? ???? ?????? '??????' – ????? ????? ??? ?? ??????? ???????? ????? ???????; ????""??? ????? ?????? ???? ???? ?????? ?? ?????; ?????? ??? ????? ????? ??????."
??? ????,"????""? ????? ??? ???","?????? ??? ????""? ????? ??? ???. ???? ?? ???? ????? ?????? ?????? ?????????, ???????? ?????? ????? ????? ??????. ?????? ?????? ??? ????? ?? ????? ???????? ????? ???? ?????? ???????, ????? ??????. ???? ??? ???? ????""? ??? ????? ???? ???? ??????? ???? ?????? ????? ??????. ???? ??? ??? ????? ?????? ???? ???? ????? ?? ?????? ???? ????? ??????? ??? ????? ?? ?????? ????? ?????? ???? ????? ?????? ?????? ?? ???? ?????? ?????? ???? ?????. ???? ??? ???? ????? ?????? ????? ????? ???????? ????? ?? ????? ??? ???????? ???""? ????????. ?? ???? ???, ??? ?? ????, ?????? ????? ???????? ??? ???? ?-21 ????? ?????? ????? ??? ???? ??????? ?????."
???? ???,??? ?????? ??????? ????? ??????,"???? ??? ??? ?????? ??????? ????? ?????? ???? 2018. ??? ?????? ?????? ??? ????? ????? ????? ??????? ???? ?? ????? ???? ?? ?????? ???????? ???? ????? ?????? ?????? ????? ???????? ????????. ???? ??? ??? ????? ????""? ?? ?????? ??????? ???????, ??????? ??? ???? ?? ???? ??""? ????? ?????? ?? ????? ????? ?????."
???? ???,"???? ?????? ?????? ????????, ??????, ?????? ???? ????????","???? ??? ????? ?????? ?????? ?? ????? ????? ??? ???? 2020. ?????? ??????, ??? ?????? ?? ????? ??? ?????? ????? ?? ????? ????? ??? ??????. ????? ??-170 ????? ????? ???????? ???? ?-200 ?????? ???????? ?????? ???????? ??? ??? ????? ?????? ????? ?? ????? ????? ???? ????, ???? ?? ??????? ?????? ?????? ??????? ??????? ???? ?????? ??????. ??????? ????? ??? ????? ???? ???? ?????? ???? ???? ????? ????? ?? ??? ?????? ?????? ????? ????????? ?? ???? ?""? ????? ?""? ????? ????? ????? ?????? ?????? ??????? ??? ????? ?? ?????? ??????? ?????. ???? ??? ??? ????? ????? ???? ?????? ???? ????? ????????."
??? ???-????,???? ???????? ????? ???? ?????????? ??? ???,"??? ???  ???? ????""??? ??? ???. ???? ?? ????? ???? ??? ???? ?????? ?????? ????? ??? ?????? ?? ??? 2022. ???? ????? ????? ???? ????? (???? ??????? ????? ???-???????) ???? ???? ????? ????? ??? ??????. ??? ??? ????? ??? ?????? ????? ?????? ???? ????? ???? ????, ????? ??????. ?? ???????? ?? ???? ??? ?????? ?? ???? ?????? ??????? ???? ???????? ?????? ????? ????. ???? ??? ??? ????? ?? ????? ????? (COO) ?? ?????-?? ????? ?? ?????????? ?????? ????????? – University of the People ??? ????. ?????, ??? ????? ????? ?????? ????? ?????? ???? ???????. ?? ?????? ????? ????? ??? ?????? ????? ?????? ????? ???? ??""???? ????? ?????? ????."
????? ????,"???""? ???? ?????","??? ?????? ???""? ?2010 ???? ????? ?????? ????? ???????. ??? ???? ?? ???? ????? ?????? ?????? ???????? ???? ????? ?????? ???? ???????. ???? ????? ??? ????? ????? ?????? ????? ????? ???????? ?????? ???? ???? ????? ?????? ????? ???????. ??????, ???? ????? ?????? ???? GARPO ????? ??? ??? ???? ?????? ????? ??????. ??? ???? ????? ??????? ???? ?????, ?????? ???? ????? ???? ?????? ?????? ????? ?? ???."
???? ?????????,"???""? ????? ????","???? ???? ????""? ????? ????. ??? ???? ????? ??????? ???????? ?? ???? ??? - ????? ????? ?????? ??????? ?-STEM ????? ??????? ????. ????? ???? ???? ??? ???""? ???? ?????? ???? ???? ???? ????? ?? ?????? ???? ????? ????????, ?????? ?????, ????? ??? ????? ?????, ??""? ??? ??????? ??????, ????? ?????, ????? ????? ?????? ????? ???????? ?????. ???? ??? ???""? ???? - ????? ????? ?????  ????? ?-800 ?????? ?? ????? ?????? ???????, ???????, ???""?, ?????? ??????? ??? ????. ????? ?? ??????? ??????, ?? ?????? ????? ??????? ??????? ??????? ?????? ?????? ????????. ????? ????? ???? ?????? ???????? ??????? ????? ???""? ??????? (??? ?????) ??? ?????. ???? ???? ??? ??? ???? ???????? ??????? ?????; ????? ???????- ???????, ??? ????""? ??? ?????, ???? ??? ??????."
???? ??????,"????""??? ??????? ????? HOT","???? ??? ????""??? ??????? ????? HOT. ??? ????? ????? HOT ??? ??? 2009 ????? 2014 ??? ???? ?????, ????""??? ???????? ?? ????? ?????""??? ??????? ??????? ?? ??????. ?????? ?????? ??? ?????? ?? ??? ????? ?????? ??? ????? ??????, ????? ??????, ????? ???????? ??????. ?????, ??? ????? ???""? ????? ????, ????? ????? ?? ?????? ?????? ?????? ??????? ????????, ??? ?????????? ????? PHI ??????? ?? ????? ?????? ?? ??????. ???? ????? ??? ???? ?????? ????? ???????."
???? ????,"?????-???? ????""? ????? ???","???? ????, ???????? ?? ????? ??? ?????? ???? 2002, ???? ???? ????""? ??????.

???? ???? ???? ??? ????? ??? ?????? ????? ????? ??????? ????? ????, ??? ???? ???? ?? ???? ???? ?-5 ?????? ?????? ???????? ?????? ??????? ??????. 

???? ??????? ??? ???? ?? ????? ???? ??????, ????? ??? ??????? ?????? ?-50,000 ????? ???? ??????, ????? 8 ??????? ????? ?- 34 ?????? ????????, ????? ??????? ??? 60 ???????, ??????, ??? ?????, ???????? ????????. 

???? ??? ????? ??????? ???? ""????? 2048 – ???? ?????"" ?????? ?????? ??????? ?????? ?? ????? ?????. ????  ???? ????""?  ""????? ????"" ?? ???? ?????????? ??????? ???? ?????? ????? ??????? ???? ????? ?????. 
????? ?????? ????""? , ????? ????? ??? ?? ??? ??? ?????? ??????? ??????, ??? ????? ?????? ?? ????? ?? ????? ??? ????? ??????? ???????, ??? ???? ???? ?? ???? ?????, ????? ??? ???? ???? ?????? ??? ???? ???? ???? ?-100 ???????? ?? ????????? .

????? ??? ??????? ?? ???? ????? 20 ???? ?????? ????? 18 ?????? ?????, ?????? ???? ??????? ????????? ?????? ???????, ?????, ??????, ?????? ???????? ??-70 ??????? ???????? – ??????? ?????? ?? ?????.
?????? ????? ???, ???? ???? ?? ???? ????? ?????? ????????? ????? ????? ??? ???? ??????? ""???? ????"".
???? ?????? ??? ????? ?????? ??? ?- 90 ???????? ?????? ???? ?????? ????? ?? ???? ??????? ?????.
????""? ????? ???, ???? ???? ?????? ????? ?????? ???? ?? ??? ?-2 ??????? ? 
?????, ???? ?????? ????? ?? ?????? ?????, ???? ??? ????? ???????? ????? ???
?????? ??????? ""?????,"" ??""? ????? ????, ??????? ""????? ????"" ????? ??""? ????? ?? ????? ""?? ???"" – ????? ???? ?????? ???? ????? ?""??? ???."""
????? ?????? ????,"????? ??? ?????, ????? ??????? ??? ????","???? ?????? ???? ????? ?? ????? ??? ????? ????????. ??? ????? ????? ?????? ???? ?????? ????? ?????? ???, ??????? ????? ?????? ????? ?? ???? ????? ???? ????? ????' ??????? ???? ????', ?????? ?????????? ???""? ???? ??????? ??????. ?????, ???? ????? ??????? ????? ???? ?? ??? ???? ?????? ?????? ????????."
??? ?????,????? ?????? ????? ?????? ?????,"??? ??? ????? ?????? ????? ?????? ?????, ?????? ????? ?? ????? ?????? ?????? ?-TikTok. ???? ?? ????? ?????? ?? ????? ???? ???? ??????? ?????, ???????? ????? ????? ??? ???? ???? ?????? ???? ????? ????? ???? ???????? ?????? ??????? ???????. ??? ????? ?????? ?? ???? ?????? ????? ????????? ?? ????? ??????? ????????, ??? ???? ?????? ?? ????? ????????? ????????????? ????????? ?????? ???? ????? ????????. ??? ???? ???? ?????? ?? ????? ????????? ??? ?????? ???????? ?????? ????? ???????? ??????, ?????? ???????? ?????? ????? ?????? ???? ????? ???? ???????? ?????????? ????? ???????? ??????."
??? ????,"???? ??? ??????, ?????? ???? ????","??? ???? ???? ?????? ?????? ???, ??? ??? ???? ???? ?????? (???""? ?????? ???????) ???????? ???????? ???????? ???""? ????? ?????? ???????? ????? (""????? ???"" ?????? ????). ???????? ??????? ??? ???? ????? ??????? ???????? ??????, ???""? ???? ????? ???? ??? ????? ???? 18 ???, ??? ????? ??????, ?????? ??????? ??????? ????, ???""? ????? ?? ??????? ??????? ??-JCC ?????-???? ????????? ????""? ??? ????? ????""? ????."
????? ????,"???""? ???? ???? ??????","??? ?????? 2022 ????? ???? ????""? ???? ???? ???? ?????? - ???? ??????? ?? ????? ???? ????. ???? ?? ???? ?????""? ???? ??? ??????, ??? ????? ?????? ????? ???? ????? ????? ?? ?????? ?????. ?????? ?????? ????? ???????? ???? ???? ??? ?????? ?????? ??????? ?????, ????? ?? ????? ????? ?????? ?? ??????? ???????? ?????? ????? ?????? ?????? ???? ??? ?????? ?? ????? ???????? ? ?????? ????? ??????. ?????, ????? ??????? ??????? ?????? ?????? ???????, ????? ???? ??????? ?????. ???? ???? ????? ????? ?????? ??? ??????? ???? ???""? ????? ????? ???? ????."
?? ???????,"???""? ??? ????","?? ??? ???""? ??? ????. ??????? ????? ???? ????""? ???? ?????? ???????, ????? ?? ????""? ????? ????""??? (??""?) ?????? ?-180 ???""??? ????? ???? ?????? ??? ?? ???????? ?????? ???? ???, ???? ??????????. ???? ??? ???? ????? ??????? ?? ????? ????? ?????? ????? ?????? ????? ??? ??? ???? ?????????, ??????? ????????? ?????? ??????, ?????? ?????? ??????. ???? ?? ??? ???? ????""? ?????! - ????? ??????? ?????? ?????, ?????? ?? ?-3,000 ??? ???? ??????? ??????? ????? ?? ??? ???? ??????? ???????? ?????? ????????. ?? ?????? ????? ???? ?? ????? ?????? ?????? ?????? ????? ???? ??""? ????? ??""?, ?? ??? ????????."
??? ??????,???? ??? ???? ?????? ??? ????? - ???? ?????? ????? ????,"??? ?????? ??? ?? ???? ???????? ???? ????? ???? 2009 ???? ?????? ?????? ?????? ????? ???? ???? ?????? ????? ????? ??? ???? ???? ?????? ???? ??????. ???, ???? ?????? ?? ????? ??????? ?????? ???????? ?? ???? ??????? ??????? ??. ?????, ????? ??????? ????????? ???? ????? ????? ?????? ?????? ?? ???? ????? ????? ????????? ????. ??????, ??? ???? ???? ?????? ?? ?????? ??????? ?? ????? ?? ????? ???? ?????? ??? ???? ????? ????? ?????? ????? ???????, ????? ?????? ????. ??? ??????? ???? ????? ??? ???? ??? ??? 2013 ???? ????? ????? ????. ???? 2019 ???? ??? ???? ????? ???? ?????? ??????."
?? ???????,"???? ??????? ????, ???? ???????? ?????? ????? ??????? ?????","?? ???? 2024 ???? ?? ????? ????? ???? ?????? ??????? ????????, ????? ?? ????? ?????? ?????? ??????? ??? ????? ?????? ?? ?? ???? ???? ?????? ??????. ???? ??? ???? ??? ????? ????? ??????? ????? ????? ??? ??? ????? ??????, ????? ????? ?? ????? ?????? ??????? ???????? ????. ????? 2013-2016 ??? ???? ????? ??? ??????. ??? ?? ???? ????? ????? ?????? ?????? ????????? ?????? ????? ???????? ???? ???? ???? ????? ?""? ?????? ??? ????."
?????? ????,"????? ????""??? ????","????? ????""??? ?? ???? ?????? ??????? ????? ?????? GoUP - ?????? ???? ?????? ??????? ????????? ?????? ???? ?????? ????? ???????? ??????? ????. ????? ??????? ?????????, ????? ?? ?????? ???????, ????? ?????, ????? ?????? ??????? ??????. 

?????? ?????? ??????? ????? ???? ??????, ?????? ????? ?? ???? ?????? ??????? ?? ?? ??? ?????? ?????? ????????? ?????, ??? ???? ????? ?????? ???????? ?????? ?? ???? ???? ??????? ?????? ???? ?????? ????? ???????? ???????, ?????? ?? ????? ??????."
???? ???,"???""? ?????, ShipIn.ai","???? ??? ???""? ????? ShipIn.ai. ??????? ????? ???? ?? ???? ????? ????? ?? ??????? - ???? ?????-?? ????? ????? ?????? ??? ??????? ???????? ????????. ???? ??? ??? ???? ?????""? ????? ???""? ?? ??????????? - ???? ???? ?????? ?????? ????? ?????. ??? ???? ????? ????????? ?? Portland Trust ?????? - ??? ?????? ????? ???? ?? ????? ???? ???? ??????? ?????? ??? ????? ????? ????? ???????? ?????? ?????? ????????-??????? ??????. ?????, ??? ??? ????? ????? ?? ???? ????? ????????-????????. ???? ??? ?? -??? ????' ????? ???? ???. ???? ?????? ????? ??? ???? ???? ????? ?? ??? ????? ????. ?????? ???? ???? ??? ??????? ????? ??????? ????? ???? ????? ??? ????? ?????? ????? ???? ????? ??? ????? ?????????? ????????? ?? ????? ????. ???? ??? ?????? ?????? ??? ???? ????? ????? ???, ??? ???? ????? ?????? ???????? ???? 2005."
????? ????,???? ????? ????? ???? ?????? ???? ????? ??????? ?????? ?????,"????? ??? ???? ????? ????? ???? ?????? ????? ?????? ??????? ?????? ????? ??? ???? 2019. ?????? ?????? ??? ????? ?? ?????, ????? ?????? ?????? ?????? ??????? ??? ????? ??????? ?? ?????? ??????? ????? ??????, ?????? ?? ????? ???????? ??????? ??????? ??????? ?? ??? ????? ?? ??? ??? ????? ??? ?????? ???????. ???? 2020 ????? ?? ???? ????? ??????? ???? ??????? ????? ?????."
???? ??????,????? ??? ????? ????? ??????,"???? ??? ????? ????? ??????? ????? ????. ??????? ????? ????? ????? ????? ???????, ???? ?????? ?????? ?????????? ???? ???????. ??? ???? ?????? ?? ?????? ??? ????? ??????, ??? ?????? ?????? ????? ????-?? ?????? ?????? ????? ????? ???????? ??????? ???????, ??????? ??????????. ????? ????? ????? ?????? ??????????, ?????? ??????? ??????, ????? ????? ????? ??????? ???????? ??????? ???????. ?????? ?????? ??? ?????? ?? ????? ??????????? ?????? ??????? ?????? ???? ?????? ???? ???????, ??????? ????? ?? ????? ???????? ?????? ?????? ????? ??'???? ????? ????? ?????? ?? ???? ???????? ????? ??????? ???????? ????? ??? ?????? ??????? ??????? ???????? ?????????."
??? ??????,?????? ?????? ?????? ?? ?????? ???????? - ??????,"??? ?????????? ??????? ????? ?????? ?????? ?????? ?? ?????? ??? ???????. ????? ????? ?????? ????????? ?? ????? ??????? ?????  ?????? ??? ?????. ???? ???????: ????? ????, ????? ???????,  immunity to change, ????? ?????, ????? ???? ???? ???????. ??????. 
???? ????? ?????  ?????? ?????????? ????? ?? ???? ??????, ????? ??? ?????????? ?????? ?????  ?? ???????? ???????????? ???????? ??????? ????????. 
???? ???? ????? ??????????? ?? - ????. ???? ?? ?????  caring leadership . ????? ?????? ????? ??????? ?????? ?????? ??  ?????? ??????????? ?????????' ???????."
????? ??? ????,"??? ???? ??? ??""? ??????? ???","????? ??? ??? ???? ??? ??""? ???? ??? ???? 2020. ?????? ?????? ??? ????? ?? ???? ?????? ??????? ???? ?????? ?? ????""? ????? ????? ???? ?????? ???? ?????? ?????? ??????? ?????? ??????? ?????? ??????. ????? 2020-2014 ????? ??? ?????? ???? ?????? ????????."
???? ???????,"????? ???? ???? ????? ????""???","???? ??? ????? ???? ???? ????? ????""??? ??? ??? 2018. ?????? ?????? ??? ?????? ?? ?????? ??????? ?? ???""??? ???????? ????? ???????? ?????? ????""??? ????? ???, ?????? ???? ??????, ???? ????? ????? ?????? ?? ??????. ??? ????? ????? ????""??? ??? ??? 1994, ????? ?????? ???? ?????? ?????? ?? ?????? ????""??? ??? ????""??? ?????? ?? ???? 2003 ??? ???? ?????? ?????? ??????? ?? ???? ???? ?????? ?? ??? ""???? ????? ???"" ???? ?????? ??????. ???? 2005 ????? ?????? ?????? ???? ???? ???? ????, ????? ????? ???? ????? ????? ?????, ?????? ???? ???????? ??????? ????? ????? ?????? ???????? ??????? ????? ??????? ??????? ?? ?????. ????? ???? ???????? ?? ???? ????? ?????? ???????? ??????? ?????? ?? ?????? ???????? ?????? ??????. ?????? ?? ????? ?? ?????? ""???? ????"" ?????? ?????? ????? ?? ?????? ?????? ??????? ?????? ??."
??? ????,????? ???????? ????????? ??????,"??? ????? ?????? ???????? ????????? ??????. ??????? ????? ????? ????? ???? ???? ?????? ???? ????""? ????? ?????. ?????? ?????? ??, ????? ?????? ?? ????? ????? ?? ????? ?????? ????? ?????, ???? ???? ????????? ???????, ????? ????? ?????? ?????? ??????. ??? ????? ??? ?? ??????? ??????? ??????? ?????? ????? ??????? ??????? ?????? ?? ??????. ??????? ?????, ??? ????? ???? ????? ?????? ???? ????""? ??????? ?? ???? ???? ??????? ?????? ????? ??? ?????? ??????? ??????? ????? ??????? ?? ????? ?????? ?????. ?????, ????? ?????? ?? ?????? ?????? ??????? ????? ??????. ?????? ?????? ????? ??? ????? ??""??? ????? ?? ????? ????""? ????."
??? ????? ?????,"??? ?????? ????, ????? ????, ?""???. ??-?????? ??? ?????? ???? ??????, ??? ????. ??? ???? ????, ???. ???? ????? ???""?","???? ??? ??? ????? ????? ????? ???? ???? ????? ?? ???? ?????? ????? ????. ??? ?""???, ????? ????? ?????, ????? ???? ????? ????? ????? ??????? ???? ??????? ????? ????. ??? ??? ???????? ?? ???? ??? ?????? ???? ??????? ?????? ?????, ???? ?????? ???? ???????? ??????? ??????? ????????? ??? ???????? ?? ????? ??????, ????????? ?????? ???-?????."
????? ?????,"????? ???? ??""? ?????","????? ??? ????? ?????? ???""? ??? ??? ????? ?????? ????? ????? ?????? ??? ????? ??????? ?????? ?????. ???????? ??????? ????? ????? ????? ?????? ????? ???? ?????? ?????? ?????? ?????? ????""? ???? ???????. ?????: ????? ????? ???? ?', ?????? ?????? ?????? ?????? ?????, ???? ???? ??? ??????? ?????? ??????????? ??????? ????? ??? ????? ????? ??????????? ?? ????."
???? ??????,"???""? ???? ????? ?????? ??????? ?????? ????????",
???? ???,"????? ??? ??""? ??????? ?????, ????? ????? ????? ????? ??????","???? ????? ?? ??? ??""? ??????? ????? ?????? ?? ??????? ????????? ?????????? ?? ????? ????? ??????. ??? ????? ????? ????? ???? ???? ??????-???? ?????? ???????? ??????? ???? ?? ???? ?????? ????? ?????? ?? ????? ?? ??????, ?????? ??? ????????. ??? ?? ?????? ?????? ?????? ?????? ????????? ?????????? ??????? ??????? ??? ?????? ?????. ???? ????? ???? ??????, ????? ??????????."
??? ???,"??""? ????? ?????? ?????? ?????? ??????? ????? ?????","??? ??? ??""? ????? ?????? ?????? ?????? ??????? ????? ?????. ??????? ????? ???? ?? ???? ????? ?? ????? ???????? ???????. ???? ?? ???? ????""? ?????? ?????? ??? ?????, ??????? ?????? ??? ????? ?? ????? ??????? ??? ?????? ????? ????? ?????? ???????. ??? ??? ????? ?? ????? ?????? ???????? ?????? ????? ?? ??????? ??? ????? ??? ????? ????? ???? ????? ???, ???? ?? ??????? ??? ????, ???? ????? ?????? ???? ?????? ???? ????? ?? ????? ????? ?????? ???????? ??? ???? ??????. ??? ?? ???? ?? ????? ?????? ??????, ???? ???? ???? ?????? ???? ????? ?? ?? ??????? ???????? ??????? ?????? ????. ??? ??? ??? ???? ?? ?????? ??? ?? ?????? ???????? ????? ?????? ????? ?? ????? ??? ??? ??????."
???? ???,"??? ??? ?????? ""????? ?????""- ??????????? ????? ?????? ???? ???? ???? ?????","???? ??? ???? ????????, ????? ???? ????? ?? ???? ?????, ?????? ?? ????? 94 ?????? ??????? ????? ????? ??????? ????? ????. ?? ????? ???? ???????? ???? ????? ???? EY ????? ??? ???? ???? ?????? ?????? ????? ?????? ????? ????? ????? ??????? ???????? ????. ????? ????? ?????? ???? 2021 ????? ??????? ?? ????? ???? ??????? ???????? ????."
??? ???,???? ????? ????. ???? ???? ?????? ?????? ?????,"???? ???? ???????, ??????? ??????. ???? ????? ?????? ??????? ????? ?????? ??????? (????""?) ???? 2017. ??? ??? ??????? ?????? ?""? ??????? ?? ?????????? ?? ???? . 
????? ?????? ??????? ???? ?? ????????????? . ???? ????? ????? ????? ????? ?????? ?? ?????? ????? ????????, ?????? ???????????? ????? ????? ?????.?????? ????? ? 100 ?????? ?????? ????? ???? ????? ???????? ????? ??? ?????? ????? ??????. 
???? ?????? ???? ???????? ?????? ?????. ????? ????? ????? ?? ?????? ????????? ?????? ????? ?????? ??????? ????? ????? ???? ????? ?? ????? ????? ??????? ."
????? ????? ???,"????? ???? ???? ????? ??????, ???? – ?????? ???????? ??????? ????","?? ???? ???????? ?????? ?????? ?? ????? ?????? ??????? ?? ???? ?????, ????? ??????? ????? ????? ????? ????? ??????. ????? ??? ??? ??????? ??? ?? ????, ????? ??? ????? ?????? ????? ??????? ??????? ?????? 18 ????, ????????? ?? ?????? ?????? ??????? ??????? ?? ?????, ?????? ?? ????? ????? ?????? ???? ???? ?????? ??????? ???. ?-5 ????? ???????? ????? ?? ???? ????? ?????, ?????? ????? ????? ????? ???? ?? ?? ????? ?????? ???????, ??? ??? ???? ?????? ??????? ?????, ??? ?? ????? ??????? ??????? ???? ????? ????? ????? ??? ????? ???? ??????? ????? ?????????? ?????. ?????? ?????? ?????? ?? ?????? ???????? ?? ??????? ???, ??? ???? ???????  ?????? ????? ?????? ????? ?????? ????, ??? ?????? ????? ?? ?????? ??????."
??? ???,"???? ???? ?????, ????? ?????? ??? ????","???? ???????, ???? ??? ????? ???????? ???????. ???? ????? ???? ???????? ?? ????? ???? ?? ????? ?????? ??? ????. ???? ???? ?? ????? ??? ????? ??????? ?? ????? ???????, ????????? ???????? ????????? ??????, ????? ??????? ?????? ??????? ?? ??? ??????. ????? ??? ??? ?????? ?????? ??????? ?????? ?????? ???? ???? ???????? ?????? ???????? ?????? ????????."
????? ??????,"????? ??? ????, ???? ????, ???? ?????? ???????? ??????","????? ???????? ?????? ????? ??? ????  ????? ?????? ??????? ??????.?????? ?? ????? ?????? ?-12 ?????? ??""? ????? ???????,
????? ??? ?? ?????? ??? ??? ?? ??????? ???????? ????????? ?????? ???????,????? ?????? ?????,????? ????? ?????? ??????? ?????? ??? ????????? ??????.
???? ????????? ???????? ?????? ?????? ???????,???????,??????,???????,?????? ???????, ??? ??????? ?????? 
? ????? ???????? ?????? ??""?,???? ????? ?? ??????? , ????? ??? ????? ,????? ?????? ?? ????? 360 ?????? ????? ?????? ??????? ?-5 ????? ????? ????? ????? ??? . ???????? ?????? ""????"" ??? ????? ????? .
???? ?????? ?????? ????? ?? ?????? ?????????? ????? , ?????? ???? ????? ??? ???????? ???? ,???????  ???????????? ??????? ?? ???????, ?????? ?????? ?????? ?????? ""???? ?????????? ?? ???????? ??????? ?????????? ???????."
???? ?'?????,"????? ????""? Botanima Organics -???? ?????? ????? ????? ????""?","???? ??? ?????? ?????""? ?? ???? Botanima Organics ?????? ??????? ?????? ??????? ????? ?????? ????? ?????? ?????. ??? ??? ????? ????? ?????? ?????? ?????, ??? ???? ?????????? ?????? ???????? ?????. ????? ???????? ???? ????? ?????? ???? ???? ?? ?? ?'???? ????? ?? ?????-???? ??? ??."
??? ?'???????,"????""??? ????????? ????? ?????? ????","??? ??? ????""??? ????????? ????? ?????? ????. ???? ???? ??????? ??? ??? - ????? ????????? ???? ?????? ??????? ???? ?????? ??? ????? ??????? ?????? ????? ????? ?????? ???? ?????? ??????? ????????, ?????? ?????? ???????? ???? ??????? ????? ?????? ???????. ??? ?????? ?????? ??????? ???? ????? ????????? ????? ????? ??????? ?????? ??????, ????? ?????? ????? ??? ???????. ????? 2000–2010 ??? ??????? ???????? ????? ?? ?? ?????? ??? ????? ????? ?????? ???????. ?? ???? ???? ?????? - ?????? ??????? ??????? - ???? ????? ?????? ?????? ??? ???????? ?????? ?????? ?????? ???????????."
??? ??????,????? The Builders,"??? ??? ???""? The Builders. ??? ????? ??? ????? ???? ????? ????????? ???????. ??? ???? ?? The Bridge - ????? ????? ??? ??? ????????? ???? ????? ??? ????? ????? ??? ????-????, ?????, ????, NBA, Cartoon Network, CNN, ?????? ??????????? ??????? ?????? ?? ??? ?????? ??? ????? ?????? ?????? ????? ??????? ???? ???? ?????? ???? ????? ????. ??? ??? ???? ?????? ??????? ?????? ?? ????-???? ???????. ??????? ????? ???? ???""? ?? ?????-?? ????? ????, ??????? ?????? ??????? ??? ???? ????? ????? ?????? ????? ????? ??????."
???? ????,??? ????? ??????,"???? ??? ??? ?????, ???? ??? ?????, ???? ?????? ??????. ???? 2008, ???? ?????? ????? ?????? ????? ??? ?? ?????? ????""? ???? ??? ?????? ????????. ?????? ???? ??? ???? ???? ?????? ?? ???? ?????? ????? ????? ???? ???? ?????? ???? ?????? ??????? ???????. ????? ???????? ???? ????? ??????  ?? ??????? ??????? 360 - ?????? ??????? ???-?????? ?????? ?????? ?????? ????? ???? ????? ????? ??????."
??? ???????,???? ????????? ?????? ????,"???? ??? ???? ????????? ?????? ????. ??????? ????? ???? ????? ??? ?????? ?????? ??????? ????? ?????. ?????? ????? ?? ??? ????? ???? ?????? ?????? ?????? ??????? ?????? ???????? ??????? ????????. ???? ??? ???? ????""? ?????? ??????? ??? ??. ???? ??? ???? ?? ??????? ????? ??????? ???????? ????? ?-BOT ???? ???? ????? ????? ?????, ????? ????""? ???? ?????. ??????? ????? ??? ???? ???? ???? ?????? ????? ??? ???? ????? ??""? ???? ????????."
?????? ?? ???,"Head of Brand, Melio","?????? ??? ????????, ????? ?????? ????? ?? ??? Tech12 ?""???"". ???? ???? ?? ????? ??? ????? ?? ?????? ????? ??? ???? ???? ??????? ???????. ?????, ????? ?????? ?? ????? ????? ????? ????? ?????? ???????. ?????? ?????? ?????? ??? ????? ??????? ?? ?????? ???????? ??????, ??? ????? ?????? ???????, ??????? ???? ?????? ?????? ??????? ??? ?????? ????, ??????? ?????? ?? ?????????."
???? ???,????? ?????? ??? ????,"???? ???? ????""? ????? ?????? ?'??'????. ???? ?? ??? ???""? ?????? ??? ???, ??? ??? ?? ???? ?????""? ????? ???????, ????""? ??????? ??""? ???""??? ???????. ???? ???? ???? ?????? ????????, ????? ?????? ??????, ??????? ?????? ????? ???????. ???? ???? ???? ??? ????? ????? ?????? ??????, ????? ?????? ??? ????? ??? ?????? ???? ?????? ????"
????? ?? ????,"??? ??""? ??? ????? ?????? ?????? ???? ?????????? ??""?","??? ??""? ??? ????? ?????? ?????? ?????? ??????, ????? ??? ?????? ???""? ????? ?????? ?????.
??? ?????????? ??""? ???""? ????? ???? ?????? ????? ??? ???""?.
??""? ????? ???? ???? ????? ?????? ??????."
???? ?????,????? ??????? |????| ?????? ????? ??????| ?????? ?????? ?????? ????? ????? ????? ??????? ???????,"???? ????? ??????? ?????? ?????? ????? ????????. ?????????. ?????? ????? ???????, ????? ???????.
 2019-2024  ???""??? ????? - ????? ????? ?????  ????? ??????? ???????? ??????? ??????,  ???? ????????? ?????? ??????? ??????? ???? ??????. ????? ????? ???""? ????? ?? ????? ?????? ??????. ????? ????? ? 66 ?????? ???? ??????.  ???? ??? ??? ????? ?????""??? ?????? ?????? ????""? ????? ??????? ??????? ?????? ?????? ?? ???????????? ????????? ?? ?????? ??? ?????? ???? ""????? ??????"", ????????? ????? ?????? ????? ?-48% ?? ????? ?? ????? ???? ????? ?????.
17 ??? ?????? ???? ????? ?????.
 ???? ????? ??? 35 ??? ????? ??????? ?????? ???? ????? ?????, ??????? ???????.
?????? ??????? ?????
?????? ????? ??????
???? ?????? ?????? ??????? ""??? ???"" ????? ???????."
????? ?????,????? ???? ????? ????? ????? ????? ?????? ????? ???????? ????? ??????? ?????,"????? ??? ????? ???? ????? ????? ????? ?????? ????? ?? ???????? - ??????? ????? ??????? ????? ????? ?? ????? ????? ??????? ???????? ?? ????? ?????? ??? ????? ????? ????? ????? 550. ?????? ?????? ????? ????? ??????? ????? ?????? ?????? ????? ?????? ????? ?????? ????? ?????? ??? ????? ?????? ??????? ?? ???? ????? ?????? ?????? ????? ????? ??????, ??? ????? ????? ?? ??????? ???????? ????? ??????. ????? ??? ????? ???? ????? ???? ?? ??????? ??????? ?????? ????? ?????? ????? ??? ????, ??????? ???? ??? , ??????? ?????? ?????? ?? ??????? ?????? ??????, ??? ????? ????? ??? ??????? ??????? ?????? ??????, ???????? ???? ?????? ????? ?????? ?????."
??? ????? ??????,????? ?? ??? ????? ???????? ??????? ????????,"??? ????? ?? ??? ????? ???????? ??????? ????????. ??????? ????? ????? ?? ???? ??????? ??????? ?? ?????? ??????? ????? ?????, ??????? ?????? ????? ?????? ?? ????? ???? ?????? ????""??? ?? ??????? ????????. ?????, ??? ???? ?????? ?????? ???????? ????? ?????? ???????????, ???? ??????? ??????? ?????? ????? ??, ????? ????? ?? ?????? ??????? ???????? ?????? ?????. ??????? ??????? ??? ????? ????? ?? ?????? ????????? ??????? ????? ?????? ??????? ?????? ?????? ?????? ????? ?????? ?????? ???? ???? ?????? ?????, ????? ?????? ?????? ?????? ??????? ???, ????? ???????? ????? ????? ?????? ?????? ?? ??????? ??????? ????????. ??? ?? ??? ?????  ??????? ?????? ??????? ???? ??????, , ??????? ???????? ??????? ????."
????? ????,"???""??? ???? JOB360, ?'?? 360","????? ??? ???""??? ??????? ????? ????? ???????? ?????? ????????? ?????? ???? ???? ?? ????? ?????? ???????. ?? ?? ?????? ?? ??? ???? ????? ??????? - ????? ????? ????? ?????? ??? ?????? ????. ????? ???? ??????? ????? ???????? - ??????? ????????? ????? ?????? ?????? ???????? ????????? ????????, ?????? ?????? ???????? ?????? ??????? ???????? ????? ??????. ????? ???? ???? ??????? 2022 ????? ??? ????? ??????? ????? ???? ??? ???? ?? ??????? ?? ????? ???? ?????? ?????."
????? ???,"????? ?????, ??? Strait Capital","????? ??? ????? ?????, ??? Strait Capital. ???? ????? ?????? ???? ??? ????? JVP ????? ?? ????? ????? ?????? ????? ??. ?????? ?????? ????? ????? ?????? ?? ????? ?????? ??????????, ?? ????? ?? ?????-???? ??? ????? ?????? ??????. ??? ??, ??? ????? ?????????? ?????? ?????-?? ???? ??????. ???? ??? ??? ????? ??? ????? ????? ?? ?????? ?????? ?????????? ?? ?????? ????? ??????, ??????? ?? ????? ????? ?? ????? ?????? ??? ????? ???? ??????. ????? ????? ?? ???? ???? ????? ???? ???? ????? ?????? ????? ?????? ???????."
????? ???,"????? ???? ?????? ???""? ?????? ????? ????""???","????? ??? ????? ???? ?????? ???""? ?????? ????? ????""???, ????? ????? ?????? ??????? ??????. ?????? ?????? ??? ????? ?? ???? ?????? ????? ?????? ??????, ???? ???? ???????, ????? ?????? ?????? ???????? ????????? ???????? ?????? ????? ????? ?????? ????????. ???? ??? ????? ????? ???? ?????? ?? ???""? ????? ????, ????? ????? ?????? ?????? ???? ?????? ???? ????, ??? ???? ????? ????? ????? (?????????? ????? ?????) ?????? ??? ????."
???? ????,"???? ???? ??""? (?????, ?????, ?????) ?????? ??????? ??????? ?????? ?? ????- ???","???? ???? ?? ???? ??????????, ??? ????, ?????? ???? ?????? ????? ??????? ?? ????, ????? ??????? ???????. ???? ?? ???? ?? HeadSpace ?????, ??? ????? ????? ????? ??????? ???? ????? ???? ?????? ?????? ????? ?? ??? ???? ???????. ??????? ?????, ???? ???? ?? ???? ???????? ??????? ???? ????? ????? ???? ??? ??? 2013. ?????? ???? ?????? ??? ???? ?? ????? ???????, ????? ???? ????? ?????? ????????, ????? ????? ???? ?????? ????? ?????? ????????. ?????? ???? ??? ?????? ??? ???? ?? ??? ????? ??????? ???????? ?????? ????? ???? ????? ???????? ???? ?????? - ???? ????? ????? ??????? ????? ????? ????? ??????. ???????? ??????? ???? ????? ??????? ?????? ???????? ?????????? ?????? ????? ?? ?????? ??????? ?????? ??????."
????? ????,"???""? ???? ?????? ????  (???? ?????? ????? ???? ??????)","????? ??? ???""? ???? ?????? ???? (????? ?????? ????? ???? ??????). ???? ?? ????, ???? ????? ?????? ?????? ??? ???? ?? ???? ?????, ???? ??? ?????? ????????, ????? ?????, ???? ???? ???????? ?????? ???? ?????? ???? ??????????."
??? ????,"???? ???? ?????? ????, ???? ????? ?????? ?????","??? ??? ???????? ????????????. ???? ?? ???? ?????? ???? ????? ????? ??????. ???? ?????? ????? ????? ????? ????, ?????? ?????? ?????? ??????? ?????????."
????? ????,?????? ????? ?????? ?????,"????? ???? ??????? ????? ?????? ????? ?????? ?????. ?????? ?????? ????????? ?????? ??  7 ????? ????? ?????? ?????.  
???? ?????, ???? ???????? ????????? ??????: ????? ???????? ???? ?????, ??????? ????? ???? ?????? ??? ?????? ???? ????""?. ????? 2021-2016 ??? ???? ?? ????? ????? ????? ????, ??????? ?? ???? ????? ?? ?????? ???????? ?????? ?????? ?????? ???????. ?????? ?????? ?????? ?? 25 ???? ??????? ??????? ????? ?????? ??????? ?????? ?????? ?????? ???????? ?????? ???."
??? ????-?????,????? ????? ????? ?????? ?????? ????? ?????? ??????,"?""? ??? ????-????? ????? ????? ?????? ?????? ????? ????? ????? ?????? ??????. ?????? ?????? ????? ?????? ?? ????? ????? ???-?????, ????? ??????? ??????? ?????? ?????? ?????? ???????. ?????, ??? ????? ?????? ????? ?????? ?????. ????? 2018-2016 ??? ????? ?? ???? ?????? ???? ??????? ?????? ?????, ?????? 2015-2013 ????? ?????? ???""?, ???""? ????? ??????? ?????? ?????? ?????, ???????? ?? ???? ??""? ??????? ????? ????, ???? ?????? ?????? ?????? ?????? ???????. ????? 2013-2012 ????? ????? ?????? ??? - ????? ????? ??????? ?????? 2010-2005 (??????) ????? ????? ????? ???? ???? ???? ??????. ??? ????? ??????? ???? ????? ????, ?????? ?????? ????? ???? ?????? ??????? ????? ????? ??????????? ??????."
???? ??????,"???? ????? ??????? ?? ????, ???? ????? ??????","????? 2024,  ???? ?? ????? ??????? ?? ???? ????? ?????? ??????????? , ??????. 
???? 2023 ???? ?????? ?????? ????? ????? ?????? ??????. ???? 2018, ???? ????? ????? ???? ????? ??????? ?? ???? ???????, ????? ?? ?????? ??????? ?????? ???? ?????? ??????? ????? ????? ?????? ??????? ?????? ????? ????? ???? ????????. ???? 2020-2023 ???? ???? ????? ?????? ?????  ??????? ????? ??????? ??????????? ?? ??????. ?? ?????? ???????? ???????? ???????????? ?????? ??????? ???? ???? ??????? ????? ??????? ??????? ???? ?????? ?????? ?????????, ???? ?????????"
??? ???,"?????? ????????? ????? ??????????? ?????? ???""??? ?????????? ???","??? ??? ?????? ????????? ????? ??????????? ?????? ???""? ?????????? ???. ??????? ????? ?????  ???? ???? ???? ????? ?? ???? ???""? ?????? ?????? ??????. ???? ??? ??? ????? ?????? ?? ?????? ?????????? ??? ?????? ?????? ?????? ?????? ?????????? ??????? ????? ?? ????? ?? ??????? ???? ???? ????? ?????? ???? ?????? ??????? ?????? ??????. ??? ????? ?? ?????? ?? ??????? ??? ????? ?????????????? ???, ?????? ?? ??????????? ?? ???? ????? ???? ??????? ??  ??? ???? ?????? ?? ??????. ?? ??????? ??????????? ??? ???? ??? ???? ??""? ????? ?????? ???? ???? 2010. ??? ?? ??? ????? ?? ??? ???""? ??? ??? ?????? ???? ???????? ???? 2012."
??? ????????,"???? ???? ?? ????? ???""? ????? ??????","??? ???? ????? ???? ?? ?????? ??? ????? ???""? ????? ??????. ?????? ?????? ??? ????? ?? ?????? ???""? ??? ??????? ?????? ???????, ?????, ????? ?????? ?????? ????????. ???? ??? ???""? (???? ??""?) ?? ?????? ?????? ????????? ????? ????? ?? ????? ??? ???? ????? – ??? ??? ??-???? ?????? ?????. ?????? ?? ???? ????? ?????? ??????? ?? ???? ???????? ???? ?????? ??? ????. ??? ?? ???? ?????? ?????? ?????? ?????? ???? ???? ???? ?????? ?????. ?? ???? ???????? ??? ??? ????? ?????? ?????? ????? ?? ?????? ???????? ?????? ?????  ?? ????."
???? ????,"???? ????? ?? ??? ????? ??????? ??? ???, ????? ?????","?""? ???? ???? ??? ???? ????? ?? ??? ????? ??????? ??? ???, ????? ?????. ???? ??? ???? ????? ?????? ?????? ??????? ???? ??????. ??? ??? ????? ??????????? 6 ???????? ??????, ????? ????????? ??????? ?????? ?????? ????? ????? ???? ????? ???? ???. ????? 2021-2020 ???? ?? ????? ??? (????? ????? COVID 19)."
????? ????????,????? ???? ????? ????? ????? ????????,"????? ??? ????? ???? ????? ???? ???????? – ??? ????? ???? ??????? ???????? ??????? ?????? ????? ????, ????? ?? ????? ?????? ?? ????? ???? ??? ??? ????? ?? ??????? ???? ?????? – ?????? ?????? ?????? ??? ??????? ??????? ????? ???????, ??? ?????? ???? ?????? ???????? ???? ?????? ????? ?????? ??????, ?????? ????????. ?????, ??? ??? ???? ?? ??? ?""? ???????, ?? ??? ???? ??????? ??????, ????? ??????? ?????, ????? ???????? ???? ????""? ??????? ?????? ?????? ?????? ???????? ??????. ????? ???? ???? ????' ???""? 157 ?????? ?????."
??? ??????,???? ???????,"??? ??? ???? ??????? ????? ??? ???????. 
????? 2020-2023 ???? ??? ??? ?? ??????? ???? ??? ?? ???????. ???? 2023 ???? ?? ???? ?????? ?? ????? ????? ??????. 
????? 2017-2019 ??? ????????? ?? ????? ???? ???? ?????????? ?? ????? ???????. ????? 2019-2020 ???? ???? ???? ???? ???.
???????? ??? ??????? ????? ????? ??? ??""? ????????? ?????? ??????? ?????. ????? ????? ???? ???? ???????? ????? ?????? ???????."
??? ????? ????,????? ????? ???????? ?????? ???? ???? ????? ????,"???? 2022 ??? ????? ?? ????? ????????. 
??? ???? ????? , ???? ?????? ????? ??????? ???????? ????? ?????? ?????? ?????? ????? ??????? ??????? ????? ?????. 
????? ?????? ????? ?????? ?????? ???? ????????? ??? ????? ???? ????? ??? ????, ????? ????? ?????? ????? ?? ????? ???? ???? ( ???? ???) ???? ??? ????? ???? ??????.
?? ?????? ????? ?????? ????? ????? ???? ?? ?????? , ????? ??? ????? ???? ??? ????? ????????, ????? 2023 ????? ???? ?? ????????. 
??? ????? ??? ?????? ???????? ????? ????? ?????"
????? ????????,???? ??? ????? ??????? ???? ?????,"????? ??? ??? ????? ????? ????? ?????, ??????? ?????? ??? ??????? 24 ??? ??????? ?-87 ?????? ?????, ?????? ????????. ??? ???? ???????? ???????? ???????? ?????? ????????, ?????? ????????, ?????? ???????, ???? ???? ?????? ?????? ??????? ?????. ?????, ??? ????? ?????? ???????? ?????? ?????? ?????, ????? ????? ?????? ??????? ??????? ?????? ?????? ?? ?????? ???????? ?????. ???? ???, ??? ???? ?????? ?????? ????? ????? ??????? ???????? ????? ?????? ?????? ??????? ???? ????? ???????? ????????, ?????? ??????? ???? ???. ?????? ????? ??????? ?????? ????? ???????? ?????????, ???????? ?????? ????? ???????, ??? ???? ?????? ?????? ??????? ???????? ?? ??????? ?????? ?????? ??????? ???? ??????? ?????. ????? ??? ?????? ????? ??????? ?????? ???? ??? ????? - ????? ???? ""???? ??????"" ????? ????? ??? ?? ???? ????? ??? ?????? ?????? ??????."
???? ??????,"????? ?? ?????? ??????, ????? ????? ????? ??????","?????? ?????? ?????? ?? ?????? ?????? ????? ????? ???? ?????? ?? ?????? ??????? ?? ????? ?????? ?????? ??????, ????? ?? ????? ????????? ??????? ??????? ??? ?????? ????? ???????? ?????? ??????? ?????? ??????. ????? ??????? ?? ???? ????????: ????? ???????? - ?????? ??????? ?????? ????? ??????? ??????; ????? ??????? ????????; ????? ?????? ?????? ?? ?????? ????? ?????? ????? ???????? ?????? ?????; ????? ?????? ?? ????? ??????; ????.

???? ???? ???? ???? ??? ???? ?????? ??????? ???? ??? ??????.

????? ????? ????? ???????? ????? ?? ???? ?????? ?????? ????? ????? ????? ???? ??????."
????? ?????,"???? ????""?  ????????? ???? ????","????? ??? ???? ????""? ????????? ???? ????, ???? ??? ????""? ?????? ????? ??? ???? 2016. ???? ??? ???????? ????? ?????? ????? ????? ????? ???? 13 ?????? ??????? ???? ??????. ?????? ?????? ??? ???? ???? ????? ?????? ????? ??????? ??????? ??????????. ???? ??? ???? ???? ???? ???? ????? ????? ????? ?????? ????????? ????? ????? ?????? ????? ????? ???????? ???????? ???? ??????? ??? ????? ??? ???????, ?????? ?????????. ???? ?? ???? ???? ???? ????? ????? ???? ?????? ???? ?????? ???? ?????? (KPMG)."
??? ??? ????,"????? ?? ????""? ??? ?????, ???""? ?????? ???????","???  ????? ?? ????""? ??? ?????, ???""? ?????? ???????. ??? ???? ?? ???? ????? ???""? ?????? ?????? ????? ????? ???????, ?????? ???????? ?????? ?? ???""? , ??? ??? ???? ????? ?????? ??????? ??????, ???? ?????? ??""? ????? ????? ???????. ???? ??? ???? ?? ????? ????? ?????? ??? ????? ???? ????? ????""? ?????? ?????? ????? ?? ????? ?????? ??? ?????."
??? ????,"???""? ???? ???? ???? ???????? ??????? ??????","???? ???""? ???? ???? ???? ???????? ??????? ??????. 
??? ?????? ????? ????-???? ?? ?????? ??????? ??????? ?????? ??????. ?????? ?????? ????? ????? ?????? ?? ?????? ??????? ?????? ??????? ?????????, ?????, ?????? ??????? ??????? ?????? ?????? ?????? ?????. ???? 2006 ?????? ?????? ??????? ???????? ????? ???????. ????? 2014–2019 ?????""? ???? ???? ????? ????? ??????? ?????? ????? ???????, ????? 2019 ?? 2022 ?????""? ???? ???? ????? ????????, ????? ?????, ???? ???????? ????? ?????? ???????? ??????."
???? ?????,???? ?????? ????? ?????? ?????? ?????? ??????? ???,"???? ??? ????? ??????? ?????? ?? ????? ?????? ??????? ??? ?????? ?? ""????? ????"" - ??????? ??????? ?? ??? 11 ???? ??? ?', ???? ??? ????? ???? ?????? ???? ????? ??""?. ??????? ?????? ???? ???? ?????? ??? ??????? ?????."
????? ????????,"????""??? ?????? ???? ??????? ?-ICL","????? ??? ?????? ????? ?????????? ????? ???????. ??? ?????? ????? ?????????, ????? ?1000 ??????? ??????? ????? ?????, ??????? ???????? ??????????? ????????, ???? ?- AI ??? ?? ???????? ?????? ????????? ?????? ????. ????? ??????? ??? ?? ????? ?? ???? ???????? ????? ?? ????? ?????? ???? ??????? ?? ????? (Amdocs Ventures)."
???? ???,"????? ????? ????? ????? ??????? ?????, ??? ??????? ????, ???? ???????","???? ???? ???????? ??? ????? ????? ??????? ????? ?????? ???????? ?????? ????""? ????? ???????.
???? ????? 13 ??? ????? ?????? ????? ?????.
?????? ?? ???? ?????? ??""? ?????? ?? ????? ?? ????? ???????. ?????? ???? ?????, ?????? ??????? 3 ?????? ??????? ?? ???? ?????? ?????? ?????, ??????? ????, ???????? ?????? ??????.
????? ???? ???? ???, ????? ?????? '??? ????' ?????? ????????. ????????- ????? ?????? ?? ?????? ?????? ??? ??? ????? ?????? ?? ???? ??????, ????? ????? ???? ?? ????? ?????????, ??? ??????? ??? ???? ?? ???? ????? ?? ????? ?????? ?????? ????- ?????, ?????, ???? ?????, ???????? ????.
???? ????? ?????? ????. ????? ????? ?'?? ???', ???? ?????? ?????? ?????? ??????, ??????? ????? ?? '???? ??""?' ????? ????? ?? ?????? ?????? ??????? ??? ?????? ??????, ?????? 2 ?????? ?2 ??????, ????? ????? ?? ?????? ??????? ???? ?????? ?? '????? ????? ?????', ?? ?????? ??? ????? ?????? ?? ????? ?????? ?????? ??????? ??????? ??????? ?? ?????? ??????, ?????? ???????.
????? ??? ?? ?????? ???????? ???""?."
??? ????,"????? ???? ????? ??????? ???????, ???? ???????","??? ???? 2022 ????? ????? ??????? ????? ???????. ??? ????? ????? ????? ???? ?????? ?? ?????? ?????? ?????? ??????? ????? ????? ?????? ???????, ?????- ????? ??? ?????? ?????? ???? ?????? ??????? ???""?.
???? ?????? ????? ??????? ????? 20 ???? ????? ??? ??????? ???? ????? ????????. ?????? ???? - ????? ??????? ???? ?????? ??????? ???? ????? ?????? ???? ???. ??????? ?????? ????? ???? ????? ??? ????? ??????.
??? ???? ???' ?????? ??????? ??????? ???????? ?????? ????? ???""?."
???? ????????,"???""? ?????? ??????? ?????","???? ??? ???""? ?????? ??????? ?????. ?? ?? ???? ????? ??????? ??????? ??????? ???? ????? ??? ???????? ??????? ???????????? ??????. ??? ??""? ????????."
???? ??????,"??? ??? ??????? ????????, ???? ????? ??????","????? ???????? ???? ?? ?????? ?? ???""? ??????, ????? ????? ?? ? 11.5 ??????? ?""? ??? ?? ??? ???? ?????? ????? ??? ???????? ???????. ??""? ?????? ??????, ??? ?????? ?????? ?? ????? ??? ????? ??????? ????? ????? ???? ???????. ??? ???? ???? ???? ???? ????? ??????? ?????? ????? ????? ????? ????????. ????? ???????? ????? ????? ?????? ????? ?? ????? ??????? ????????? ????? ????? ???? ????? ?????? ??????. ???? ???????? ????????? ????? ???; ????? ?? ???? ?????, ????? ?????? ?????, ???????? ????? ??????? ??????? ??????? ????? ????? ????????"
??? ????????,"????? ???? ??? ????? ??? ????? ???????, ????",??? ???? 2020 ??? ????? ?? ???? ??? ????? ??? ????? ??????? ????? ?????? ??????. ???? ?? ???? 6 ???? ??? ???? 2014 ????? ?????? ????? ?????? ?? ???? ????? ????? ?????? ??????. ???? ?? ???? 3 ???? ????? ?????? ????? ????? ?????? ????? ?????. ???? ?????? ????? ??????? ????? 4 ???? ????? ???? ????? ??? ?? ???? ?? ?????? ?? ??????? ??? ?????? ?????.
???? ?????,???? ???? ??,"???? ???? ???? ????? ???? ??? ????? ????? 2025 ????? ???? ??. 
????? ?????? ?????? ????? ???? ???? ?????? ????? ?????????, ??? ???? ????? ????? ?????, ???? ????? ?????, ???? ??? ??????? ?? ???? ????, ??? ???? ????? ??????, ???? ???? ???? ??????? ????? ???? ??? ?????.
?????? ??????? ????? ?????? ????????? ????, ????? ?????? ????? ?? ???? ?????? ??????, ??? ??? ??? ??????? ?????? ????? ?????. ??????? ?????? ???? ?????? ?????? ?? ?????? ????? ?????? ??????? ?????? ?????? ???????.

???? ??? ???? ???? ????? ???? ???”?, ???? ???????? ????? ????? ?????? (???”?), ???? ?????? ???????? ?????????? ?????? ??????? ?????? ?????? ???? ?????? ??????."
???? ?????,"???""? ??""? ??? ?????","???? ??? ???""? ???? ?????? ??????? ?????? ????????? ??? ?????, ???? ?? ??? ????? ?????? ?????."
???? ?????,"????? ??? ???????, ???? ???????","???? ????? ???? 2015 ????? ???????, ????? ???? ??????? ???????. ??????? ???????? ????? ?????? ??? ???????, ????? ????? ????? ????? ?""? ?-49 ??????? ?""?, ????? ?????? ??????? ?????? ????? ?? ???????? ??-??????. ?????, ?????? ???? ????? ????? ????? ????? ?????, ????? ?????? ????? ?????? ??????? ?????????. ???? ??, ????? ???? ?????? ????? ????? ?? ???????? ????? ?????? ???? ??? ???????? ??? ?????? ?? ???""? ?? ????? ?????? ?????? ????? ???? ?????? ?????? ??????? ??????. ???? ???? ?? ?????? ????? ??????? ?????? ??? ?????? ????????? ????? ?????? ?? ????? ?????? ?????? ???."
??? ?????????,????? ????? ?????? ?????? ??????-????,"??? ??? ???? ???? ?????? ?????? ????? ???? ????. ???? ?? ???? ?? ?????? ???? ????? ???? ?????, ???? ?? ????? ?????? ?????? ????? ?????? ?? ?????? ?? ???? ?????? ?????? ??? ????? ????. ???, ??????? ????? ?????? ???????? ??????? ????? ??????-??????? ????? ??????, ?????????? ??????????, ?????? ????? ?? ????? ???? ??????? ??????????. ??????? ????? ?????? ????? ????? ?-100 ??? ??? ?? ??????? ?????? ??? ??????? ?????? ??????, ????? ?????, ????? ???? ?????, ????? ??? ???? ??????? ???????? ????????. ????? 2008–2016 ???? ??? ?? ??? ???? ??? ????? ??? ?????? ?????? ??? ?????, ????? ?? ???? ????????, ?????? ?????? ????? ????? ???? ?? ??????? ???? ??? ??? ???? ???????. ?? ???? ???????? ??? ??? ????? 1993–1996 ???? ???? ?????? ??????? ?? ????? ????? ????."
???? ?????????,????? TheMarker,"???? ??? ????? TheMarker. ??? ???????? ???? 2002 ????? ??? ???? ????? ????????? ??????? ?? ????? ???? – ?????, ?????? ?????? ???????? ""????? ?????""? ??????? ???? – ????? ????? 10 ????? ?????? ????? TheMarker."
???? ?????,"???? ?????, ???? ????, ???? ???????.","?""? ???? ????? ??? ???? ????? ????? ???? ??????? ?????? ?????? ?????? ???????. ?????? ?????? ??? ????? ?? ????? ????? ???? ?????? ??????? ??????. ???? ???, ???? ??????? ????? ????? ???????, ???? ????? ???? ?????? ?????? ?????? ???? ??????, ????? ?????? ??????? ??????? ??????? ??????. ?????? ???????? ???? ?????? ????? ?????? ???? ??? ???? ?????? ???? ???. ???? ?? ??? ????? ???? ?????? ????? ???""? ???????. ???????? ???????: ????? ????? ??????? ??????. ?? ??????? ???? ???? ????? ??????? ??????? ?? ?? ????, ???????? ??? ?????? ????? ??????, ????? ??????????? ?? ????? ???????? ????? ?????? ?????? ?????????????. ?? ?????' ?????? ???? ???? ?????? ???? ??? ???? ?????'? ??????."
????? ?????,Senior Global Medical Manager at Novo Nordisk,"?""? ????? ????? ??? ????? ????? ??? ?????? ???????. ????? 2015- 2017 ????? ?????? ?????? ?????? ????? ?????? ?""? ???? ??? ????? ?????? ??????? ????? ?????. ????? 2015-2013 ????? ????? ???? ????? ?????? ?????, ????? ??? ???? ??? ???? ?????? ????? ?????? ???? ????? ????? ??????. ?????? ??????: ?????? ?????? ?????? ?????? ?????. ?? ?????' ?????? ??? ??????? ????? ????? ?????? ?""? ???? ??? ?????."
????? ???,????? ????? ????? ?????? ?????? ?? ???? ???,"????? ????? ?????? ????? ????? ?????? ?????? ?? ???? ???. ???? ??? ????? ?????? ?????? ?????? ??????? ??????? ?? ????-???. ??? ???? 1998 ??? ??????? ????? ?????? ????? ???? ?????? ?? ????-???, ??? ??????. ?????? ???? ????? ??????? ??? ??????? ??????? ???????? ??????? ???????, ???? ?????? ??????? ??????? ????? ?????? ????????, ????? ???????? ??????? ????????, ??????? ?? ?????? ??????? ?????? ???????? ?? ??? ???????. ????? 1998-1995 ????? ????? ????? ?????? ????? ?????? ?????? ????? ???????? ??????? ?????? ?????. ??????, ????? ?????? ????? ?????? ??????? ????? ??""? ????? ?. ?????. ????? 1995-1994 ????? ????? ???? ?????? ????? ????? ???? ?? ???? ??? ??????? ???? ?????? ????? ???? ??? ??????? ?????? ??? ??? ???????? ??????."
???? ????,"????? ???? ???? (????? ?? ?????), ????? ????? ????????, ????? ??????","???? ???? ?? ???? ????? ?????? ???? 21. ???? ??? ????? ????? ??? ??? ??????? ????? ????, ?????? ???? ?????? ??????? ????? ????: ????? ?????? ?????????? ??? ?????? ????? ?????? ?? ?????? ???????. ??????? ??? ????? ?? ????? ??? ?????? ??? ?????? ?????? ??????? ????? ?? ?-10 ??????? ? ????. ???? ?????? 2019 ????? ??-1,300 ?????? ??""? ???-430,000 ???????. ????? ???? ??? ???? ?????? ??? ?????? ????? ??? ??? ?????? ?????? ????? ?????? ???????, ????? ????? ??????? ??????? ?????? ???? ??? ??????? ??????? ???? ?????? ?? ????? ????? ?????? ????? ??????."
???? ??????,"????, ?????, ???? ?????? ?????? ????? ???????  ????? ?????? ????? ???","???? ??? ????? ?????? ??????? ???? ?????? ????, ????? ??????? ?????? ???????, ????? ???? ???????. ?? 2022 ???? ???? ??? ???? ????????? ??? ???, ????? ??????? ????? ????? ?????? ????? – ????? ???? ?????? ?????? ???? ?? ?-60 ?????? ?). ??? ?????? ?????? ??? ????? ?????? ??????? ?????????? ???? ???""?, ????""??, IHRA ????, ????? ?????? ?? ???? ???? ??????? ????, ????? ??? ??????, ????? ?????? ????????, ??????? ????? ??????? ? ????? ????????, ?????? ?? ???? ?????????? ???????? – ???? ???? ??????????, ?????, ?????? ???????? ??????? ???'. ???? ???? ???? ????? ?????? ??????, ????? ?????? ???? ??'???? ?????? ????? ?????? ??????? ?????? ????? ????? ????????, ????? ?????? ????????, ????? ?????? ??????? ????????. ???? ?????? ?? ???? ???? ???""? ????? 2003-2006. ???? ?????? ????????? ""?? ????? ????"", ""(??) ??? ????"" ?""????? ?????? ?????"", ???????? ""???? ?????????"" ?""??????????""."
???? ???,"???""? ????? ????","???? ??? ????""? ?? ????? ????? ????? ????-??????? ?????, ???? ?????? ??????? ?? ??? ?????? ??????. ???? ?? ??? ????""? ?? ???? ???? (??????? ?????), ??? ????? ????? ???????? ????? ??????? ???????? ????? ????? ???????? ?????? ???????, ????? ??? ???? ?????? ?????, ????? ?????? ???? ???? ?????? ???""?, ???? ???? ??? ???? ????? ????? ?? ??????. ????? ???????? ???? ????? ????? ?????? ???? ????? ???? ?????????? ???? ????? ?????-?? ??????? ?????? ?????."
???? ?????????,??? ???? ???????? ???? ?????,"???? ????? ???? ???? ???? ???""? ??????? ???????. ???? ?? ????? ?? ???? ????? ??????? ????? ????? ??? ????? ????""??? ????? ???? - ????? ????? ?????? ?????? ?????? ??????? ????? ???????? ??????? ?????? ???????. ?????? ?????? ??? ?????? ?? ?????? ??????? ??????? ??? ????? ????????? ????? ???????, ???? ????? ??????, ????? ???????? ?? ?????? ????????, ????? ???? ??????? ??????, ????? ??? ???? ???? ?????? ???? ??????, ?????? ?????? ???????? ??? ?????? ?????? ???????. ??????? ????? ?????? ?????? ????? ???? ???? ???? ?????? ???? ??? ?????? ????? ?????? ??? ???? 2019 ??? ????? ???? ??????? ???????? ???????? ???? 2018 ???? ?????? ???????. ??? ???? ??? ???? ??????? ?? ????? ??????, ????? ???? ??????? ???????? ??????? ??? ???????? ??????? ??? ????? ????? ??????? ?? ????? ???? ???? ??????? ????""???. ?????, ??? ???? ????????? ??????? ??????? ????? ?????. ?? ?? ???? ??? ?????? ?????? ??????? ?? ????? ????? ??????????? ?? ???? ????? ????? ?????? ?????????? ???????????? ??????."
?? ??? ????,????? ???? ?? ???? ?????? ????? ?????? ?????????? ?????? ???? ?????? ????? ?????? ??????,"?? ??? ??? ????""??? ?????? - ????? ?????? ????? ?????????' ?????? ????? ??????. ??????? ????? ????? ?????? ????? ?????? ?? ??????? ??????? ?????? ????? ?????? ????? ?""? ??????. ???? ?? ????? ?? ??????? ??????? ??? ?????. ?????? ??????? ?????? ?????? ????? ??????? ????? ??????? ?????, ????? ????? ???-?????? ????-??????, ????? ??? ?????? ???? ?? ????? ????? ??????, ?????? ?? ???? ???? ?????????. ?? ??? ????? ????? ?????? PACT ???????, ????? ?? ???? ??????? ?? ???? ?????? ????? ?????? ???????."
???? ????,???? ??? ???? ?????? ??????????? ?? ??????,"???? ???? ??? ???? ??? ???? ????? ?????? ?????? ?????? ?? ????? ??????????/????????, ????? ??????????, ????? ?????, ????? ????????, ????? ?????? ??????? ?????? ??????? ???? ??????. ?????, ??? ???? ???? ???? ??????? ????? ??????? ????? ??? ???? ?????? ??????????? ?? ??????. 
???? ??? ???????? ?? ?????? ?? ??????????? ?????????? ???????? ????????.
????? ??? ??? ???? ??? ????? ?????? ?????? ?????? ????? ??? ?????? ?? ????? ????? ?????. 

????? ???????? ????????, ????? ?????? ??????? ??? ?????? ?????????? ?????????? ?? ??? ????? ?? ???? ?????? ????? ???. ??? ???? ????? ???? ???? ?????? ??????? ??????? ???? ??????? ?????, ????????????? ?? ??????? ???????? ?????? ??????? ?????"
???? ???????,???? ???? ?????? ?????? ????? ????? ????? ??????,"???? ??? ???? ???? ?????? ?????? ????? ????? ????? ??????, ????? ????? ????? ?""?? ???""."
???? ????,??? ????? ????? ??????? ??-??,"???? ??? ??? ????? ????? ??????? ??-?? ??????? ?????? ??? ???? ?? ????? ????? ?????? ???????? ??? ??????. ???? ??? ??? ???? ??? ??? ????? ????? ?????? ??????? ?????? ?????? ????. ???? ??? ???? ?????""? ????? ?????? ?????? ????? ??????? ?????? ??? ????? ?? ????? ??? ????? ?? ??? ????? ????? ????? ?????? ?????????."
???? ??? ????,"????? ?????? ???? ?????, ?????? ???????? ????? ????? ?????? ???????? ??????","???? ??? ????? ??? ????? ???? - ???""? (????? ?????? ?????? ?????? ??????). ???? ??? ????? ?????? ??? ??????? ????""?. ??? ??? 2006 ??? ????? ?? ??????? ?????: ?????, ????? ?????? ?? ???? ??????? ??????????? ????""? ??????? ?? ?????? ?? ????? ????? ????? ?????? ?????? ??????, ?????? ???? PISA ?? ?-OECD ?????? PIRLS ?-TIMSS ?? ????? ?-IEA . ?????, ???? ????? ?? ???? ??????? ??????? ????""? ?????? ????? ?????? ?? ???? ?????? ????? ????."
???? ????,"???""??? ?????? ??????? ??? ???? ?????","???? ??? ???""??? ?????? ??????? ??? ????."
????? ?????,"???""? ????? ?????","????? ??? ???? ???? ???? ????? ?????? ?????. ??????? ????? ??? ???? ?????? ?????? ????? ?????? ?????. ????? ???? ????? ?????""? ???? ????? ????? ??? ?????? ???? ????, ??? ????, ?? ????? ??????? ???????, ????? ?????? ??????? ?????? ?? ??????, ???? ??? ????????, ????? ?????? ????????? ?????? ?? ??? ?????? ??????? ???????. ???? ????, ??? ????, ???? ??? ???""? ???? ??? ??????, ?????? ????? ?? ?????? ??????, ???????? ?????? ???""??? ??? ???? ?? ?????? ???? ??? ????? ?????? ?????? ??? ?? ?????? ??????? ?????? ????????? ????????. ?? ?????? ????? ???? ????? ????? ???? ?????? ?????? ?????.. ???? ??????? ?? ???? ????? ??????? ?????? ???""??? ????????? ?????? ????? ?? ?????? ???? ??? ????? ?????? ?????? ??? ?? ?????? ??????? ?????? ????????? ????????, ???? ??????? ????? ""??????? ????"" - ???? ????? ?????? ???? ??????, ""????? ?????"", ????? ???????, ?????? ????????? ?????, ??? ???????, ?????? ???????, ????? ??????, ????? ?????? ????. ?? ?????? ????? ???? ????? ????? ???? ?????? ?????? ?????."
???? ?????,??????? ??????? ??????? ?-YNET,"???? ??? ??????? ??????? ??????? ????? Ynet. ???? ??? ??? ???? ????? ?? ???? ????? ??? ??? 2006. ??? ???? ?? ?? ???? ??????? ???????, ????? ?? ????? ???? ??????? ????? ????? ?????? ????? ???? ?????? ??????, ???? ???? ???????? ????? ??? ???. ???? ??? ??? ????? ?????? ????? ?????? ?????? ??? ?? ????? ?????? ???????? ?? ??? ?????. ???? ??? ???? ??? ???? 2013 ??????? ???????. ??????? ?????, ??? ????? ?????? ????? ?????? ????."
????? ??????,???? ????? ?????? ??????? ??????,"????? ???? ?????-?? ???? ????, ??? ???????? (???? ?????????) ?????? ?????? ????? - ?? ???? ???? ???? ???????? ?????? ?????? ?? ????? ??? ?????, ????? ????""? ?????? – ???? ????? ??????? ?????? ????? ?????? ????? ?????? ???? ??????, ???? ?? ?????? ??????."
??? ?????,??? ?????? ?????? ??? ??,"??? ??? ???? ??? ?????? ????? ????? ???????. ???? ?? ???? ?????? ?????? ??? ?????? ??????? ????? ???????. ????? ?????? ??? ????? ?? ????? ??????? ????? ?????? ???? ???????, ?? ????? ?????? ??????? ????? ?? ????? ????? ??????? ????? ?? ?-4 ??????? ?, ??? ????? ???????? ?????? ??????? ?????? ??????? ?????????. ???? ??? ???? ???? ??? ???????? ????? ???? ???? ???? ???? ?????? ????? ????? ????? ???????, ?? ????? ????? ???????? ?????? ??????? ???????? ???? ???? ????? ????? ?????? ????. ??? ??? ???? ????? ?' ?? ?????? ?????? ?????? ??????, ????? ??? ???? ????? ???? ??? ?????? ?????? ?????? ???????? ????? ??? ????."
???? ???? ??????,???? ???? ??????? ??????? ????? ????,"???? ??? ???? ???? ??????? ??????? ????? ????. ??????? ????? ??? ???? ??????? ???????? ??????? ????????, ???? ??? ??????? ???? 2014. ???????, ??????? ????? ????, ????? ?????? ???????? ????? ?????-?????, ??""? 38 ?????? ????? ??????? ???????? ??????? ?????? ????? ?????? ?????? ????. ???? ??? ???? ?? ???? ????? ????? ?? ????? ?????? ??????? ???? ????? ???? ???????? ?????? ??????? ??????? ??????? ?????? ????, ????? ?????????? ???????? ??????."
???? ?????,"???? ???????? ??????, ????? ??????. ??""? ???? ????? ?? ?????- ????? ??????? ??? ?? ????? ?? ??????? ????? ??????? ????? ?????","???? ??? ???? ???????? ?????? ?????, ????? ?????? ???""? ???? ????? ?? ????? ????? - ????? ??????? ??? ?? ????? ?? ???????. ???? ??? ???? ???? ?? ?????? ?????? ????? ???? ???? ????? ???? ?????? ??????. ????? ??????? ??????? ????? ?? ???? ????? ?????? ???? ????? ?? ??????? ?? ??????, ????? ????? ????? ????????. ?????, ??? ???? ????? ??????? ???? ???? ?????? ?????? ????? ??????, ????? ??????????? ?????? ???? ?????? ????????. ????? ?? ?????? ????? ??????? ???? ???????? ????? ???????? ?????? ?????? ???????? ?? ????? ?? ???????, ????? ??????? ???????? ???????? ??? ????? ?????? ?????? ????? ????, ??????? ?????????? ????????? ?????? ???????, ???? ?????? ????????."
???? ????,????? ??????? ???????? ?????? ?????,"??? 12.24 ???? ????? ??????? ???????? ?????? ?????.
????? 2009 ??? ??? 2024 ???? ???? ???? ?????? ??????? ??? ????????. ?????? ?????? ???? ???????? ????? ?????? ?????? ?? ???? ??????? ????? ????? ????? ????, ??? ??? ????? ?????? ????? ??????? ???-???????, ?????? ??????, ??????, ?????? ???????? ?????? ???? ?????????? ?????? ??? ??? ??????? ????????? ???? ???? ?????.
????? ??? ???? ?? ???""? ???? ????? ???? ?????, ??""? ???? ?????? ????? ???""? ????? ???????.
????? 2019 ?? ??? 2024 ???? ???""? ????? ?????? ???? ?????, ????? 15 ?????? ? 200,000 ??????. 
????? 2006 ?? 2008 ???? ???? ??? ??????.
????? 2001 ?? 2006 ???? ???? ???? ?? ????? ???? ??? ???.
????? 1990–2000 ???? ??? ???? ??? ???? ????? ?????? ????? ????? ??? ????? ??????? ????? ??????."
???? ?????,???? ?????? ???? ???? ?????? ??????? ????? ???????,"???? ??? ???? ?????? ???? ???? ?????? ??????? ????? ???????. ??????? ????? ??? ???? ????? ????? ??????? ????? ????? ?????? ?????? ??? ??? ????? ??? ????? ????'?? ????? ?????? ????? ??????? ????. ???? ????? ????? ??????? ??????? ?? ???? ?????? ????? ??????? ????? ????? ??? ??????? ????? ?????? ????? ??????? ?????? ?????? ????? ??????? ???????? ????? ????????. ???? ??? ??? ??????? ???, ??? ?????? ????? ????? ???????, ???? ???? ?????? ??????? ????? ?? ??? 1,000 ????? ???????. ??? ????? ????? ????? ??????? ??????? ????? ??????? ????."
??? ??? ????,???????? ?? M2 ???? ?????,"??? ??? ???????? ????? ?????? ????? ?????? ?????. ???? ?? ????? ?????""??? ????? ?????? ????? ???? ?????????? ??""?, ?????? ???????? ??????? ???????? ??????? ??????? ?????????. ???? ?? ????? ????""??? ????? ???? ???? ????? ????? ??????, ?????? ????? ?? ???? ??????? ???????? ?????????? ?? ???? ????? ????????? ???? ????? ?????? ???? ????, ????? ??? 17 ?????? ??????? ???? ????? ????? ?????? ??????? ?????? ??????? ?????? ?? ???? ???? ??????????, ?? ????? ??????? ??? ????? ??????. ???? ??? ??? ????? ?? ????? ???? ?? ???? ?? ?????? ?""?-??? ?????? ???? ???? ??????? ???? ???? ?? ????? ???????? ???""? ?????? ????? ????. ???? 2008 ??????? ??? ???? ?????? ????? ?????? ??????, ???? ????? ?????? ????? ???? ??? ????? ???????? ?????? ???????."
?? ????,???? ??? ????? ?????,"?? ??? ??? ????? ????? ??????? ?? ????? ??????? – ???? ??????? ??????, ???? ???? ???""? ???? ?????? ???????? ??????? ?????? ???? ????????. ??? ???? 28 ??? ???""?: ????? ??????? ????? ?????? ??????? ?????? ???? ?????? ????? ????? ?????? ???? ?????? ??????. ???????? ??????? ???? ?? ???? ?????? ???? ????? ????? ??? ???? ?? ???? ?????? ????? ???""? – ???""? ????. ?? ?????? ???""? ????? ???? ???? ????? ????? ?????? ????????? ??????? ?? ??? ????? ?? ???? ?? ??""? ?? ????? ????????, ???? ?? ?????? ???????, ?????? ???""?, ????""? ?????? ????? ?????????? ?????????: ????? ?????, ???? ?????? ???? ??????? ?????? ??????? ???????? ???? ????? ?????, ?????? ??? ?????? ????? ???????, ???? ????? ?????? ????. ??? ??????? ???? ?????? ????? ?? ?????? ???????? ????? ????? ????? ????? ??? ???? ??? ???? ????? ?????? ????? ????????."
??? ?????,"????""? ????? ????, ????- ??? ???? ???????",??? ????? ?? ???? ???????? - ?????? ?? ?????? ??????? ??? ???????? ??? ???? ?????? - ???? ???????? ???????  ????? ?????. ???? ???? ??????? 2000 ????? ?????? ?????? ?? ???? ????? ?????? ?????? ?? ?????? ?????? ???? ????. ??? ????? ????? ??? ?? ?? ???? ????? ?? ??? ???? ???? ???? ?????? ???????.
??? ???,??? ????? ??? ?????? ????????,"?""? ??? ??? ??? ??? ????? ??? ?????? ????????. ??????? ????? ??? ???? ????? ??????? ????? ???? ?????? ???""?. ???? ?? ??? ???? ?????? ?????? ?????. ????? ???? ??????? ????? ????? ????? ???? ??????. ??? ??? ????? ?????? ??????. ?? ??????? ???? ????? ?????? ???????????? ??????. ?????, ??? ????? ????? ?????."
???? ???,"???? ??? ?????, ?????? ???? ??????","???? ??? ????? ???????? ??????? ??? ?????, ????? ????? ??? ????? ?????, ????? ??? ????? ???????. ???? ???? ?????? ?????? ????? ?????? ????? ??????,  ????? ???, ????? ??????? ????? ?? ????? ????? ????? ???? ??? ????? ?? ????? ?????? ????????.  ???? ????? ?????? ?????, ?????? ?????, ???? ???? ????? ????? ?????? ????, ????? ?? ????? ?????, ????????????, ???? ?????? ??? ????."
????? ???,???? ???? ?????? ????? ??? ????? ????? ??????? ??????? 360 ?????? ????? ?????? ??????? ??? ???,"????? ??? ???? ??? ?????? ?????, ?? ????? ????? ??????? ??????? 360 ?????? ????? ??????, ?????? ??? ???. ??? ??? 2010 ???? ????? ????? ??????? ??????? ??? ???: ????? ??????? ????????? ?????? ????? ??????, ???????? ??? ????? ?? ????? ???? ???????; ????? ?????? ????? ??????? ???-???????? ?? ???? ????? ?????? ????? 360°  ?????? ????? ??????; ????? ??? ??? ?????? ????????, ???? ?????? ????, ?????? ????? ?????, ????? ????? ??? ???? ????? ?????, ????? ????? ?????? ?????? ?????? ????. ????? ???????? ???? ???? ???? ??? ?????? ???? ???, ????? 2022 ????? ????? ??? ????? ?????, ?? ????? ?????? ??????? ????? 360 ?????. ????? ???????? ??? ?? ???? ??????? ?? ??????? ??????? ???????? ???????? ???? ?????? ???? ????? ??????."
??? ???? ?????,"????? ????? ?????? ?????? ????? ??????, ???? ????, ???? ?????? ??????","????? ????? ??????, ????? ????? ?????? ?????? ??? ?????? ????? ???? ???? ???? 2025.  ????? ????? ??????, ????? ?????? ?????? ????? ??????? ?????? ????? ???? ?????? ????? ???????? ?? ??? ?? ????? ?????? ???? ?????????. ?????? ????? ?????? ??????- ??? ?????? ????? ????????? ?????? ??? ??????? ???????? ?? ??????."
???? ?????,????? ???? - ???? ????? ????? ????? ?????? ?????? ??''?,"???? ??? ????? ???? ??? ??? ??????? ??? ?????? ?????? ?????? ??????? ???????. ???""? ????? ????? ??? ?? ???? ??. ????? ????? ????, ????? ?? ?????? ????? ?????? ?????? ????? ????? ???? ?????? ?????? ??????, ?? ?????? ???? ???? ?????? ?????? ???????, ????? ???????. ????? ?? ???? ???? ????? ????? ????? ?????? ?????? ??""? ?????? ?????? ??????? ????? ???? ??????, ???? ?????? ?????? ????? ?????? ???????? ?? ??? ??????. ???? ?????? ?????, ???? ????????? ????? ?????, ???? ???""? ????? ??????? ?????."
??? ????,"???? ????? ???????, ???? ???????? ??????????? ?????","??? ??? ???""? Tailor-ED. ???? ??? ???? ?? ???? ????? IL – ??????? ??????? ?????? ????????. ???? ???? ??? ????? ?????, ????? ?????? ?? ??????? ??????? ?????? ???????? ?????? ??????? ????????? ?? ????? ???? ????? ?????? ??????? ???????? ???-???????. ????? 2007–2011 ???? ?? ?????? ???@ ???????? ???????? ????????? ?????, ??-2011 ???? ?? ????? ????? ?? ????? ???? ????? ????""? ???? ??????? ?? ?????? ?? ??? 2015. ???? 2015 ????? ??????? ???????? CSP ?? ???? ???? ????????, ???????? ??? ???? ???? ?????? ??????? ?? NYU Governance Lab The ?????? ???? ?????? ?????????? ???????? ?? ??????? ????? ???????. ?????? ???????? ????? ????? ??????? ????? ?????? ???@ ??? ???? 2012 ???? ????? ?????? ????? ????? ??????? ??? ???? 2018 ???? ?????? ??????? ?????? ??????."
???? ?????,????? ??? ??????? ??? ??????,"??????? ?????? ???? ???? ???? ?????? ??????? ????. ??????, ???? 2014, ??? ???? ???""? ?????????? ????? ???? ?????? ?????? ?????? ????? ????? ?????? ?? ???? ????. ???? 2013 ??? ???? ???? ?????? ??????? ?????? ????? ?????? ????? ???? ???? ????? ?????? ?? ???? ?????? ??????, ??????????? ?????? ????""? ???????, ????? ???? ?????? ???? ??? ???? ?????? ?????. ????? 2008-2000 ??? ??? ????? ??? ????? ?????? ?????? ????? ?????? ??????? ????? ?? ???? ???""? ????? ????? ??? ????? ?????? ????? ??????, ?????? ????? ??????. ????? 1995-1994 ???? ???? ???????? ??????? ??????? ????? ??????-????? ?????? ??????? ?? ??????? ???????."
??? ????? ????,????? ????? ??? ?????? ??????? ?????,"?""? ??? ????? ???? ????? ????? ????? ??? ?????? ??????? ??? ???? 2022 ?? ??? 2023. ???? ??? ????? ?????? ????? ?????? ??? ?????? ??????? ?????. ???? 2020 ????? ?????? ???""? ???? ??????? ??????? ???""??? ??? ?????? ???????. ??? ?????? ????? ????? ??????? ????? ?????? ?? ??????? ???? ?????? ??????? ?????? ???????, ??? ?????' ???? ?????? ????. ??? ???? ???? ????? ????????????? (BSc), ???? ????? ??????????? (MSc) ????? ?""? ?????? (MD) - ???? ??????????? ?? ????. ?????? ?????? ???? ??? ?????? ???? ????? ????? ????? (MBA) ?? ?????? ?????? ?????? ?????? ??????????? ?? ????."
???? ???,???? ?????? ????? ?????? ????? ??????? ????? ????? ????? ??? ???,"???? ???? ????? ?????? ????? ?????? ????? ??????? ????? ????? ????? ??? ???. ??????? ????? ??? ???? ??????? ??????? ????? ????-???? ??????? ??? ???? ????? ?? ???? ????? ?????? ?????? ????? ?????? ?????? ??????? ???????? ????? ???? ??????? ???? ???, ????????? ??????? ?????? ????. ???? ??? ??? ???? ????""? ????? - ???? ?????????? ??????, ?????? ???????? ???????? ????????? ???????-?????? ?????? ???, ????? ?? ???????? ???????? ?""? ??? ????? ????????. ?? ?????? ????? ???? ???? ????? ??? ????? ???? ???""? ???? ??? ????? ??""?."
????? ???,"????""? ????? ????????","???? ???? ?????""? ?????? ????????. ???? ??, ???? ????? ???????? ????? ???????? ???????? ????? ?????? ???????? ?????. ???? ??? ???? ???? ???? ???????? ????? ?????, ??? ???? ???? ?????? ?? ???????? ?????? ?? ??????? ????????."
???? ???,"???""? ?????? ???? ??????","???? ???? ?????? ?????""? ????? ?? ?????? ??""?- ???? ?????? ???? ????? ?????? ???? ????, ?????? ????????? ??????? ?????? ???????, ???????? ??????? ??????? ????? ???? ??????. ???? ??? ??? ???? ??? ???? ???? ??? ??????? ???? ?????? ????? ??? ???????. ?????, ??? ??? ????? ???????? ????? ?????????? ?????? ?? ????? ?????? ??????? ??? ????? ????? ?????? ????????. ?? ?????? ????? ???? ???? ????? ?????? 8200 ????? ???."
???? ?????,???? ???? ????? ??? ?????? ?????? ?????? ??????? ????? ?????? ?????? ?? ????? ?????? ????? ????? ???????? ???????,"???? ????? ????? ???? ?????? ?????? ?????? ???????. ???? ?? ????? ???? ???""? ??????? ??????? ????? ?????? ???? ?????? ????? ???""?. ??? ???? ????? ??????? ??????, ??? ????, ?? ????? ?? ????-?????? ??? ?????? ?????? ???????. ?????? ?????? ??????, ??????? ??????? ?????? ??????. ??? ????? ?????? ????? ??? ?????? ???????? ???? ????? ????? ???? ?????????? ????, ?????? ???? ??? ?????. ??? ?? ???? ?????? ?????? ????? ????""? ????? ?????. ??????? ?????? ?????? ???: ???? ????? ????, ????? ????? ?? ??? ??, ???? ????? ????????, ???? ??? ?????, ????? ??????? ?????? ??????? ??????? ????? ??? ???????."
???? ?????,"???""? ????? ????","???? ??? ???""? ????? ?? ????? ???? - ???? ???? ????? ????? ???????? ????? ?? ????? ?? ????? ?????? ????? ??????, ?? ??????? ??? ????? ????. ??? ????? ????? ?????? ?? ???????? ??????? ????? ???? ???????? ????? ??? ???? ????? ?????? ?????? ?????? ??????. ?????? ?-140 ?????? ??????? ??? ?-35 ?????? ? ????. ?????, ???? ??? ???""? ????? ?? ????? ????? ????? ?????? ?????? ????? ???????, ?????? ?????? ?????? ????? ????? ?? 7 ?????? ? ????. ????? ????? ???? ????? ????? ??????, ???? ????? ?????? ??????? ?????? ???? ???? ?????? ???????? ??????? ??????? ???? ??? ?????. ???? ??? ???? ?????? ?? ???? ?????? ?????, ????? ?????? ?????! ?????? ???????? ????? ??????."
??? ?????,"????? ??? ???????? ???????, ?.?. ??? ?????","??? ?-2018  ????? ???? ???????? ??????? ????????? ??.?. ??? ?????, ?????? ???? ????? ???? ??????? ??????? ???????, ?????? ???????, ????? ???????. ?????, ????? ?????? ???????, ????? ????? ????, ??? ????? ?????? ????????? 
2016-2019 - ????? ????? ?????? ???? ???????, ?.?. ??? ?????. ?????? ??? ???? ???? ??????, ????? ?????? ??????? ????? ?????? ????????: ?????? ???? ???, ?????? ???? ?????, ????? ?????? ??????, ??????? ?????? ?????? ?????? ??????. 
2000-2016 - ????? ????? ?????? ?????? 
?????? ??????? ????????, ??? 20 ??? ????? ??????????? ???? ????""? ?????? ????????, ?????? ????? ????? ???? ?????? ?????? ????????? ??????? ???????. 
?????, ??? 20 ??? ????? ??????? ???????? ?????"
??? ??????????,???? ??? ????? ????,"??? ??? ???? ??? ????? ???? ??? ?????? ?????""? ?? ????? ????? ??????, ??????? ?????? ??????? ??????? ?????? ????? ???? ???????? ????? ????? ??????? ??????. ???? ??? ??? ???? ??????, ????? ???????? ????? ?????, ??????? ?? ???? ?? ?????? ??????? ????. ??? ?? ??? ??? ???? ???? ?????? ?????! ?????? ????? ????? ???????? ???? ???? ???? ???? ???????. ??? ???? ????? ???? ?????? 13."
????? ??????????,??? ??? ???? ????? ??????/??? ????? ???? ???? ???? ?????? ???? ???,"????? ????? ???? ?????? ????? ?????? ?????? ??????? ????? ???? ??????. ???? ???? ?? ??? ?????? ???? ????? ?????. ??? ??? 2013-2024 ???? ????? ?????? ??? ?????? ???????? ????? ??????? ??????, ?????? ????? ??????."
???? ???????,????? ??? ?????? ???? ????? ?????? ???? ???,"???? ????? ?? ??? ?????? ????? ?? ????? ?????? ???? ??? ???????? ???? 2020. ???????? ??????? ????? ???, ??? ???? 2015, ???? ????? ????? ???? ????? ????? ?????? ????? ??? ?????? ????. ??? ?????? ?? ???? ?????? ????????? ??? ??? ????? ?????? ??????, ????????? ????????? ?? ???????. ????? ?? ?????? ???????, ????? ???? ????? ??????. ????? ?? ????? ?????? ????? ??????, ??? 15 ???? ?????? ???-??, ?????? ???????: ????? ????? ?????, ????? ???????, ????? ?????? ?????? ??????."
???? ????,??? ???? ????? ?????? ??????,"??? ???? ????? ?????? ??????. ??? ???? ?????? ??????????? ?? ???? ???????. ??????? ????? ?????? ?? ?????? ??????????? ?? ???? ??????? ????? ???????, ???? ???? ?????? ???????? ?? ????? ?? ????? ??????? ????? ?????? ?????, ?????? ?? ??????, ??? ???? ????? ??????? ???????? ???? ?????? ?????. ???? ?? ?????? ????? ?? ?????? ?????? ???? ??????? ???""? ?????, ?????? ?????? ?????? ??? ??????? ??????? ?????????? ??????? ?? ???? ??????? ???????. ????? ????? ????? ?????? ????? ???? ?????? ????? ????? ??????? ?????, ??? ?????? ?????? ?????? ??????????? ?? ???? ??????? ????? ?????? ????, ????? ??????? ????? ?? ???""? ????, ????? ?????? ????? ????? ?????? ????? ""??? ????"", ?????? ????? ??????? ???????? ????????. ??? ???? ????? ????? ??????? ????. ?????? ??????? ???????? ?????? ????""? ?????? ?? ??????????? ??????, ????????? ????? ????? ???? ?????? ?????? ?? ?????? ?????. ?????? ???? ???? ????? ??????. ?? ??? ???????? ????? ????? ?????? 98. ?? ??????? ??????????? ?? ???? ??????? ????? ????? ?????? ????, ??? ?????' ?????? ????? ?????? ??? ?????."
????? ???????,??? ????? ????? ??????? ??????,"??????? ?????? ???? ????? ????""? ?????? ??????? ?????. ?????? ?????? ??? ????? ?? ????? ?????? ????? ??????? ??? ????? ????? ?????? ???????? ??????, ????? ???? ?????? ?????. ???? ??? ?????? ??? ????? ??????, ???? ??? ??? ??? ???????? ????? ?? ????? ?????? ??????."
??? ????? ?????,"????? ????? ?????, ???? ??????? ??????? ?? ????","??? ??? ????? ?????? ??????? ??????, ??? ???? 2024 ????? ?????? ????? ????? ????? ??????? ?? ????. ???? ??? ????? ????? ??? ??? ????? ????? ???????, ????? ?? ???? ?????? ?????? ????? ??????? ??????? ??? ????. ????? ??????? ??????? ???? ????? ???? ?? ???? ????????????? ?????? ?????? ?????? ????? ???????. ???? ?????? ??????? ?????? ???????? ?????????. ???? ???? ????? ??????? GlaxoSmithKline ?????? ??????"
???? ???? ????,"???""??? ??????? ????? ????","???? ??? ???""??? ??????? ????? ????, ?????? ????? ??????-??????? ?? ???? ?????? ??????. ?????? ????? ?????? ????? ?? ???? ?????? ?????? ????????? ???????? ?????? ??????? ??????? ???????. ????? 2012 -2007 ???? ???? ????????? ?????? ?????? ????? ?????? ???????? ?????? - ????? ????? ????? ??? ???????. ??? ???? ???? ??? ???????? ??????? ????????? ??????????? ?? ????, ???? ????? ????? ????? ????????? ???? ???????????? ?????? ?????? ????? ?????? ?????? ??? ?????."
??? ????,"????""? ?????? ??????","??? ??? ????""? ?????? ????? ?????? ??? ?????? (AWS), ???? ????? ???? ?????? ???????? ?????. ?????? ?????? ????? ?? ????? ?????? ????? ???? ??????? ?? ????? ??????, ???? ????? ?????? ?????? ??????????? ???????? ??? ?????? ???????? ???? ???? ????? ?????? ?????. ???? ??? ????? ?????? ????? ???? ?????? ????? ??????. ???? ?? ???? ?????? ?? ??????? ?? ?????-?? ????? ??????. ??????? ????? ???? ????? ????? ???? ??????."
????? ????????,"??""? ???""?. ???? ??? ????? ???? ????????, ???????? ??????? '????? ?????' ?????? ?? ????' ??????. ????? ????? '?????'.","????? ??? ??""? ???""?. ???? ?????? ???? ?????? ??????? ????? ?????? ??????? ????? ????? ?????? ?? ????' ??????. ??? ??, ????? ????? '?????' - ????? ?????? ????? ??????. ???? ???, ?????? ????? ????? ????? ??????. ?????, ??? ???? ???? ???? ?""?? ?????"" ???? ????, ?????
?????? ????? ?????? ???????? ??. ??? ???? ????
?????? ?????? ?????? ??????? ????? ????? ?????? ????, ???? ??????? ??????. ????? ??? ????? ?????? ""?????? ???????"" ????? ?????? ?? ???? ????? ???? ???????, ?????? ""?????"". ????? ????? ?????? ????????? ?????? ?????? ?? ????, ?????? ?????? ???? ????? '??????', ????? ?????? ?????? ?? ???? ?? ?????? ??????."
???? ????????,"???? ????? ?????? ????? ?????, ???? ????? ????, ?????? ?????? ?????","???? ???? ??? ? 2014 ????? ???""? ????? ????? ?????? ????. ???? ??? ??? ????? ?????? ????? ???? ????? ??????? ????? ????? - ???? ????? ????? ?????? SickKids ????????? ????. ???? ???? ?????? ??? , ??? ????? ???? ?????? ?????? ????????? ? McMaster 
Children Hospital ???????? ??????.
???? ???? ?? ??? ?????? ????? ????? ???????? ????? ????? ?? ?????? ????????? ?? ???? ?????? ????? ????? ??? ??????? ?????? ????? ????? ?????."
???? ????????,???? ?????? ?????? ?????? ??????,"???? 2020 ???? ???? ?? ?????? ?????? ?????? ???????/?? ?? ????. ???? ???? ?? ?????? ??????, ???? ?????? ?????, ?????? ?????? ????????? ???? ??????? /?? . ????? ?? ""?????"" ???? ?????????? ?????? ??????. ???? ???? ????? ?????? ?????? ????? ?????? ???? ??????? ?????? ???? ???????/??. ????? ?????? ?????? ??? ????? ????-????. ????? ???????? ??????? ?????? ?????? ???? ???? ?????? ?????? ?????? ?? ???? ?????? ????? ??????????? ?""?. ?? ?????' ????? ???""? ???? ?????????, ?????? ?????? ????? ????? ??????? ??? ???? ?????? ???????. ??? ????? ?????? ?? EXERCISE IS MEDICINE ISRAEL  ?????? ???? ???? ???? ??????? ??????."
???? ???????,"????? ????? ????????? ??????, ????? ?????? ????","???? ??? ?????, ?? ???? ??????, ?? ?????? ?????????? ??????? ?????? ?????? ????, ??? ????, ?????, ??? ??????????? ?????? ??? ?????? ?????? ??????. ???? ?????? ?????? ?????? ????? ????? ???? ???? ???? ??????????? ??????? ??????? ????? ??????? ?????? ?? ???? ????? ??? ????? ????? ?????? ?? ????? ?????? ???? ??????. ??? ?????? ?????? ??????????? ???????? ????? ???? ????? ?????? ??????. ?????? ????? ???? ????? ????? ?????? ?????, ?? ??????? ?? ?????? ???? ?????. ?????, ???? ???? ???? ?????? ?????? ??????? ??????? ???? ????? ??????? ?????? ?????? ???? ??."
??? ???????,????? ???? ???? ???????? ????? ?????? ???????,"??????? ?????? ???? ???? ????? ??? ????? ?????? ???? ?????? ??????? ?????? ????? ?????? ??????? ?????. ?????? ????? ?? ???? ??????? ??- ????? ????? ?????? ?????, ????? ????? ??????, ????? ?????, ????????, ????? ?????, ????? ?????? ?????? ??????? ????? ?????. ???? ??? ???? ??? ???? ????? ??? ????? ??????- ????? ???????? ?????? ????? ??????? ?????? ?????? ?? ????? ???? - ????? ???????? ?? ?????? ?????? ?????? ????? ??????? ?????? ??? ??????, ?????, ???? ??????, ????? ?????? ??????. ??? ??, ??? ??? ???? ??????? ????? ? ??? ?????? - ??? ??????? ??????? ??????? ???????? ??????? ??????????? ?? ????? ?????. ???? ????? ???????? ????????? ?? ????? ?????????, ???? ????? ????? ??????? ?????? ????? ????? ?? ????, ?????? ?????? ?????? ????? ?? ????? ????? ?????, ?????? ???????."
??? ????????,"???""? ?????? ?? ??","??? ??? ??? ????? ???????? ??????? ??????? ???????. ???? ?? ???? ?? ??? ???? ??????? ??????? ??????? ?? ??? ????? ?? ????? ??????? ???????? ????? ??????? ???? – ???????? ?????????, ?????, ???? ?????? ???? – ???? ??????? ??????. ???? ?? ???? ????? ??? ????? ?????? ???????, ???? ?? ?????? – ??????? ??????? ?????? ????? ????? ????????, ????? ?????""? ????? ????? ??? ?????. ?? ?????? ????? ??? ??? ?????? ?????????? ?? ??? ????????."
???? ??????,??? ????? ??? ?????,"???? ??? ??? ????? ??? ?????. ???? ??? ???? ????? ???? ?? ????? ??? ????? ???""? ?? ??? ??? ??? ??? ?????."
???? ??????,"????? ????? ?????????? ???????, ????? ???????","?????????? ????????? ????????. ????? ?????? ????? ???????? ???? ??????? ?? ??????? ?????????? ????? ???????, ?????? ?????? ?? ??????? ????????. ???? ????? ???? ????? ??????????? ?????? ?????? ?? ?????? ????????, ?????? ???? ?? ????? ????? ????? ????? ????? ????? ???? ?????? ??, ????? ?????? ?????. ???? ??? ??????? ?????? ????????? ?? ??? ?????? ?????? - cpp. ??? ????? ??????? ????? ??. ???? ?????? ???? ????? ?? ?????? ?????????? ????? ???? ?????? ?? ??? ??????? ???? ?????? ??? ???? ????? ?????? ???. ?????? ?????? ?????? ????? ?????? ?? ???? ????????? ?????? ??????? ??????, ?????? ?? ?????? ??????, ??????? ?? ???? ????? ???? ???????. ??? ???? ???? ?? ?????? ??????, ????? ?????? ?????? ??."
???? ???????,"?????? ???????? ??????? ?????? ??????, ?????? ??? ?????","???? ??? ?????? ???????? ??????? ?????? ?????? ???? ?????. ???? ?? ????? ?? ??? ????? ??????? ??????? ????? ????? 2020-2025. ????? 2020-2010 ????? ?? ??? ??????? ???????? ????? ??????? ?????? ????? ?????? ?? ???? ??????? ???? ??? ????? ?????, ???? ?????, ???? ???????, ???? ????? ???????? ????? ??????. ???? ?? ????? ???? ?????? ???? ????? ????? ??????? ?????? ????? ??????? ????."
????? ???????,???? ?????? ?????? ???? ?????? ?????,????? ??? ??? ????? ???? ???? ??????.
??? ??? ???????,???? ??? ?????,"???? 2011 ??? ??? ???? ??? ????? ????? ???????? ????? ????? ???????? ??????, ????, ????? ?? ????? ??????? ?????? ?????? ?????? ???? ?????. ??? ??? ?????? ??? ???? ????? ?????? ????? ????? ?????? ?????? ????? ???""? ???? ???? ?????? ?????? ??????."
??? ?????,????? ????? ??.?.? (????? ?????? ?????) – ????? ????????? ?????? ?????. ???? ???????? ?'?????? ????????'.,"??? ???? 2017 ???? ??? ?? ?.?.? (????? ?????? ?????) ????, ???? ?????? ????????? ?????? ????? ?????, ??? ?? ?????? ???? ????-???? (???? ???) ?????? ?? ??????. ?????, ???? ??? ?? ???? ?????? ????? '?????? ????????'.
?????, ??? ????? ???? ??? Goodman ?? ????? ???? ????????? ?? ????? ???? ?????? ?????  'Summer Camps ?????'. ???? ???? ?????""? ????? ??????, ????? ????? ???? ?????. ???? ??? ???? ????? ??????? ???????? ???? ????? ???? ????????, ?????? ?????? ????? ??????. ???? ??? ???? ????""? ????? ""?????!"", ????? ????? ?????? ????? ?? ??' ????????? ???? ???? ??????. ??? ????, ???? ??? ????? ????? ?????? ?? riseup ?????? ????????? ????? '??? ??????'. ??? ??? ????-????? ?????? ?????? ?????? ?????? ????? ????? ?????? ?????? ????, ??????? ???? ?????? ??????. ?????, ????? ??????: ??""? '?????? ???????' ???? ??""?, ??""? ?????? ????? ?????? ?????? ???""? ?????? ????? ?????? ?????? ??????? ????? ???? ????????, ????? ????? ?????? ???????-???? ????? ????, ????????? ?????? ?????? ????? ?????? ????? ??????, ????? ????? ??? ??????, ?????? ?????? ????????? ????????? ?????? ????. ??? ?? ??? ??? ?: ?????? ????? ????????? ????? ??? ??????, ?????? ??????? ??? ??????, ??????? ??????? ??: ""?????!"", ??????? ????????? ???????????, '????? ????', '????? ??????? ???? 24/7', '?????? ????????? ??????' ????."
???? ??? (????) ?????????,"???""? ??? ?????? ???? ????","???? ??? ???""? ??? ?????? ???? ???? ?????? ????""? ????? ????? ??????, ??? ?????, ??? ??? ??????? ?????, ????? ????? ???? ??? ?????? ??????? ????? ?????? ????? ?????? ?????? ?????, ????? ????? ??? ??? - ??? ???? ?????? ????? ??????? ??????? ?????. ???? 25 ??? ??? ???? ?????? ??????? ?? ????? ?????? ?????? ??? ?????? ??""?. ???? ?? ???? ????? ?????? ?? ?""? ??? ??? ???? ??? ?""? ??? ????? ?????. ???? ??? ???? ???? ????? ?????? ??????? ??? ??????."
???? ?????????,??? ????? '????' . ???? ????? ???????,"????? ?????? ?? ???? ??? ???? ??????? ?????? ???? ?????? ?????, ??????? ?????? ?????? ?????? ??????? ????? ?????. ??? ????? ????? ???? ????? ??????? ???????? ?28 ?????? ????? ????? ?????? ??????? ???????. ???? ????? ??????. ???? ????? ???? ???? ??????."
???? ??????,"????""? ????? ????? ??????? ?????","???? ??? ??????? ???? ????? ?????, ??????? ???? ??????? ??????, ????? ??? ????""? ?????? ?????? ??? ???? ?????. ???? ???? ?? ????? ????? ?????. ???? ?? ???? ?? ?????? ?????? ???? ???? ?????, ???? ????? ?? ???????? ??? ?????? ?-520 ?????? ???? ??????? ?????? ????? ?????: ????? ????? ???? ????? ??-????, ???? ????? ?? ????? ????? ????????? ??? ?? ???? ?????, ????? ????? ????? ????? ??????? ????? ??????? ??????."
??? ???,"???""? ????? ?????? ????? ?????????? / ??? ??? ????? ?????? ??? ????? ????????","??? ??? ???? ???? ?? ?????? ???????? ????? ???? (????????), ???? ???????? 2018 ??? ???? ?????? ?????? ?????? ??? ????? ???? ??? ??????. ?????? ??? ???? ????, ????? ????? ?????? ????? ?????? ?? ??? ???????? ?? ??? ?????. ????? ??????? ??? ???""? ????? ?????? ???????? ??? ????? ????? ????? ???? ?????????. ????? ?????? ???? ?? ?????? ????? ?? ????? ???? ???????? ????? – ?????????, ???, ????? ?????? – ?????? ?????? ????? ??? ???? ??????? ????????? ?????? ??????. ?????? ???? ????? ?????? ????? ??? ?????? ??? ??????. ""Business is all about pleasure"", ???? ??? ???? ?????? ??? ????? ?????? ?????? ?????????."
???? ??????,"????""??? ?????? ??? ????","???? ??? ????""??? ??? ???? - ?????? ????? ????? ?????. ?????? ?????? ??? ?????? ?? ??????, ??????, ??????? ??? ????? ??????? ????? ?? ????? ?????? ?? ????? ?????? ?????? ??????? ?????? – ???? 2006 ??? ???? ????? ?-140,000 ?????? ??? ????. ??? ????? ?? ?????? ?????? ???? 1986 ??? ????? ?? ??????? ?????: ????? ?????, ????""??? ?????, ?????? ????? ???? ????."
???? ???????,"???? ????? ??????? ?????? ????, ??? ??????, ??""?","???? 2024 ???? ???? ????? ????? ??????? ?????? ????. ???? ?? ???? ???? ???? ??????? ????????? ?????? ?????? ?? ????? ????? (????? 91). ???? ???, ??? ??? ???? ????? ?????? ?????. ????? ??????? ???? ????? ?? ???????? ?????? ?????? ???? ??????? ?? ??""? ??????? ?""? ?? ????? ????? ??????? ????' ?????? 98. ??? ???? ???, ??? ????? 2010-2013 ??? ????? ????? ???? ???. ?????? ?????? ???""? ??? ???? ????? ?????? ???????. ???? ??? ????? ??????????? ????? ??? ???? ??????????? ?????????. ?? ??????? ???? ????? ??????? ???? ?????? ???? ?????."
???? ??????,??? ????? ??????? ?????? ????? ????? ????? ???????,"???? ??? ??? ????? ??????? ?????? ????? ????? ?????? ????? ?????? ????? ???????. ??????? ????? ???? ??????? ???? ????? ???? ???????? ?????? ???""??? ?????????? ??????, ????? ?????? ????? ??????? ??????? ????????? ???? ????? ????? ????. ???? ??? ???? ????? ?????? ????? ????? ?????? ?????????, ???""? ????? GKH ?????? ?????? ????? ????? ?????""? ???? ??? ???? ???""? ?????? ????????? ??????. ???? ???? ??????? ??????? ??????? ??????? ???? ???? ????? ???????, ??????? ??????? ????? ??????."
??? ???,"????? ????? ?? ?????, ??? ???? ????? ???, ????? ??? ??? ????? ?????","??""? ??? ???, ???? ?????? ???, ???? ??????, ???? ????? ????? ?? ?????? ??? ????? ????????? ?????? ???????, ????? ???? ?? ????? ?????? ?????? ????????? ?????? ???????, ????? ???, ?????, ????? ??????? ??? ???? ?? ??? ????? ???????. ??? ?? ??? ???? ????? ??? ??? ?????? ?????? ????????? ??????? ??????."
??? ????,?????? ????? ???? FUTURO,"??????? ????? ?? ???? ????? ?????? ????? ?????, ?????? ????? ????????? ???????. ?????? ?? ????? ???? ????? ??????? ?????????? ???? ????? ???? ??????, ????? ?????? ??????? ?????. ????? ????? ???????, ??????? ?????? ??????????. ???? ?????? ?? ???? ??????? ????? ????? ????? ?????? ??? ????? ?????? ????? ????? ??????? ?? ????-??? ??? ????? ????? ??????? ?????? ???? ?""?. ??? ?? ??? ?????? ?????? ??????? ?????? ?????. ??????? ????? ??? ???? ????? ???? ????????, ??? ????? ?? ????? ?????????? ????? ??????."
??? ????,???? ???? ????? RMC Medica ?????.,"???? ???? 2025 ?????? ???? RMC Medica
???? ?? 5 ???? ???????? ??? ???? ?? ???? ??????? ??????? ??????? ????????. ?????? ?? ???? ?? ?????? ????? ?? ???? ???? ????'?? ?????? ????? ??????? ?????? ?????? ??? ??? ???????. ????? ???? ???? ???????? ???? ??? ?? ????? ??????? ????? ????? ???? ????? ?????? ?????? ?????? ??????? ????????? ????? ??????. ????? ??????, ?????? ????? ???? ??????? ?????? ???????? ???? ?? ???? ????? ????? ??????. ?????? ????? ?????? ????????? ???? ??????? ?????? ???? ??????.
???? ??? ?? 23 ??? ????? ?????? ??????? ?? ???? ??? ?????? ????? ????. ?????? ????? ????? ??????? ????? ??????? ???????."
????? ??? ????,"????""??? ????? ???????????? ????????? ????? ?????? ????",
??? ????,???? ???? ???????? ?????,"???? ???? ???????? ?????. ??????? ????? ??? ???""? ?????? ????? ?? ???? ????? ????? ???? ???? ???""?. ?????? ?????? ??? ????? ?? ?? ??? ???? ????? ????? ?? ???? ????? ???????, ??????? ???????. ??? ???? ????? ?????? ?? ???? ???? ????? ????? ????? ???? ?????? ?????? ?????? ?? ???""? ????? ???????. ???? ??? ??? ???? ?????? ?????? ???????? ???? ????. ???? ??? ????? ???? ???""? ?????? ?????? ????. ?? ???? ??? ?????? ????? ?????? ??????."
??? ???-????,"???""??? ????- ??? ????? ????","??? ??? ????? ??? ???? ?????? ????? ??????? ?????? ????????? ?????? ?????? ??????-?????? ??????? ??????? ????. ???? ????? ??????? ??????? ????? ???-??????? ?????? ?????? ??????? ?????. ???? ??? ??? ????? ???? ??? ???? ?? ???? ??????????? ????????, ????? ???? ???? ???? ???""??? ??? ??????? ???? ????, ?????? ???? ???? ???? ?? ?????? ?????? ??????. ?? ?????? ????? ???? ??? ????? ????? ???? ??? ?????? ?????? ????? ????? ????? ?????? ?????."
????? ?????,???? ???????,"????? ??? ???? ???????. ??????? ????? ???? ???? ???? ?????? ?? ???? ?????? ????? ????? ?????. ?????? ?????? ????? ??? ????? ?? ????? ???????? ???? ???? ????? ????? ???????? ?????? ????? ????. ???? ??? ???? ????? ???? ?????? ?? ???? ?????? ?????, ???? ???? ????? ?????? ????? ?????? ???? ????."
???? ??? ???,"???""? ?????? ??'???","???? ??? ???""? ?????? ??'??? ??? ??? 2002. ?????? ?????? ??? ????? ?? ?????? ????? ?? ???????, ???? ?????? ???????? ???????, ???? ?? ????? ??????? ??????, ???? ?? ????? ????? ??????? ?????? ???? ???? ??????? ??????? ????????, ???????? ???????. ???? ???, ????? 1993–2001 ???? ???? ??????? ????? ?????? ?????? ??????? ?????. ???? 2008 ??? ??? ??????????? ????? ???'?? - ???? ?????? ?????? ??????? ???????? ??????? ??????) ???? ??? 2017 ??? ??""? ???????????."
????? ?????- ??????,????? ??? ?????? ?????? ???? ?? ????,"?""? ????? ?????-?????? ????? ???? 2020 ?? ??? ?????? ??????? ???? ?? ????, ???? ?????? ?? ?????? ???? ??????? ??????. ???? ?? ????? ?? ????? ?????? ???? ????? ?????? ??????. ?????? ?????? ???? ???? ???? ?? ???? ??????, ?????? ?? ??????? ??????? ???? ?????? ?????? ?? ???? ??? ????? ???????? ????? ?????? ????. ????? 2015-2013 ????? ????? ??????????? ?????? ?????? ???? ?????? ???? ?? ???? ?????? ?????? ????? ??????? ??????. ?????? ??????, ????? ?? ????? ?? ?????? ?????? ???? ????? ????? ??????? ??????? ???? ?????? ?????? ?? ????? ??????? ?????, ???? ??? ??? ???? ????? ??????. ???? ???, ????? 10 ????, ????? ?? ????? ????? ????? ?????? ??????? ???? ?? ?????. ??????, ????? 2008-2004 ????? ?????? ????????? ?????? ?? ???? ??????? ????? ????. ????? ????? ??????? ?????? ????? ???? ??? ????? ?????, ????? ??????????? ?? ????, ?????? ??????????? ?????? ?????. ??? ???? ???? ???? ???? ?????? ????? ??????? ?????? ??????????? ?? ????. ?????? ?????? ??????? ??? ???? ?????????? ????? ????, ????? ???????? ??????? ?????? ??????? Womed, ??????? ?????? ?????? ?? ??????? ??????? ????? ????? ?????. ?????? ??????: ????? ?????? ???????????. ?? ??????? ??? ?????' ?????? ????? ????? ?????? ?""? ???? ??? ?????."
?????? ??????,??????? ?????????? ?????? ???? ????? ????? ?????,"?????? ??? ???? ?????? ?????? ?? ????? ????? ?????? ???? ?????? ??? ?????, ??? ??? ????? ?????? ????? ????? ????? ????? ???? 2000. ??? ????? ????? ?????? ????????. ???? ???? ????? ?? ????? ????????."
?? ??????,??? ?????? ??????? ??? ????,"???? ???? ?????? ??????? ??? ????, ??""? ????? ??????? ??? ????, ???? ????? ????? ???? ?????-??? ???? ?????? ????? ???? ???? ????? ????? ???? ????.
????? ??? ????? ????? ??????? ???????? ????? ????? ????? ????. 
??????? ????? ???? 2018-2021 ???? ?????""? ?????? ?????? ????? ?????""? ????? ????? ????? ????""??? ??? ??? ????? ???????? ???????? ""???"" ?""????""."
??? ??????????,"???""? ????? ?? ????","??? ??? ???""? ????? ?? ???? ???????. ??????? ????? ??? ???? ????""? ???? ????? ????""? ??????? ????????. ???? ?? ???? ?????''? ???? ?????? ??????????, ???????? ?????? ???? ?????? ????, ??????? ??? ???? ?? ???? ?????????, ?????????? ??????????? ??????? ?????? (????, ?????, ???????, ?????). ??? ?? ??? ???? ????????? ??????, ?????? ????????? ????????? ??????? ????? ????? ??????. ???? ?????? ???? ?? ?????????, ????? ??????. ???? ???? ???? ??????? ?????????? ??????? ????''?, ????? ??????? ?????? ??? ??????. ???? ?? ???? ????????? ??????? ????? ?? ?????? ?????? (Femi) ?????? YK Systems. ??? ????? ???? ?????? ??? ?????? ??""? ?' ????? ????', ??? ???? ?-AYR, ??? ????? ??? ?????? ???????-?????? ????? ????? ??????. ??? ??????? ????? ?????? ??????? ???????? ILF ???? ???? ??????? ???????? ??????? ????? ???????? (Public accelerator), ???? ????? ??????."
???? ????,"???? ????? ?????? ??????? ????, ???? ???? ????????, ??? ?????",???? ?????? ??????? ????
??? ???? ?????????,???? ?????? ???? ?????? ??????? ?????? ?????,"??? ??? ???? ??????, ???? ?????? ?????? – ???? ??????? ?????? ?? ?????, ???? ??????? ?? ?????? ????? ???????? ???? ?????? ??????. ???? ????? ???? ?? ???? ?????? ???? ????? ?????? ??????? ?????? ?????? ?????? ?? ?????, ??????: ????? ????""? ????? ?????, ????? ????? ?????, ????? ?????, ????? ??? ??? ????? ?????? ??""? ??? ????. ?????, ????? ?????? ????""? ???? ????? ????? ???? ????. ??????? ?????? ????? ?????? ??????????????? ?? ????? ?????? ?????? ??????, ???? ??????? ??????."
???? ??????,?????? ????? ????? ???? ?????? ??????? ???????? ????????: ??????? ?????????,"???? ??? ????? ????? ????? ???? ?????? ??? ??? ??????? ?? ????? ?? ??. ????? ????? ?????? ?????? ?????? ????? ?????. ??????? ????? ????? ?? ????? ?? ???? ????. ??? ??? 2013 ??? ????? ?????? ??????? ??????? ?????? ?????? ?????? ????? ?????? - ???? ????? ?? ???? ?????, ???? ????? ???????. ???? ??? ??? ????? ?????? ??? ???? ?????? ?????? ??????? ???? ??????? ?????? ????? ?????? ?? ??? ??????: ????? ??????, ???? ??????, ????? ?????? ????????, ?????? ?????? ??????? ??????? ??????. ???? ?? ??? ????? ????? ??? ?????? ??????? ???? ??????? ?? ????? ????? ?????? ???????? ??????. ?? ?????? ????? ????? ???? ?????? ????? ?????? ??????."
??? ?????,"???""??? ????? ?????? ??????","??? ??? ???""??? ????? ?????? ??????. ???? ?? ????? ?? ???? - ???? ????? ?? ???? ????? ?????? ???? ????? ???? ?? ?????? ???????? ????? ??????? ?????? ????? ??????, ????? ???????, ????? ????? ??????? ?????? ????? ???? ??? ????? ?? ??????? ???????? ???????? ??????? ????? ????? ??????. ??????? ????? ????? ??? ????? ?????? ?? ???? - ?????? ?????? ?????? ?????? ???????. ???? ?????? ?? ????? ???? ??????? ????? ?????? ???? ???? ???????? ?? ??”? ???????? ?????? ????? ?????? ????? ???? ?????? ??????? ???????? ?????. ?????? ?????? ???? ?????? ?????? ???? ???? ?? ?????? ?????? ????? ????? ????? ??? ??? ?????? ?????? ???? ??????? ?????? ??????. ?????, ????? ?????? ?? ????? ?????? ???? ?????? ????? ?????? ???""?. ???? ??? ???? ??? ?????? ???????? ??????? ????? ??? ?????? ??????? ?????? ?????? ?????."
????? ?????,"Content Strategy Manager, Public Policy Europe, TikTok","???? ????? ?????, ????? ??????? ??????? ??????? ?????. ???? ????? ?????? ?? ?????? ????? ??????? ?? ?? ?????? ???? ????? ????? ?? ?????? ??????. ???? ???????? ??????? ????? ?? ????? Trust and Safety Policies ????? Fiverr ????? ?? ???? ?????? ???????? ????? ?? ?????????. ?? ???? ???????? ?????? ???? ???? ??????? ???? ???? ????? ????? ??? ??????, ?????? ?? ??????? ???????? ?????? ???? ????????? ????? ???? ????? ????? ?????? ??????? ???? ???????? ?????."
????? ???,"????? ????? ??? ?????? - ????? ??????? ????, ??? ???","????? ????? ??? ?????? ????? ??????? ???? - ??? ???, ???? ???????. ?????? ?????? ?????? ??? ???? ?? ???????? ???????????? ?? ??? ?????? ??? ???????? ????? ???????.
???? ?? ???? ???? ????? ?? ?????? ?????? ???????? ??? ?????? ??????? ????? ????? ??????? ???? ??? ???. 
???? ????? ??????? ???????? ?????? ???????? ?????? ???""? ???? ??????? ??????? ???? - ???? ?????? ???????. ???? ????? ??? ?????? ?????.
???? ??????? ??????? ?????? ??????? ?????? ???????? - ?????????? ?? ??????.
???? ????? ????? ???""? ?? ???? ????? ????? ???? ???? ??????? ?? ???""? ?????? ?????? ??????? ??????? ????. 
???? ???? ????? ???? ?????? ???????? (MSW) ??????????? ????, ????? ??? ????? ????? (MBA, ?????? ??????? ??????) ??????????? ?? ????."
???? ???,???? ????? ???? ?????? ????? ???????? (Mobileye),"???? ??? ???? ????? ???? ?????? ????? ????????. ???? ??? ???? ???? ??? ????? ????? ???? ????""??? ???? ????? ?????? ?? ??????? ????????? ?? ?????. ???????? ??????? ????? ????? ???? ???? ????? ??????? ?????? ???? ????????. ??? ??? ????? ?? ????? ???????? ??????? ??? ????? ??????? ?????? ?????? ????? ???????. ???? ???? ???? ?????? ?????? ?? ?????? ??-???? ??????? ????? ?? ??? ?????? ?????? ????? ?????? ????? ??????????? ??-??????."
???? ??,??? ????? ????? ?????? ????,"???? 2000 ??? ???? ?????? ??????? ???? ?????? ?? ??""? ??? ?????? ???? ????? ???????, ??? ??????? ???? ????, ???? ????? ?????? ????? ????? ?? ????? ?????. ??????? ????? ?????? ??? ???? ??? ?????? ?????? ?? ??""?. ???? 2021 ?""? ???? ?? ???? ?????? ????? ?????? ?? ???? ????? ????? ?????? ????""?."
????? ??? ?????,???? ??? ?????,"??”? ?????, ???? ????? ?????? ??????? ?????? ??? ????? ?????? ?????, ?????? ?????? ???? ?????. ???? ???? ???? ?????? ??????? ?? ??? ?????? ??????? ???????? ????????? ?????????. ??? ??? ???? ?????? ??????????? ??-?????? ??????? ?? ?????? ???????, ?????? ???????? ????. ????? ??????? ?????? ?????, ??????? ??????? ?????? ????? ?? ????? ?????? ?????? ???? ???????."
???? ???,????? ??? ?? ????,"???? ???? ???????? ????????? Remilk. ??????? ????? ???? ???? ?????? ?? ???????? (?????? ?????) ????? ?????. ???? ?? ???? ???? ?????? ???? ???????? ????? ????? ?? ???? ??????? ?????? ????? ???. ?????? ?????? ??? ??? ????? ?????? ??????, ????? ???? ?????? ????????, ?????? ???? ??????? ?????? ????? ??????? ????, ????? ?????? ??????? ?? ????? ?????? ?????? ???? ?????. ??? ???? ?? ?????? ????????? ??? ???? ?? ????? ????, ?????? ????? ???? ??????, ????? ?????????? ??? ???? ????? ?????? ??? ???? ????. ??? ?? ???? ???""? ???? ??????? ????? ????? ??????? ??????? ?????? ???? ???????. ?? ?????? ????? ??? ???? ????? 50 ?? ???""? ?????, ?""?, ?""? ???""? ?? ?????? ???????."
??? ????,???? ?????? ???? ???? ??????? ???? ???? ???? ???????? ???????,"??? ???? ???? ???? ??????? ?????? ????? ?????? ?????? ???? ???? ???? ???????? ???????. ??????? ????? ??? ??? ???? ??????? ??????? ?????? ??????? ??? ??? ?????? ???? ?????? ??? ??????? ?????? ????? ??? ???. ???? ?? ??? ??? ???? ??????? ?????? ????? ????, ???? ???? ?? ???? ?????? ?? ?????? ???-????? ??? ????-??? ?????? ?? ??????? ???? ?????? ?????? ?????? ?? ????. ?????, ??? ????? ?? ??????? ?????? ?????? ????? ??????, ????? ??????, ????? ????? ????. ?????, ???? ?? ????? ?????? ???? ?? ??????????? ??? ????. ?? ?????? ????? ???? ??? ????? ????? ????? ?? ??? ???."
????? ????,"?????? ????""??? FORSA - ?????? ????? ??????, ?????? ??????, ????? ?????? ?????. ??????? ?????? ???? ???????? ?????? ?????","????? ??? ?????? ????""??? ?? FORSA - ?????? ????? ??????, ?????? ??????, ????? ?????? ?????, ???????? ?????? ???? ???????? ?????? ?????. ???? ?? ??? ????? ????? ???? ??????? ????? ?????? ???? ?????? ??????? ?????? ????? ?????? ?? ?????, ?????, ???? ????? ??? ?????? ????? ??? ????? ??????? ????????? ??? ????? ?????? ????? ?? ?????? ???????, ???????, ?????? ??????? ???????. ???? ??? ???? ??????? ??????? ?????? ??????? ??????? ????? ??????? ????? ?? ???? ????? ?????? ???????? ???? ???? ???? ????? ??????-???? ?????? ?????. ????? ?????? ????????? ??????? ???? ?????? ????? ???? ????? ????? ?????? ????? ?? ????, ???? ??????? ??? ??????? ?????? ???? ????, ??????? ????? ????? ????? ???? ???? ????? ??????? ??????."
????? ????,"????""???, ????? ??'?? ???? ????","?????? ???? ???????? ????? ????? ?????? ?????? ?????? ?????? ???? ????????? ?? ???? ????? ??????, ????? ?????? ???????? ????? ????????? ?? ?????? ??????? ???? ???? ????????, ?????? ?????? ??? ????? ???????. ???? 2017 ?????? ????? ?????? ??'?? ?????? ??????? ?????? ???????? ??? ?????? ???????? ??????? ???????. ?????, ??? ????? ????? ????? ??????? ???? ???? ????? ???? 5,500 ????, ?????? ????? ???? ???? ????? ????? ?????? ????????. ???? 2024 ????? ?????? ????""??? ?????? ??'?? ???? ????."
???? ????,????? ?????? ?? ???????? ?????? ????? ????,"???? ??? ???? ??? ?????, ???? 16 ???? ?? ?????? 2024 ??? ????? ????? ??????, ????? ??????? ?????? ???? ????? ?? ?????? ??'??. ??? ???? ??? ???? 2002 ???? 12 ???? ???? ???? ????? ?????? ????? ??????.  
???? ???? ??? ????? ????? ????? ????? ??????? ???????, ?????? ??????? ??????.
???? 1997 ?? ??? 2005 ??? ?????? ????? ?????."
???? ??????,"???????? ?????? ???? ????? ?????, ??""?","??""?, ????""??? ????? ??""? ?????? ???? ????? ?????. ?????? ??????, ????? ??????? ?????? ?????? ?????? ???? ???? ?????? ??????? ????????? ????? ???? ?? ???? ?? ?????? ????? ?????. ???? ??????? ?????? ???""??? ????????. ????, ???? ?????? ?? ??? ???????? ????? ????? ????? ?????? ????, ?????? ?????? ???????? ???? ?????? ???? ???? ????? ?????? ???????? ????????? ??????. ????? ??????? ?????? ???? ??????? ?????? ?? ?????? ????? ?????? ??????? ???????? ?????? ?? ???????."
??? ??????? ????,????? ????? ???????? ??????? ????? ???? ??????? ???? ???? ????,"??? ????? ????? ???????? ??????? ????? ????, ???? ?? ????? ??? ????? ????""???? ????? ????? (COO) ????? Sweetch Health ?????? ????? ???????? ?????? ??? ???? ?? ????? ??????? ?????? ???????? ???? ?????? ?? ???????. ?????, ??? ????? ??? ??????? ?????? ?????????????? ?? ??? ??????? ??????? ?????? ?????? ????? ?????? ??????? ???????? ????? ?????. ???? ??????? ?????? ??? ????? ?????? ?????? ??????""??? ????? COO ????? H3 ??? ????? ????????? ?????? ???? ?????? ??????? ???? ??????. ???? ?? ????? ??????? ?? IDEA ?????? ?????? ????? ?? ?????? ?????? ????? ???????, ?????? ?????? ??? ????? ??????? ????? ???????? ????? ?????????. ??? ?? ??? ??????? ??????? ????? ????? (??""?) ?????? ??????? ???????? ?????? ???????? ?????? ???????? ???????? ?? ????? ????? ?????? ?? ???????. ?? ?????? ????? ??? ????? ?????? ????? ????? ??? ?????? ???? . ???? ???? ??? ???????? ??????? ????""? ?????? ??????????? ?""? ????? ????? ????? ???????? ???????? ?""?-???. ????? ??? ??? ????? ??? ???? ??????????? ??????? ?????? ?? ?? ???? ???? ???? ????? ?????? ???????? ????? ??? ??????? ???????? ?????????, ???? ????? ??????? ???? ???? ?? ???????? ??????? ????? ??????? ??????? ????????? ??????? ????. ??? ????? ???????? ??? ??????? ????? ???????? ???? ????  ?????."
???? ???,"??""? ????? ??????","???? ???? ???""? ????? ??????, ???? ???? ???""? ????? ?? ??? ??????. ???? ?? ???? ?? ???? ???? ?????? ?????? ???? ????? ??????? ??????? ???? ???? ???? ????? ?????? ?????? ??????. ????? ??????? ??? ??? ??""? ????? ????????? ??????????? ??????, ???? ????? ????? ??? ???? ???""? ???? ?? ??????. ???? ???? ???""? ?????????? ?????? ????? ???????, ????? ?? ???? ""?? ??? ??????"" ???? ?? ??? ??? ???. ???? ???? ????? ?????? ???? ???? ????? ?????? ??????? ???? ????? ????."
???? ???,???? ?????? SQ,"???? ??? ??????? ???? ????? ??????. ????? ????? ?????""??? ???? ??????? ??? ??? ???????? ?????. ?????? ?????? ????? ?????? ?????? ?????? ????? ?????????, ????? ???? ?? ??? ????? ???""?, ????? ???????? ????-???? ?????? ????? Dun’s 100 – ????? ?????? ???????? ???? ???????. ???? ??? ????? ?????? ???? ???? ????? ????????? ????? ????? ??????, ????? ???????? ????? ???? ?? ????? ???????? ??????? ?????? ?????? ?????? ?????. ??????? ????? ????? ???? ????? ???? ?????? ????? ???? ???? ??????."
?? ??????????? – ???,"???""??? ?????? ?? ?? ????? ???????????' ???????? ???????","?? ??? ???""??? ?? ????? ???????????' - ???? ?????? ??????, ??????, ????? ?????? ?????????, ???????? ??????, ????? ?????? ????? ????? ?????, ??????? ????????, ?????. ?? ????? ?????? ???? ??""? ?????? ???? ?-50 ????? ???????? ?? ????? ???? ?????."
???? ????,????? ???????? ????????? ???????? ?????????,"???? ??? ????? ??? ??????? ????? ?'????? ???????'. ???? ????? ???????? ??????, ?????-?? ????? ?????? ???????. ???? ?? ????? ?? ????? ?????? ????? ???????? ???????? ????????? - ???? ????? ?? ????????? ??????. ?????? ?????? ????? ????? ?? ????? ????? ???????? ???? ?????????? ?????? ????? ??????? ?????? ????? ????? ?????? ?????? ?????? ?? ???? ????? ??? ??? ???????. ???? ??? ????? ?? ????? ?????? ????????? ????? - ????? ??????? ?? ????? Transparency International ????? ?????? ?????? ???????? ???? ?????? ???????. ???? ??? ????? ???? ????? ??? ?????? ?????? ??????? ???? ???? ????""? ????? ??????."
??? ??? ???,"Founder and CEO at WOTCH Primary Medicine, Ltd","?""? ??? ??? ??? ??? Founder and CEO at WOTCH Primary Medicine, Ltd. ??????? ????? ????? ????? ??? ??? ????? ???????? ??????? ?????? ????? ?????? ??????? ????? ?????? ??????. ???? ?? ??? ????? ???? ???? ?????? ???? ????? ??????. ?????? ??????  ??? ?????? ?? ????? ???? ????? ?????? ?????? ??? ?????? ?????? ?????? ???????? ???????? ?????? ??????? ????? ?????? ????? ?????? ??????? ?? ??????. ???? ??? ????? ?? ?????? ?????? ????? ?? ?? ????-?????. ??????, ??? ?????? ????? ????? ?????? ?? ???? ??????? ????? HIV ?? ???? ?????? ?????? ?????? ??????? ???????? ?????? ????""?. ?????? ?????? ??????? ??? ?????? ????? ????? ?? ????? ?????? ??????, ?????? ?????? ?? ????? HIV ??????? ?????? ??????? ????? ?????? ?????? ?-HIV ?????? ??????. ??? ??? ?????? ????? ????? ??????? ??????. ?? ??????? ????? ????? ?????? ?????? ??? ?????' ?????? ????? ???? ?????? ??? ?????."
??? ????-??????,"???""??? ?????? ???? ???? - ????? ????????? ?????? ????? ????? ??? ?????? ??????","??? ??? ?????? ????? ????""??? ?? ???? ???? – ???? ????? ????????? ?????? ?????. ???? ??? ??? ????? ???""? ??""? – ?????? ??????, ??????? ?????? ?????? ??????, ??????? ???????? ???????? ?????? ????? ?????? ??????. ?????, ??? ?????? ??????? ?? ???? - ?????? ?????? ????? ??????? ?? ?????? ?????? ??????? ??????? ???????? ????? ????. ??? ?? ??? ????? ????? ??????? ?? ????? – ???? ???????? ?????? ?????? ??????, ?????? ?? ?????? ????? ????? ????""???, ?????? ??????? ??????? ???? ??????. ??? ????? ?? ?????? ???? ?????? ????? ???????? ?????? ????? ??? ????, ??????? ????? ????? ????""? ???????? ??????? ????????? ????? ????? ??????? ???? ?????? ?????? ????. ??? ??? ????? ?????? ????? ?? ?????? ?????? ????? ?????? ??????, ????? ??? ???? ???? ????? ?????? ????? ?????? ???? ????? ?????? ?????? ?????? ?????? ????? ????? ???? ?? ???? ??????."
???? ???,?????????? ?????? / ????????,"???? ??? ?????????? ???????? ???????. ???? 2013 ????? ?? ????, ???? ????? ????? ??????? ???????? ?? ?????. ????? ????? ??????? ????? ?????? ?????? ????? ??????? ??????. ???? ???? ???? ????? ???????. ??? ???? ????? ????? ????? ?? ???? ????? ?? ???? ?????, ???? ?????, ??????????? ????? ?????. ??? ?? ????? ????? ?? ???? ????? ?? ?????? ????? ??????."
???? ????,"???? ????""??? ????? ?????","??????? ?????? ????? ???? ????""??? ????? ????? ??????? ??????? ?????????, ?????, ??????, ?????? ?????? ????. ???? ?? ??? ????? ???? ?? ?????? ????? ??????: ????? ?????? ???? ????? ??????, ????? ?????? ?????? ??????? ??????? ?????, ????? ????? ???? ?????? ???, ????????? ?????? ?????. ???? ????? ?????? ????? ???????? ?????? 40 ?? 40 ?? ????? ???? 2022."
???? ??????,????? ????? ?????? ?????,"???? ????? ?????? ??? ?????? ????????-?????? ????? ?????. ??????? ????? ????? ????? ????? ????? ??, , ????? ?? ????? ????? ???????? ????? ?' ?? ???, ???? ???? 2005 ??? ???? ?????? ????????? ???????. ??? ????? ?????? ?? ??????, ?????? 2015-2012 ????? ?? ???? ?????? ??????? ?? ??????. ?????, ???? ???? ??????? ?????? ???????, ?????? ???????? ????? ??????? ?????? ????????? ?????? ??? ???? ????? ???????. ????? 2015-2014 ????? ????? ????? ?????? ?????? ?'1 ????? ?????? ???? ?????. ???? ???, ????? 2014-2013, ????? ????? ????? ?????? ??????? ?? ????? ??????. ???? ????? ?? ????? ????? ?? ?????? ?????? ????? ?????? ????????? ??????? ?? ???? ???? ?????? ??????. ???? 2015 ????? ????? ????? ?? ????? ????? ???? ?????? ???? ????????? ???????? ?????? ?? ??????? ?????. ??? ?????? ????????? ??????? ??????. ?? ??????? ????????? ???? ????? ????????-?????? ????? ?????, ?????? ?? ??????? ?????? ?????? ????? ?????? ???? ??? ?????' ?????? ???? ????? ?????? ??? ???? ?????. ???? ????? ???? ???-???? ?????????????? ??????????? ?? ????."
????? ???????,"???""? ????? ?????? ??? ????","????? ??? ???""? ?????? ??????? ??? ???? ??? ???? 2023. ???? ??? ???? ????""? ?????? ??????? ????. ?????? ?????? ??? ????? ?????, ?????, ????? ????? ?? ??????? ?????? ??????? ????-?????? ?? ??????, ?????? ??????? ??? ?????? ?????? ??????? ?????? ????????? ???????. ???? ?? ??? ???? ?????? ??????? ?????? ??????. ??? ?????? ??????? ??? ???? ???""? ????????."
???? ????? ?????,????? ??? ????? ?????? ??????? ???????,"????  ????? ?? ??? ????? ?????? ?????? ?????? ??????? ???????, ????? ?? ??? ??????? ??????? ?????????? ?? ????? ?????? ???????? – ???????? ????????? ??????. ???? ????? ?? ????? ???????, ???????, ???????, ??????? ??????? ????????, ?????? ????????, ??????? ??????, ??????? ?????? ??? ????????, ????? ????? ?????? ???????? ????? ??????? ???? ????? ???? ?????? ????? ??-300 ??? ?????? ???????. ?????? ?????? ?????? ???? ?????? ???????? ?????, ?????? ???????? ?????????, ??????? ????????? ??????? ????? ???????, ????? ?????? ????? ??????? ?????, ???????, ????? ??????? ???? ?????? ????.
???? ?? ????? ?????? ???? ????????? ????????? ?????? ??????? ?? ???? ????? ?????? ?????? ??????? ???????. ?????? ??????? ??????, ????? ?????? ????? ???? ????? ????? ???? ?????, ???? ????? ?????? ?????????, ??? ?????, ????? ?????? ?????? ????? ??????? ??? ??????, ????? ?????? ?? ???????? ????? ?????? ?? ???? ??????? ????? ????.
??????? ????? ????? ???? ??? ???? ?????? ?? ????? ?????? ?????????? ?? ?????? ??????? ?????? ????? ????? ????""? ???????, ??? ????? ??????? ???????? ????????? ?????? ??????, ??????? ??????? ?????.
????? ???? ??? ?????? ???????? ?????? ???????????? ?????? ???? ????? ???? ?????????. ??? ???? ?????? ?? ?????? ??????? ???? ?????, ?????? ?????? ????? ??????? ?????? ?????? ??????? ????? ????? ????????. ??? ?????? ????????, ??? ????? ???????? ??????, ????? ????? ????? ?????? ??????? ?????? ??????, ???? ????? ????? ?? ??????? ???? ???????? ??????? ?????? ""???? ????""."
????? ?????,"???? ???? ???? ?????? ?????, ???? ??????","???? ?? ??? ?????? ?????? ????? ??????, ?????? ?? ?????? ???? ?????? ?????? ????? ?????? ??????? ?????? ?????. 
???? ?? ??? ????? ?????? ???? ???????? ????? ???? ??? ???? ?????? ?????? ??????? ?????? ????????? ?? ?????? ????? ??????? ?? ??? ??????, ???????? ???? ??????? ?????? ???? 2030 ?????? ?????????. ???? ??? ??? ????? ????? ????? ??????? ???????? ????? ???? ?????.
???? ??? ?? ???? ???? ??????? ?????? ????? ??????, ?? ??? ????, ?""? ??????? ??? ?????."
???? ????????,???? ???????,"???? ??? ???? ????? ?????? ???????? ????? ???????. ???? ?? ???? ??????? ????? ???? ????? ????? ?????????? ???????, ???? ?????? ??????. ?????? ?????? ??? ????? ?? ????? ??? ?? ???????? ???? ????? ????? ?????? ??????, ????? ?? ????????  ?? ??? ???? ????? ??????, ????? ?????? ????? ??????? ????? ???? ???? ?????? ???????? ??????? ??? ????? ????? ?????? ????? ????? ??????.
?? ?????? ???? ???? ????? ?????? ?? ???? ?? ??? ???? ??? ?????? ??????."
????? ????,"???? ????? ??????? ????, ????????, ??? ?????, ???? ????? ????? ????","????? ??? ????? ????? ?? ?????? ?????, ???? ????? ??????? ????, ????? ???????? ?????? ??????? ??????? ????? ???? ????, ????? ?????, ????? ???????????. ???? ?? ??? ?????? ?????? ??????? ?????, ???? ?????, ????? ?????, ???? ???? ????? ????, ????? ????? ??????? ????."
???? ????,???? ?????? ??? ?????,"???? ??? ???? ???? ??? ?????. ?????? ?????? ??? ????? ?????? ????? ?????? ???? ??????? ??????? ???????? ????? ???? ?? ???? ?????? ?? ?????? ????. ??? ??, ??? ?????? ?????? ???? ?? ??????? ???????? ????? ??? ?????? ????? ??????? ?????? ???? ?????? ???? ?????, ?????? ???? ?????? ??????? ??????? ???????? ?????? ???? ?????? ???. ??????, ???? ????? ???????? ???????? ??????? ????????? ????? ?????? ??? ??????? ???? ???????."
???? ????,"???""??? '????? ????'","???? ??? ???""??? '????? ????', ???? ??????? ?????. ???? ?? ????? ????? ?????? ??????? ???????? ?????. ?????? ?????? ?????? ??????? ????? ????""??? ???? ??? ??????. ???? 2012 ??? ?????? ????? ????? ?? ????? ?? ????, ????? ????? ????? ??? ????? ?????? ?? ????? ????? ??????? ?????. ?????? ?????? ???? ?????? ??????? ????? ???? ?? ????? ????? ??????? ??????-?????. ???? ??? ????? ?????? ????????? ?? ?????? , ????????? ???""? ????? ??????? ????? ????? ?? ???????? ??????? ???????. 
."
?????? ????,Head of content marketing - Salto,"?????? ??? ????""??? ????? ????????? ?? ????? ""????"", ????? ??????? ???? 2018. ?????? ??????, ??? ?????? ?? ????? ?????, ?? ????? ??? ???, ?? ????? ?-reach ??  ?????? ?? ?????? ??? ????? ???? ???????, ???? ????? ??????, ?????, ??????? ???????, ??????? ????? ??????? ???? ?????? impact  ??????? ?????. ???? ?? ????? ?????? ????? ????? ????? ????? ????? ??-Ravello Systems - ?????-?? ?????? ???? ??????? ???, ?? ????? ?? ??????? ?????? ??? ????? ????? ?? ????????? ?????? ???????."
????? ??????,"???""? ????? ?????? ???? ?????","????? ???? ????""? ????? ?????? ????. ???? ?? ???? ????""? ?????? ????? ????? ????? ?? ??? ??????? ?? ??? ???????. ??? ???? ???? ???? 25 ???? ????? ????? ????? ?????? ?????, ???? ?????? ??? ?????? ??????? ?????? ????????. ?????? ????? ????? ???? ????."
???? ???? ???,"????? ????? ???? ?????, ???? ?????? ???????","???? ?????? ?? ?????? ???? ????? ????? ????? ?????? ???????, ?????? ???? ???? ???? ?????? ?????? ?????, ????? ????? ?????? ?????? ??????. ???? ????? ??????? ????? ????? ??????. ????? ????? ""?????? ?????? ??????""."
??? ?????,???? ????? ????? ????? ??????? ???????,"??? ??? ???? ????? ????? ????? ??????? ???????. ?????? ?????? ??? ????? ?? ?????? ??????? ??? ?????? ????? 550 ?????? ??????? ?????? ?????? ????? ??????? ???? ??????. ??? ???? ????? ??? ?????? ??? ????? ????? ????? ??????? ????? ????? ????? ????? ?? ?????? ????? ???""? ????? ???????? ????? ????? ????? ?????? ?????. ?????  2021-2017 ??? ??? ???? ?????? ??????? ?????? ??? ???? ????? ?????? ????? ???? ??? ?????? ????? ?????? ???????? ???????? ????? ???? ?????? ??????? ??????"
??? ????????? ?????,"??? ??? ????? ????? ??????? ???????? ????? ?????, ???? ??????? ??'???? ????","?""? ??? ????????? ????? ????? ???? ?? ?????? ?? ??? ??? ????? ????? ??????? ???????? ????? ????? ?????? ????? ??????? ?????,  ????? ???????. ???? ????? ?""? ???? ?'???? ?? ??????? ??????, ?'???? ???? ????? ????? ??????? ????? ????? ???? ???????. ???? ??, ??? ???? ????? ??????? ???? ???? ????? ???? ?????, ????? ????? ?????? ?????? ????? ??????? ?????? ?????? ?? ????? ????????? ??????? ???????? ????? ????? ??????? ???????? ??????? ??????? ????? ?????? ????. ???? ???, ???? ?????? ???? ??????? ??? ????????? ???????? ???? ????? ?????? ?????? ?????? ?? ???? ?????? ??? ???? ?????? ?? ????? ????? ?????? ????? ????? ?????? ???? ???????. ?????? ???? ???? ?????? ??? ?????? ???????????? ???? ????? ?????? ??????."
??? ????-?????,"????? ???? ??? ?????? ???""?","??? ???? 2020, ??? ????? ?????? ???? ??? ?????? ???""? ?????. ??????? ?????, ??? ??? 2016 ????? ??? ????? ??? ??? ????? ????? ????? ?????? ???""?. ?????? ?????? ????? ??? ?????? ?????? ??? ??????? ??????? ???????? ??????? ???????? ??????? ????? ????? ??????. ?? ??? ????? ??? ????? ????? ?????? ?????? ???????? ??????. ?????? ??????, ????? ?? ??? ???? ???, ??? ????? ??????? ??????? ?????? ???????? ??????? ??? ?????? ??? ??????. ???? ?????? ?????? ??? ???? ???????? ??????? ?????? ????? ?????? – ?? ??? ?????? ?? ??? ??????. ????? 2017-2015 ????? ???? ??? ???? ??????? ?????? ???????? ??????, ????? ??????? ?????? ??????? ?????? ????? ??????? ????????. ???? ???, ??? ??? 2015 ??? ??? ???? ????? ?????? ??????? ?????? ?? ??????? ?????. ??? ???? ???????? ??????? ???????? ?????? ???????? ??????? ???????? ?????? (ESPID ECCMID), ??????? ???????? ?????? ????? ?????? ????????? ?????? ??????? ????? ?????' ??????. ????? 2014-2007 ???? ??? ????? ?????? ????? ???????? ???????? ????? ?????? ???""?, ?????? ???????? ?? ?????? ?????? ????? ?????. ???? 2010 ???? ??? ???? ?????? ???????? ?????? ????? ?????? ???""?. ????? 2013 ?-2014 ????? ????? ??????? ??????? ??????, ????? 2017 ???? ???? ???? ?? ???? ?? ????? ???????? ????? ""????? ????"" ?? ???????. ???? 2017 ????? ?????? ??????? ????? ??????? ?????. ?????? ?????? ??????? ????? ??? ???? ?????? ??????? ???? ???? ????? ?????? ?? ???? (?????? ???? ????? ???""?) ??????? ??????? ???????? ?????? ???? ????. ??? ????? ???? ?????? ?????? ???? ??? ???? ?????? (?????). ???? ??? ?????? ????? ??????? ?????? ??????. ??? ????? ????????? ?????? ?????? ????? (2006) ??????? ???????? (2009). ?? ????? ?????? ??? ????????? ???? ????? ?????? ???""? ?????."
???? ???,"????""? ?.? ?????? ????? ?? ??? ????? ????? ?????","???? ???? ?????""? ?.? ?????? ????? ?? ??? ????? ????? ?????. ???? ?? ???? ????""? ????? ????? ??? ????? ??????. ?????? ?????? ????? ???? ?? ?????? ?????? ??????????? ????????. ??? ????? ??? ????? ????? ?????? ????? ??????? ????? ????? 60,000 ??????. ???? ??? ???? ???? ?????""? ?????? ?????? ?????? ?????? ????. ?? ???? ????? ???? ???? ???? ?????? ????? ?? ??????? ???????."
???? ???,"??? ???? ???""? ????? ????? ??? ???? ???? ??? ????","???? ??? ??? ???? ???""? ????? ????? ??? ????, ??? ??? ????."
?? ???,"???""? UPS ????? ?????? ?????????","?? ??? ???""? UPS ????? ?????? ?????????. ???? ?? ??? ????? ????""? ???? Delta Novel. ??? ???? ??????  13 ?????? ?????? ???? ????, ??? ???? ?????? ????? ??? ????? ???? ?????? ??? ??????, ????? ??? ???????. ???? ??? ??? ?????? ?????? ????? ?????? ????? ????? ????? ???? ???? ?? ???? ?? ?????? ?????? ???????."
??? ???,???? ????? ???????? ?????? ???? ???? ?????,"??? ???? ?? ????? ??????? ????? - ????? ?????? ???????? ???? ????? ?????? ?? ?????? ???? ????????? ??????? ????????? ??????? ?????? ???????, ?????? ???????? ??????? ???????? ?????? ?????? ??????, ????, ????? ????? ????. ????? ???? ????? ?? ??? ??????? ? ???? ????? ???? ??????? ?? ???? ??""?, ??????? ??? ????, ???? ???? ????? ????. ???? ??? ??? ????? ????? ????? ??? ???? ???????? ?????? ????? ?????? ???????? ????? ???????, ????? P&G ?????? ?????? ???, ????? Nestle ??????."
???? ?? ???,?????? ????? ?????? ???? ????? ????,"???? ??? ?????? ????? ?????? ???? ????? ???? ???? ??? ??? ????""? ????? ??????? ??????? ?? ??. ???? ??? ??? ???? ??? ???? ????? ???????. ???? ??? ?????? ???????? ????? ?????? ???? ????? ????????. ????? ??? ?????? ???? ?????? ????? ??? ??? ?????? ??????. ??????? ?? ?? ??? ????? ?? ??? ???? ?? ??????? ?????? ??????? ??????? ???? ???? ????? ???????? ?? ????? ??????? ???????? ???? ?????? ?????, ?????? ?????? ???????? ???? ????? ???? ???? ??????? ?????? ??????? ???????? ?????."
???? ???,"????""??? ???? ???????","??? 2019 ???? ??? ????""??? ??????? ???? ???????. ?????? ?????? ??? ?????? ?? ????? ?????? ?? ??? ?????? ????? ???????? ????????. ?????? ???? ????? ?????? ????????? ???????? ???? ?????, ????? ???? ????? ????? ????, ????? ??????? ?????, ????? ????? ?? ????? ?-100 ?????? ???? ??????? ???????? ?? ?????? ?????? ????? ??????? ?????. ??? ???? ????? ???? ????? ????? ??????? ?????? ?????? ?????."
???? ???-???,????? ??? ???? ??? ????? ????? ??????,"???? ????? ???????? ???? ??? ????? ??? ????? ???? ????? ??????, ??????? ?????? ?????? ?? ?????? ?? ?-2,200 ????? ????? ???? ?????? ?????? ?????, ??? ???????, ?????? ??????? ??? ??????. ??? ?? ??? ?????? ?? ????? ?????? ?????? ?????? ?????? ???? ??????, ????? ???? ????? ???? ???? ????? ?????, ????? ??????? ???????? ???? ????, ??????? ??????? ???? ???????, ?????? ?????? ?????? ???? ??? ????? ???? ?????? ???? ??? ?????? ????? ?????? ???????? ??????. ?????, ??? ????? ?? ????? ???? ????? ?? 25 ?????? ???????? ??????? ??????? ?? ?????? ????? ???? ?????????? ????????. ??????? ????? ?????? ???? ????? ????? ?????? ???? ????? ???? ????? ??????, ??? ????? ?????? ???? ?????? ?? ????? ???? ?? ????? ?????? ?? ????? ?????? ????????, ????? ??????? ??????? ?? ????????, ???? ????? ?????????? ??? ??""?, ????? ????? ????? ????? ?????? ?? ????? ?????, ?????? ???? ?? ???? ?????? ????????."
???? ??????,"????""? ????? ????? ?????? (?????), ???? ???????","???? ??? ??? ??? ????? ????? ???????. ?????? ?????? ??? ?????? ?? ???????? ??????? ?????? ????? ?? ????? ????? ?????? ???????? ??????? ????? ????????? ??? ????? ?????? ???? ??? ????? ?????? ??????. ??? ?? ????? ???? ???""? ???? ???????, ?????? ?? ????? ?????? ???????? ????? ??? ???? ?????? ??????? ??? ?????? ?????? ?? ???? ?? ???????. ???? ???? ???? ????? ????? ?????? ""?????"", ??? ??? ??????? ???? ?????? ?? ??? ????? ????? ?????? ??????."
????? ????,"???""? ?????? ??? ???","????? ??? ???""? ?????? ??? ???- ????? ??? ????? ?????? ?????? ??? ????, ???? ?????? ?-500 ??????? ??????? 30-18. ???? 1995 ??? ??????? ??? ???? ???""? ????? ?????? ??? ??????? ??????, ??????, ??? ??? ?????????? ????? ?????? ??? ?????? ???? ????? ?????? ?????? ??? ??????. ???? ??? ???? ???? ????? ??????? ????? ?? ???, ??????? ?????? ????? ?? ?????? ?????? ???? ?????? ??????? ???? ?????? ????. ?? ?????? ????? - ?????? ????? ????? ???? ?????? ????? ????? - ???? ????? ????? ????? ??? ?????? ?????."
???? ?????,"???""??? ???? ??""?","???? ??? ???""??? ???? ??""? ????? ?????? ?????? ??????? ?????? ????? ???????, ????? ????, ???? ????? ????? ????? ??????? ???????. ?????? ?????? ??? ????? ?????? ????? ?? ???????, ????? ??????? ???????? ??????? ????. ?????, ??? ????? ?? ?????? ????? - ???? ??????? ??????? ?????? ???? ???? ?????? ??? ????? ????? ?????? ??????? ????. ???? ??? ???? ????? ?????""??? ?????? ??""? ?????? ?????? ????????? ?????? ???? ????????? ???????, ??????? ?????? ???? ?????? ????? ?? ?????? ????????, ??????? ???????, ????? ???? ?????? ????? ???????? ?? ??????? ???? ???? ?????? ???????."
?? ???????,"Head of Israel, LinkedIn Talent Solutions","???? ?????? ?????? ?? ????? ????""??? ?????? ?-Gett. ???? ?? ????? ?? ???? ?????? ?????? ?-Enterprise ?????????? ????? ?????? ?????? ?? ????? ???? ????? ?? ????? ?? ????? ????? ?? ?????? ?????? ??????? ????. ?????, ????? ????? ???? ????? ????? ????? ??????? ?????? ????? ?????? ??????? ??????. ????? 2010-2007 ????? ?? ???? ?????? ?????? ?????? ????? ?????? ?????? ????? ?????? ????????? ??????? ?????? ????? ?????? ???? ?? ???? ???????. ????? 2004-2002 ??? ????? ??? ??????? ????? ?????? ????? ??? ??????? ???????? ?????? ????? ?? ?? ????? ???????. ??????? ??????? ??? ???? ?? ?????? ???? ????? ???? ??? ????? ????? ??? ????? ?????? ????? ?????."
????? ???????,"???""? ?????? ???????? ??????. ???? ????? ???? ??? ???????","????? ??? ???""? ?????? - ?????? ??????? ??????? ?????? ?? ??????? ?????? ????? ????? ???? ??? ???????. ???? ?????? ???? ?? ??? ???????? BBB ????? 2009 ??? ????? ??????? ???? ????? ????. ??? ???? ???? ???? ???????? ?????? ????? ?????? ??????: ??? ??? ???""? ?????""? ????? ?????? ???? ?????? ???????? ???? ????? ????""?. ??? ????????? ??????: MUNIEXPO - ???? ??????? ?? ?????? ??????. ??? ?? ???? ?? UNIVERCITY - ???? ?????? ??????? ?? ??????? ??????? ???????? ??? ??? - ?????? ??????? ?????? ??????? ???????? ??? ???? ???""?. ???? ?? ???""? ??? - ??? ???????? ?????? ??????? ???????? ?????? ????? ??? ?? 3.5 ?????? ?."
???? ????,???? ???? ???? ??????? ?????? ??????,"???? ??? ???? ???? ???? ??????? ?????? ??????. ??? ?? ??? ???? ????? ????? ????? ????? ???? ?????? ????? ???? ?????? ?????? ????????? ????????, ??????, ????? ??????? ????? ?????, ????? ??????? ???? ?????? ??? ????? ?????? ?????? ?????? ???? ???????. ???????? ??? ???? ??? ??? ?????? ??????."
????? ?? ?????,"???? ????? ????????? ?????? ???????, ???? ????? ??????.","????? ??? ?????, ???? ????? ??????. ???? ??? ???? ????? ????? ??? ????? ??? ????. ??????? ????? ??? ???""? ????? ????? ???. ???? ?? ???? ????? ??? ?????? ??????? ????? ????? ????? ??? ???? ????? ?? ????? ???? ????? ???? ??????? ?????? ?????? ??????? ?? ????, ??? ???? ????? ????? ???? ?????? ?????? ?' ????. ?????, ??? ???? ???? ???? ?????? ???? ????? ????? ?????? ?????? ?????? ??????? ?? ????? ?????. ????? ???? ?????? ???????? ??????? ???? ?????????? ??????? ???? ??? ????? ?????, ??? ????? ???? ????? ????? ??????????? ????? ?????."
???? ????,???? ???? ??? ??? ???? ?????? ??????,"??? ???? 2019 ???? ???? ?? ???? ??? ??? ????? ?????? ??????. ???? ??? ???? 2013 ???? ????? ?????? ????? ??????, ????? 2016-2019 ???? ?? ???? ????, ????? ?? ???? ?????? ??????? ????? ????? ?? ????. ???? ???? ???? ???? ??? ??????? ????, ?????? ??? ?? ?????? ????? ???? ??????, ???? ????? ????? ??????? ????? ??????. ????? ????? ??????? ?????? ????? ????? ???????."
??? ????,???? ???? ???? ?????? ?????? ??????,"??? ???? 2021 ???? ????? ???? ???? ??????? ?????? ?????? , ???? ??? ???? ???? 2013 ?????? ????? ???? ???? ????? ??????? ????? ?????? . ???? ?? ????? 12 ??? ?????? ?????? ?????? ????? ?????? ???? ???? ?????? ????""? ??? ??????? ???? ??? ?????? ?????? . ?????? ????? ?????? ???? ?????? ????? ???? , ???? ???? ????? ????? ???? . ?????? ????? ???? ???? ?????? ?????? ??????? ???? .
??? ???? ?????? ???? ????? ??????????? ????? ?????? ????? ??? ????? ?????"
???? ????,"??? ?????? ?????? ????????? ????? ??????, ??? ??????, ???? ??????","??""? - ?' ?????? ?????? ????????? ????? ?????? ???? ??????, ???? ???????, ??? ???? ?????? ???? ????? ??????? ????? ??????, ????? ??????? ??? ????? ???? ????,  ???? ??, ?????? ?? ???? ?????? ????????? ??????? ???? ????? ??????? ( 5 ????), ????? ????? ???? ?? ????? ????? ?""?, ????? ???? ???? ????????? ?????? ?????? ??????? ?????, ???? ?????? ???? ???????? ????, ???? ????? ?????? ?????? ????? ??????, ?????? ??? ?????? ??  ??????? ??? ??????"
???? ??? (??????),???? ???? ?????/?????? ?????? ???? ????,
???? ??,????? ????? ?????? ?????? ????? ????? ????? ??????,"???? ??? ????? ????? ?????? ?????? ????? ????? ????? ??????. ?????? ?????? ??? ????? ?? ?????? ???????? ?? ??????, ??????, ???? ??????? ?????? ????? ?????? ?????, ????? ?? ???? ?????? ?????? ??????? ?? ???? ?????? ?????? ?????. ???? ??? ???? ??????? ??????? ?????? ????? ?????? ?????????? ?????? ??????. ???? ????? ??? ????? ????? ????? ????? ??????? ??????? ???????? ????????. ???? ??? ????? ?????? ?????? ????? ?????? ??????? ?????? ?????."
???? ??,"???? ?? ????? ?? ????? ???""? ????? ?????????, ???? ?????? ????? ?????? ????????","????? ?? ?????? ???????  ????? ?????? ?????????  ?????? ????? ????? ??????. ??????? ?? ????? ??????? ?????? ?????? ?????????, ????? 
 ????? ???? ????? ?????? ??? ??????. ?????  ??????? ????? ?????? ?????? ??????? ????""? ?????? ?????? ??????? ?????? ??????.  ???? ???????  ?????? ???????? ?????? ?????? ?????? ????? ?? ?????? ?????? ??????? ????? ?????? ????? ??????, ???????? ????? ???? ???? ????????. ???? ????? ???? ?????? ????? ????? ???? ????? ?????? ??????? ???? ?? ???? ???? ????? ?????? ????? ????????? ???? ?????? ????????, ????? ???????? ??????? ??????? ????? ????? ????? ?????, ?????? ????? ????? ?? ????? ?????? , ????? ????? ???????? ?????? ????? ??????? ??? ??????  ?????? ????? ????, ??? ????? ???????."
????? ???????,"????? ?????, ???? ????, ?????? ?????? ?????","????? ?????? ????? ????? ????, ?????? ?????? ?????. ????? ????? ?????? ????? ??????. ?? ??? 2024 ????? ????? ????? ????? ?????? ????, ????? ?????? ?????? ??????? ??????? ?????? ?????? ????? ?????. ????? ???, ???? ????? ????? ????, ?????? ????? ????? ??? ????? ????? ??????? ???????. ?????? ?????? ????? ?????? ?????. ???? ???? ????? ??????? ???????????? ??????, ???? ?""? ?????? ??????????? ?? ?????? ????, ???? MHA ??????????? ?? ????, ???????? ????? MBA ??????????? ?? ????. ????? ????? ???? ???? ????? ????? ?????, ?????????? ?????? ?????????????"
???? ?????????,????? ?????????? ?? ???????? ???????,"???? ??? ????? ?????? ???? ????? ?????. ???? ?? ????? ????""??? ????? ?????? ??? ????, ??????? ?????? ??????? ?? ????? ?? ????? ????? ??? ???? ??????? ?????, ????? ???""? ????? ??????? ?????, ????? ????? ???? ???? ?????? ?????? ??????? ????? ??????? ????????? ???????, ????? ????? ?????? ?????? ??????? ???????? ?? ?????? ????????. ????? ??? ?????? ????? ????? ??????? ??? ???? ????? ??????? ???????? ????? ??????. ??? ?? ???? ????? ?????? ??????? ????? ??????? ?????? ??????? ?? ?????? ????-????? ?????? ????? ?????? ??????."
????? ?????? ?? ?????,"??? ?????? , ??????","??? ??????- ????? ???? ?????? ???????, ????? ????? ?????????, ?????. ??? ?? ????? ????? ?????? ????: ????? ?????, ???????, ?????, ?????? ??????? ?????. ????? ??? ??????? ??????? ???????????? ????? ???? ????? ??????? ?? ???, ?????? ????? ????? ??? ???? ??????? ?????."
???? ?????,????? ????? ???? ???? ???? ?????? - ?????? ?????? ????? ?????,???? ??? ????? ????? ???? ???? ???? ?????? - ?????? ?????? ????? ?????.
???? ?????,????? ??? ??? ????? ?????? ????? ???????? ????????,"???? ??? ????? ??? ??? ????? ?????? ????? ???????? ???????? ???????? ??????? ??????. ??????? ????? ????? ?? ????? ????? ???????? ????? ?????. ???? ?? ???? ?????? ???? ??????? ??????? ????? ??????, ???? ??? ???""? ???? ?????? ??????? ????? ??????? ??? ????? ?????. ??? ????? ??????? ???? ?? ???? ????? ???? ???????, ????? ????? ????? ???????? ??????, ????? ??????? ?????? ???""?."
???? ???,"??? ??? ????, ????? ?????",??? ???? ????? ???? ??????? ?????? ????? ???
??? ?????,??? ????? ??????? ???? ???? ?????????? ???? ??????? ?????? ???????,"??? ???? ???? ????? ??????? ???? ???? ?????????? ???? ??????? ?????? ??????? ???? ???? ?????. ??????? ????? ???? ????? ????? ???? ??? ?????. ???? ?? ???? ?? ???? ????? ?????? ????? ???? ???? ?????? ????? ????? ?????. ????? ?????? ??? ????? ?? ????? ??????? ???? ????? ?????? ?? ????? ?????? ?????? ??????, ??? ???? ?????? ?????, ????? ??????? ??????? ?????? ?????. ??? ????, ??? ???? ?????? ??????? ?????? ?????? ??????? ?????? ??? ???? ??? ?????? ?????? ??????? ???? ?????? ?????? ??????. ???, ??? ????? ?????? ?? ?????? ?????? ????? ??????, ?????? ?????? ?????, ??????? ????????, ?????, ?????? ??????? ?-OECD. ??????? ????? ??? ??? ????? ????, ????? ?? ????? ??????? ??? ???? ???????."
???? ????,VP Employee Experience & Operations / HR Israel- Similarweb,"???? ??? VP Employee Experience & Operations / HR Israel- Similarweb. ???? ?? ????? ?????? ??? ????? ???? ??????? ?? ????-???. ?????? ?????? ????? ?????? ?? ??????? ??? ???????? ????????? ????? ????, ?? ??????? ?????? ???????? ????? ?????? ??? ???? ?? ??????? ?? ??????? ??????? ???? ????. ??? ?????? ??? ?????? ???????? ?????? ?????, ??????, ??????? ?????, ?????? ???? ???????, ?????? ?? ???? ?? ?????? ????? ????. ???? ??? ??? ????? ????? ?????? ?????? ?????? ?????? ??????? ?? ????-??? ?????? ?????? ?? ?????, ????? ?????? ??????? ?????? ????? ??? ?? ??????? ?????? ????? ????? ?? ????. ??? ??????? ??????? ????? ????? ???? ?????? ?????, ????? ?????? ?????????? ?? ????? ?????? ????? ????? ??????? ??????????? ??????. ??? ?? ???? ??????????? ?? ???? ?????? ??????? ????????? ?-9 ????? ???????? ???????? ?????? ????? ???? ??????? ?????????. ?? ???? ???????? ???? ???? ?????? ??????, ?? ????? ????? ????? ?????? ?????? ????? ?? ????? ????? ?????? ????."
??? ????,????? ??? ????? ???? ??????? ??? ???,"???? 1993 ??? ????? ?????? ????? ????? ????? ?????? ??????? ??? ??? ????? ??? ????? ?? ?? ??? ????? ?????. ?????? ??????? ??? ?????? ???? ?????? ????? ???? ????? ??????? ??? ?????? ?????? ?????? ??????? ???? ??????? ??????? ????? ??????? ?????? ???? ???????? ??????. ??? ?? ??? ???? ?????? ??????? ??????? ?? ????? ????? ???? ???????? ??????? ?????? ??? ????? ?? ?????? ??????? ??????? ??? ????? ???? ???????, ???????? ?????? ?????? ??????. ??? ?????? ???? ????? ?????? ?????? ????? ???? ????? ?????? ??? ????? ??????? ?????? ????? ???? ?????? ???????? ??????? ???."
????? ????,"?????? ?????, ??????? ?????? ????? ????? ???? (????)","?????? ????? ?????? ??????? ?????? ????? ????? ????? ?????? ?????? ????? ????? ?? ????? ??????, ?????? ?????? ????????, ??? ?????, ????? ?????? ??????? ?? ????? ?????? ?????? ??????? ???????? ?????????, ????? ?????? ????? ???????. 

?????, ??? ??? ???? ????? ?????? ????? ???????? ?????? ??????? ??? ???? ?????? ????? ?????? ????? ?????? ????? ??????? ??????? ?????? ???? ?????? ?????? ????. 

???? ??????? ????? ??? ?' ????? ?????? ???????? ???????? ????? ??????.
??? ?? ???? ?? ?????? ???????? ???????? ??????? ????? ????????. ???? ????? ?? ????? ?????? ?????? ?? ??? ?????? ??????. ?????, ??????? ???? ???? ????? ????? ??????? ?? ??? ????? ???????? ????????. 
???? 10 ???? ????? ????? ??????? ???????? ?????: ???? ????? ????????? ????????, ????? ?????? ?????? ?????????? ????? ??? ????? ??????? ????? ????""??? ?? ???? ????????.
??? ?????? ?????? ??????? ????? ????? ????? ????? ?????? PWC ????????."
???? ??????-????????,??? ?????? ??????? ????? ???????,"???? ??? ??? ?????? ??????? ????? ???????, ???? ????? ???? 2023. ?????? ??????? ????? ?? ????? ?????? ???????-??????? ??????? ?????: ????? ????? ?????, ???? ???? ???? ???, ?????? ??????, ????? ?????? ????? ?????, ?????? ????? ????? ?????? ?????? ??????, ?????? ????? ????????? ????. 

???????? ??????, ????? ???? ?????? ?????? ??????? ???? ????? ?????? ????? ???????, ?????? ??????? ???? ?????? ?????, ????????? ?????? ?????? ????? ??????? ???? ????? ??????. 

??? ???? ?? ?????? ?????? ???????, ????? ???? ?????? ????? ?????? ???? ??????????? ??????, ???? ?????? ??????? ?? ?????? ?????? ?????? (?""?), ??????? ?????? ??????? ?? ?????? ??????? ????? ????."
???? ??????,"????? ??? ?????? ??????, ????? ?????? ?????","???? ??? ????? ??? ?????? ?????? ????? ?????? ????? ?-18 ?????? ??????? ????? ???? ??????, ?? ??? ????? ?????? ????? ?????? ?????? ?????, ????? ???????. 
????? ??? ????? ?????? ????? ????? ?????, ???? ??????? ????? ??? ??????. 
????? ????? ""?????? - ?????? ?????? ??????"". 
???? ??????? ?????? ?????? ???? ?????? ?????? ??????? ?????? ??????, ????? ?????, ????? ??????, ?????? ????? ??? ??????? ???????. 
???????? ????? ??? ???? ?????? ???? ????? ????? ?????? ????? ?????, ?????? ??? ????? ??? ?????? ?????? ??????? ????""? ????? ?????? ??????? ????? ?????."
????? ????,?????? ???????? Connecta - ?????? ?????? ??????,"????? ??? ????? ??? ??????????? ???????. ???? ???? ?????, ???? ??????? ?????? ???????? ??????? ??????? ?? ??????, ??????? ??????????, ????? ??????? ?????? ??????. ?????? ?????? Day Job> ????? ????? ??????, ?????? ???? ???????? ???????? ???????? ????? ????? ?-25,000 ????. ????? ????? ???? ?????? ????? ???? ??????? ???? FBC&Co."
??? ????,"????? ????""? Elevation, Elevation","??? ?????, ???, ??? ??????. ????? ????""? Elevation, ?????? ?????? ????? ????? ?? ?????? ???? ??? ????? ?????? ???? ??????? ???? ??? ??? ?????. ???? ????? Future of Work."
???? ?????,"???? ???? ??""?, ????? ????? ??????","????? ?????? ??? ????? ????? ??????? ???? ????? ????? ??:
???? ?????? ?????, ???? ??????? ????? ?????? ??? ??????, ?????? ????? ????????, ????? ?????? ?.? ????? ????? ?????.
?????? ?? ???? ???????? ?? ????? ???? ????? ???? ????? ????? ?????? ?????? ??????? ????? ?????? ????????? ????????.
???? ?? ????? ?????, ????? ?? ?????? ,????? ???????,????? ????????, ????????? ????? ??????.
??????? ????? ????? ????? ????? ?????? ????? ?????."
??? ??? ????,"??? ????? ?????, ???? ???? ???? ? Microsoft AI","??? ??? ??? ????? ?????, ??????? ????? ?????? ?????, ????? ?????? ?????? ?? ?????? ??????? ?? ????? ?????? ?? ?????. ??? ???? ?????? ?? ????? ????? ?????? ?????? ????? ????????? ????? ????? ????? ??????, ??? ????? ??????? ????  ?????? ????? ???????? ?????? ???????? ????? ??????. ???? ??? ???? ????? ???? ????? ????? ????? ????? Microsoft ????? ????? ?? ????? ?????, ????? ?? Recrear International ??????? ??????? ?? ?????? GATHER ?????????? ??????? ????? ?????. ??? ????? ?????? ????????? ??????? ?????? ??????? ?????????? ????????. ??? ???? ?????? Forbes Under 30 ???? 2017 ??? ?????? 40/40 ??????? ???????? ???? ?????? TheMarker. ?????? ??? ?-TEDx ???? ????? ?-50,000 ????? ??????? ????? ????? ?? TEDx ??????? ???? ????."
?? ?? ???????,"???""??? ????? ???????, ????? ?????? ??-????, ???????","?? ?? ??? ?????????? ????? ?????? ?????? ????. ???? ??? ????? ????""??? Fiverr Business. ??????? ????? ????? ???""??? ???? ???? ???????????. ???? ??? ????? ???? ??? ????? ???????? ?????? ????? ????? ?????? ???????? ??? ?????? ?????? ???????. ???? ?? ???? ????? ????????? ????? ?????? ???????, ???? ???? ??????? ?????? ???????? ?????? ?? ????? ?????""??? ????? ??????? ?????? ?????? ????? ?? ???? ????? ???????. ???? . ?? ?????? ????? ????? ??-?? ???? ????? ??? ????? ???? ??????, ???? ????? ???? ??????? ?????."
??? ???????,EMEA Lead Healthcare and Life Sciences Startups at Amazon Web Services,"??? ???? ????? ????? ?????, ?????? ????? ????? ??????? ?????. ???? ?? ??? Entrepreneur in Residence ?aMoon. ??????? ????? ???? ??? ????""? Israel PresenTense, ????? ?????? ?????? ????? ?????? ?????? ???? ?????? ?? ?????, ?? ??? ????? ?????? ???????, ????? ?????? ??? ?????? ????? ?????? ?????? ??????? ?????. ?????? ??????, ??? ???? ?????? 8 ?????????? ????? ??? ????? ?????, ?????? ????????, ???? ????????? ????????? ?????? ????? ?????? ?????? ?????????? ?????? ????? ??????? ????? ?????????. ???? ??? ???? ???????? ?????? ??????-???? ?????, ??? ???? ????""? ???? ????? ????????, ?????""? ?????? ????? Radview Software, ?????""? ????-?????? ????? XMPiE ????. ??? ??????? ???????, ??? ???? ???? 6 ???? ???""? ??? ???? ????? ?????? ??????? ??????. ??? ???? ?????? ""??????"", ?? ???? ????? ????? ?????? ????????? ?? ?????? ??????? ?????? ?????? ??????? ????? ???? 2006. ??????, ????? ?????? ?????? ????? ????? ??-??????? ??? ?? ??? ??????, ???? ????. ???? ?????? ??????, ??? ???""? ?????? ????? ""??????"" ?????????."
????? ?????,???? ?????? ????????/?????? ????? ?????,"????? ??? ???? ?????? ????????/?????? ????? ?????. ??????? ????? ??? ???""? ?????? ???? ????? ??????? ?????? ????? ?? ??? ???? ?????? ???????? ?????? ?????? ?? ??????? ?????? ????? ????? ??????? ????????. ???? ??? ??? ????""? ????? ?????? ???? ????? ??????? ?????? ????? ??????? ?????? ?? ????? ????????, ??? ????? ?? ?????? ???????? ??????? ?? ??? ????? ?????? – ??? ???? ?????? ???? ???? ??????, ???? ???? ???????. ???? ???? ????? ??????? ?????? ????? ???????."
???? ??? ????,????? ?????? ???? ?????,"???? ????? ???? ?????? ??????? ?????? ?????? ??????? ???? ?????. ?????? ???? ???????? ????? ???? ?????? ????? ?????? ????? ??? ?????? ???? ????? ???????. ????? ????? ???? ???? ???????? ?????? ???""??? ?????? ?? ????? ?????? ??????? ????? ???? ??""?. ??? ?????? ?????? ??????, ?????? ???? ??????, ???? ??????, ????? ??????. ????? ????? ?????? ?? ????? ??? ?""? ??????? ????? ?????? ?? ????? ?????? ??? ????? ??""? ?????? ??????? ????? ??????. ??? 2017 ????? ????? ??? ??? ??????? ????? ?????? ????? ???????, ????? ?????? ????? ??? ???? ????? ???? ????? ?? ????? ??? ???. ?????, ???? ???? ??????? ??? ?????? ???? ?? ??? ??? ????? ?????? ?????? ????? ??????? ????? ??????? ??????? ?????? ???""? ??? ????? ???? ?????? ???????. ???? ??? ????? ????? ????? ?????? ??????? ??????? ?????? ?? ???????, ???? ???? ????? ???????, ?????? ????? ????? ?????? ?????? ????? ??? ????? ????? ????? ???????."
????? ?????,"???""? ????????? ?????","????? ??? ???""? ????????? ?????. ???? ??? ???? ?????""? ??????? ?????????? ?????, ????? ????? ?????? ?????? ?????? ????. ??????? ????? ???? ????""? ????? ????? ?????? ?????? ?? ????? ?????, ?????? ????? ?????? ???? ?????, ????? ???? ???? ?? ?????? ???? ?????? ?????? ???????? ?????????? ?????? ????? ????????? ??????? ???????. ????? ??? ?????? ?? ?????? ?????? ?????, ?????? ?????? ????? ???????, ??????? ???????? ?????, ?????? ????????, ???? ?? ?????? ?????? ??????. ??????? ????? ????? ???? ????? ?????? 8200."
????? ?????,????? ???? ?? ???? ???? ??????,"????? ??? ????? ????? ???? ?? ???? ????? ??????, ???? ?????? ?? ?1900 ?????? ???? ?? ????? ?6 ???? ??  ????? ??????? ?????. ???? ?? ??? ????? ?? ??? ?????? ??? ????? ???? ????? ??????? ?????? ????? ?????? ?? 13,000 ?????? ????? ?'-?""?, ?-26 ??? ???, ?? ????????????? ??????? ??? ??? ???? ???????? ??????. ?????, ??? ????? ???? ??? ???? ?? ????? ?? ?????? ???? ?????. ????? 1998–2007 ??? ????? ???? ??""? ??????? ??????? ?????? ?????? ?????? ?? ?????? ????? ??? ????? ?????? ???""? ????. ????? 1990–1995 ??? ????? ??????? ???? ?????? ????? ?????? ???? ????? ???????? ?? ?????? ??? ?????, ???? ????? ?????? ???""??, ?????? ????? ??????? ??????, ???? ????, ???? ??? ????? ??????? ????. ??????? ????? ????? ????? ????? ????? ?????? ????? ????? ??????."
???? ?????,???????? ???? ??????,"????? ????? ?????? ???????, ???????? ??????? ????. ???? ?????? ?? ????? ??????? ??????? ??????? ?????????? ???? ???? ??????, ?????? ????? ??????, ?????? ??????? ??????? ??????, ?????? ??????????? ???????? ?????? ??????.

??? 7.10 ?????? ?? ??????? ????????? ???????? ??????, ????? ?????? ???? ????? - ???? ????? ???????? ???? ?????? ?????? ?????? ??? ????? ?????? ???????????. ?????? ????? ?????? ?????? ?? ??? ??? ?????, ???? ???? ????? ???????? ?????, ??????? ?????? ?? ???.

????? ?????? ??????? ????????, ?????? ???? ???????: ???? ??????, ????? ????????, ????? ???????? ??? ????? ????? ?????? ???? ?????? ???? ?? ??????? ??????? ???????? ?? ???? ????????.

?????? ?????? ???????? ???????, ????? ????? ??? ?????? ?????? ?????? – ??? ????? ?????, ??????? ??????????, ??????, ?????? ???????, ?????? ????? ???? ?????? ???????."
??? ?????,"???""? NUDGE ???? ????? ????? ?????? ??????????? ?? ????","??? ??? ???""? NUDGE ???? ????? ????? ?????? ??????????? ?? ????. ??? ?????? ?? ???? ????? ????? ????????? ???????? ?? ??? ???????? ???????? ??????. ??? ????? ???? ??????? ?????? ?????? ??????? ??? ????? ?????? ???? ?????? ????????? ??? ?????? ????????? ??????????? ???????????. ??? ??? ?? ??? ????? ??????? ???????? ???? ????? ??????????? ???????? ????? ?????? ?? ????."
??? ?????,????''? ??????????? ????? ????? ?????? ?????? ????? ?????? ????,"?""? ??? ????? ??? ????''? ??????????? ????? ????? ?????? ?????? ????? ?????? ????. ??????? ????? ???? ???? ????? ??? ?????? ????? ?????? ????? ?????? ???? ????? ?? ?????? ?????? ????? - ????? ??????? ?????. ???? ?? ???? ?? ???? ?????? ???? ??????, ???? ?? ???? ?? ???? ?????? ???? ???. ?????, ??? ???? ????? ???? ???? ??????, ???? ??? ??????? ?????. ?? ??????? ?????? ????????? ????????? ??? ?????? ??? ????? ????? ??? ???? ???? ????? ????."
??? ?????-??????,??? ??? ?????? ?????? ?????,"??? ????? ????? ???? ??????? ?????? ???""? ???? 96' ?????? ????? ???? ????? ??????? ?????? ??? ??????? ????????: ??? ????? ??? ??????, ????? ?????? ??????, ??? ????? ?????, ??? ????? ??????? ?????? ??? ??? ????? ????. ???? ????? ????. 
??? ????? ?????? ??????? ?????, ???? ????????? ????? ?????."
???? ???,"????? ????? ????????. ??""? ?????? ??????-????.","????? ????? ???????? ???""? ?????? ??????-????. ??????? ????? ????? ????? ?????? ?????, ???? ????? ?-1,700 ?????? ?????? ?????? ??????, ????? ?????? ?????? ?????????? ???????, ????? ????????, ?????????, ?????????? ?????? ??????. ???? ??? ????? ???""??? ?????? ???????? ?? ?????? ?????????? ????? ??????? (Imaging Clinical Application Platform) ?????? ?? ???? ?????? ????? ???????????? (Oncology Informatics) ?? ?????? ?????? ?????? ?????? ???? ?????? ????? ????? ??????????. ???? ?? ????? ????? ???? ????? ????? ??????. ???? ????? ????? ?????? ??????? ?? IATI ( ?????? ??????? ??????? ???????) ????? ? 8400 - ??? ???????."
???? ?????,"???""??? ??? ????? ???? ???????, ???? ??????? ????? ??'???? ?????","???? ??? ???""??? ????? ??""? - ????? ?????? ?? ??? ?????. ????? 2016-2020 ????? ????""??? ??? ??????? ?????? ?????? ??????. ???? 2010 ????? ????""??? ????? ??? – ????? ????? ????? ????? ?????? ????? ????, ????? ???????, ????????? ???????? ????? ?????? ??????. ???????? ??????? ???? ????? ?? ?????? ?????? ?????? ??? ?????? ??????? ??????. ????? ????? ?????? ??? ?????? ?????? ??? ???? ????? ????? ???? ??? ????‘. ???? ????? ??????? ????????: ??""??? ?????? ????? ???? ????? ????? ???""? ?????? ??? ??????, ????????? ????? ?????? ????????? ????? ??""? ?????????? ????? ????? ?????? ??""?. ?? ?????? ????? ????? ?????? ????? ?????? ?????? ??? ????."
???? ????,"????""??? ????? ?????? ?????, ???? ?????? ???????","???? ??? ????? ??? ???? ??? ?????? ????? ???????, ???? ???????????. ?????? ?????? ??? ?????? ?? ?????? ???????? ?? ???? ???? ???? ????? ????? ??????? ??? ??????????, ??""? ???????? ??????? ???????????, ????? ?????? ???? ????? ???? ?????????? ?????? ????? ?????? ??? ????? ?? ???????? ?????? ??????. ????? 2020-2017 ??? ????? ?????? ??? ?????? ????????? ??????? ???????? ????? ?????, ?????? ?? ????? ??????? ??????? ????? ????? ????? ??????, ????? ???????? ????????? ?????? ???? ???????, ????? ???????? ??????? ????????. ??????, ??? ????? ?????? ?? ?????? ????? ?????? ?????-????? ?? ??????? ???????? ???? ?????? ????? ????? 2397. ??????? ????? ????? ????? ??? ????? ?? ??? ?????? ??????? ????????. ???? ?????? ?????? ?????? ??? ????? ?????? ??????? ??????? ???? ????????, ???? ??????, ??????? ??????? ???????? ????? ?????????? ??????? ??????? ????? ????? ?????? ?????? ???????? – ???? ?? ?? ??????? ???????. ???? ??? ????? ?????? ?????? ?? ?????? ?????? ?????? ??????, ?????? ???????? ?????? ??????."
???? ???? ????,???? ????????? ?????? ?????? ?????? ???,"???? ??? ???? ??????? ?????? ?????? ?????? ?????? ???. ??? ???? ?? ???? ????????? ????? ??????? ??????? ???? ?' ?? ??? ?????, ????? ??? ????? ????? ???? ??????? ?????? ????? ????? ???????? ???????? ????. ?? ???? ????? ?????? ??????? ???? ???? ?????????? ?????? ??????: ????????, ???? ???????. ?????? ?????? ????? ???????, ??? ???? ?? ?????? ??? ?????? ??????? ???????, ????? ????? ??? ?????? ???? ??? ??????? ??????? ???? ?????????."
??? ??,????? ????? ????? ????????? ?????? ?????? ???????,"??? ????? ????? ????? ????????? ?????? ?????? ???????. ??????? ????? ????? ??? ?????? ???? ????? ?? ??????? ????? ?????? ??????? ???????? ????????? ?? ???? ???????. ?????? ?????? ??? ?????? ?? ?????? ????? ?????????, ??????, ?????? ?????? ???? ??????? ???????? ?????????, ????? ??????? ?????? ??? ???????? ???? ????????, ?????? ??????? ????? ?? ????? ???? ?-BI ??????. ???? ?? ????? ?? ???? ?????? ???? ?????, ????? ?????? ????? ???????, ????? ?? ???? ????? ???????? ????? ?????? ?????? ????? ????????."
??? ????? ?????,"????""??? ????? ICR-ISRAEL CANADA REM","??? ??? ?????? ???? ??? ??? ???? ???? ??????. ??????? ???????? ??????? ???? ???? ?????? ???? ?????? ???????? ????? ????? ??????? ????? ?????? ???????. ?????? ??????? ?????? ????? ??????? ?????? ??? ???? ?????? ????? ???????? ??????? ???? ?????? ?????? ????? ???? ??""?, ????? ?????? ?????, ??????, ???? ????? ????? ????????? ??????? ????????? ??????? ??? ?-4 ???? ????? ??????? ???? ??? ??? , ????? ??????? ?? ??? ?????? ??????, ?????? ??????? ???? ?????????? ????? ???????? ?????? ????? ???? ???? ???? ???, ??????? ??????? ??????? ???????, ???? ??""? ?????, ????? ??? ?????? ?? ????? ???? ?????, ????? ???????? ???? ?????? ????? ??????? ?????? ?? ????? ????? ????? ?? ???? ?????? ??????? ????? ?-150 ?????? ??? ????? ?????? ????? ?????? ?????????. ????? ??? ?? ????? ???????? ????? ???????, ???  ?????? ???????? ??? ?????? ???? ????? ????? ??????."
??? ?????,"????? ???? ?????? ???????, ???? ???????","????? ?? ???? ?????? ??????? ????? ????? ??????? ?????? ????? ???????. ?????? ??????, ?????, ????? ??????? ???? ?????? ????????? ?????? ????? ???????, ???? ?????? ??????? ?????? ????? ????????? ?? ?????? ??????. ??? ????? ???? ?? 14 ?????? ??????? ?? ??????? ????? ?? ?-35 ???""?. ?????? ??? ????? ?? ???? ????? ???""? ?? ???? ???????. ???? ?????? ?????? ????? ?????? ???? ???? ?????? ??????? ????? ????? ?? ???-??????.
??????? ????? ????? ???? ?????? ?????-??????? ???????. ????? ?????? ??? ?????? ?? ??? ????? ?? ??????, ????? ????-???? ?????? ?? ???? ???????????? ??????."
???? ???????,"????""? ????? ?????? ??????????? ??-????","???? ??? ????""? ????? ?????? ??????????? ??-????. ???? ?? ???? ?????""? ?? ????? ??????? ?????? ??????????? ?? ????. ????? ??????? ?????? ???? ??? ??????? ?? ??? ??????? ?????????? ?????? ?????? ??????: ???? ???? ????? ????? ?????? ????? ??????? ??????? ?? ?????? ??? ???? ????? ??????? ????? ????? ????? - ?????? ?????? ?????? ???? ?????? ??????? ????? ??????? ??? ?????, ????? ???????? ??? ????? ????? ???? ??? ??????????? ??? ???? ?????????, ?????? ?? ?????? ???????, ????? Minducate - ???? ???? ????? ???? ???? ???????. ?????, ????? ???? ?????? ??????? ??? ??? ?????? ??????? ?? ??? ?????? ?????? ??????, ???? ???? ????? ??? ???? ????? ?????? ?????? (??-??). ???????? ??????? ???? ???? ????? ???? ????? ?????????? ?? ???? ????? ?? ??? ???? ???? ?????? ?? ???? ????? ????? ??????? ?? ??? ????? ????? ?? ???? ???? ???."
??? ?????,"????""? ??????? ??????- ??? ????? ?????","????""? ??????? ?????? ???? ????? ?????. ???? ??? ???? ?????""? ????? ??????? ?? ????? ????? ???? ???? ???? ?????? ???????. ??? ??? ?? ???? ?????? ?????? ????? ????????? ?????? ?????? ???? ??? ??? ????????. ??????, ???? ????? ?????? ?????? ????????? ????? ?? ??? ????. ????? ??? ??????? ??????? ??????? ??????? ??????? ???? ???????? ??????? ?????? ""????? ???"" ???? ?? ????? ?????. ??????? ????? ????? ????? ??????? ???????."
???? ??????,"????""? ????? ?????? ?????","???? ??? ????""? ????? ??????. ???? ?? ???? ????? ????? ????? ????? ????-???? ????? ???? ????? ?? ????? ??????? ???????? ????? ????? ?????. ???? 2003 ????? ?? ??????? ???""? ????? ???????? ?????? ??? ???? ????????, ????? ???? ????""? ????? ????????? ????? ?????? ????? ???? ???? ????? ??? ????? ??? ????? ?????? ??????, ???????? ???????. ???? 2009 ????? ???? ????? ????? ?????? ???????? ????? Orange ????? ?????? ??????? ???????? ?????? ?????? ??????: ???? ????? ?????? ??????? (Mobilebroadband), ???? ????? 012 ?????? ????? ????? ?????? ??? ????? ??????? ??????, ???????? ????????? ?? ????? ???? ???? ???? ??????."
?'??? ??????,????? ?? ?????? ?????? ???? ????? ?????? ?????? ??????? ???????,"??? ?????? 2019 ?'??? ????? ?? ????? ?????? ?????? ?????? ????? ??????? ???? ?????. ??? ???? ?? 48 ??? ??? ???????, ?-24,000 ??????? ????????, ?????? ?? ????? ?????? ??????? ??????? ????????, ???????? ????????? ?? ????? ?????? ?????? ???? ??? ????? ?????? ?????? ??????? ?????? ?????? ?????? ??????. ???? ?? ??? ???? ?? ?????? ?????? ?????? ???? ??""? ??? ?? ???? ?? ???""? ????? ?????? ????? ??????? ????? ????? ??? ??? ??? ??????? ??????? ????????. ?'??? ????? ??????? ??? ???? ?????? ????? ????? ???? ??????? ????? ????? ?????? ??? ??????? ??????."
???? ?????,"????""??? ????? ?????? ???? ????? ????? ????? ?????","???? ??? ????""??? ????? ?????? ???? ????? ????? ?????? - ???? ??????? ?????? ??????? ?????, ????? ?-1,500 ??????, ?????? ?????? ?????""?. ????? ?????? ??? ?????? ?? ????????? ???? ?????? ??????? ???? ????. ????? ????? ?????""??? ????? ???? ?????? ???????? ?????????? ???????? ?????? ICL ???????? ?? ????? ???? ?????? ??????? ??????? ?? ?????? ????? ???? ?-15 ??????. ???? ?? ??? ????? ?? ???? ????? ????? ??????? ?????? ????? ??????, ??????? ?? ????? ?????? ?? ????? ????? ?????? ??? ?????? ????? ?????? ????? ?????? ?????? ??????? ?? ????? ??? ????? ?????? ?????? - ????? ??? ?????, ???? ????? ?????? ??????? ?????? ?????? ????? ????? ?????. ???? ???? ????? ??? ?????? ??""? ???????? ??????? ??????? ??????????? TPM ?????? ?????? ?????? ??????? ??????? ?????? ???. ???? ??? ?????? ?????? ????????  ????????? ????? ?????? ????? ????????, ????? ???????, ?????? ?????? ?????? ?????? ?????. ???? ??? ???? ?????? ??????? ????? ?????? ?????? ??????? ?????? ??????? ?????? ??????????? ??????."
???? ????,"???""? ?????? ??? ?? ???","???? ?????? ??? ?? ??? 
???? ?????? ??? ????? 
???? ?????? ????
???? ?????? ????
????? ???? ????????"
????? ??? ????'??,????? ?? ???? ??????? ???????,"????? ??? ???? ???? ??????? ????? ???? ??? ???? 2021. ???? 2018 ??? ?????? 2021 ???? ?????? ?? ???? ????? ?? ???? ??? ????? ???????, ????? ??????? ??? ?? ??? ?????? ?? ???????. ????? ?????? ????? ??????? ????? ??? ??? ????? ????? ???????? ??????? ??? ?? ?????? ?? ?????? ????????, ?????? ????? ????? ???????, ?????? ??? ??????, ????? ????? ??????? ?????? ?????. ???? ?????? ?????? ??? ??? ??? ???? ???? ??????? ????? ?????, ??? ??? ?????? ????????, ???? ????? ???, ???? ????? ????? ????? ???? ???.??? ??????? ??????? ????? ????? ?????? ??????? ???????? ??? ????????? ?????? ???? ??? ????."
