שם מלא,תפקיד,רקע מקצועי
עינת כץ -שרוני,"מנהלת הכשרות ופיתוח ידע, קרן שחף","עינת היא מנהלת ידע והדרכה בתוכנית הלאומית להכשרת הנדסאים וטכנאים מוסמכים. בעברה היא הקימה וניהלה את מרכז לאודר לתעסוקה, ארץעיר, J.N.F וקרן לאודר ועבדה כמנהלת תוכניות במכון לממשל ולמדיניות בג'וינט. במסגרת תפקידה הובילה את ההכשרה ובניית הרשת לעבור בעלי תפקיד חדש בשלטון המקומי (ממצה משאבים ומפתח כלכלי). לפני כן הייתה סגנית ממונה מחוזית ואחראית גיל רך בתכנית הלאומית לילדים ונוער בסיכון. במסגרת תפקידה הייתה אחראית על ייסוד ועל הובלת שותפויות בין-משרדיות הנוגעות לילדים ולנוער בסיכון בגישת הקולקטיב אימפקט. קודם לכן היא עבדה במכון ברנקו וייס לטיפוח החשיבה בתפקידי ניהול והובלה של תוכניות חינוכיות ותפקידי ארגון ומטה, והתמחתה בתהליכי עבודה על פי תפיסת “הוראה לשם הבנה”. בנוסף, עינת עבדה כיועצת ארגונית במגזר העסקי בחברת לוטם וניהלה את מדור פיתוח ההכשרות של חיל המודיעין."
ליאת בן אבו,"סמנכ""לית תכנון בחברת אאורה מחדשים את ישראל","ליאת היא סמנכ""לית תכנון בחברת אאורה מחדשים את ישראל. לפני כן שימשה כמהנדסת העיר אור יהודה. במסגרת תפקידה הייתה אחראית על תכנון שטח השיפוט של הרשות, כולל קידום ותכנון מדיניות התכנון העירונית בהתאמה לעיר הקיימת ולטווח הרחוק, ובהתאמה למדיניות התכנון של מטרופולין תל אביב. בנוסף, היא קידמה תוכניות אב, תוכנית מתאר כוללנית ותוכניות רוחביות ברשות, עסקה בתוכניות תשתיות לאומיות ובתוכניות למתחמי דיור מועדפים, ותרגמה אותן לרמת הוצאת היתרי בנייה, הכנת תוכניות עבודה שנתיות לאגף ההנדסה, בקרה על ביצוען, בקרה על עבודת מחלקת תכנון, רישוי, פיקוח, השבחה, תשתיות, נגישות וקיימות ורישוי עסקים, וטיפול ומתן אישורי בנייה. בעבר כיהנה כמנהלת מחלקת רישוי בנייה בעיריית אור יהודה וכמנהלת תפעול וועדת בניין ערים בעיריית אשדוד. את עבודתה ברשויות המקומיות התחילה ליאת כבודקת רישוי, ומשם התקדמה עד לתפקידה הנוכחי כשהיא מציבה את התושב במרכז, משלבת אותו בתהליכי התכנון ויוצרת עבורו תהליכים מקוצרים, פשוטים ובשקיפות מלאה."
יניב אבוחצירא,ניהול פרויקט הקמת מפעל טופגאם בשדרות,"יניב, מהנדס תעשייה וניהול במקצועו, הוא יזם עסקי ומכהן כמנהל פרויקט הקמת מפעל טופגאם בשדרות. בתום לימודיו הצטרף מיד למשפחת סודה סטרים ושימש כמנהל תפעול ישראל והיה אחראי לניהול של ארבעה מפעלי סודה סטרים, המונים כ-1500 עובדים. במסגרת תפקיד זה יניב היה אחראי לכל מערך הייצור, הלוגיסטיקה, האחזקה וההנדסה בישראל. יניב ניהל את ההקמה התפעולית של אתר הדגל של סודה סטרים, הנושאת בגאווה את השם ""אי של שלום"" ומהווה הוכחה לאפשרות לחיות בשלום ביחד ולהפוך למשפחה אחת!"
לאה אבוטבול,"מנהלת מרכז לפיתוח סגלי הוראה (פסג""ה) במחוז חיפה במשרד החינוך","לאה ממונה על אחד מהגורמים המרכזיים המשפיעים על איכות מערכת החינוך – פיתוחם המקצועי של עובדי הוראה, תהליך המתרחש לאורך כל הלמידה המקצועית שלהם (Long Life Learning). מרכז פסג""ה שהיא מנהלת אחראי על כ-6,000 עובדי הוראה מתשע רשויות. קודם לכן היא ניהלה את אגף החינוך בחדרה והובילה תהליכים רוחביים משמעותיים במערכת החינוך כמו פתיחת אזורי רישום, הטמעת פדגוגיה חדשנית ותוכניות חינוכיות לאוכלוסיות מוחלשות לצמצום הפערים. לצד אלה קידמה רפורמה מהפכנית בהיבטי תכנון ובנייה של מוסדות חינוך ברוח חדשנית ויצירת מרחבי חינוך ייחודיים. בנוסף, לאה היא מרצה ומדריכה פדגוגית בחוג להוראת מדעים במכללת גורדון."
חוסאם אבומוך,"סמנכ""ל תעסוקה ומנהל תוכנית ריאן, אלפנאר","מנהל תוכנית התעסוקה ""ריאן"" של משרד העבודה בצפון ובערים המעורבות. בעל ניסיון של יותר מ-17 שנים בניהול פרסום ושיווק מגזרי, קידום ומיתוג, קביעת אסטרטגיה שיווקית. משנת 2004 ועד 2021 מילא  שורה של תפקידים ניהוליים בחברות סלקום, החברה המרכזית למשקאות וקימברלי קלארק"
אילן אביטן,מנהל תחום - פרויקטור לקליטה וטיפול ביוצאי כת לב טהור בארץ,"אילן משמש כיום כמנהל תחום פרויקטור של  משרד הרווחה והביטחון החברתי לטיפול ביוצאי כת לב טהור שנמצאים בארץ התפקיד כולל הובלה של שולחן עבודה בין משרדי לקליטה מיטבית, ייזום בקשר עם יוצאי כת בדרכם לארץ ובניית מענים טיפוליים ושיקומיים,  שולחן העבודה הבין משרדית הוא חלק מהחלטת ממשלה לטפל בכל לב טהור ולהביא ככל האפשר לפירוקה.  לפני כן ניהל את תחום המשרד  במטה הלאומי להגנה על ילדים ברשת - מוקד 105. בתפקידו הקודם היה מנהל תחום משרד הרווחה ב מאור - מערך משולב משטרתי ואזרחי אשר הוקם בהתאם להחלטות ממשלה כדי למגר ולמנוע את תופעות הבריונות, האלימות והפשיעה ברשת. קודם לכן עבד אילן כמפקח מחוזי בשירות ילד ונוער במחוז דרום במשרד הרווחה. במסגרת תפקידו ליווה מנהלי מחלקות רווחה וצוותים מובילים במחלקות לפיתוח שירותים טיפוליים ומקצועיים בקהילה לטובת ילדים ונוער. הליווי נעשה בתחום המקצועי והתקציבי, וכן בחשיבה על בניית מענים טיפוליים רחבים. בעבודתו הקודמת ניהל מחלקה לשירותים חברתיים במועצה אזורית שפיר, ולפני כן ניהל פנימייה טיפולית לבנות מתבגרות."
שלומי אבני,"חבר ועד מנהל בעמותת נירים ומנכ""ל חברת TAGA URBANIC","שלומי הוא חבר ועד מנהל בעמותת נירים ומנכ""ל חברת TAGA URBANIC העוסקת בנדל""ן בפורטוגל. קודם לכן הוא ייסד וניהל את עמותת נירים, על שם לוחם השייטת ניר קריצ'מן ז""ל, המעניקה לבני נוער בסיכון גבוה את ההזדמנות, לעיתים האחרונה, לחזור ולהשתלב במרכז החברה הישראלית. במסגרת פעילות העמותה הוא ייסד את פרויקט נירים בשכונות המסייע לנוער בקצה רצף הסיכון בשכונות מגוריהם להשתלב בקהילה הנורמטיבית, ועל כך זכה בפרס יו”ר הכנסת לאיכות חיים לשנת 2011. במקביל לעבודתו, שלומי הוא חבר מועצת העיר אור עקיבא."
יהודה אבני,מנהל מרחב דרום בחטיבה להתיישבות,"יהודה משמש כמנהל מרחב דרום של החטיבה להתיישבות החל משנת 2019. במסגרת תפקיד זה הוא אמון על פיתוח המרחב הכפרי בהיבטי תכנון פיתוח פיזי, כלכלי וחברתי על מנת להוביל לצמיחה דמוגרפית. בתפקידיו הקודמים היה אחראי על הפיתוח הקהילתי בנגב ועל הקמת מרחב קהילות עירוני. יהודה משרת בשירות מילואים משמעותי גם היום."
נעם אבני,"מנכ""ל אלטרה ישראל","מנכ""ל אלטרה ישראל ומנהל ארגון גלובלי לפיתוח תקשורת מהירה בשבבים.
חבר ועד מנהל באג'יק"
רונן אבניאלי,מפקד מרחב שפלה במחוז מרכז במשטרת ישראל לשעבר,"בתפקידו האחרון שימש רונן כמפקד מרחב שפלה במחוז מרכז במשטרת ישראל. הוא התגייס למשטרה בשנת 1994 לאחר שירותו הצבאי בחטיבת גבעתי. בין תפקידיו הבולטים במשטרה: ראש מפלג חקירות פשיעה מאורגנת ביאחב""ל, עוזר המפכ""ל ומפקד על תחנות המשטרה בדרום תל אביב, לב הבירה ( מרכז ירושלים והמגזר החרדי), נתניה ויישובים סמוכים, , מפקד מרחב לכיש ( שדרות, אשקלון, קריית גת, קריית מלאכי ואשדוד) ומפקד מרחב השפלה (יבנה, רחובות, ראשון לציון, מודיעין, רמלה ולוד)."
עזיז אברהים,"קצין רפואה אוגדה, צה״ל","קצין רפואה בצהל בדרגת סגן אלוף
 בוגר תואר ראשון בסיעוד האונ׳ העברית 
בוגר תואר שני במזרח תיכון אונ׳ חיפה"
מבורך יתברך אברהם,"קצין אג""מ מחוז ש""י במשטרת ישראל","מבורך הוא מפקד תחנת קריית מלאכי במשטרת ישראל. לצד תפקידו, הוא מוביל במחוז מרכז את תוכנית מפקד כחונך, שמטרתה לתת כלים לקצינים בתפקידם הראשון בשטח בהיבטי מנהיגות, פיקוד, ניהול, מקצועיות ופיתוח אישי. בתפקידיו הקודמים היה סגן מפקד משטרת נתניה, סגן מפקד משטרת שדות בקדימה צורן, ראש לשכת שיטור וקהילה של מרחב שרון בכפר סבא ומפקד מרכז שליטה של מחוז מרכז ברמלה, שאליו מתנקזות כל הפניות הטלפוניות של כ-2 מיליון תושבי המחוז. בעבר הוא גם כיהן כקצין אג""מ של משטרת ראשון לציון וראש משרד קהילה ומשמר אזרחי בראשון לציון. בתחילת דרכו כקצין במשטרה ביצע תפקידי שטח רבים, ובהם קצין סיור במשטרת לוד, קצין מבצעים, קצין הדרכה ומפקד מחלקה במג""ב. את שירותו הביטחוני החל מבורך בשנת 1991 כשהתגייס למג""ב, והוא בוגר בה""ד 1."
נפתלי אברהם,עובד במיזם הקשור לגיל השליש,"נפתלי הוא מנכ""ל המרכז למורשת יהדות אתיופיה. בתפקידו הקודם הוא היה מנכ""ל טק-קריירה - ארגון המסייע לצעירים ולצעירות יוצאי אתיופיה לרכוש קריירה בעולם ההייטק ולפתח עצמאות כלכלית באמצעות הכשרה טכנולוגית, סדנאות העשרה, פיתוח אישי ושירותי השמה. כמו כן, קרוב לעשור, הוא חבר ועד מנהל בעמותת עולים ביחד שהוא שותף בייסודה ובמסגרת תפקידו גייס מעסיקים וארגונים לתוכנית ואלפי מתנדבים לעמותה. במקביל, הוא משמש כמרצה בנושא קושי כמנוף להצלחה במגוון מסגרות, עוסק בקידום יוצאי אתיופיה להשתלבות ממנפת בצה""ל ומייסד צוות לקידום ולשילוב יוצאי אתיופיה במערך הטכני של חיל האוויר. קודם לכן, עסק נפתלי בליווי צוותי הדרכה במסגרת הקמת אשבל - פנימייה לנוער בסיכון."
מירי אברהם,מנהלת האחיות במרכז הרפואי שמיר,"בשיאו של הגל הראשון של מגיפת הקורונה במרץ 2020, מירי מונתה לתפקיד מנהלת הסיעוד של המרכז הרפואי שמיר - אסף הרופא. טרם מינויה לתפקיד זה, מילאה מגוון תפקידי מטה, ניהול ופיקוד. את דרכה המקצועית החלה בצה""ל ושירתה 10 שנים כקצינה בשירות קבע בתפקידים שונים בחיל הרפואה. בשנת 2004 מונתה לאחות אחראית מלר""ד, ומשם התקדמה להנהלת הסיעוד כמרכזת תחום פיתוח מקצועי, הבטחת איכות וריכוז חטיבת מיילדות וגניקולוגיה. במהלך השנים שמשה כמרצה אורחת בביה""ס לסיעוד בתחומי רפואת חירום ניהול ומנהיגות. יצאה כחברה במשלחת חילוץ והצלה להודו לאחר רעידת האדמה בשנת 2001."
אורי אברהם,"מנכ""ל קלאסוס","אורי עוסק בחיבור בין חינוך וטכנולוגיה ב-15 השנים האחרונות. הוא סמנכ""ל תפעול במטיפיק (עשר אצבעות) מאז 2017, ולפני כן ניהל את הפעילות העסקית של החברה בישראל. בעבר ניהל את הפעילות של עמותת יוניסטרים ואת מחלקת הפרויקטים בעמותת תפוח - Appleseeds."
מרב אברהמי,"סמנכ""ל לעניינים אקדמיים ומזכיר המל""ג","מרב היא סמנכ""ל לעניינים אקדמיים ומזכיר המועצה להשכלה גבוהה. 
במסגרת תפקידה היא מנהלת את הצוות המקצועי של האגף האקדמי במל""ג, אחראית על כלל המוסדות להשכלה גבוהה ועל כלל תוכניות הלימודים האקדמיות וכן על מינוי פרופסורים במערכת ההשכלה הגבוהה.
בימים אלו מרב מובילה את תהליכי הרה אקרדיטציה המתגבשים במערכת ההשכלה הגבוהה ויהוו רפורמה בתהליכי האקרדיטציה אשר עתידים לשנות את תהליכי העבודה הנהוגים מזה שנים.
בעבר, הובילה את נושא הנגשת ההשכלה הגבוהה לאוכלוסיות מיוחדות ואת מעבר מערך המכינות הקדם אקדמיות לאחריות מל""ג- ות""ת. 
מרב שותפה בעבודת המטה המרכזית של מל""ג ות""ת ובקביעת מדיניות בנושאים הקשורים לתחום האקדמי. 
כמזכיר המל""ג מרב אחראית על פעילותן של מליאת המל""ג וועדות המשנה שלה."
שלמה אברמזון,ראש תחום ביטחון ותפקידים מיוחדים בפרקליטות המדינה,"שלומי הוא ראש תחום ביטחון ותפקידים מיוחדים בפרקליטות המדינה. במסגרת תפקידו הוא מרכז נושאים בעלי רגישות ציבורית גבוהה כגון: עבירות ביטוי, עבריינות אידיאולוגית, דיני לחימה ונושאים ביטחוניים. בנוסף, הוא עומד בראש פורום הסתה והוביל שינוי משמעותי באכיפה בתחום זה ומשמש כממונה על בירור תלונות נחקרים בשב""כ. 
בין השאר, היה שלומי אחראי על עבודה הפרקליטות סביב אירועי ""שומר חומות"" והטיפול בעבירות ההסתה סביב מלחמת ""חרבות ברזל"".
לאחרונה, מלווה ואחראי מטעם הפרקליטות על תוכנית ""עוצרים את הדימום"", תוכנית ניסיונית של שילוב ידיים בין כלל הגופים להפחתת האלימות בחברה הערבית.
בעבר,  עבד במחלקה לחקירות שוטרים בפרקליטות, שם עסק בתיקים מורכבים בתחום השחיתות, עבירות מין ואלימות חמורה. 
פעילותו החברתית של שלומי כוללת את הקמתה של קרן פסיפס שהוא חבר בוועד המנהל שלה. בנוסף, הוא היה חבר בוועדים המנהלים של עמותת מעגלי צדק הנאבקת למען צדק חברתי ברוח היהדות ושל עמותת דולב בהרים המנהלת קהילה דתית-חילונית משותפת במושב נס הרים.
שלומי תרם כליה לרבקה."
שמואל אברמזון,הכלכלן הראשי במשרד האוצר,"שמואל מכהן ככלכלן הראשי במשרד האוצר - האחראי על המחקר והתחזיות הכלכליות, על גיבוש מדיניות הכנסות המדינה ועל הקשרים הבינלאומיים של משרד האוצר. בתפקידו הקודם היה סגן הכלכלנית הראשית. לפני כן כיהן כראש אגף מחקר במועצה הלאומית לכלכלה, משרד ראש הממשלה. קודם לכן, שימש כחוקר בכיר בפורום קהלת וכאנליסט בתאגיד ראנד בארצות הברית. לאורך השנים עסק במחקר ובקידום רפורמות בתחומי שוק ההון, חיסכון פנסיוני, אנרגיה, בטחון וכלכלה, ומדיניות מקרו-כלכליות. לשמואל דוקטורט בניתוח מדיניות ממכון ראנד בארה""ב, בנושא החלטות כלכליות תחת אי ודאות. כמו כן, לשמואל תארים ראשון ושני בתחומי הכלכלה מהאוניברסיטה העברית."
מאיר אגאי,"מנכ""ל מינהל קהילתי רמות אלון בירושלים","מאיר הוא מנכ""ל מינהל קהילתי רמות אלון בירושלים. רמות הינה שכונה המונה כ65,000 תושבים. לפני כן ניהל את מינהל קהילתי הרובע היהודי בירושלים. לפני כן ניהל כשלוש שנים את תוכנית עיר ללא אלימות של המשרד לביטחון פנים בביתר עילית ובמסגרת תפקידו פעל לשיפור תחושת הביטחון ולחיזוק הקשר שבין הנהגת העיר לגורמי אכיפת החוק. בעבר, במשך חמש שנים, הוא ואשתו היו הורי בית ל-12 נערים במשפחתון שיקומי/טיפולי לנוער חרדי בסיכון בפנימיית קריית הילד."
גומעה אגבאריה,גזבר עירית אום אל פחם,"ג'ומעה הוא גזבר עיריית אום אל פחם מאז שנת 2013. קודם לכן ניהל משרד ראיית חשבון שעסק בביקורת רשויות מקומיות ובהכנת דוחות כספיים של רשויות מקומיות, חברות, עמותות ועצמאיים. כמו כן עסק בביקורת פנים של תאגיד מים ושל ועדת תכנון ובנייה."
עלאא אגבאריה,"יועץ אסטרטגי ופוליטי, מרצה לשיווק ופרסום","עלאא הוא יועץ אסטרטגי ופוליטי, ומרצה לשיווק ופרסום. הוא בעל ניסיון רב ביצירת קמפיינים מסחריים, חברתיים ופוליטיים אפקטיביים. פעיל חברתי עם היכרות והבנה עמוקה של הלך הרוח בקרב החברה הערבית. כותב מאמרים בנושאי שיווק ואסטרטגיה באתרים ישראליים ואתרים מהעולם הערבי. מרצה לשיווק ולפרסום בקריה האקדמית אונו משנת 2018 וביחידה ללימודי חוץ ומרצה אורח באוניברסיטה העברית. בעל תואר ראשון בשיווק ופרסום מהקריה האקדמית אונו, מוסמך פרקטיקום הבצפר בתחומי פלנינג, בניית מותג וניהול תוכן בדיגיטל, ובעל תואר שני במדיניות ציבורית מאוניברסיטת תל אביב."
הילאנא אגבאריה,מנהלת המחלקה לשירותים חברתיים בעיריית אום אלפחם,"הילאנא היא עובדת סוציאלית ואשת חינוך, שעובדת בעיריית אום אלפחם כשלושה עשורים: עד שנת 2013 עבדה במחלקה לשירותים חברתיים בכמה תפקידים, התפתחה מקצועית ועסקה בתחומים טיפוליים כמו הנחיית קבוצות, חינוך מיני וטיפול בטראומה, בילדים נפגעים מינית ובנוער בסיכון, והתקדמה לתפקיד מדריכת ראש צוות. בשנת 2013 החלה לבנות גשר בין חינוך לרווחה והקימה וניהלה את היחידה לטיפול בפרט - יחידת סיוע לפיתוח יכולות המורים לעבודה מקצועית עם ילדים בסיכון והדרה. שלוש שנים לאחר מכן היא ניהלה בנוסף את המחלקה לחינוך יסודי. מאז אוקטובר 2021 היא מנהלת את המחלקה לשירותים חברתיים באום אלפחם, תפקיד מורכב ובעל אתגרים רבים."
יעל אגמון,רכזת ביטחון  במשרד האוצר,"יעל היא רכזת ביטחון במשרד האוצר. לפני כן הייתה רכזת רווחה וביטוח לאומי באגף התקציבים של משרד האוצר. במסגרת תפקידה הקודם הייתה אחראית על תכנון המדיניות ועל תקצוב בתחומי הרווחה, הקליטה והביטוח הלאומי."
אבי אגניהו,"מנהל אגף בכיר לביקורת ברשומ""ק, משרד הפנים ומנהל אגף בכיר לרישוי עסקים ברשומ""ק, משרד הפנים","אבי הוא מנהל אגף בכיר לביקורת ברשומ""ק במשרד הפנים ובנוסף גם מנהל אגף בכיר לרישוי עסקים, שימש בעבר כיו""ר ועדה מרחבית לתכנון ובנייה מעלה נפתלי.  קודם לכן שימש כיו""ר ועדה מרחבית לתכנון ובניה מעלה הגליל. לפני כן ניהל את תקציב אגף הגריאטריה במשרד הבריאות. בשנים 2013-2017 שימש כמנהל הכספים של נספחות צה""ל בארה""ב. בנוסף מתנדב ומנטור בעולים ביחד, ארגון שמקדם שילוב תעסוקתי הולם של אקדמאים מצטיינים ישראלים ממוצא אתיופי במשק הישראלי."
גלעד אגר,"מנהל מחלקה פסיכיאטרית למבוגרים, מנהל מרכז החדשנות, המרכז לבריאות הנפש גהה מקבוצת הכללית","מנהל מחלקה פסיכיאטרית למבוגרים ומנהל מרכז החדשנות במרכז לבריאות הנפש גהה.
שימשתי במשך כ-5 שנים כעורך אתר איגוד הפסיכיאטריה בישראל.
במהלך שנות ההתמחות הייתי נציג מתמחים ארצי באיגוד הפסיכיאטריה."
אלונה אגרצ'וב,מנהלת סיעוד חטיבה פנימית באיכילוב,"אלונה היא מנהלת סיעוד בחטיבה פנימית בבית חולים איכילוב. מאז התפרצות מגפת הקורונה במרץ 2020 היא ניהלה את מחלקות הקורונה בבית החולים, וקודם לכן ניהלה את היחידה למניעת זיהומים מ-2017. את דרכה המקצועית כאחות התחילה בשנת 2007 במחלקת השתלות מח עצם ברמב""ם., ולאחר מכן עברה ב-2014 לניהול אשפוז יום המטו-אונקולוגי בבית חולים איכילוב."
עיינה אדלר,מנהלת האגף הבכיר לפיתוח ההון האנושי ברשויות המקומיות במשרד הפנים,"עיינה מנהלת את האגף הבכיר לפיתוח ההון האנושי ברשויות המקומיות במשרד הפנים משנת 2022. האגף כולל ארבע סביבות עבודה: עתודות ניהוליות (תוכניות הצוערים ברשומ""ק, תוכנית מקום ועוד), הכשרות וידע (פיתוח תורה מקצועית והכשרות בכירים ברשומ""ק), פיתוח ארגוני (תהליכים ארגוניים בהתאם להחלטות ממשלה) וחדשנות ודיגיטציה (תוכנית הזירה, מובילים דיגיטליים). לפני כן היא ניהלה את אגף הכשרות וידע במשרד הפנים והייתה אמונה על הקמת בית הספר החדש לניהול בכיר בשלטון המקומי. קודם לכן ניהלה את פיתוח המדיניות, המחקר וקשרי החוץ בנציבות שירות המדינה. עיינה הצטרפה לשירות המדינה כחלק מתוכנית המצוינות צוערים לשירות המדינה וקודם לכן הייתה מנהלת הדרכה במגזר העסקי ומנהלת פרויקטים במגזר השלישי."
שילה אדלר,"מנכל חברת פסגות ירושלים בע""מ","שילה הוא מנכ""ל חברת פסגות ירושלים בע""מ. בעבר שימש כראש מינהל התיישבות במשרד הבינוי והשיכון, ולפני כן היה ראש מינהל תשתיות במשרד התחבורה. קודם לכן היה מנכ""ל מועצת יש""ע ולפני כן שימש כמנכ""ל הגרעין התורני בלוד. במקביל, הוא חבר בפורום מנהיגות צעירה של נשיא המדינה, משמש כיו""ר (בהתנדבות) של המכינה הקדם צבאית בעלי, מכהן כחבר מליאת המועצה האזורית בנימין ומשמש כיו""ר בתנועת רעננים - צעירי הציונות הדתית. כיום משרת שילה כסמג""ד במילואים בחטיבת אלכסנדרוני."
אריק אדלר,גזבר עיריית בני ברק,"משנת 2004 אריק הוא גזבר ומנהל משאבי האנוש של עיריית בני ברק - שותף בכיר לעיצוב ויישום מדיניות וראש צוות ההיגוי העירוני לתהליך ההבראה והשינוי הארגוני. בשנים 2004-2000 היה סמנכ""ל כספים ומנהל אגף משאבי אנוש בחברת עמיד. במקביל, עוסק אריק בפעילות ציבורית והתנדבותית: מרצה מטעם משרד הפנים בתוכניות הכשרה לליווי רשויות בתהליכי הבראה והתחדשות עירונית, ומלווה כלכלי בהתנדבות של העמותות הציבוריות יד לאחים ורפואה וחיים, המעניקות שירותי סעד רפואי וחברתי לאוכלוסיות נזקקות בחברה הישראלית. אריק משרת במילואים כראש ענף כלכלה ביחידה ייעודית בפיקוד צפון."
משה אדלר,"מנכ""ל מועצה מקומית רכסים","משה כיום מכהן כמנכ""ל מועצה מקומית רכסים.
 
קודם לכן כיהן כמנהל מגזר חרדי וסגן מנהל אדמיניסטרטיבי בכללית מחוז חיפה וגליל מערבי.

וקודם לכן כעוזר מ""מ ראש העיר חיפה.
קדנצייה כעוזר ראש המועצה המקומית רכסים וכמנהל עיר ללא אלימות. 
לפני כן שימש בתפקידים ציבוריים נוספים,
באגף התרבות בעיריית חיפה, ניהל רשת גני ילדים בחיפה,
קידם בהתנדבות את פיתוח סניף איחוד הצלה חיפה כראש הסניף."
עינת אוחיון,"מנהלת אגף א' מורשת, חברה ורוח במשרד החינוך","עינת היא מנהלת אגף א' מורשת, חברה ורוח במשרד החינוך. בתפקידה הקודם שימשה כמפמ""ר אזרחות, משרד החינוך. החלה את דרכה במקיף הדתי יגאל אלון ביהוד כמורה לאזרחות ומדעי החברה, מחנכת ורכזת פדגוגית. ניהלה במשך תשע שנים את אולפנית הראל- תיכון עירוני דתי לבנות בכפר סבא. במהלך שנות הניהול חנכה וליוותה מנהלים חדשים ופרחי ניהול וכן הייתה שותפה בפיילוט ייחודי במסגרת ""תקווה ישראלית"". כיום בתפקיד מנהלת תחום דעת (מפמ""ר) אזרחות."
טל אוחנה,פרויקטורית צמיחה במעלה יוסף,"טל עוסקת בפיתוח כלכלי מקומי, הכשרות בכירים וליווי מנהיגים לקראת ובמהלך כהונות פוליטיות. בעברה שימשה כראש מועצה מקומית ירוחם, חברה בוועדות המכרזים והארנונה, ודירקטורית בחברה לפיתוח הכלכלי של ירוחם. קודם לכן כיהנה כסגנית וממלאת מקום ראש מועצת ירוחם והחזיקה את תיק החינוך והפיתוח האסטרטגי. בשנים 2010-2009 היא כיהנה כמנהלת עמותת ""צעירים בירוחם, מיסדה את תחום הצעירים בעיר ובמקביל הקימה וניהלה את התוכנית הארצית למנהיגות סטודנטים של מרכז מעשה. שנה לפני כן שימשה כרכזת תוכנית מנהיגות סטודנטים בקרן רש""י במכללה האקדמית עמק יזרעאל ויזמה תוכניות ופרויקטים חברתיים שונים. בשנת 2007 היא עבדה כמנהלת יחידת אייסף במכללת עמק יזרעאל ובשנתיים שקדמו לכך עסקה בהוראה וליווי חברתי בכפר הנוער ויצ""ו נהלל, בהפעלת עמותת סיוע לנצרכים על ידי בני נוער בירוחם, בליווי ובהנחיית גרעין הסטודנטים צב""י בירוחם, ובסיוע בהפעלת פרויקט סל""ע לנערות עולות של ארגון ידידים. בשנים 2005-2004 ריכזה פרויקטים בתחום הנוער במתנ""ס ירוחם, ייסדה את תנועת אלפונסו צבע"" לעידוד עלייה וחינוך ציוני בקרב יהדות מרוקו וניהלה בהתנדבות את סניף לתת בעיר."
שירה אוחנה,"מנכ""לית המועצה המקומית חורה לשעבר","שירה היא מנכ""לית המועצה המקומית חורה. בתפקידה הקודם הייתה סמנכ""לית האסטרטגיה והפיתוח הארגוני בארגון שותפויות אדמונד דה רוטשילד, שהייתה בין מייסדיו בשנת 2016 וניהלה בו את תוכנית המנהיגות קו הזינוק. במסגרת תפקידה הקודם עסקה בצמצום פערים ובחיזוק חוסנה של החברה הישראלית באמצעות הכשרת צעירים, בעיקר מהפריפריה הגיאו-חברתית, להובלת שינוי מתוך עמדות השפעה בחברה ובכלכלה."
יובל אוליבסטון,"סגן יו""ר המזכירות הפדגוגית ומנהל אגף א' פיתוח פדגוגי במשרד החינוך","יובל הוא סגן יו""ר המזכירות הפדגוגית ומנהל אגף א' פיתוח פדגוגי במשרד החינוך. במסגרת תפקידו הוא אחראי על גיבוש התשתית הפדגוגית של תחומי הדעת במשרד החינוך ומסייע ליו""ר המזכירות הפדגוגית לעצב את המדיניות הפדגוגית במערכת החינוך. בתפקידו הקודם היה מנהל אגף מקצועות המורשת, האחראי על עיצוב המדיניות הפדגוגית במקצועות המורשת בבתי הספר של המגזרים השונים בישראל. יובל מכהן גם כרב מחתן בארגון רבני צהר."
ליבנת (לובה) אוליניצקי,"סמנכ""לית תכנון נתיבי ישראל","ליבנת היא סמנכ""לית תכנון נתיבי ישראל. לפני כן עבדה ברשות מקרקעי ישראל באגף תשתיות ופיתוח כסגנית מנהל אגף. במסגרת תפקיד זה היא הובילה הסכמי גג ב-19 רשויות מקומיות, הייתה אחראית על פתרון חסמי דיור ברמת השלטון המרכזי והמקומי, ניהלה תקציבי פיתוח תשתיות של מעל 3 מיליארד ₪ לשנה ונגעה בכל היבטי ענף הדיור. לליבנת תואר ראשון בכלכלה ותואר שני במנהל עסקים ומימון. עם סיום לימודיה האקדמאים, היא עבדה כשבע שנים בהייטק כאנליסטית פיננסית בכירה."
מורן אומן,שותפה מנהלת משרד עורכי דין אגמון עם טולצ'ינסקי,"מורן אומן היא השותפה המנהלת של משרד עורכי דין אגמון עם טולצ'ינסקי, ממשרדי עורכי הדין הגדולים והמובילים בארץ. מורן עורכת דין בתחום התחרות וההגבלים העסקיים - מלווה חברות בהליכי רגולציה, ליטיגציה אזרחית ופלילית, ייעוץ שוטף ומתן חוות דעת. בין היתר ייצגה חברות במתווה הגז, בהליך חקיקת חוק הריכוזיות וחקיקת החוק להגברת התחרות במערכת הפיננסית.
בשנים האחרונות מנהלת את פעילות הפירמה ובתוך כך בניית האסטרטגיה העסקית, הניהול הפיננסי של הפירמה וההון האנושי."
תמי אומנסקי,"מנהלת אגף בכיר חינוך מיוחד, המנהל הפדגוגי משרד החינוך","תמי היא מנהלת אגף בכיר' חינוך מיוחד במשרד החינוך. בעבר היא ניהלה את תחום משרד החינוך במטה הלאומי להגנה על ילדים ובני נוער ברשת – מערך בין-משרדי ייחודי בישראל ובעולם שהיא שותפה להקמתו. תמי הקימה גם את תחום החינוך כחלק מהמערך וכאגף חדש בשפ""י במשרד החינוך. בנוסף, היא מרצה לתואר שני בייעוץ חינוכי במל""א (המרכז ללימודים אקדמיים). בתפקידה הקודם הייתה תמי סגנית מנהלת אגף ייעוץ וממונה על הפיתוח המקצועי ועל הייעוץ בגיל הרך, ולפני כן הייתה מפקחת על יועצים חינוכיים. בכל תפקידיה בעבר ובהווה תמי פועלת לקידום הרווחה הנפשית, מתוך תפיסה הוליסטית אקולוגית ומתוך חקירה של עולם המשמעויות ופיתוח מיומנויות להתמודדות במציאות משתנה."
אלונה בר און,מו״ל גלובס,"אלונה משמשת כמנהלת ומייסדת בית וגג - קרן ייזום והשקעות בתחום ההתחדשות העירונית בישראל. היא גם מכהנת כדירקטורית בחברת הקניונים והמרכזים המסחריים מליסרון, ו יו""ר ביומון הכלכלי גלובס. בשנים קודמות שימשה כיועצת כלכלית בחברת פרופ' יצחק סוארי בע""מ' ובמסגרת תפקידה ליוותה את החברות הגדולות במשק בתהליכי מיזוגים ורכישות. את שירותה הצבאי סיימה אלונה ככתבת צבאית בשבועון במחנה."
אליעזר בר און,ראש מכינת בני דוד מעלה אפרים ויושב ראש ועד המכינות,"אליעזר הוא איש חינוך, ראש מכינת בני דוד מעלה אפרים ויושב ראש ועד המכינות. ממקימי הישיבה בעלי ומייסד המכינה במעלה אפרים. במקביל ממלא תפקידי פיקוד בצבא ותפקידים רבניים"
אביטל אופק,Cheif business officer - חברת דוראל אנרגיה,"אביטל הוא עו""ד, מנהל פעילות דוראל בישראל (חברה ציבורית העוסקת בתחום האנרגיה)."
טלי גולדשטיין אורגיל,"מנהלת אגף חברה וקהילה, עיריית חיפה","טלי מנהלת את אגף חברה וקהילה בעיריית חיפה החל משנת 2021. אגף חברה וקהילה הינו היחידה העירונית המובילה את פיתוחה של העיר חיפה בהיבטי איכות חיים הנוגעים לתחומי הרב תרבותיות, מעורבות ושותפות, חוסן חברתי וקהילתי, נגישות ושוויון ושרותי פנאי. כמנהלת האגף, טלי שותפה לגיבוש החזון העירוני בתחום זה ואמונה על בניית והטמעת המדיניות הנגזרת ממנו עבור כ-60 יחידות עירוניות ויחידות הסמך תוך פיתוח מערך שותפויות עירוניות וחוץ עירוניות. לפני כן, טלי הייתה חברת צוות בהנהלת מחוז מרכז בחברה הארצית למתנ""סים כמובילה ומתכללת את תחום בינוי קהילה במחוז."
דינה אורקין,"מנהלת אגף חדרי ניתוח , הרדמה וכאב . מנהלת מרכז לרפואה מותאמת אישית PlanNet","החל משנת 2017 משמשת כמנהלת אגף חדרי ניתוח , הרדמה וכאב במרכז הרפואי שיבא תל השומר . קודם לכן והחל מ 2013 ובמשך שנתיים  מנהלת הרדמה ב במרכז הרפואי שיבא בתל השומר .
לפני כן והחל משנת 2011 ובמשך שנה וחצי מנהלת יחידת התעוררות במרכז הרפואי קפלן .
לפני כן והחל משנת 2004 ובמשך 7 שנים מנהלת יחידת הרדמה ילדים בבית החולים שערי צדק ירושלים .
את ההתמחות עשיתי בשערי צדק בהרדמה ,הרדמת ילדים וטיפול נימרץ ."
איימן אזברגה,עורך דין עצמאי,איימן הוא עורך דין עצמאי. היה ראש תחום פיתוח כלכלי בארגון ינאביע. הארגון הוקם מתוך חזון לקידום החברה הבדואית כך שתהווה מנוע צמיחה משמעותי בנגב ותתפוס את המקום הראוי לה במרקם החברתי. במסגרת תפקידו איימן שם דגש על העסקת נשים בחקלאות ובתעשיה.
יאסין אזברגה,מהנדס מ.מ כסייפה,"יאסין משמש כמנהל אגף בהנדסה , מ.מ כסייפה. לפני כשנתיים החל לעבוד ברשות מנהל פרויקטים ולאחר מכן קודם לסגן מנהל אגף הנדסה. היום ממלא תפקיד מנהל אגף בהנדסה. עסק בהנדסת בניין בסקטור הפרטי כ-15 שנה (ניהול ביצוע מוסדות ציבור, בנייה פרטית ,ומוסדות ממשלתיים ). לפני שנתיים עבר נקודת מפנה והחליט מתוך שליחות לעבוד ברשות המקומית כסיפה, תהליך זה היה מלווה בהחלטה ובגביית מחיר. בכל זאת היה שלם עם ההחלטה מתוך דאגה לעתיד האישי שלו ועתיד משפחתו והיישוב. יאסין נמצא באחת המחלקות החשובות ברשות ובמסגרת תפקידו אחראי על כל הפרויקטים ההנדסיים. חבר בפורום מקצועי שיושב בראשותו של ראש הרשות ,תפקיד הפורום הוא קבלת החלטות מקצועיות ואסטרטגיות."
עופר אזרד,"סמנכ""ל ביצוע בחברת בנייה פרטית",
פיליפ אזרד,"מנכ""ל עיריית אילת","פיליפ הוא מנכ""ל עיריית אילת. במסגרת תפקידו הוא אמון על ניהול כולל של יחידות העירייה השונות ועל בניית תוכניות אב ופיתוח אסטרטגיות עירוניות במגוון תחומי פעילותה של העירייה. בשנים 2004–2010 היה פיליפ מנכ""ל החברה הכלכלית אילת."
בסאם סייד אחמד,"פרויקטור ויועץ בפיתוח מנועי צמיחה וכלכלה מקומית ואזורית בקרן בלומברג . מנכ""ל חברה עסקית פרטית","בסאם הוא פרויקטור ויועץ בפיתוח מנועי צמיחה אזוריים ופיתוח כלכלה מקומית ואזורית בקרן פורטלאנד ישראל. לפני כן עבד כמנהל אזורי במעוף אשכול גלילי, ולאחר מכן שימש כמנהל מרכז העסקים ומעוף סכנין. במסגרת התפקיד שימש כיועץ וכמלווה עסקי לעסקים וליזמים באזור, ניהל מרכז עסקים כחממה עסקית ליזמים ועסקים חדשים ועזר להם דרך השירותים המוענקים על ידי משרדי הממשלה לצמוח, להתפתח ולגדול בעשייה העסקית. הוא עזר בהנגשת שירותי משרדי הממשלה לעסקים עד 100 עובדים באזור הצפון כמו מימון, ייעוץ, סדנאות והדרכות."
אהרון אטיאס,"מנכ""ל עיריית לוד","אהרון הוא מנכ""ל עיריית לוד החל משנת 2013. במסגרת תפקידו הוא אחראי על תפקודה הכללי של העירייה, מתן שירות לתושבים ויישום חזונם של ראש העיר והמועצה. קודם לכן הקים את הגרעין התורני בלוד והיה מנהלו במשך עשר שנים. בהמשך, הקים את המכינה הקדם-צבאית מעוז ואת גרעין רמת אשכול והיה מנהל הארגון."
וואפא איוב,"מנהלת תכנית ריאן ירושלים, עיריית ירושלים","ניסיון רב שנים בארגונים חברתיים וארגוני זכויות אדם, בעשור האחרון מנהלת את תכנית ריאן במזרח ירושלים, מיזם במימון משרד העבודה, בשיתוף ובהפעלת עיריית ירושלים, תפקיד הכולל בין היתר הקמת וניהול כלל הפעילות של המרכזים להכוון תעסוקתי, לרבות תכניות עבודה, 28 אנשי צוות, היקף תקציב שנתי העומד על כעשרה מיליון ש""ח. ניהול שותפויות ואיגום משאבים, ותיאום בין השותפים בשטח ובממשל."
רחלי חפץ איזנפלד,סגנית מנהלת בית רבקה - מרכז רפואי שיקומי גריאטרי מקבוצת כללית,"מספטמבר 2023 רחלי משמשת כסגנית מנהלת בית רבקה, מרכז רפואי שיקומי גריאטרי  מקבוצת כללית. לפני כן במשך חמש שנים ניהלה את המערך הגריאטרי במרכז הרפואי מאיר. בין השנים 2013- 2018 עבדה כרופאה בכירה במערך הגריאטרי ובמחלקה פנימית א במרכז הרפואי מאיר. בשנים אלו הייתה חברה בועד האיגוד הגריאטרי והצטרפה לצוות המדריכים בחוג לחינוך רפואי באוניברסיטת תל אביב כמנחת קבוצות של סטודנטים לרפואה.  לרחלי התמחות ברפואה פנימית ובגריאטריה, את שתיהן עשתה במרכז רפואי מאיר."
אודי איזק,ראש מינהל חינוך בעיריית כרמיאל,"אודי הוא ראש מינהל החינוך בכרמיאל. בעבר ניהל את מחלקת החינוך במועצה האזורית מגילות ים המלח ומילא תפקידים בתחום החינוך וידיעת הארץ בתנועת הנוער העובד והלומד, בקיבוץ אלמוג ובארגונים שונים. הוא בוגר תנועת הנוער העובד והלומד, הדריך גרעיני נח”ל, עבד כמנהל חינוך יישובי, כיועץ ארגוני למוסדות חינוך, כמורה וכמדריך טיולים וסדנאות שטח, ועסק בחקר ההיסטוריה של חבל ים המלח."
אסיף איזק,"ראש מועצה, מועצה אזורית חוף הכרמל",ראש המועצה האזורית היפה בארץ
מרדכי אייכלר,"מנכ""ל ובעלים בראשית ג'נסיס תעסוקת חרדים","מרדכי הוא מייסד ובעלים של בראשית ג'נסיס תעסוקת חרדים. בעבר ייסד ושימש כיו""ר של אחים גלובל. בשנת 2005 הוא יזם פעילויות לסיוע ולגישור בין צעירים חרדים לבין עולם התעסוקה, ובהמשך הרחיב את הפעילות לנושא היזמות והחיבורים הגלובליים העסקיים של הקהילה."
חוי אייל,"מנכ""לית המרכז הקהילתי במועצה האזורית בקעת הירדן","מאז שנת 2010 חוי היא מנכ""לית המרכז הקהילתי במועצה האזורית בקעת הירדן (ע""ר), השייך לרשת המתנ""סים של החברה למתנ""סים. מתוקף תפקידה היא אחראית על כל תחומי הפנאי, החברה והקהילה ברחבי המועצה: מעונות ומשפחתונים לגיל הרך, תחום הילדים והנוער - חוגים, חופשים ואירועים, מרכז צעירים והגיל השלישי, וכן על תחומי התרבות והספורט במועצה. לפני תפקידה הנוכחי הייתה חוי רכזת הגיל הרך במועצה ורכזת השלוחה הצפונית של המרכז, וקודם לכן עסקה בהוראה."
רון אייפר,"ראש החטיבה לאנרגיה מקיימת, משרד האנרגיה","רון הוא ראש החטיבה לאנרגיה מקיימת במשרד האנרגיה. לפני כן היה סמנכ""ל כלכלה ואסטרטגיה ברשות הגז הטבעי וקודם לכן עבד במטה הכלכלי-חברתי במשרד ראש הממשלה, שם היה אחראי על ריכוז וגיבוש מדיניות המשרד בנושאים כמו האצת הצמיחה, יוקר המחיה, תקציב, תקשורת ואנרגיה. בנוסף, הוא ריכז את המאמץ הממשלתי לחיזוק הקשרים הכלכליים עם סין ועם אפריקה והיה אחראי גם על תחומי התשתיות, התכנון הבנייה, ומשמש כנציג ראש הממשלה במוסדות התכנון הלאומיים. קודם לכן רון היה יועץ לארגון העבודה העולמי ויועץ אסטרטגי למגזר הציבורי בחברת Deloitte."
דבורה אייפרמן,"סמנכ""לית בכירה מינהל והון אנושי, הנהלת בתי הדין","עובדת במגזר הציבורי מעל 20 שנה עברה מנעד תפקידים ומספר משרדים. 

במהלך השנים צברה ידע ומומחיות במגוון התפקידים המגוונים שכיהנה, החל מניהול פרויקטים רוחביים בשירות הציבורי לייעול תהליכים וקידום השירות, יצירת חיבורים,  ניהול תקציבים ורגולציה, קידום ושילוב נשים, וכיום בתחומים של ניהול ופיתוח ההון האנושי, קידום שירות יעיל יותר, רידוד בירוקרטיה וקידום פרויקטים במינהל בשירות הציבורי.

בנוסף כיהנה כחברת דירקטוריון בהרלי (הרשות לפיתוח ירושלים) וחברת הנהלה בקופת חולים מאוחדת.
וכן מונתה בין הראשונות כממונה שוויון מגדרי ויועצת המנכ""ל לקידום נשים בשירות המדינה,  כממונה שוויון מגדרי לקידום נשים (בשנת 2010) במשרד לשירותי דת ופעלה לקידום מודעות בנושא."
יערה איסר,מנהלת מכון קרת,"בתפקידה האחרון שימשה יערה כראש תחום תכנון ופיתוח תשתיות ציבוריות ביחידה לפיתוח מזרח ירושלים במשרד ירושלים ומורשת. במסגרת זו היא פעלה לצמצום הפערים במזרח ירושלים באמצעות הנעת תהליכי תכנון ופיתוח תשתיתי, תעסוקתי וכלכלי. יערה עובדת גם כחוקרת במכון ירושלים למחקרי מדיניות, ובמחקריה מתמקדת במיפוי הצרכים וגיבוש המדיניות עבור השכונות במזרח ירושלים וכן בוחנת אפשרויות לתכנון מרחבים המעודדים מפגש חיובי בין-מגזרי. בשנת 2017 הייתה יערה מנחה ויועצת תוכן בתוכנית ""מובילים שינוי מזרח ירושלים"", תכנית להכשרת בכירי ממשלה ועירייה. במסגרת זו הייתה שותפה לבניית תחום פיתוח התשתיות. קודם לכן עבדה בלשכת ראש עיריית ירושלים כמנהלת פרויקטים במזרח ירושלים."
תאיר סולי איפרגן,"מנכ""לית עוגנים- שותפות קרנות פילנתרופיות לפיתוח הצפון והדרום","כיום, מנכ״לית ׳עוגנים׳- קרן פילנתרופית (שותפות של מספר קרנות) לפיתוח הצפון והדרום בחסות בית הנשיא. לשעבר כיהנה במשך 17 שנים במספר תפקידים בשירות הציבורי, בתפקידה האחרון כמנכ״לית משרד העבודה."
נורית פלתר איתן,"מנהלת מחלקת תקשורת, הסברה וקשרי קהילה בבנק ישראל","נורית היא מנהלת מחלקת תקשורת, הסברה וקשרי קהילה בבנק ישראל. לפני כן שימשה כראש אגף אסטרטגיה, בקרת מדיניות, קשרי ממשל, קשרים בינלאומיים ודוברות ברשות החשמל ובמסגרת תפקידה הייתה מופקדת על ייצוג הרשות, פיתוח וגיבוש המדיניות הציבורית, מיצוב ומיתוג הרשות וקביעת אסטרטגיות יחסי הציבור שלה. בתפקידה הקודם ברשות שימשה כמזכירת המליאה וכדוברת רשות החשמל. קודם לכן עבדה בעיתון ידיעות אחרונות ככתבת כלכלית, פוליטית ופרלמנטרית ולפני כן שימשה כעורכת ראשית בביטאון הסטודנטים של האוניברסיטה העברית. בנוסף, עבדה בניהול מרכז מערכות תקשורת וטלקומוניקציה במפעל אינטל. נורית התנדבה כחברת ועד מוסדי בבית הספר הדרור תל""י , השתתפה בפרויקט לעידוד הקריאה והאקטואליה בתיכונים בירושלים וערכה עיתון עם תלמידי תיכון."
כרם נבו אכטנברג,"סמנכ""לית צמיחה ברשות החדשנות","בימים אלו כרם מכהנת כסמנכ""לית צמיחה ברשות החדשנות. בתפקידה הקודם, כרם היתה ראש המטה של נשיא וסמנכ""ל תפעול וויקס ומנהלת פרויקטים חוצי ארגון. בנוסף, מייסדת ומנכ""לית של פורום חברות הצמיחה, המקדם בניית תשתית לצמיחת חברות טכנולוגיה גדולות בישראל. בעברה עבדה בתקשורת, בכנסת כעוזרת פרלמנטרית וכיועצת אסטרטגית לחברות וגופי ממשלה."
עאדל אכתילאת,מנהל מערך טיפולי הבית של מחוז הצפון בכללית,"עאדל הוא מנהל הסיעוד של מינהלת נצרת רבתית ומנהל מערך האשפוזים החוזרים של מחוז הצפון בשירותי בריאות כללית. כמו כן הוא פעיל חברתי בנושאי צדקה וקידום אוכלוסיות חלשות, יוזם תוכניות מיוחדות המסייעות לחברה בכלל ולאוכלוסייה חלשה בפרט ומקדם את נושא מניעת תאונות הבית במגזר הערבי."
עימאד אל-סאנע,"מנכ""ל עידן הנגב - אזור תעסוקה משותף","עימאד הוא מנכ""ל אזור התעסוקה המשותף עידן הנגב. הוא רואה חשבון בוגר תואר ראשון מנהל עסקים עם התמחות בחשבונאות. בעברו עבד במשרד האוצר באגף שוק ההון והיה שותף בכתיבת חוק בכר. כמו כן עבד ברשות המיסים. עימאד הקים וניהל במשך תשע שנים את תאגיד המים הראשון במגזר הבדואי ""מי רהט"" והיה יו""ר דירקטוריון בתאגיד המים נווה מדבר."
אברהם (אבי) אלבאז,"מנכ""ל הפורום הציבורי - כפרי הנוער, פנימיות הרווחה והאומנה בישראל","אבי מכהן כמנכ""ל הפורום הציבורי לכפרי הנוער והפנימיות בישראל. קודם לכן כיהן כמשנה למנכ""ל בעיריית עפולה, שבה היה אמון על פיתוח וקידום תחומי העשייה העוסקים בילדים, נוער וצעירים, קליטה וקהילה, רווחה ושירותים חברתיים בעיר. לפני כן ייסד וניהל במשך חמש שנים חל""צ הפועלת בזירת המסגרות החוץ ביתיות בישראל, תוך פיתוח והטמעת מיזמים לאומיים. עוד קודם, במשך כעשור, כיהן אבי במגוון תפקידי ניהול וארגון בקרן רש""י (כמתכנן ראשי) ובעמותת הבת יעדים לצפון (כסמנכ""ל). את דרכו החל במגזר העסקי כיועץ וכמפתח ארגוני."
מחמד אלבדור,גזבר מועצה מקומית לקיה,"מחמד הוא גזבר מועצה מקומית לקיה. לפני כן שימש כמבקר פנים בשתי מועצות במגזר הבדואי – מועצה מקומית לקיה ומועצה מקומית תל שבע. במסגרת תפקידו בדק את התנהלותן הארגונית והכספית ושימש יועץ ארגוני וכספי לראשיהן - באמצעות ראייה ארגונית שמטרתה לספק שירותים אופטימליים ואפקטיביים וגיבוש נוהלי עבודה שתכליתם לרתום את כלל עובדי הארגון לדפוסי עבודה ראויים. מחמד הוא חבר ועדת ביקורת בחברת אלפנאר הפועלת להכוונה, להעסקה ולשילוב צעירים מהמגזר הבדואי בשוק העבודה. הוא היה מהמורים הראשונים במגזר הבדואי שהכין תלמידי תיכון לבגרות במתמטיקה חמש יחידות כדי שיוכלו להשתלב בלימודי מדעים וטכנולוגיה באקדמיה. כמו כן הוא הדריך בעמותות להשכלת נשים ובנות במגזר הבדואי בדרכן להשכלה גבוהה."
אלי אלבז,מנכ״ל ובעלים נעם ניהול והשקעות,"אלי הוא מנכ״ל ובעלים נעם ניהול והשקעות. בתפקידו הקודם היה מנכ״ל שותף בקבוצת חברת השקעות שבה עיקר הפעילות היא השקעות ויזמות נדל״ן. בנוסף לכך היה בעלים של חברת א. נעם ייעוץ ופיתוח עסקי. אלי שימש כמנכ""ל עיריית נהריה בשנים 2019 - 2022 והינו בעל ניסיון של כ-20 שנים בעולם היי טק במגוון תפקידי הנדסה וניהול טכנולוגי וביניהם ניהול טכנולוגיות תקשורת IT גלובלי, ניהול תקציבי, וניהול פרויקטים ומיזמים אתרי החברה בעולם. במסגרת הניהול הטכנולוגי הוביל פרויקטים משמעותיים בהשקעות של כ-100 מיליון דולר ושינויים טכנולוגים בעלי משמעות רבה לעולם טכנולוגיות תקשורת הקווית והאלחוטית. הכניסה לתפקיד בעולם הציבורי-מוניציפלי היתה אתגר משמעותי, ובמסגרת תפקידו כמנכ""ל עירייה הוביל שינויים משמעותיים בהבראה כלכלית, הטמעה של טכנולוגיה מתקדמת, דיגיטציה, שינוי תרבותי-ארגוני, הטמעה של תהליכי עבודה, ניהול ובקרה וניהול מעשי של מערכי החירום (קורונה ושיטפון). בנוסף כיהן כמ״מ מנכ״ל החברה הכלכלית."
ח'יר אלבז,יו''ר אג'יק מכון הנגב,"ח'יר הוא יו''ר אג'יק מכון הנגב. בתחילת שנות ה-90 הקים וניהל במשך שנים רבות את האגף האזורי לשירותים חברתיים לבדואים, שסיפק שירותי רווחה ליישובי המועצה האזורית משוש (שגב-שלום, כסייפה, ערערה בנגב והכפרים הבדואים הבלתי מוכרים בנגב). במהלך שנות עבודתו הקים מערך שירותי רווחה גדול, שעובד בו צוות מקצועי מגוון מכל רחבי הארץ, ופיתח מודלים רבים להתאמת מקצוע העבודה הסוציאלית לאוכלוסיות מיוחדות כמו החברה הבדואית. תוך כדי תהליך ההבניה והעבודה המאומצת, ח'יר צבר ניסיון רב בניהול מערכות חברתיות ובתחום ארגוני החברה האזרחית, ובתקופת כהונתו כמנכ""ל שותף וכיו''ר אג'יק מכון הנגב התפתח הארגון לממדים גדולים שמשפיעים על חייהם של אלפי אנשים בחברה הערבית הבדואית ובכלל. כיום, בנוסף לניהול אג'יק מכון הנגב, ח'יר מעורב במיזמים בתחומי המדיניות, התכנון והפיתוח הקהילתי הן ברמה המקומית והן ברמה הארצית."
שירי נטי אלגביש,"מנכ""לית הקרן לפיתוח חדרה, מתמחה בפיתוח אקו-סיסטם אזורי והובלת תהליכי חדשנות","שירי היא מנכ""לית הקרן לפיתוח חדרה, מומחית לפיתוח אקו-סיסטם אזורי והובלת תהליכי חדשנות . בתפקידה הקודם כיהנה במשך שבע שנים כמנכ״לית רשת היזמות והחדשנות OpenValley. שירי הינה ממקימי ה-Ecosystem היזמי באזור הצפון, ומתמחה ביצירת Ecosystem באזורים ייעודיים פריפרייאלים, כמנוע צמיחה וטיפוח לסטארט-אפים וארגונים, באמצעות יצירת סביבות עבודה, מתן ליווי מקצועי והכשרה. שירי מילאה שורת תפקידי ניהול בכירים בחברות המובילות במשק הישראלי והבינלאומי, ביניהן משרד רו""ח PwC , פירמת עורכי הדין ""הרצוג פוקס ונאמן"", חברת המחקר MetaGroup ועוד. לשירי התמחות בתחומי הובלת חדשנות ארגונית, יזמות, שיווק, פיתוח עיסקי ומכירות, וניסיון רב כמרצה, מנחה, יועצת ומנטורית לחברות ויזמים בסקטורים שונים."
פזית גבאי אלגי,מנהלת מחלקת החינוך היסודי בעיריית באר שבע,"פזית היא מנהלת מחלקת החינוך היסודי בעיריית באר שבע ועמיתה בתוכנית מנדל למנהיגות חינוכית. בתפקידה הקודם עבדה באגף מו""פ במשרד החינוך בתוכנית פתיחת אזורי רישום וחיזוק ייחודיות בתי הספר. בשנים 2015-2018 היא שימשה כסגנית מינהל החינוך בעיריית דימונה וקודם לכן עבדה במשך שש שנים כמנהלת יישובית של 360 - התוכנית הלאומית לילדים ולנוער בסיכון. במקביל, היא עבדה כפסיכולוגית בתחנה הפסיכולוגית בדימונה וכמרצה מן החוץ במחלקה לחינוך באוניברסיטת בן-גוריון. פזית היא פסיכולוגית במקצועה, בעלת דוקטורט בפסיכולוגיה חינוכית מאוניברסיטת בן-גוריון."
שני אלדן,מהנדס עיריית טבריה,"שני הוא מהנדס עיריית טבריה, בעבר היה מהנדס העיר קריית שמונה. בשנת 2006, בהיותו סטודנט לאדריכלות, יזם שני והוביל פרויקט התנדבותי לשיקום המרחב הציבורי בדימונה ובירוחם. בשנת 2008, עם סיום לימודיו, עבד במשרדו של אדריכל וחתן פרס ישראל פרופ' רם כרמי בהרצליה, והמשיך את התמחותו כאדריכל במשרד גיורא שפיר אדריכלים שבאשקלון. בשנת 2011 היה אדריכל בעיריית אשקלון, ובד בבד היה מרצה ורכז מגמת הנדסאי אדריכלות ועיצוב פנים במכללה למנהל. בשנת 2014 התמנה שני למהנדס הוועדה המרחבית לתכנון ובנייה נגב מערבי, ומתחילת שנת 2018 הוא מהנדס העיר קריית שמונה. במסגרת תפקידו שני מוביל צוות נרחב של עובדים ובעלי מקצוע בתחומי התכנון, ההנדסה והתשתיות, המחויבים לפיתוחה ולצמיחתה של העיר קריית שמונה ולמיצובה כעיר ראשה בצפון הארץ."
אסף אלדר,"סמנכ""ל, ראש החטיבה הבנקאית בבנק דיסקונט לישראל בע""מ","אסף הוא סמנכ""ל, ראש החטיבה הבנקאית בבנק דיסקונט לישראל בע""מ. במסגרת תפקידו אחראי על מזומנים, סליקה, אמצעי תשלום, טיפול בהוראות לקוחות, ועל לכלל הפעילות הלוגיסטית של הבנק - מקריית שמונה ועד אילת - נכסי נדל""ן, בינוי ואחזקה, ביטחון ובטיחות. בחטיבה שבניהולו יש כ-550 עובדי בנק ועוד כ-450 עובדי חוץ. בנוסף, הוא משמש כמנכ""ל חברת דיסקונט ליסינג, אשר מקימה בראשון לציון את קמפוס דיסקונט - אשר יאכלס בעוד כשנתיים את מטות קבוצת דיסקונט, כ-4,500 עובדים מדיסקונט, כאל ומרכנתיל. מלבד משרדי הקבוצה, הקמפוס יכלול שני מרכזי מחשוב - דיסקונט וכאל."
זאב אלדר,מנהל תחום פיתוח פדגוגי מנהל עובדי הוראה במשרד החינוך,"זאב הוא מנהל תחום פיתוח פדגוגי במינהל עובדי הוראה. קודם לכן היה המפקח על הפיתוח המקצועי של עובדי הוראה במחוז הדרום ובמסגרת תפקידו הוביל מהלכים חדשניים של פיתוח מקצועי והדרכה של עובדי הוראה במחוז תוך התמודדות עם מגזרים שונים. לפני כן שימש כמפקח כולל על בתי ספר יסודיים ועל-יסודיים בחינוך הממ""ד במחוז הדרום וקודם לכן ניהל את בית הספר הקיבוצי דע""ת בקיבוץ סעד."
עלי אלהואשלה,מנהל רפואי במחוז דרום בשירותי בריאות כללית,"בתפקידו הקודם שימש עלי כמנהל מנהלת אזור הנגב הדרומי של שרותי בריאות כללית. לפני כן ובמשך חמש שנים, עבד כמנהל מרפאה של שרותי בריאות כללית ברהט, ועוד קודם לכן, בין השנים 2007-2010 ניהל את המרפאה של שרותי בריאות כללית בתל-שבע. לפני כן ובמשך שבע שנים, עבד עלי כרופא משפחה במרפאה זו.

במסגרת עשייתו החברתית, משמש עלי כחבר מזכירות בהסתדרות הרפואית. בעבר שימש גם כחבר לשכת האתיקה של ההסתדרות הרפואית. במקביל ובמשך כעשור, שימש בתפקידים שונים בועד הרופאים של מחוז דרום ובמזכירות הארצית של שירותי בריאות כללית."
ג'וואד אבו אלהיג'א,"ראש מטה ויועץ בכיר ליו""ר הרשימה המשותפת","ג'וואד הוא עורך דין. במשך חמש שנים עבד במשרדי עורכי דין מובילים בתחום המקרקעין, התכנון והבנייה והליטיגציה האזרחית. שימש כיועץ משפטי במרכז הערבי לתכנון אלטרנטיבי וכיועץ משפטי ועסקי לחברות ישראליות ופלסטיניות. כיום הוא ראש המטה ויועץ בכיר ליו""ר הרשימה המשותפת."
בני אלון,"מנכ""ל מועצה מקומית קדימה צורן","בתפקידו האחרון שימש בני כמנכ""ל המסלול האקדמי במכללה למינהל. בתפקידו הקודם כיהן כמנכ""ל המכללה האקדמית ת""א-יפו. בעבר מילא תפקידים בכירים במערכת ההשכלה הגבוהה: סמנכ""ל שיווק ופיתוח עסקי במסלול האקדמי במכללה למינהל, סמנכ""ל השיווק וקשרי החוץ במכון הטכנולוגי חולון, וחבר דירקטוריון חברת ע.י.י.ט למסחור ידע. במסגרת תפקידיו הציבורים כיהן כיו""ר פורום המנכ""לים של ועד ראשי המכללות האקדמיות הציבוריות, דירקטור בחברה הכלכלית לפיתוח תל מונד, יו""ר ועדת השיווק וחבר דירקטוריון קבוצת איסת""א. כסטודנט היה חבר הנהלת התאחדות הסטודנטים, והיה מיוזמי ומנהיגי מחאת הסטודנטים בשנת 1998 לשיפור מעמדם ולמתן פתרונות למצוקתם הכלכלית."
אבי אלון,מנהל אגף חינוך במועצה אזורית גוש עציון,"מאז אוקטובר 2017  משמש כמנהל אגף החינוך במועצה האזורית גוש עציון. מתוקף תפקידו הוא  אחראי על עיצוב תמונת העתיד החינוכית ועל ההתנהלות התקינה של שגרת החינוך הקיימת. הכוונת המנהלים והשותפים לחשיבה ולפעולה משותפות מובילה את הצוותים החינוכיים ואת התלמידים לשייכות, לעשייה מתוך משמעות ולמצוינות. גם על כך זכה  בשנה שעברה בפרס החינוך הארצי. קודם לתפקידו הנוכחי שימש כיועץ למנכ""ל משרד החינוך, שמואל אבוהב, בנושא חמ""ד וצמצום פערים. לפני כשבע שנים סיים את תפקידו כמנהל התיכון באולפנת עפרה אחרי עשר שנים. בעברו שימש גם כמחנך, כמנהל פדגוגי ועוד בשני בתי ספר נוספים."
פואד אלזיאדנה,"מנהל המרכז הקהילתי רהט בחברה למתנ""סים","פואד הוא מנהל המרכז הקהילתי רהט בחברה למתנ""סים. נכון לכתיבת שורות אלה, רהט מונה כ-70 אלף תושבים, כולל התושבים הלא מוכרים, ויש בה יותר מ-25 אלף תלמידים. המתנ""ס ברהט הוא הזרוע הביצועית של החינוך הבלתי פורמלי בעיר, ובמסגרת תפקידו פואד אחראי בו על תקציב של יותר מ-20 מיליון ₪ המיועדים למגוון פעילויות לכל רובדי הקהילה: ילדים, נוער, נשים, צעירים ומבוגרים. קודם לכן הוא עבד חמש שנים במרכזי ריאן לתעסוקה, והוא אחד ממייסדי התוכנית. בתחילת דרכו הוא לימד מתמטיקה בתיכון ברהט במשך שש שנים."
שלמה אלחרר,סגן ראש העיר ומחזיק תיק חינוך - עיריית בני ברק,"שלמה החל את דרכו בחינוך כמורה שילוב, מנהל מוסד לחינוך מיוחד, מדריך ארצי להוראת המדעים וחינוך מיוחד ברשת בני יוסף ובשנים האחרונות כמנהל אגף הפיקוח ברשת. בין היתר משמש כמרצה במכון להכשרת מורים ""אחיה"" ובקריה האקדמית אונו. כיום, סגן ראש עיריית בני ברק ומחזיק תיק החינוך"
ווידאד אלטוחי,"שותפה באשכול הפיננסי BDO Israel, Finance Cluster","ווידאד שותפה במשרד רואי החשבון BDO ועומדת בראש יחידה המעניקה שירותי ביקורת וייעוץ לגופים פיננסים מהגדולים בארץ. היא התחילה את דרכה בפרימה לפני יותר מעשור והתקדמה לתפקידי ניהול שונים כאשר פעלה למיצוב היחידה לייעוץ באשכול ביקורת. במסגרת פעילות היחידה נדרשת התעדכנות שוטפת בסביבה העסקית והרגולטורית, דינמיות בשירותים המוצעים וחדשנות. צוות העובדים ביחידה מגיע מדיסציפלינות שונות כגון כלכלה, הנדסת תעשייה וניהול וחשבונאות. עם לקוחות היחידה נמנים הבנקים הגדולים בארץ, חברות כרטיסי אשראי, חברת ביטוח ובית השקעות."
עדי אלטשולר,"יו""ר ומייסדת זיכרון בסלון","עדי אלטשולר היא אשת חינוך מנהיגה ויזמת חברתית. מייסדת תנועת ""כנפיים של קרמבו"", תנועת הנוער הראשונה והיחידה בישראל לצעירים עם ובלי צרכים מיוחדים. מייסדת מיזם ""זיכרון בסלון"" התכנסות אלטרנטיבית בערב יום הזיכרון לשואה ולגבורה. כיום, מייסדת ומנכ""לית ""אינקלו - בתי ספר וגנים מכילים"", בתי ספר בהם לומדים יחד ללא נפרדות תלמידים עם ובלי צרכים מיוחדים ודרך חינוך אישי הרואה את הכוחות והצרכים של כל הילדים והילדות ופדגוגיה חדשנית הופכים את המגוון מנטל לנכס. עדי נבחרה על ידי מגזין Time היוקרתי לאחת מששת מנהיגי הדור הבא בעולם, וכן נבחרה לנאום באו""ם על יזמות חברתית ככלי לצמיחה במדינות מתפתחות. בשנת 2020 נבחרה להדליק משואה במסגרת טקס המשואות לשנת ה72 של מדינה ישראל."
נאיל אליאס,"מנכ""ל בית החולים הצרפתי בנצרת","פרופ׳ נאיל אליאס הוא המנהל הכללי של בית החולים הצרפתי בנצרת החל משנת 2015. קודם לכן ניהל בבית החולים את מחלקת הילדים משנת 2008. בשנים 1998-2015 כיהן בנוסף כרופא בכיר ביחידה לרפואת ילדים ומרכז  ציסטיק פיברוזיס בבית חולים רמב""ם. בשנים 2004-2006 ביצע השתלמות בבית חולים לילדים בטורונטו  בקנדה וכתב עבודת מחקר בסיסית בנושא הפיזיולוגיה של הריאה. פרופ׳ נאיל אליאס פתח לראשונה שירות של רפואת ריאות ילדים בנצרת ובסביבתה וקידם את מחלקת הילדים בצורה משמעותית עד השגת התמחות מלאה ברפואת ילדים לראשונה בבית חולים כלשהו בנצרת. הוא התמחה ברפואת ילדים בבני ציון והתמחה ברפואת ריאות ילדים ביחידה לריאות ילדים בבית חולים רמב""ם."
רשא אליאס,"מנהלת מחלקה פסיכיאטרית לנוער, המרכז הרפואי זיו","סיימתי לימודי רפואה באונברסיטה העברית, מיד אחרי הסטאז התחלתי התמחות בפסיכיאטריה של הילד והמתבגר במרכז הרפואי זיו . סיימתי התמחות בשנת 2018 ומאז אני ממשיכה לעבוד בצפת כרופאה בכירה. עבדתי מספר שנים בתוך מחלקה אשפוזית ובהמשך הייתי הרופאה הראשית במספר תתי מרפאות ובחלק משלוחות המרפאה . כמו כן ניהלתי מרפאת חרדה למשך מספר שנים.
מלבד העבודה הקלינית אני חלק מצוות הניהול של המערך .
כמו כן מלמדת סטודנטים לרפואה בפקולטה ע""ש עיזראלי.
בשנה האחרונה מנהלת מחלקה פסיכיאטרית חדשה לנוער במרכז הרפואי זיו אחרי שהייתי דמות משמעותית בהקמתה."
מאיר אליהו,מפקד מחוז צפון-משטרת ישראל,"משרת במשטרת ישראל בדרגת תת ניצב בתפקיד סגן מפקד מחוז תל אביב .
28 שנה בשירות שעיקרו שירות חובה וקבע במשמר הגבול . בתפקידי האחרון מפקד המשמר הישראלי ומ' ביה""ס החיילי ולפניו מפקד מג""ב ירושלים, מפקד מגב עוטף ירושלים, מייסד ומפקד החטיבה הטקטית , ראש ענף מבצעים ועוד"
הילה אלימלך,מנכ״לית חכ״ל שדרות,"הילה היא מנכ״לית החברה הכלכלית לפיתוח שדרות. לשעבר ראש מינהלת התחדשות עירונית בעיריית שדרות. היא נבחרה לתפקיד זה לאחר שניהלה את אגף השירות לתושב בעיריית שדרות מאז שנת 2002, שאותו הקימה במקביל להקמתה את המוקד העירוני ואת מחלקת פניות הציבור, כולל קביעת שפת שירות לרשות המקומית ועבודת עומק רוחבית באגפים ובמחלקות השונות להטמעת שפת השירות החדשה. בד בבד, היא יועצת ראש העיר לענייני אזרחים ותיקים ונציגת דירקטוריון באשכול נגב מערבי."
נתנאל אלישיב,"יו""ר עמותת 'חלק מהפתרון - ברוח הציונות הדתית', ראש בית המדרש 'בניין התורה', סופר, מו""ל ופובליציסט","נתנאל הוא איש חינוך במכינה הקדם-צבאית עלי, סופר, מו""ל ופובליציסט, מייסד ומו""ל של הוצאת הספרים מכון בניין התורה ושל הוצאת ספרי נגה, מרצה בפני קהלים מגוונים ברחבי הארץ וכותב בענייני יהדות ואקטואליה. טוריו פורסמו באתרי אינטרנט מובילים, בעיתונות המודפסת ובעלוני שבת. בשירותו הצבאי היה נתנאל לוחם ומפקד בחטיבת הצנחנים בסדיר ובמילואים."
שולי אלכסנדר,"סמנכ""לית רשת ומיזמים, מעוז","שולי היא ראש מחלקת פרט באגף כוח אדם בצה""ל. משרתת בצה""ל כשני עשורים בתפקידי חינוך, בינהם תפקידי קצינת חינוך המאופיינים בניהול מערכת חינוכית ביחידות צה""ל, עיסוק בערכים, מורשת חוסן ולכידות. לפני תפקידה הנוכחי פיקדה על מערך מגן, אשר עוסק בשילוב אוכלוסיות ייחודיות והכנתם לשירות, הכנה לצה""ל ומענה בתחומי ההשכלה לקראת האזרחות."
ראג'י אלכרם,מנהל תיכון אורט אבו תלול ברשת אורט ישראל,"ראג'י הוא מנהל תיכון אורט אבו תלול ברשת אורט ישראל משנת 2012 ובמקביל עוסק בייעוץ אקדמי לתוכנית המצוינות בחברה הבדואית. קודם לכן עבד ארבע שנים כמנחה של""ח וידיעת הארץ במגזר הבדואי במשרד החינוך ולפני כן עסק בפיתוח תוכניות וקבוצות מצוינות בקרב תלמידי תיכון מהמגזר הבדואי בחברת דרומה עידן הנגב. בעבר שימש כרכז מש""צים (מדריך שטח צעיר) ומנהיגות צעירה במגזר הבדואי ובמשך שנה שימש כרכז נוער במועצה המקומית חורה. לפני כן היה קצין ביקור סדיר במועצה ובמסגרת תפקידו העביר תוכניות לצמצום הנשירה ביישוב ולהעלאת המודעות לנושא בקרב הורים ומורים. את דרכו המקצועית הוא החל כמורה וכמחנך בבית ספר אל אמל במגזר הבדואי. ראג'י הוא ממקימי עמותת כוכבי המדבר ומשמש בה כחבר הוועד המנהל."
עפר אלמוג,"התמחות-על במנהל רפואי במשרד הבריאות, בהשאלה מחיל הרפואה","משנת 2007 משרת בצה""ל כקצין רפואה במגוון תפקידי שטח ומטה (קצין רפואה גדודי, קצין רפואה חטיבתי, מפקד קורס קציני רפואה, ראש מדור במפקדת קצין הרפואה הראשי, מפקד פלגת רפואה ביחידה מיוחדת, מפקד צוות כירורגי, רמ״ד הרפואה בפיקוד הדרום, קצין רפואה אוגדתי). בתפקידו האחרון שימש שלוש שנים כראש ענף הרפואה המבצעית; הענף האמון על תחום הטיפול בנפגעי טראומה בצה״ל ועל המוכנות לטיפול רפואי בפעילות מבצעית, במשלחות הומניטריות ובשדה הקרב. חבר במועצה הלאומית לטראומה ולרפואה דחופה ובצוות למוכנות לרעידת אדמה של משרד הבריאות. בוגר בית הספר לרפואה של אוניברסיטת בן-גוריון ובעל תואר שני במנהל מערכות בריאות מאוניברסיטת בן-גוריון. מומחה בהרדמה לאחר סיום התמחות במערך ההרדמה, הטיפול הנמרץ והכאב בבית החולים איכילוב. מבצע התמחות-על במנהל רפואי במשרד הבריאות."
אסיף אלמוזני,"סמנכ""ל מו""פ, המרכז לחינוך סייבר","אסיף השתחרר מצה""ל לאחר שרות כקצין תוכנה בממר""ם ואחראי על ההכשרה של ההון האנושי בתחום התוכנה בצבא. עבד בתעשיית ההייטק במספר תפקידים והוביל פרויקטים טכנולוגים רחבים ומגוונים. בשנים האחרונות ביצע מעבר למגזר החברתי בהובלה של תחום המחקר והפיתוח במרכז לחינוך סייבר וכיום מוביל את הפיתוח ואת הניהול של התוכניות בארגון."
נתנאל (מיקי) אלמקיאס,"מפקד בה""ד 10, חיל הרפואה, צה""ל","מיקי מפקד על בה""ד 10, בית הספר לרפואה צבאית. בתפקידו הקודם שימש מיקי כראש ענף הפעלה בחיל הרפואה בצה""ל. מיקי הוא קצין ארגון רפואה שמילא מגוון תפקידים בעולמות הפיקוד, האימונים וההדרכה. בין השנים 2020-2021 פיקד על מרפ""א 8282 (צריפין). לפני כן שימש כראש ענף אימוני רפואה קרבית והיה אמון על הכנת יחידות הרפואה בצה""ל למלחמה.
מיקי לקח חלק בסיוע הומניטרי בטיפול בפצועים הסורים בין השנים 2015-2018 ובשנת 2019, עם פרוץ נגיף הקורונה מונה על ידי קצין רפואה ראשי לרכז תחום זה בחיל הרפואה."
פאדי אלעוברה,מנהל המיזם למיגור הפשיעה והאלימות בחברה הערבית,"פאדי הוא מייסד ומנכ""ל שותף בחברת TALENTEAM לגיוס והשמה של אקדמאים ערבים. בהיותו יזם עסקי-חברתי סדרתי, הוא הקים וניהל עסקים חברתיים מצליחים, ובראשם חברת Duroos להנגשת ההשכלה הגבוהה בחברה הערבית, ובזכות פעילותו זכה בפרסים מקומיים ובינלאומיים. בעבר הוא ניהל תוכניות במיזם Collective Impact והוביל את הנגשת המועמדים לחברות העסקיות הפעילות במיזם, תוך התוויית אסטרטגיית הפעילות והסורסינג והוצאתה אל הפועל בעזרת פיתוח מודלים וכלים חדשים לצד תכלול השירותים הקיימים בין העמותות השותפות."
דני אלעזר,"מנכ""ל עמותת יד ביד - המרכז לחינוך יהודי-ערבי","דני הוא מנכ""ל עמותת יד ביד - המרכז לחינוך יהודי-ערבי. בתפקידו הקודם שימש כסגן נשיא מכון הרטמן ומנהל תוכנית בארי - להעמקת זהות יהודית-ישראלית פלורליסטית במערכת החינוך הממלכתית. הוא ממקימי יחד מודיעין - עמותה הדוגלת בחינוך וחיים קהילתיים משותפים של משפחות בעלות אורחות חיים יהודיים שונים על בסיס המורשת היהודית. בנוסף, היה חבר בוועדות היגוי של זהות יהודית-ישראלית של העיר מודיעין ושל תוכניות שותפות מודיעין - רוצ'סטר. את שירותו הצבאי עשה דני במודיעין ביחידה 8200."
לינה אלעטאונה,מנהלת פרויקטים במכון ברנקו וייס,"בשנת 2016 הצטרפה לינה לפרויקט ואדי עתיר כמנהלת ארגון, שיטות ופיתוח משאבים. ב-2017 התווסף לתפקידה גם ניהול המחלבה של הפרויקט. בפברואר 2018 נבחרה למנכ""לית הפרויקט."
איברהים אלעטאונה,מנהל מרכז החוסן לחברה הבדואית,"מנהל מרכז החוסן לחברה הבדואית  פסיכולוג חינוכי-מדריך. עובד במרכז החוסן מאז הקמתו ב2016 תחילה הקמתי ונהלתי את היחידה הקלינית ובשש שנים האחרונות מנהל את המרכז. עבדתי כעשור בשירות הפסיכולוגי של עיריית באר שבע. עסקתי  בטיפול, הנחייה ומתן הרצאות. מתעניין בבריאות נפש מודעת הקשר ועוסק בפיתוח תכניות ומודלי התערבות מודעי הקשר. כמנהל מרכז חוסן אני מקדם לאחרונה תהליכי הערכה וחילוץ ידע בהקשר של חוסן וטראומה בחברה הבדואית."
אדורה אלעיס,מנהלת תחום חינוך במטה הלאומי להגנה על ילדים במוקד 105,"אדורה היא נציגת משרד החינוך במטה הלאומי להגנה על ילדים ברשת - מוקד 105. יועצת חינוכית בהכשרתה. את דרכה החלה כיועצת חינוכית בבית הספר האורתודוקסי ברמלה. בהמשך שימשה כיועצת גיל רך מחוזית בחברה הערבית במחוז מרכז, וכן מדריכה לאקלים חינוכי מיטבי בחברה הערבית. אדורה כיהנה במשך שנתיים בתפקיד ממלאת מקום המפקחת על הייעוץ בחברה הערבית במחוז המרכז. כיום היא יועצת בכירה בחברה הערבית במחוז המרכז ומדריכה ארצית המרכזת את תחום האקלים ומניעת האלימות בחברה הערבית. במסגרת תפקידיה היא רפרנטית גיל רך ומפקחת מתכללת בחירום. בנוסף, היא חברה בוועדת ערכים. אדורה השתתפה בכנסים ונשאה במחוז המרכז הרצאות על מנהיגות נשים, פיתוח מקצועי ופערים מגדריים במערכת החינוך ורשתיות."
מחמוד אלעמור,"מנכ""ל החברה הכלכלית ברהט","מחמוד הוא מנכ""ל החברה הכלכלית ברהט. בתפקידו הקודם הוא כיהן כמנהל מרכז ריאן לקידום התעסוקה בחברה הבדואית בנגב - פרויקט משותף של משרד הכלכלה ומשרד ראש הממשלה בשיתוף ג'וינט ישראל ובניהול חברת אלפנאר. בשנים 2009-2004 הוא היה מנהל אגף החינוך הבלתי פורמלי בעיריית רהט ובשנים 2003-1999 ניהל את הרשות העירונית למלחמה בסמים ברהט. בעבר, במשך שש שנים, שימש מחמוד כמורה וכמחנך בבתי ספר ברהט."
יאסר אלעמור,מלווה הקמת מרכזי גישור בחברה הערבית הבדואית ויועץ ארגוני ואקדמי באונ בן גוריון,"יאסר מנהל את אגף הרווחה בכסייפה. הוא הוסמך להיות עובד סוציאלי בשנת 1997 ומאז עסק במשך שנים בתחום הרווחה. בד בבד, עבד בייעוץ אקדמי באוניברסיטת בן גוריון ובפיתוח אזורי תעשייה במחוז דרום במשרד הכלכלה. מתחילת 2015 הוא כיהן כמבקר פנים וכנציב תלונות הציבור במועצה אזורית אלקסום."
יוסף אלעמור,מייסד ומנכ״ל עמותת לנה,"במשך שנים יוסף עובד ומתנדב בתחום החברתי קהילתי. משנת 2017 שימש כמנכ""ל עמותת לנה לקידום החינוך והרווחה בחברה הבדואית בדרום. במסגרת תפקידו זה לפתח שותפויות וכניסת פרויקטים חדשים בתחום הרווחה והחינוך בחברה הבדואית. במקביל, שימש כמנהל אגף חינוך בעמותת ינאביע. קודם לכך היה בתפקיד מנהל וממקימי סניף בית אלאמל של ארגון בית הגלגלים לטובת אנשים עם צרכים מיוחדים בחברה הבדואית. את דרכו התחיל בחינוך כמורה בבית ספר מקיף אלפארוק בכסיפה ושימש במגוון תפקידים ובצוות המוביל של בית הספר."
פואד אלצאנע,אחראי רפואת ילדים במחוז דרום בשירותי בריאות כללית,"החל מ 2023 דר פואד משמש בתפקיד אחראי  על רפואת הילדים במחוז דרום בשירותי בריאות כללית.
בשנים 2017-2024 שימש דר פואד מנהל מנהלת נגב דרומי במחוז דרום.  בשנים 2016-2017 יצא לפילושיפ בתחום התפתחות הילד עם דגש על אוטיזם בבית החולים Royal Children Hospital   במלבורן אוסטרליה. בין השנים 2005 ועד 2016 שימש כמנהל מרפאת כללית בערוער בנגב. לפני כן, ובמשך 5 שנים עבד פואד כרופא ילדים במרכז בריאות הילד של כללית בתל שבע. במסגרת עשייתו החברתית, שימש פואד עד לפני כשנתיים כחבר ועד מנהל בעמותת גושן, וב 5 שנים אחרונות הוא משמש יו""ר עמותת ""אלבאכור"" לקידום הילדים בגיל הרך בחברה הערבית , כמו כן מאז 2020 הוא חבר ועד מנהל בפרויקט רוזנה ""RozanaProject"", וחבר ועד מנהל בעמותת ""סויטש"" לקידום התעסוקה של נשים בחברה הבדואית. פואד הוא רופא ילדים מומחה, בוגר לימודי רפואה בטכניון בחיפה .את ההתמחות שלו ברפואת ילדים הוא עשה בבית החולים סורוקה באר שבע"
ג'בר אבו אלקיעאן,"מפקח רשותי במשרד החינוך, מינהל חברה ונוער, מחוז דרום, באר שבע","ג'בר הוא מפקח רשותי במשרד החינוך, מינהל חברה ונוער, מחוז דרום, באר שבע. לפני כן היה מפקח חינוך בלתי פורמלי במינהל חברה ונוער במחוז דרום, משרד החינוך. במסגרת תפקידו היה ממונה על החינוך הבלתי פורמלי בחברה הבדואית בדרום ופיקח על החינוך החברתי, הקהילתי והערכי, על המעורבות החברתית ועל מועצות התלמידים בשעות בית הספר. בשעות אחר הצהריים היה אחראי על הפעילות הבלתי פורמלית ועל תרבות הפנאי ברשויות המקומיות, המתקיימת במסגרת מחלקות הנוער, ועל הפעילות החברתית הקהילתית, התנועות וארגוני הנוער ועל המנהיגות הצעירה, הייצוגית והייעודית. הוא ריכז מטעם המחוז את תוכנית אתגרים לקידום החינוך הבלתי פורמלי בחברה הערבית הבדואית בדרום. בשנים 1998–2007 עבד ג'אבר בבית הספר מקיף עמל תל שבע ומילא שם שורה של תפקידים: מורה, מחנך, רכז שכבה, מורה לאנגלית ולגיאוגרפיה, מדריך של""ח וידיעת הארץ, רכז טיולים, רכז חינוך חברתי וחבר צוות הנהלה. כמו כן היה שותף בצוות המחוזי של כותבי התוכניות ומנחי של""ח במחוז. בנוסף, היה מדריך ורכז נוער, מדריך נוער בסיכון ומדריך טיולים וחוגי סיור בחברה להגנת טבע, ושימש כמורה חונך למורים חדשים בגיאוגרפיה ושל""ח ובידיעת הארץ."
אופיר אלקלעי,יו״ר הסתדרות עובדי המדינה,"אופיר משמש כיו״ר הסתדרות עובדי המדינה. כמו כן הוא מכהן כיו""ר בגופים הבאים: עיתון דבר, עמותות לקידום מקצועי החברה למפעלי כלכלה, קרן לביטוח הדדי, קרן הגמלאי המדינה. בנוסף משמש כחבר דירקטוריון, המסלול האקדמי מכללה למנהל, מכון אבשלום, פורום ארלוזורוב, בית בן גוריון בתל אביב. אופיר משמש גם כחבר במועצת הביטוח הלאומי וחבר בוועדת המינויים של הביטוח הלאומי."
גלילה אלקרינאוי,מנהלת עמותת פלאיי - מנוף לצמיחה חברתית וחינוכית,"ג'לילה היא מנהלת עמותת פלאיי-מנוף לצמיחה חברתית וחינוכית. לפני כן שימשה כמנהלת ליווי עסקי במעוף - הסוכנות לעסקים קטנים ובינוניים, ומנהלת מרכז עסקים ברהט וביישובים הבדואים. במסגרת תפקידה הקודם הייתה אמונה על תחום יוזמות עסקיות של נשים בדואיות מכל אזור הנגב, על פיתוח פרויקטים ועל ניהול פורומים של נשות עסקים. בנוסף, היא מלווה ומתאמת בין בעלי העסקים לבין סל השירותים של הסוכנות לעסקים קטנים ובינוניים במשרד הכלכלה. לפני כן הייתה ג'לילה פרויקטורית התיירות הבדואית ברשות לפיתוח הנגב והגליל וכיהנה כחברת מליאה ברשות השידור וכחברת דירקטוריון במשרד התרבות. בשנת 2010 הקימה את מחלקת אוכלוסיות מיוחדות במתנ""ס רהט וניהלה אותה. בשנת 2008 הקימה וניהלה בארגון קשר פרויקט הורים לילדים בעלי צרכים מיוחדים בחברה הבדואית. בשנת 2007 ניהלה בארגון שתיל פרויקט להעצמת נשים בדואיות. במסגרת התפקיד פיתחה פרויקטים לשילוב נשים בדואיות בקהילה ובתעסוקה."
אמין אלקרינאוי,מנהל לשכת באר שבע בשירות התעסוקה,"אמין מנהל לשכת באר שבע בשירות התעסוקה. לפני כן ניהל את לשכת שירות התעסוקה ברהט, אשר שינתה את תדמיתה והייתה לגוף דומיננטי ובעל משמעות בעיר רהט ובסביבתה. זאת, בזכות גיוס מעסיקים, הצעת משרות מגוונות לתושבי העיר ואספקת שפע כלים תומכי השמה – במיוחד לנשים. בנוסף, אמין מנהל את תוכנית מעגלי תעסוקה בעיר, שמטרתה לצמצם את התלות של מובטלים בקצבאות באמצעות מתן כלים לשיפור המסוגלות התעסוקתית שלהם. בתפקידיו הקודמים ניהל צוות עובדים בחברת החשמל בתחום שירות הלקוחות והוביל את פרויקט נתיב האור לשימוש מושכל ובטיחותי בחשמל במחוז הדרומי."
נעמה אלקריף,"מנהלת אגף חינוך על יסודי, רשת בני יוסף מנהלת פיתוח מקצועי","החל מינואר 2021 מנהלת אגף בכיר - האגף לחינוך על יסודי ברשת בני יוסף- מעין החינוך התורני, - מובילה  הקמת מוסדות חדשים אחראית על פיתוחם ושיגשוגם החינוכי. 
עד דצמבר 2020 מנהלת מוסדות מעין חיים ושלום באשקלון,
 יוזמת ומובילה פרויקטים חינוכיים לפיתוח וקידום חינוכי  בפריפריה, ובפרפריה החברתית, 
פועלת במטרה לצמצום פערי הזדמנויות ולקידום הפרפריה החברתית, ולמימוש פוטנציאל המצוינות שלה."
סולטן אלקרעאן,מנהל מחלקת חינוך במועצה המקומית כסיפה,"סולטן הוא מנהל מחלקת החינוך במועצה המקומית כסיפה החל משנת 2017. לפני כן ניהל בית ספר יסודי במשך שמונה שנים ועבד כמורה במשך שמונה שנים. לסולטן ותק של 18 שנים במערכת החינוך בשלל תפקידים של ריכוז וחינוך. במקביל, בשנים 2005 -2015 שימש במסגרת קרן רש""י כראש צוות בעמותת יכולות הפועלת לצמצום פערים והגברת התמדה והעלאת אחוז זכאות לבגרות בקרב תלמידים מהמגזר הבדואי והיה אחראי על תקציב של מיליוני שקלים מדי שנה."
מוחמד עבד אלרחמן,מנהל מחוז צפון קופת חולים מאוחדת,"החל מינואר 2023 מכהן כמנהל מחוז צפון של קופת חולים מאוחדת. מחוז צפון משתרע מצפון רמת הגולן ועד לחדרה וואדי ערה ובו מעל ל-200 מתקנים המעניקים שירותי רפואה מקצועיים למעל כ-300,000 מבוטחים. 

בשנת 2020 מינוי למנהל אגף הלקוחות בנוסף לאגף התפעול . 

בשנת 2018- מנהל אגף התפעול- תפעול ובקרה על המתקנים הרפואיים במחוז צפון, לוגיסטיקה, אחזקה ועוד.

בשנת 2014 מינוי למנהל אשפוזי בית- ניהול איכות הרפואה, השירות והמשך הטיפול למבוטחי אשפוז בית.

שנת 2011 - תחילת דרכי בקופ''ח מאוחדת, אח מוסמך ומנהל מרפאות כאבול.

בשנת 2009-יזמות בתחום הWEB"
שרון אלרעי-פרייס,"ראש חטיבת בריאות הציבור, משרד הבריאות","ד""ר שרון אלרעי-פרייס היא ראש חטיבת בריאות הציבור במשרד הבריאות. בשנת 2020, בתחילת מגיפת הקורונה, הצטרפה למשרד הבריאות להוביל את ההתמודדות הלאומית עם הפנדמיה. ד״ר אלרעי פרייס היתה אחראית על קביעת המדיניות המקצועית בזמן המגיפה ועל בדיקת היעילות והבטיחות של חיסוני הקורונה בזמן אמת- עבודה שהיתה פורצת דרך ברמה הבינלאומית. על התמודדותה במהלך המגיפה זכתה ד״ר אלרעי פרייס בפרסים שונים. 
קודם לכן היתה סגנית מנהל המרכז הרפואי כרמל בחיפה וניהלה את מערך האיכות והבטיחות.  במסגרת תפקידה הייתה אחראית על הובלת פרויקטים לשיפור איכות ובטיחות הטיפול בבית החולים, על ניתוח אירועים חריגים ועל הובלת בית החולים בהכנות למבדק האקרדיטציה (JCI). קודם לכן היא שימשה בבית החולים כרופאה בכירה במערך הפנימי וביחידה למחלות זיהומיות ולמניעת זיהומים. בשנים 2013-2010 היא הייתה האפידמיולוגית הראשית של מדינת ניו המפשייר (New Hampshire State Epidemiologist) ובמסגרת תפקידה הייתה הגורם המנחה והמפקח בנושא בריאות הציבור בהיבט של מחלות זיהומיות במדינה, אחראית על חקירת התפרצויות מחלות זיהומיות, והגורם המקשר בין משרד הבריאות לבין המרכז לבקרת מחלות ומניעתן (ה- CDC). 
שרון סיימה לימודי רפואה בהצטיינות בטכניון וסיימה סטאז׳ בהצטיינות במרכז הרפואי רמב״ם. היא מומחית ברפואה פנימית, בבריאות הציבור, ברפואה מונעת ובמנהל רפואי, וסיימה התמחות במחלות זיהומיות ומניעת זיהומים בארצות הברית. את ההתמחות ברפואה פנימית עשתה במרכז הרפואי כרמל בחיפה, ואת ההתמחויות במחלות זיהומיות וברפואה מונעת עשתה ב-Dartmouth-Hitchcock Medical Center בארצות הברית. שרון סיימה את התוכנית היוקרתית – Leadership in Preventive Medicine ב-Dartmouth College, שמטרתה להכשיר רופאים מובילי איכות, והייתה המתמחה הראשית בה (Chief Resident). במסגרת התכנית סיימה MPH ב- Dartmouth college.
עם חזרתה מארה״ב לארץ הצטרפה לתכנית ענבר, במסגרתה סיימה התמחות במנהל רפואי ותואר MBA בהצטיינות מאוניברסיטת תל אביב."
עותמאן אלשייך,"מנכ""ל חברת סיראג' טכנולוגיות","עותמאן הוא מנכ""ל חברת סיראג' טכנולוגיות. במסגרת תפקידו הוא מוביל את החברה אשר מפתחת מוצרים ובפתרונות בעולמות ""האינטרנט של הדברים"" ושואפת בחזון החברתי שלה לשלב מתכנתים מהחברה הבדואית בתעשיית ההייטק. קודם לכן הוא עבד בצוות הפיננסי של חברת פרוקטר אנד גאמבל (P&G) ובהמשך התמחה במחלקה המסחרית של משרד עורכי הדין גולדפרב-זליגמן ושימש כיועץ בכיר במחלקת הייעוץ האסטרטגי, מיזוגים ורכישות של משרד רואי החשבון סומך-חייקין KPMG. עותמאן הוא אחד משלושים הצעירים המבטיחים מתחת לגיל 30 של מגזין פורבס  וכיום הוא גם מרצה באוניברסיטת בן-גוריון."
סאלח אלשנארנה,מנהל מרכז מחוננים ומצטיינים חורה,"סאלח הוא מנהל אגף חינוך - מועצה מקומית חורה. היה מורה למתמטיקה בשנים 2000-2015, מנהל מרכז מחוננים בשנים 2014-2022, מנהל מרכז צעירים בשנים 2016-2022 ומנהל אגף חינוך חורה החל משנת 2022."
ארז אמבר,ראש מינהל החינוך במטה יהודה,"ארז מונה למנהל אגף החינוך בעיר אריאל תוך כדי לימודיו בתוכנית העמיתים של מכון מנדל למנהיגות חינוכית. הוא חנך מנהלים בתוכנית אבני ראשה ובמשך שש שנים ניהל את בית הספר העל יסודי רעות בירושלים. בתפקידו הקודם ניהל את פנימיית בויאר בירושלים גם כן שש שנים, והיה אחראי על ביטחונם, רווחתם וחינוכם הלימודי-ערכי של כ-300 חניכים מכיתה ז‘ עד י""ב. במהלך שירותו הצבאי ביצע תפקידים בכירים כולל בשייטת 13. ארז שימש כמפקד בית הספר ללוחמה זעירה ביחידת אגוז, עבד מול יחידות מיוחדות מקבילות בארץ ובעולם והוביל כוחות בפעילויות מבצעיות במלחמת לבנון השנייה."
יחיאל אמויאל,"מנכ""ל מרכזי כיוון לתעסוקת חרדים, קרן קמח וBDO","יזם חברתי שפועל ב15 השנים האחרונות לשילוב חרדים בשוק העבודה, להכוונה מקצועית והשמה, ומאמין שדרך עולם העבודה ניתן לבנות גשרים ושיח בחברה הישראלית.
מנסה ברגישות לאזן בין צורכי הפרט והפיתוח האישי של המשתתפים החרדים למנועי הצמיחה וצורכי המשק הישראלי. בעשור האחרון מוביל את מרכז ""כיוון"" לפעילות עם אלפי משתתפים בכל שנה ופיתוח כלים נוספים המאפשרים מתן פתרונות וקידום הצלחות של השמה מקצועית בשיתופי פעולה עם כלל הגורמים.
בשנה וחצי האחרונות מוביל מרכזים בסובב ירושלים והצפון"
חדווה אמונה,מנהלת מחוז דרום בשירותי בריאות כללית,"מנהלת מחוז דרום בכללית , בעבר ניהלה מס' תחומים בכללית כולל ניהול במחוז מרכז בתחום האדמינס' בוגרת תואר שני במנהל עסקים ותוכנית ענבר ב'"
גלי אמיר,"מנהלת תחום בכיר, אגף שכר והסכמי עבודה, משרד האוצר","גלי היא כלכלנית באגף השכר והסכמי עבודה במשרד האוצר. אחראית על הסכמי שכר ואסדרות שכר בכלל גופי השלטון המקומי: רשויות מקומיות, מועצות דתיות, חברות עירוניות ועוד."
אילאיל אמיר-כסיף,מנהלת מרכז אדמונד דה רוטשילד לחיבור השכלה גבוהה תעסוקה,"אילאיל נשואה ואמא לשלושה. מייסדת ומנהלת של מרכז אדמונד דה רוטשילד לחיבור השכלה גבוהה-תעסוקה, שקם במטרה לבסס גשר בין השכלה גבוהה לעולם התעסוקה המשתנה באמצעות פיתוח תשתיות וקידום מדיניות. לפני כן ניהלה את תחום מיצוי השכלה גבוהה  בקרן אדמונד דה רוטשילד, ובמסגרת זו עסקה בפיתוח ותמיכה בתוכניות העוסקות ברצף שבין הנגשת השכלה גבוהה, צמצום נשירה וחיבור בין השכלה לתעסוקה הולמת. 
בין השנים 2015-2005 שימשה כפרקליטה במחלקת הבג""צים בפרקליטות המדינה וייצגה את המדינה בעתירות לבג""ץ במגוון נושאים. 
החל מ-2018 אילאיל משמשת כחברת מועצה בכוכב יאיר-צור יגאל. 
 שירתה בצה""ל כמדריכת בית ספר שדה של החברה להגנת הטבע ולפני כן התנדבה במסגרת שנת שירות בכפר הנוער קדמה."
ורד אמר,מלווה תהליכי שינוי אסטרטגיים ובניית שותפויות רב מגזריות בארגונים ורשויות,"אדריכלית, מנחת קבוצות ומומחית בליווי תהליכי שינוי אזוריים ובניית שותפויות רב-מגזריות. בעלת ניסיון של למעלה משני עשורים בתפקידי ניהול בכירים בשלטון המקומי ובמגזר החברתי, עם התמחות בפיתוח מנהיגות, תכנון אסטרטגי והובלת רשתות מקצועיות.
בשנים האחרונות ניהלה את ""מעוז צפון"", והובילה את השלוחה הצפונית של הארגון – בליווי מהלכי שינוי אזוריים והכשרה של עשרות ארגונים ורשויות. 
שימשה כמנכ""לית המועצה המקומית כפר ורדים ודירקטורית באשכול רשויות, לאחר כהונה כמנהלת אגף החינוך ברשות - בתפקיד זה זכתה בפרס החינוך היישובי הארצי. 
לאורך השנים הובילה פרויקטים אזוריים ואסטרטגיים, ושימשה יועצת ומנהלת פרויקטים למשרד הפנים, מרכז השלטון המקומי, קרנות פילנתרופיות ורשויות מקומיות – בעיקר בתחומי פיתוח מנהיגות והכשרת מנהלים בשלטון המקומי. בין תפקידיה הבולטים: ראש מנהלת ההקמה של קמפוס חינוכי-קהילתי  – שותפות תלת מגזרית לבניית מחוללי צמיחה אזורית במרום הגליל.

בעלת תואר B.Arch מבצלאל, תואר שני בלימודי סביבה וחברה מאוניברסיטת תל אביב (בהצטיינות), תעודת הוראה לחטיבה העליונה, קורס מנהלי בתי ספר, וקורס הנחיית קבוצות פסיכודינמי. בוגרת מנדל, מעוז, Harvard Business School ו־INSEAD, וחברה פעילה במועצת העם היהודי (VOP)."
יואל אנג׳ל,סגן מנהל בית החולים אסותא רמת החייל,"יואל הוא רופא מומחה בפנימית, טיפול נמרץ ומנהל רפואי. 

משמש כסגן מנהל בית החולים אסותא רמת החייל מאז 2026. 

קודם לכן עבד כעשר שנים במרכז הרפואי ת״א ע״ש סוראסקי (איכילוב) בתפקידים קליניים וניהוליים, ובתפקידו האחרון שימש כראש רשות ההוראה וההכשרה. 

בתפקידיו באיכילוב הוביל מספר פרוייקטים עבור רופאים ורופאות בדגש על מחוברות ארגונית. בין היתר, היה אחראי על הסטאז׳ במרכז הרפואי; ייסד והוביל את צוות ה-Fellowship של בית החולים וכן את פעילויות בית החולים בתחום גיוס רופאות ורופאים עולים. 

יואל היה שותף למספר ועדות לאומיות - ריכז מספר פעמים צוותים ב״כנס ים המלח״, את ועדת היישום לבחינת קיצור התורנויות, והשתתף בועדה לרפורמה בסטאז׳. 

בנוסף, יואל חוקר ומלמד מדיניות בריאות באוניברסיטת תל אביב."
חתונה אנוכשוילי,רכזת שעת חרום בחטיבת הקהילה ופרוייקטורית של כללית במנהלות תקומה ותנופה,"החל משנת 2017 אני משמשת כמנהלת סיעוד מחוז מרכז, כללית . במסגרת תפקידי משמשת כממונה על ניהול מקצועי וארגוני, בקרה, פיתוח וקידום של שירותי הסיעוד הניתנים למעל 630,000 מבוטחי המחוז. לפני כן והחל משנת 2010 הייתי מנהלת סיעוד מנהלת מור""ל , במחוז מרכז. ועוד קודם לכן הייתי מנהלת סיעוד במרפאה ראשונית גדולה ומורכבת באשדוד ובמקביל עסקתי בהדרכה קלינית של סטודנטים לסיעוד וגם יועצת בתחום הפצעים ביחידת ""עורית"". את הקריירה המקצועית שלי בארץ התחלתי בתור אחות במרפאה. 
חברת וועדה לטיפול בשחיקה, חברת וועדת אתיקה המחוזית."
רים אסדי,גזברית אשכול גליל ועמקים,"רים היא גזברית אשכול גליל ועמקים. לפני כן הייתה גזברית המועצה המקומית עוספיא ובמסגרת תפקידה הייתה אחראית על ניהול ענייניה הכספיים של הרשות, כולל הכנת התקציב, ניהול מערכת החשבונות, הכנת הדוחות הכספיים, פיקוח על שמירת מסגרת התקציב, קופת המועצה וחתימה על חוזים ועל התחייבויות כספיות. קודם לכן עבדה שש שנים במשרד רו""ח אעלימי לואי והתמקדה בתחום הכספי ברשויות המקומיות. בעבר עבדה רים כיועצת כלכלית חיצונית במרכז היהודי-הערבי לפיתוח כלכלי מטעם קרן ההלוואות לעסקים בינוניים וקטנים."
הייפא אסדי,מנהלת מחלקת בריאות וסביבה במועצה המקומית דיר אלאסד,"הייפא היא מנהלת אגף שפ""ע במועצה המקומית דיר אלאסד. בתפקידה הקודם ניהלה את מחלקת התברואה במועצה. 15 שנים היא מנהלת מחלקת רישוי עסקים ו-15 שנים אחראית פיקוח סביבתי ברשות. עשר שנים היא יועצת לקידום מעמד האישה ומקדמת פרויקטים של העצמת נשים, ועשר שנים דירקטורית באשכול בית הכרם וחברת ועדת המכרזים. כמו כן היא חברת הנהלה באיגוד יועצות לקידום מעמד האישה, חברה במועצת נשות העסקים הטורקית, חברת הנהלת במועצת פורסאן אלסלאם בירדן וחברת הנהלה באיגוד היועצות הערביות."
שירה שאטו אסולין,"סמנכ""לית מנהל והון אנושי","עוסקת בתחום ההון האנושי מעל 17 שנים מרביתם בשירות המדינה. התחלתי את עבודתי בשירות המדינה בנציבות שירות המדינה שם עבדתי כרפרנטית למשרדי הממשלה, עיקר עיסוקי היה ביעוץ ומתן פתרונות להתאמת מבנה ארגוני של יחידות ומשרדים לאתגרים המשתנים, מתן פתרונות לסוגיות פרטניות וייצוג המדינה בסכסוכי עבודה. בתום חמש שנים עזבתי את שירות המדינה תחילה לתכנית מנדל למנהיגות חינוכית למשך שנתיים ולאחר מכן החלתי לעבוד בעמותת אלומה בניהול תכנית""זינוק בעלייה"" שעסקה במיצומ פוטנציל בני נוער יוצאי אתיופיה לשירות משמעותי. התכנית היתה בפריסה ארצית ועסקנו בפתיחת חסמים אל מול הצבא, הרחבת המידעים לאופציות הקיימות לשירות משמעותי בקרב בני הנוער ובני המשפחות ועוד. בתום שלוש נים חזרתי לשירות המדינה למשרד לשירותי דת תחילה כמנהל. אגף הון אנושי ולאחר מכן כסמנכ""לית, במשרד זה עסקתי בעיקר בהסדרת המבנה הארגוני והתאמתו לייעוד המשרד והטמעת שינוי בתהליכי עבודה כך שעיקר העיסוק יהיה ברגולציה על המועצות הדתיות וגופי הקבורה. כיום עובדת כסמנכלית מנהל והון אנושי במשרד העבודה מזה כשנה."
אורית אסייאג,"מנהלת אגף החינוך, עירית קרית מוצקין.","אורית ניהלה את מינהל החינוך בעירית עכו למעלה  מ-17 שנים והיא היתה אמונה על קידום תחום החינוך ומערכות החינוך בעיר, תחום פורמלי ואפורמלי, מגילאי לידה ועד הגיוס לצה״ל. לפני כן שימשה בתפקיד רוחב בחברה למתנסים וכן ניהלה שלוחת מתנס. אורית משמשת למעלה מ-6 שנים כיו״ר דירקטוריון תאגיד מים וביוב ״מי עכו״ וכן חברת דירקטוריון בחברה למרכזים קהילתיים. בימים אלו אורית החלה באתגר החדש, ניהול אגף החינוך בעירית קרית מוצקין. אורית אף לומדת בימים אלו תואר שני נוסף ביועץ ופיתוח ארגוני ואף לומדת צילום באופן אקדמי."
רויטל אסייג,"סמנכ""לית תפעול ראשית בעמותת תפוח Applesedds","רויטל היא סמנכ""לית תפעול ראשית בעמותת תפוח Applesedds. היא פעילה כבר שני עשורים בתחום התעסוקה וההכשרות במגזר העסקי והחברתי ובשנים האחרונות מתמחה בפיתוח ובהטמעת מודלים ותהליכים להכשרה ולתעסוקה בדגש על חיבור ויצירת ממשק בין המגזר העסקי למשרדי הממשלה."
נג'לא אסמר,"מייסדת ומנהלת מרכז מענה- מרפאה לבריאות הנפש לילד נוער ומשפחה, אי.מ.מ.ס הסקוטי","פסיכולוגית קלינית בכירה,  יסדתי ומנהלת מרכז ""מענה"" ביה""ח האנגלי בנצרת  שהנו מרכז הכולל כיום יחידה קלינית- מרפאה לבריאות הנפש לילד נוער ומבוגר המוכר להתמחות בפסיכלוגיה קלינית ויחידה קהילתית שנותנת השתלמויות , הרצאות, סדנאות וקורסים בנושאים הקשורים לבריאות הנפש באוכלוסיה הערבית. שותפה ביסוד ביה""ס הערבי- יהודי לפסיכותרפיה פסיכואנליטית מודעת הקשר . משמשת גם כפסיכולוגית ראשית של ביה""ח . בעבר עבדתי שנים רבות ביחדה לטיפול פסיכולוגי התפתחותי במשרד הבריאות בחיפה, שם טיפלתי, הדרכתי מתמחים והייתי רכזת  הההפניות של האוכלוסיה הערבית. בעלת קליניקה פרטית חיפה"
סאמי אסעד,מייסד ומנהל S.A ייעוץ ניהולי,"מנכ""ל עמותת קו משווה לשעבר, דירקטור בפורום הישראלי לגיוון בעבודה ודירקטור בפורום ארגוני תעסוקת צעירים בישראל.
במסגרת תפקידו בקו משווה, סאמי ייסד והוביל תכניות מגוונות להעצמה ופיתוח מנהלים בקרב אקדמאים ערבים, תוך קידום מודעות לנושאי גיוון והכללה בקרב מעסיקים מובילים במשק. קודם לכן, הקים וניהל את חברת משאבי האנוש וההשמה ""אופק הון אנושי"". לאורך הקריירה שלו, שימש בתפקידי ניהול בחברות מובילות כגון סלקום ואינטל.

סאמי הוא מרצה מבוקש בקרב מעסיקים מובילים במשק בתחומים כגון פיתוח גישה רב-תרבותית במקומות עבודה, התאמת תהליכי גיוס, קליטה וניהול מגוונים, תוך חיבור ליעדים עסקיים וליעדי הגיוון וההכללה בארגונים. כמו כן, הוא מנחה ויועץ למנהלים בתחומי פיתוח מיומנויות אישיות וניהוליות, ומלווה מנהלים בארגונים חברתיים בהובלה עם משמעות, ערך וקיימות.

סאמי מחזיק בתואר מוסמך (MA) בלימודי עבודה מאוניברסיטת תל אביב, והוא בוגר תכניות פיתוח מנהיגות בבתי הספר למנהל עסקים HBS (הרווארד), CJBS (קיימברידג'), IMD (שוויץ) ו-LAHAV (אוניברסיטת תל אביב).
בנוסף, סאמי הוא בוגר תכנית העמיתים למנהיגות של ארגון ""מעוז"", ומחזיק בתעודות גישור והנחיית קבוצות."
רועי אסף,ראש הרשות לפיתוח כלכלי-חברתי למגזר החרדי במשרד ראש הממשלה,"רועי הוא ראש הרשות לפיתוח כלכלי-חברתי למגזר החרדי במשרד ראש הממשלה. לפני כן היה ראש האגף לפיתוח חברתי ברשות לפיתוח כלכלי של החברה הערבית במשרד לשוויון חברתי ובמסגרת תפקידו היה אחראי על תכנון המדיניות החברתית -כלכלית של החלטת הממשלה 922 - תוכנית לפיתוח כלכלי לחברה הערבית בשנים 2016 -2020 בהיקף מוערך של 15 מיליארד ₪ ועל ניהול התוכנית, ויזם את תוכנית החומש המורחבת של מל""ג ות""ת להנגשת השכלה גבוהה לאוכלוסיית המיעוטים בתקציב של כ-900 מיליון ₪ ."
ענת אסרף,Capability Building Lead,"ענת  שימשה כמנהלת אגף בכיר בחירות ברשויות המקומיות במשרד הפנים. קודם לכן, הייתה מנהלת אגף הכשרה והדרכה בנציבות שירות המדינה במטה יישום הרפורמה ובמסגרת תפקידה הייתה אחראית על מערך ההכשרה וההטמעה ליישום הרפורמה בקרב אלפי מנהלים ועובדים במשרדי הממשלה השונים, לרבות פיתוח והטמעת מדיניות רוחבית והנחיית תוכניות הכשרה והעצמה לעוסקים בפיתוח ההון האנושי. בנוסף, הובילה את הקמת המדרשה הלאומית למנהיגות, ממשל וניהול - הגוף הלאומי המכשיר את הסגל הבכיר ואת עתודות הניהול בשירות המדינה. קודם לכן היא עבדה במשך עשור בלשכה המרכזית לסטטיסטיקה, תחילה כסגנית למנהלת היחידה ובהמשך כמנהלת ההדרכה ומנהלת בית הספר הפנימי למקצועות הארגון. בעבר הייתה ענת  אחראית גיוס ומיון בחברת OYYV ולפני כן עבדה כסמנכ""לית פר""ח ירושלים."
ליבי אפין,"סמנכ""לית תפעול מטריקס r&d services and offshore","ליבי היא סמנכ""לית תפעול של מטריקס גלובל - תלפיות - פעילות offshore של מטריקס לנשים חרדיות, המשרתת כיום יותר משבעים לקוחות ומעסיקה יותר מ-900 עובדים, מטרקיס בדיקות ואוטומציה וטופ קווי. בשנת 2004 נמנתה עם המייסדים של תלפיות. קודם לכן הייתה מנהלת המחשוב במשרד החוץ ובמסגרת תפקידה הייתה אחראית על המחשוב במשרד וביותר ממאה נציגויות. ליבי חברה במועצה של עמותת בשבילך למען בריאות האישה וכן במכון החרדי למחקר מדיניות."
ישראל אפל,"פסיכולוג מחוזי , מחוז ת""א משרד החינוך","מסלול ההכשרה המקצועי כלל התמחות, מומחיות והסמכה להדרכה בפסיכולוגיה במסלולים קלינית וחינוכית. העבודה במסלולים אלו כללה אבחון, טיפול, עבודה וקבוצתית עם מטופלים בבתי חולים, קופות חולים ומרפאות פסיכיאטריות וכן בבתי ספר. במסלול החינוכי העבודה כללה ייעוץ פסיכולוגי וארגוני לאנשי צוות חינוכיים.
בתחום הניהולי, עיקר הניסיון מבוסס על 5 שנות ניהול אגף השרות הפסיכולוגי בחולון אשר מדגיש את הרחבת המענים ברשות המקומית באמצעות שיתופי פעולה עם המגזר הציבורי והפרטי במטרה להנגיש שירותים פסיכולוגיים לקהלים רחבים תוך בחינת הצרכים משנה לשנה."
אפרת אפללו,"ראש המנהלת לעידוד עלייה ולקליטה של רופאים ומקצועות רפואה נדרשים, משרד העלייה והקליטה","ד""ר אפרת אפללו עומדת בשנתיים האחרונות עומדת בראש מנהלת לרופאים ולמקצועות רפואה נדרשים במשרד העלייה והקליטה, ומובילה מהלך לאומי רחב להגדלת היצע כוח האדם הרפואי בישראל באמצעות קליטה, ליווי ושילוב תעסוקתי של רופאים, רופאי שיניים ומקצועות נוספים. במסגרת זו מובילה פיתוח מודלי מימון חדשים מול מעסיקים, בניית שותפויות בין-משרדיות עם משרד הבריאות וגופים נוספים, הקמת מערכות דיגיטליות תומכות תהליך וגיבוש מדיניות ארוכת טווח לצמצום פערים בפריפריה ובמקצועות במחסור.
בתפקידה הקודם את תחום קידום הבריאות במשרד הבריאות שכלל הובלת מהלכים לאומיים בין משרדיים, מול הרשויות המקומיות וארגוני בריאות. במהלך תקופת הקורונה הובילה את תחום החינוך במשל""ט משרד הבריאות ברמה הלאומית. רופאת שיניים בהכשרה, מומחית ברפואת שיניים ציבורית, בעלת ניסיון רב שנים בקידום מדיניות בריאות ציבור ובהובלת תהליכי שינוי מערכתיים."
אפרת אפק,"מנהלת המעבדה החינוכית, המרכז הישראלי למצוינות בחינוך","אפרת מנהלת את ""המעבדה החינוכית"" במרכז הישראלי למצוינות בחינוך. במסגרת התפקיד היא פועלת לקידום ועידוד תלמידות ותלמידים מצוינים ומחוננים בכל המגזרים והאזורים. זאת, מתוך אמונה בכוחו ובחשיבותו של ההון האנושי המצוין להמשך התפתחותה והתקדמותה של מדינת ישראל.
טרם תפקיד זה, ניהלה אפרת את אגף בכיר ""צוערים לשירות המדינה"", ופעלה לפיתוח והפעלה של מענים גמישים ומקצועיים לצרכים המשתנים של שירות המדינה בהון אנושי איכותי. אפרת בעלת ניסיון עשיר בקידום מדיניות ובהובלת מהלכי שינוי במגזר הציבורי, ועסקה בקידום יוזמות חקיקה ובהוהלת פרויקטים בתחומי המינהל התקין, השלטון המקומי, התכנון והבנייה ואיכות הסביבה. אפרת מרצה בנושאים הקשורים למגזר הציבורי ולניהול פרויקטים ותהליכי שינוי במגזר הציבורי."
גלי שחר אפרת,"מנכ""לית FORE רייכמן; מנכ״לית בית הספר להייטק ו-AI של GOOGLE ורייכמן","גלי שחר אפרת מכהנת כמנכ""לית FORE לימודי חוץ והכשרת מנהלים באוניברסיטת רייכמן, וכשותפה-מייסדת ומנכ""לית בית הספר להייטק ו-AI של Google ורייכמן. גלי פועלת מתוך אמונה עמוקה כי שילוב רב-מגזרי הוא המפתח ליצירת פריצות דרך ולהובלת שינוי אמיתי. בעברה כיהנה כחברת מועצת העיר רעננה, שם עמדה בראש ועדת הכספים והחזיקה בתיק הבטיחות בדרכים. בימים אלו, לצד תפקידיה באקדמיה, היא מכהנת כיו""ר ארגון ""בטרם"" לבטיחות ילדים."
אפרת אפרתי,"מנהלת האגף לשירותים חברתיים, מועצה איזורית גוש עציון","עובדת סוציאלית בעלת וותק של 22 שנים, בעלת תואר ראשון ושני בעבודה סוציאלית עם התמחות במדיניות ומנהל.
ברקע המקצועי עסקתי בתפקיד עו""ס לחוק הנוער ולאחר מכן מוניתי לראש הצוות באגף ועסקתי בהדרכת וניהול הצוות.
בשלוש שנים האחרונות אני מנהלת את האגף לשירותים חברתיים במועצה איזורית גוש עציון, האגף המונה 53 עובדים העוסקים בתפקידים שונים פרטניים וקהילתיים."
עמית אקרמן,"סגן מפקח מוקדים ארצי, מגן דוד אדום","עמית אקרמן, פרמדיק ועורך דין במקצועו, משמש כיום כסגן מפקח מוקדים במגן דוד אדום ומרצה באוניברסיטת בן גוריון במחלקה לרפואת חירום. את דרכו החל כפרמדיק צבאי והמשיך בתפקידי פיקוד בחיל הרפואה. בעשור האחרון, שימש עמית במגוון תפקידי ניהול במד""א וביניהם - פרמדיק ראש צוות בניידת טיפול נמרץ, מדריך ראשי במרכז להכשרת פרמדיקים וראש מדור פיתוח הדרכה, במסגרות אלה הוביל הכשרות רבות והסמיך מאות פרמדיקים. בהמשך, ניהל את המוקד הרפואי במד""א, עסק רבות בניהול סיכונים ובטיחות הטיפול בקרב הרפואה הטרום אשפוזית, ולוקח חלק בהובלת פרויקטים לרבות שיפור השירות, חווית המטופל, תחקור אירועים, כתיבת נהלים, והטמעת טכנולוגיות חדשניות."
בן אראלי,מוביל מייזם חינוכי חדש,"בן הוא מנהל תיכון משלב דרור, פרויקטור ביחידת הבוגרים של מנדל ומנהל מקים של ארגון חברים מחלצים. בתפקידו הקודם ניהל את תיכון עין גדי. קודם לכן היה מורה בבית ספר בויאר בירושלים ומנהל צוות חדשנות בפרויקט בלובמרג. לפני כן כיהן כמנהל מתנ""ס בית טיילור וכמנהל תוכנית שכונה כעיר בשכונת קריית היובל בירושלים. במסגרת תפקידו ניהל ופיתח תוכניות בתחומי החינוך, התרבות, הקהילה והבינוי. בנוסף, הקים וניהל את תחום קהילות צעירים בעמותת רוח חדשה. כמו כן, יזם את הקמת המכינה הקדם צבאית הירושלמית, והוביל את ההקמה הן ברמה הלוגיסטית והתוכנית והן ברמת גיוס המשאבים. את שירותו הצבאי סיים בן כקצין מחקר ביחידת עילית של חיל המודיעין."
בנימין ארביב,סגן ראש מטה התכנון הלאומי,"בנימין מכהן במינהל התכנון החל משנת 2012 כיום הוא סגן ראש מטה התכנון הלאומי, ובמסגרת תפקידו אחראי על כל תחום החקיקה וחקיקת המשנה בתחום התכנון והבנייה ועל הרפורמות בתחום זה."
אורי ארבל,יועץ ומלווה תהליכי שינוי ופיתוח,"אורי עוסק בתכנון מדיניות מערכתית וארגונית, בליווי וייעוץ למנהלות/ים, בהכשרה למנהיגות ומרצה באקדמיה בתחומי אחריות, מדיניות, חשיבה מערכתית וחינוך. לפני כן ניהל את אגף החינוך בעיריית כפר סבא וקודם לכן את אגף החינוך בעיריית רמת השרון. טרום המעבר למרחב המוניציפאלי הקים את הפקולטה לחברה ולתרבות במכללת בית ברל וכיהן כדיקאן, ולפני כן כיהן כראש בית הספר לחברה ולממשל במכללה. בעל תואר שלישי במדיניות ציבורית, מרצה בכיר, לימד באוניברסיטת בר-אילן, באוניברסיטת ת""א, באוניב' חיפה, באוניב' בן גוריון, באוניב' רייכמן. היה עמית מחקר במכון הישראלי לדמוקרטיה,  חבר בוועד המנהל של האגודה הישראלית למדע המדינה, וכיהן כחבר במליאת רשות השידור וכחבר הרשות להגנת הצרכן והסחר ההוגן. אורי פרסם חמישה ספרים ולמעלה מעשרים וחמישה מאמרים מדעיים וניירות מדיניות בתחומי המדיניות הציבורית, רגולציה ואחריות ציבורית ואלה הוצגו בכנסים בארץ ובעולם."
אבישלום הוסמן ארבל,גזבר המועצה המקומית זכרון יעקב,"אבישלום הוא גזבר המועצה המקומית זכרון יעקב משנת 2014. במסגרת תפקידו הוא אחראי על תקציב המועצה ועל הניהול הכספי של הרשות.בנוסף הוא משמש כדירקטור בתאגיד המיים מעיינות העמקים ובעמותת זמארין. לפני כן כיהן בתפקיד בכיר בחברה ארצית המספקת שירותים לרשויות מקומיות, והיה מנהל אזור ומנהל מגזר בחברת תקשורת גדולה."
משה ארבל,חבר כנסת מטעם ש״ס,"משה הוא שר הפנים וח""כ מטעם ש""ס. לפני כן, הוא שימש כשר הבריאות וקודם לכן כראש המטה של שר הפנים לשעבר אריה דרעי, תפקיד שראה בו שליחות שמטרתה לחולל שינוי חברתי. בנוסף ייצג אותו כחבר בצוות בלשכת ראש הממשלה שדן בסוגיית עבודות הרכבת בשבת. בעבר כיהן כיועץ משפטי לסיעת ש""ס וכיועץ לח""כ יואב בן צור, ובמסגרת תפקידו ניסח את חוק הכשרות, שעקרונותיו שולבו ב""רפורמת הקורנפלקס"". בנוסף, משה מכהן כרב קהילה בפתח תקווה ומוסר שיעור בגמרא בקהילתו."
שגית ארבל-אלון,"רופאה ראשית, מנהלת מערך שירותי הבריאות במשרד הרווחה","ד""ר שגית ארבל-אלון היא הרופאה הראשית של משרד הרווחה משנת 2020. בתפקידה הקודם היא הייתה גינקולוגית במרכז הרפואי שערי צדק ולפני כן שימשה כסגנית מנהל בית החולים השיקומי רעות. בשנים 2015 -2018 שימשה כמנהלת אגף תכנון מדיניות במשרד הבריאות במסגרת התמחותה במינהל רפואי ומשנת 2009 שימשה כמנהלת המרכז לטיפול אקוטי בנפגעי/ות תקיפה מינית בהדסה והייתה בצוות ההקמה שלו. במסגרת עבודתה היא הייתה אחראית על הקמת מרכז ידע, על גיוס משאבים ומתנדבים ועל טיפול נגיש ויעיל בנפגעים/ות. בנוסף, היא פיתחה יחד עם צוותה מודל כוללני ייחודי לטיפול בנפגעים/ות המתייחס לאליהם כמרכז שאליו מגיעים כל אנשי הצוות. כמו כן היא הכשירה את הדור הבא לטיפול והובילה את המרכז תוך התמודדות עם סוגיות הטראומה המשנית של מטפלים בנפגעי תקיפה מינית. במקביל, היא כיהנה כמנהלת המרכז לבריאות האישה בבית החולים משגב לדך וכמנהלת השירות האמבולטורי הגינקו-אונקולוגי בבית החולים הדסה. במסגרת עשייתה החברתית היא פעילה כעשור בארגון רופאים לזכויות אדם. במקביל, הייתה פעילה בוועד רופאי הדסה, ובשנים האחרונות לעבודתה בבית החולים שימשה כיושבת ראש הוועד. בעבר הקימה תוכנית שש שנתית בנושא מניעת התנהגויות מסוכנות והתנהגות מינית בריאה בחטיבת הביניים ובתיכון מו""ר במכבים רעות. שגית מומחית במינהל רפואי, בגינקולוגיה ובמיילדות. וביצעה תת התמחות בגינקולוגיה אונקולוגית באוניברסיטת לה ספיאנצה בבית החולים אומברטו פרימו ברומא. היא למדה רפואה באוניברסיטת בן-גוריון וביצעה את הסטאז' ואת מרבית ההתמחות בבית החולים ע""ש אדית וולפסון וסיימה בבית החולים הדסה עין כרם."
טל אדיב – ארד,פסיכיאטרית ראשית במשרד הרווחה,"ד""ר טל אדיב-ארד היא פסיכיאטרית ראשית במשרד הרווחה, בעבר הייתה סגנית מנהל רפואי מחוז השרון במכבי שירותי בריאות וגם עבדה כפסיכיאטרית עצמאית בקופה. קודם לכן הייתה מנהלת רפואית מרחבית - גם כן במכבי שירותי בריאות. בשנים 2015-2013 היא ניהלה מרפאה לבריאות הנפש בשירותי בריאות כללית ובשנים 2014-2012 הייתה רופאה בכירה ביחידת הטראומה במרכז לבריאות הנפש על שם בריל. במקביל, בשנים 2018-2013 הייתה פסיכיאטרית יועצת בכפר איזון, וכיום היא מנהלת רפואית של מחלקת חילוצים נפשיים בחו""ל במסגרת RESCUE ONE. טל מומחית בפסיכיאטריה. את התמחותה ביצעה במרכז לבריאות הנפש על שם בריל בשירותי בריאות כללית, ואת הסטאז' ביצעה בבית החולים אסף הרופא. בימים אלה היא מתמחה בהתמחות על במינהל רפואי במסגרת מכבי שירותי בריאות."
איריס ארונין,"ראש מינהל קהילה, עיריית ראשון לציון","איריס היא ראש מינהל קהילה, עיריית ראשון לציון. ב-12 שנים האחרונות עוסקת במגוון תפקידים בעולמות החינוך החברתי קהילתי מנכלית העמותה לחינוך ותרבות והעמותה לספורט במ.א באר טוביה, מנהלת תכניות ושותפיות בציונות 2000 , סגנית מנהלת אגף הנוער והצעירים בעיריית פ""ת וכיום ראש מינהל קהילה בנוסף דירקטורית במספר תאגידים."
מושיקו ארז,"מנכ""ל עיריית רחובות","מושיקו הוא סמנכ""ל עיריית ראשון לציון. בתפקידו הקודם היה מייסד ומנכ""ל מנהיגות להתחדשות עירונית. בעבר הוא כיהן כמנכ''ל מועצה מקומית קדימה-צורן ולפני כן היה היועץ המשפטי לחברת העובדים השיתופית הכללית בארץ ישראל בע""מ לנכסים (של ההסתדרות). קודם לכן עבד בפירמת עורכי הדין פישר בכר חן וול אוריון ושות' במחלקת הנדל""ן ובמקביל העניק ייעוץ משפטי פרו בונו למתן - משקיעים בקהילה. קודם לכן הוא עבד בתפקידים שונים במשרד ראש הממשלה. בנוסף לתפקידו הנוכחי, הוא מעביר הרצאות באקדמיה ובפרקטיקה המשפטית בפני סטודנטים, מתמחים ועורכי דין, וגם הרצאות בתחום הנדל""ן במסגרת בית הספר לפרקטיקה משפטית וארגונים מקצועיים. את שירותו הצבאי סיים מושיקו כלוחם וכקצין מודיעין ביחידת מודיעין מבצעית וכיום הוא משרת במילואים בדרגת רב-סרן במסגרת מערך מבצעי ייחודי של אגף המודיעין."
יודפת אפק – ארזי,"יו""ר דירקטוריון נת""ע נתיבי תחבורה עירוניים","יודפת היא מנכ""לית עיריית בת ים. קודם לכן הייתה סגנית מנהל  רשות החברות לענייני מונופולים ושינויים מבניים ברשות החברות הממשלתיות וייצגה את הרשות בדירקטוריונים של חברות מובילות במשק הישראלי, ביניהן חברת החשמל. לפני כן שימשה כרכזת תחום אנרגיה ומים ברשות החברות הממשלתיות במשרד האוצר. בשנים 2011-2007 היא שימשה גם כרפרנטית שכר וכוח אדם ברשות החברות הממשלתיות במשרד האוצר, ובמסגרת לימודיה בתוכנית עתידים – צוערים למגזר הציבורי התמחתה אצל חשבת משרד ראש הממשלה ובהמשך באגף התקציבים במשרד האוצר. את שירותה הצבאי סיימה יודפת כמש""קית צוות פיתוח והדרכה במחו""ה אלון ובמסגרת תפקידה חנכה קצינים ומפקדים בתחומי ההוראה, ההדרכה והפיקוד ופיתחה תוכניות הוראה והדרכה."
הדר גור אריה,"Director, Global Clients, Peach","הדר היא בעלת ניסיון רב בתחום השיווק והפרסום. שנים רבות הובילה את זרוע הדיגיטל של משרד הפרסום מקאן אריקסון, שימשה כמנכ""לית משרד הפרסום ליאו ברנט, ובתפקידה הלפני אחרון שימשה כמנכ""לית משותפת של המיזם החברתי-עסקי מקאן ואלי שבמצפה רמון. לפני תפקידה הנוכחי, באפריל 2020 הצטרפה הדר לקבוצת שכולו טוב המספקת שיקום והכשרה תעסוקתית וחברתית לבעלי חסמי תעסוקה ופנאי והיא סמנכ""לית שיווק הקבוצה."
רחמים אריה,"מנכ""ל כיכר השבת","מוטי הוא מנכ""ל אתר החדשות כיכר השבת. הוא איש תקשורת משנת 1995 ובמשך השנים הגיש את רצועת האקטואליה הראשונה במגזר. בשנת 2009 הקים את אתר החדשות כיכר השבת למגזר החרדי ובהמשך את האתר סרוגים למגזר הדתי-לאומי אתרים אלו מובילים בתחומם. בשנים האחרונות מוטי מפתח מיזמים טכנולוגיים והוא בעלים של חברות בתחומי התקשורת, הטכנולוגיה, הנדל""ן והמלונאות."
גל בן- אריה,"מומחה בדימות, מנהל שירות חדשנות ובינה מלאכותית בדימות, סורוקה.  סגן דיקן לחדשנות, הפקולטה למדעי הבריאות, אוניברסיטת בן גוריון","רופא בכיר במכון הדימות בסורוקה ומנהל השירות לחדשנות ובינה מלאכותית בדימות. מוביל את תחום החדשנות הרפואית במערך, כולל שילוב טכנולוגיות של בינה מלאכותית, ושותף פעיל בקידום חדשנות רפואית במרכז הרפואי בכלל. במקביל משמש כסגן דיקן לחדשנות בפקולטה למדעי הבריאות באוניברסיטת בן- גוריון בנגב ופועל לשילוב וחיבור בין הפקולטות השונות, התעשייה והסטודנטים במקצועות מדעי הבריאות"
איילת גרינבאום אריזון,"סמנכ""לית מינהל תכנון אסטרטגי וכלכלי במשרד הבריאות","איילת היא סמנכ""לית מינהל תכנון אסטרטגי וכלכלי במשרד הבריאות, שאחראי על גיבוש אסטרטגיית העל, על התכנון ארוך הטווח של מערכת הבריאות, על בניין הכוח, תכנון פריסת תשתיות ושירותי הבריאות, עתודות למערכת הבריאות והתכנון הכלכלי, קידום רפורמות מערכתיות מרובות שותפים בתוך מערכת הבריאות ומחוצה לה, תוך חתירה לצמצום פערי בריאות וקידום שותפויות וחדשנות. בתפקידה הקודם הקימה וניהלה את אגף השירות של משרד הבריאות והובילה תוכניות לאומיות לשיפור שירות וחוויית המטופל במערכת הבריאות. לפני כן כיהנה כדירקטורית בחברת ייעוץ בינלאומית. לאיילת היה חלק פעיל בניהול משבר הקורונה באמצעות הקמת מוקדי הקורונה, ניהולם ואחריות על השירות לציבור בערוצים טלפוניים ודיגיטליים."
יעל ארליכמן,,"ד""ר לפסיכואנליזה ולפרשנות ותרבות, פסיכותרפיסטית ומומחית בטראומה ובחוסן אישי וארגוני.

יעל עוסקת בפיתוח תוכן והנחיה, ליווי תהליכי שינוי, פיתוח מנהלים בכירים וניהול במצבי משבר.

יעל ניהלה את תכנית העמיתים במעוז ובנוסף היתה מנהלת מקצועית של תכניות ההכשרה והפיתוח המקצועי של מנהלי התכניות והמנחים בארגון.

בתפקידיה הקודמים, עסקה פיתוח מיזמים חברתיים, היתה שותפה בהקמה וייסוד בית ספר לחינוך מיוחד והקמת מרכז חוסן וניהלה שותפויות ואסטרטגיה ב'קרן לידידות'.

יעל ראש תחום הדרכה ופתוח בקרן 'בריאה' והיתה חברת ועד מנהל במדרשה למנהיגות חברתית 'עין פרת' וארגון 'לב אחד'."
מיכל ארן,סמנכלית אסטרטגיה ומדיניות במשרד הבינוי והשיכון,"מיכל היא סמנכלית אסטרטגיה ומדיניות במשרד הבינוי והשיכון. קודם לכן היא ניהלה את אגף אסטרטגיה ומדיניות ברשות החשמל ואת אגף אסטרטגיה ומדיניות במשרד הפנים (שלטון מקומי). לפני כן עבדה במשרד להגנת הסביבה: ארבע שנים באשכול תכנון ומדיניות סביבתית ושנתיים כיועצת מנכ""ל המשרד להגנת הסביבה לענייני כנסת, ממשלה, תקציבים, משאבי טבע, פיקוח ואכיפה. בעבר עבדה במגזר השלישי בכמה עמותות בבאר שבע. למיכל ניסיון רב בתחום ההדרכה, כולל כמדריכת טיולים."
ליאת עמר – ארן,ראשת מערך השיקום והפיתוח של הנגב המערבי מטעם הסוכנות היהודית,"ד""ר ליאת עמר ארן, מכהנת כראשת מערך השיקום והפיתוח של הנגב מהערבי מטעם הסוכנות היהודית (יחידה חדשה של הסוכנות שהוקמה לאחר ה7.10). בין השנים 2019-2023 ליאת שימשה כנציגת הסוכנות הבכירה ומנהלת פעילות הסוכנות היהודית בדרום אפריקה, הובילה את עשיית הסוכנות בתקופה מורכבת במדינה ולאורך מגפת הקורונה.
ליאת היא פסיכולוגית ארגונית וחברתית (Ph.D עבודת המחקר שלה עסקה ביחסים בין מזרחיים לערבים). הרקע המקצועי שלה נובע מניהול והנחיה של ארגונים, תהליכים ופרויקטים חברתיים שונים. 
מאז שנת 2002 ליאת משמשת כמרצה ומנחה במגוון מוסדות אקדמאיים, אוניברסיטת בן גוריון, מכללות ספיר אחווה ואשקלון ועוד. היא מלמדת מגוון קורסים בפסיכולוגיה, עבודה סוציאלית, מקצועות הבריאות ועוד (קיבלה מספר פרסים על היותה מרצה מצטיינת). 
בין השנים 2016-2018 ליאת עבדה בארגון ""לחיות יחד"", הובילה את צוות המשימה והכשירה מנחים וארגונים להובלת מהלכים וקבוצות ברוח הארגון.
בין השנים 2012-2016 שימשה ליאת כמנכ""לית ומנהלת מקצועית בחברת ""חץ שיקום בקהילה"", ארגון העוסק בשיקום מתמודדים עם מחלה נפשית. כ200 עובדים ו600 מטופלים היו תחת אחריות הארגון. במסגרת תפקידה הייתה אחראית על כלל הפעילות מהפן המקצועי והארגוני, לצד פיתוח שירותים חדשים (הקמת בית לשיקום נשים המתמודדות עם הפרעות אכילה ראשון מסוגו בנגב).
בעבר עבדה באינטל בצוות הפיתוח הארגוני. את דרכה המקצועית התחילה בתפקידי פיתוח, ריכוז והדרכה במספר פרויקטים חברתיים, בתוכם בי”ס לתלמידי חו”ל באוניברסיטה העברית, בו הקימה את תכנית ""שפה משותפת"" לחיבור בין סטודנטים מחול לישראלים. שימשה כשליחה בחבר העמים, פעילי ציבור, אייסף, קבוצת דיאלוג יהודית-ערבית וכמתנדבת בתכנית Brandise Bardine Institute, אם לאם. 
בצבא שירתה ליאת כמדריכת טיולים בירושלים לחיילים, ובמסגרת שירותיה הצבאית בילתה ארבעה חודשים ברוסיה בעבודה עם הקהילה היהודית שם.
ליאת גדלה בבאר שבע ומתגוררת כעת באליאב, ישוב מעורב (דתי-חילוני) בלכיש צפון הנגב. 
נשואה לביקו (צביקה) ארן ולהם ארבעה בנים יאלי, אוריה, נטע וקדם."
ניצן אשבל,מנהל מיזם מישרים - להוגנות בחינוך בעמותת מתן משקיעים בקהילה,"ניצן הוא מנהל מיזם מישרים להוגנות בחינוך בעמותת מתן משקיעים בקהילה. את דרכו המקצועית בתחום החינוך הבלתי פורמלי הוא התחיל בעמותת אחריי! המטפחת מנהיגות חינוכית של בני נוער בפריפריה החברתית והגיאוגרפית בישראל ומילא שם מגוון תפקידים - ממדריך נוער ועד לתפקיד סמנכ""ל החינוך של העמותה. משנת 2013 הוא ניהל את התיכון האתגרי של רשת ברנקו וייס בקריית שמונה במשך שש שנים. בשנת 2019 התמנה להקים ולנהל את מישרים - מיזם משותף למשרד החינוך, יד הנדיב ועמותת מתן שמטרתו הובלת תהליכי שיפור מואצים בבתי ספר יסודיים המשרתים אוכלוסיות החוות עוני והדרה חברתית."
יניב אשור,"מנכ""ל,עיריית קרית מוצקין","יניב משמש כמנכ""ל, עיריית קרית מוצקין. בשירות הציבורי מיום גיוסו. 15 שנה במשטרה בתפקידים שונים, קצין משטרה. כ-13 שנים בשלטון המקומי בתפקידים שונים."
אסף אשר,מנכ״ל ובעלים של קבוצת איה,"אסף הוא סמנכ""ל תשתיות ותקציבים במשרד התחבורה. במסגרת תפקידו הוא אחראי על הקמת תשתיות התחבורה במדינת ישראל בהיקף של עשרות מיליארדי שקלים בפרויקטים גדולים כגון: רכבות כבדות, מטרו, רכבות קלות במטרופולינים ופיתוח פרויקטי כבישים ותח""צ באזורים עירוניים ובין עירוניים. טרם תפקיד זה עבד אסף במשרד האוצר כרכז מערכת הביטחון וכרפרנט משרדים מנהליים."
אמיר באבאללה,"סמנכ""ל סחר HAAT","אמיר הוא בעל ניסיון של למעלה מעשר שנים בניהול מכירות בתחום הקמעונאות ביוניליוור ובקוקה-קולה ישראל.
בשנים האחרונות מכהן כסמנכ״ל סחר ומכירות בסטארט-אפ המוביל בחברה הערבית בתחום המשלוחים האאט דילברי.
אחראי על התרחבות הפעילות של החברה בארץ ובחו״ל (מרוקו)."
שי באבד,"מנכ""ל קבוצת שטראוס","שי הוא מנכ""ל קבוצת שטראוס. בתפקידו הקודם היה מנכ""ל קבוצת רבוע כחול ובעבר כיהן כמנכ''ל משרד האוצר, מנכ""ל הרשות השנייה לטלוויזיה ולרדיו כמנכ""ל אזור ישראל והמזרח הקרוב בחברת צים – שם היה חבר הנהלת החברה, וכסגן נשיא לשכת הספנות בישראל. נוסף לכך כיום הוא מכהן גם כיו""ר דירקטוריון החברה הממשלתית וקרן ההשתלמות להנדסאים וטכנאים. בשירותו הצבאי שירת שי כקצין וכמפקד ביחידה המיוחדת 504."
מרינה באס,מנהלת משאבי אנוש כללית,"מנהלת משאבי אנוש בכללית מחוז דרום הכולל כ300 עובדים מכלל הסקטורים ב200 מרפאות וביחידות  שנותנים שירות ל710 אלף מטופלים. תחומי האחריות כוללים:תכנון כ""א,פרט ושכר,פיתוח והכשרה,איתור מיון וגיוס וקהליות העובדים,ליווי העובדים על ציר עבודתם בארגון,פיתוח עתודה ניהולית ,חינוך רפואי,דאגה לרווחת העובד ולהגברת החוסן וצמצום השחיקה,קידום חווית מטפל,רגולציה ואכיפת ההסכמי עבודה ובקרה על ישומם.קידום שיתופי במרחב הדרומי מול האקדמיה עמותות וארגונים לקידום תכנון כא במחוז.חברת הנהלה ושותפה להובלת מדיניות הכללית בהתאמה לאתגרי המרחב הדרומי."
מרדכי בארי,מנהל אגף החינוך בעיריית אלעד,"מרדכי הוא מנהל אגף החינוך בעיריית אלעד, מרצה בסמינר ובמוסדות להכשרת עו""ה במגזר החרדי, חבר בהנהלת איגוד מנהלי מחלקות חינוך וחבר בקבינט החינוך שהקים תא""ל רם שמואלי. כמו כן הוא נוטל חלק במיזמים שמקדמים שיח בין-מגזרי כמו מכון גשר ותקווה ישראלית בחינוך."
משה בארי,"מנכ""ל רבני צהר","משה הוא מנכ""ל ארגון רבני צהר. במקביל, הוא חבר במועצה ל""ניסויים בבעלי חיים"" במשרד הבריאות ובפורום לייצוב הממשל, חבר ההנהלה הציבורית של רשת בתי הדין ארץ חמדה-גזית, וחבר עמותה וחבר ועדת הביקורת של מורשת המשפט בישראל. לאורך השנים פרסם מאמרים והיה שותף לכתיבת ספרים בתחומי המשפט העברי. בשנים 2008-2005 הוא כיהן כיו""ר גזית – איגוד בתי הדין לענייני ממונות ובמקביל היה מרצה וחוקר במרכז ליישומי משפט עברי במכללת נתניה ובמדרשת לינדנבאום ומנהל הפעילות החברתית בתיכון שועלי תורה בית שמש. בשנים 2012-1996 ניהל משה סניף ביתי של יד שרה."
מוישי בארי,מנהל מחוז צפון - עזר מציון,"בשנת 2010 הקמתי את ""בארי נכסים"" משרד נדל""ן שהתמקצע באזור חיפה והקריות, במקביל בשנת 2013 הקמתי את ""חסדי נועה"" מועדוניות וולנטריות בשבתות לילדים מיוחדים באזור הצפון, ובשנת 2016 חברתי לארגון עזר מציון להקמת מערך סיוע רפואי באזור הצפון. במהלך שנותי במחוז הקמתי ופיתחתי את שירותי הארגון באזור הצפון, בשנת 2020 עם כניסת הקורונה לחיינו נקראתי להוביל את עשיית הארגון יחד עם פקע""ר על מנת לסייע לכלל האוכלוסייה בארץ.  מאז ועד היום הובלתי פרוייקטים רבים יחד עם רשויות המדינה."
רנית בודאי-היימן,"מנכ""לית מיתרים","רנית היא מנכ""לית מיתרים - רשת לחינוך המשלב דתיים, חילונים ומסורתיים הלומדים יחד בבתי הספר וחיים יחד בקהילות. בעבר הייתה יועצת פוליטית ועוזרת פרלמנטרית במגוון תפקידים בממשלה ובכנסת."
גלעד בודנהיימר,ראש מינהל שרותי בריאות הנפש במשרד הבריאות,"ד""ר גלעד בודנהיימר הוא ראש אגף שירותי בריאות הנפש במשרד הבריאות. בתפקידו הקודם ניהל את תחום בריאות הנפש במכבי שירותי בריאות. לפני כן ניהל את המרפאה לבריאות הנפש של לאומית שירותי בריאות במחוז ירושלים. כחלק מהרפורמה בבריאות הנפש הוא היה אחראי להקמתה, לניהולה ולפיתוחה של המרפאה, ולהקמת מערך שירותי בריאות הנפש במחוז, ועבד כפסיכיאטר ילדים. במסגרת תפקידו יזם פרויקט להגברת השימוש בשירותי בריאות הנפש בקרב המגזר החרדי באמצעות התאמת השירות והנגשתו, תוך בנייה ויישום של תוכנית להתמודדות עם הסטיגמה על הפרעות נפשיות במגזר החרדי. בשנים 2013-2006 היה מתמחה ולאחר מכן רופא בכיר במחלקה לפסיכיאטריה של הילד והמתבגר במרכז הרפואי הדסה עין כרם בירושלים ובמסגרת תפקידו היה גם מרצה לסטודנטים, העביר הדרכות והרצאות בבתי חולים וארגן וריכז ישיבות רופאים ופסיכולוגים. במקביל, עבד כפסיכיאטר ילדים בתושיה- ארגון לליווי נפשי של בני נוער חרדים בבני ברק, והיה יועץ לצוות הבכיר במכון שילוב לטיפול משפחתי וזוגי. במסגרת עשייתו החברתית היה חבר ועד בקהילת פלך בשנים 2017-2015, והתנדב ברשות הלאומית למלחמה בסמים ובאלכוהול בשנים 2018-2014. בשנים 2004-1998 הוא ריכז והדריך פרויקטים שונים בארגונים חברתיים והתנדבותיים, היה אחראי על הקמת פרויקט בעמותת פר""ח לילדים עם שיתוק מוחין, לקח חלק בהקמת מועדון לילדים עם תסמונת דאון בבאר שבע ובהפעלת מועדון חברתי לסטודנטים עולים חדשים במוסדות האקדמיים בדרום, והיה פעיל באגודה למלחמה בסרטן ובארגון הג'וינט העולמי. הוא קיבל פרס הצטיינות מחוזית לשנת 2017 ממנהלת מחוז ירושלים בלאומית שירותי בריאות. גלעד הוא סרן במילואים. בעבר היה קצין רפואה גדודי בפיקוד הצפון, וכיום משרת במילואים בחיל האוויר. הוא מומחה בפסיכיאטריה של הילד. את התמחותו עשה במרכז הרפואי הדסה עין כרם בירושלים, ואת הסטאז' ברפואה עשה בהצטיינות במרכז הרפואי האוניברסיטאי סורוקה בבאר שבע."
מאיה בוזו-שוורץ,מנהלת יחידת הבוגרות והבוגרים בקרן מנדל,"מאיה היא מנהלת קהילת הבוגרים בקרן מנדל. לפני כן כיהנה כראש תחום מחקר ופיתוח במכון אבני ראשה - המכון הישראלי למנהיגות בית- ספרית, וקודם לכן הקימה וניהלה את יחידת המחקר והפיתוח במכון ברנקו וייס, ובמסגרתה הובילה צוותים המפתחים ומנחים מודלים פדגוגיים חדשניים. היא בעלת ניסיון רב בליווי צוותי מורים וצוותי ניהול בבתי ספר ובהנחיית תהליכי שינוי בהוראה ולמידה ברמה מחוזית. לאחרונה ראה אור ספר שערכה בשיתוף עם ד""ר נעמי מנדל-לוי העוסק בחזית המחקר והפרקטיקה בתחום המנהיגות הפדגוגית (""עושים בית-ספר""). בעבר לימדה מאיה תלמידים בבית ספר יסודי כתיבה יוצרת, פילוסופיה וחשיבה."
עמנואל בוחבוט,מייסד ומנכ''ל Y,"עמנואל הוא מייסד ומנכ""ל חברת Y - חברת ייעוץ המתמחה באסטרטגיה, מחקר, מדידה והערכה ופיתוח עסקי חברתי. בעבר הוא כיהן כמנכ""ל טריביו - ארגון חברתי טכנולוגי אשר מעודד ומנגיש התנדבות באמצעות טכנולוגיות מתקדמות. בשנת 2013  הוא הצטרף לחברת Social Finance Israel כחבר בצוות המייסדים וכסמנכ""ל מחקר ופיתוח, הוא הוביל את הפיתוח ואת ההקמה של איגרות החוב החברתיות הראשונות בישראל והוזמן להציגן בפורומים בינלאומיים כגון פורום ה-G8 ובמליאת האו""ם. בעבר הוא ניהל את מחלקת המחקר והאסטרטגיה בקרן רש""י  וקודם לכן היה חוקר שווקים כמותי וסטטיסטיקאי בכיר במכון מחקר עסקי גדול (C.I) ומרצה במוסדות אקדמיים רבים בקורסים סטטיסטיים ומתודולוגיים."
חאלד בוטו,"מנהל אגף תרבות, נוער וספורט – עיריית נצרת","חאלד הוא מנהל אגף תרבות נוער וספורט. בעברו כיהן במספר תפקידים: בשנת 1996 - מדריך ספורט מועדון נוער וספורט, רשת המרכזים הקהילתיים, חברת המתנ""סים . 1998 – 2004 מדריך ראשי לקייטנות נצרת העירוניות . 2005 – 2007 מנהל קייטנות נצרת העירוניות, אגף המרכזים הקהילתיים (תרבות, נוער וספורט), עירית נצרת. 1998 רכז פעילויות כללי (ספורט ,תרבות וכו'), 2001 מנהל מועדון נוער וספורט שכונת ביר אלאמיר בנצרת, רשת המרכזים הקהילתיים, חברת המתנ""סים. 2004 מנהל מועדון נוער וספורט שכונת ביר אלאמיר בנצרת, אגף המרכזים הקהילתיים (תרבות , נוער וספורט), עירית נצרת . 2006 סגן מנהל אגף המרכזים הקהילתיים (תרבות, נוער וספורט), עיריית נצרת . 2008  מ""מ מנהל אגף המרכזים הקהילתיים (תרבות, נוער וספורט), עיריית נצרת. 2013 ועד היום, מנהל אגף המרכזים הקהילתיים, מנהל אגף תרבות נוער וספורט בעיריית נצרת, אחראי על מרכזים ומועדונים לנוער ומבוגרים בעיר נצרת. עבודתו כוללת בנוסף ניהול פרויקטים בתחומים שונים וקביעת תקציב, בניית תכנית המבוססת על מערכת החינוך הבלתי פורמאלית כמובילה בחברה הערבית והפיכת העיר נצרת כעיר תרבות."
מיטל בוכמן-שינדל,"ממונה במחלקת בגצים, ממונה ארצית על ועדות שחרורים","פרקליטה, על התפר שבין העולם הפלילי והעולם הבג""צי. בין היתר מילאתי תפקידים כפרקליטה במחלקה הפלילית בפרקליטות המדינה, כעוזרת למשנה לפרקליט המדינה (עניינים פליליים), כפרקליטה בפרקליטות מחוז ירושלים (פלילי) וכמובן כפרקליטה במחלקת הבג""צים. 
מייצגת את המדינה בשלל הליכים בבג""ץ, תהליך הכולל מעורבות בגיבוש העמדה שתוצג יחד עם השותפים ממשרדי הממשלה הרלוונטיים, בחינה של המהלכים שננקטו ולא פעם של אלה שכדאי לנקוט. 
עסוקה במדיניות התביעה, באמון הציבור במערכת המשפט ובמינהל תקין של רשויות ומשרדי הממשלה שמדיניותם נתקפת בבג""ץ. מעורבת בגיבוש הנחיות, בחניכה ובייעוץ לפרקליטים מיחידות שונות ולמשרדי ממשלה שונים בעניינים שבתחום מומחיותי."
לינה בולוס,"ראש היחידה לאיכות, מצויינות והערכה. ראש היחידה לחדשנות- המכללה האקדמית סכנין","לינה מכהנת כראש היחידה לאיכות, מצויינות והערכה; ראש היחידה לחדשנות. בעבר היא כהנה גם כראשת תכנית המצויינים במכללה האקדמית סכנין. במסגרת תפקידה לינה הייתה אחראית לעיצוב, לבניית התכנים ולניהול התקציב של תכנית המצויינים במכללה. מאז 2001 לינה מרצה ללימודי תואר ראשון ושני במכללות. מ 2014 ועד 2018 לינה היא רפרנטית של החינוך הערבי במל""ג ומרכזת תכנית חינוך לחיי קריירה. יתר על כן, לינה שימשה כמתכללת תכנית ""אתגרים"" במינהל עובדי הוראה במשרד החינוך."
מנחם בומבך,ראש הרשת החינוכית נצח,"מנחם, נשוי למיכל ואב לחמישה, הוא ראש ישיבה ויזם חינוכי-חברתי מוביל במגזר החרדי. כמייסד ונשיא רשת החינוך ""נצח"" הוא מנהל עשרים מוסדות חינוך המשלבים לימודי קודש וחול. ב-2013 ייסד את המדרשה החסידית בביתר עילית, הישיבה התיכונית החסידית הראשונה בישראל, ואת המכינה החרדית באוניברסיטה העברית. מוביל מיזמים חברתיים פורצי דרך, ביניהם קמפיין ""חרדים לישראל"" לקידום שילוב חרדים בצה""ל, ופועל לקידום דו-שיח בין-מגזרי בחברה הישראלית. בעל תואר שני במדיניות ציבורית מהאוניברסיטה העברית, חבר בוועדות ציבוריות מרכזיות וזוכה פרס החינוך הדתי לשנת 2011."
תמר לוי בונה,"סגנית הממונה על התקציבים, אגף תקציבים באוצר",משמשת כרכזת לענייני מקרו באגף התקציבים באוצר. קודם לכן שימשה במגוון תפקידים באגף בהם רכזת ביטחון פנים ומשפטים ורפרנטית לענייני חקלאות ונמלים. בעבר עבדה בבנק ישראל ובאוניברסיטת תל אביב.
טלי ברש בוסקילה,"מנכ""ל תוכנית מושל","מנהלת תוכנית מושל - תוכנית גלובלית המקדמת מוביליות חברתית באמצעות השכלה גבוהה. 
בעברי בנקאית להשקעות בבנקים מובילים בארופה וארצות הברית ומנהלת מחלקות אסטרטגיה."
אראל בוצ'ינסקי,"סגן רופאה מחוזית, מחוז מרכז, מכבי שרותי בריאות","החל משנת 2022 אני משמש כסגן הרופאה המחוזית, במחוז מרכז של מכבי שרותי בריאות. במסגרת תפקידי אני אחראי על סגל הרופאים של המחוז כולו, על הערכות המחוז לשעת חרום, על מוקדי הרפואה הדחופה ועוד. תפקידי הקודם בארגון היה מנהל רפואי של מרחב בתל אביב. לפני עבודתי במכבי התמחתי ועבדתי כרופא בכיר במחלקה פנימית ד' בבית החולים מאיר. לאחר מכן שמשתי בתפקיד רופא בכיר במלר""ד בילינסון במשך כשנתיים וחצי. בשנת 2015 ייסדתי את מרשם, ארגון המתמחים לרפואה בישראל, ועד סוף שנת 2019 כיהנתי כיו""ר הארגון."
שחר בוצר,קו-פאונדר ושותף מנהל בקרן Good Company וחבר דירקטוריון בחמש חברות פורטפוליו של הקרן,"שחר הוא קו-פאונדר ושותף מנהל בקרן Good Company וחבר דירקטוריון בחמש חברות פורטפוליו של הקרן. קרן Good Company היא קרן השקעות הון סיכון, המשקיעה בסטארטאפים בשלבים מוקדמים עם מיקוד בטכנולוגיות שפותרות את הבעיות החברתיות או הסביבתיות הגדולות של העולם (future of work, digital health, energycircular economy, agriculture). בעבר היה שותף מנהל בקרן האימפקט 2B-Community, יו""ר החברה הציבורית איסתא ליינס, יו""ר חברת ההשמה ג'וב טוב, מנכ""ל שח""ם - ארגון השחקנים בישראל ויו""ר אגודת הסטודנטים באוניברסיטת תל אביב."
ציפי בורנשטיין,"מנהלת חברת DOET  לליווי יזמים בתחום הבריאות, טיפול, הקמת יחידה של בריאות הנפש בחברת ייעוץ והקמת פסיכיאטריה בלינאדו","ציפי היא מקימה ומנהלת רשת של בתים מאזנים. יועצת בתחום התמכרויות, בונה פלטפורמה לחד הוריות, מרצה בפסיכופתולגיה בשתי מכללות, מפרסמת טור אישי וכותבת ספר בתחום בריאות הנפש. בעברה ניהלה פרויקטים וייעצה בתחום הבריאות לעמותות, ארגונים ואנשים פרטיים. בשנת 2015 הקימה וניהלה את המרכז הרפואי הראשון לאשפוז וטיפול בבריאות הנפש למגזר הדתי-חרדי. במסגרת תפקידה ניהלה את המרכז הרפואי תוך כדי בנייה והקמה של כל המענים על פני מנעד של פסיכיאטריה. המרכז מונה 5 מחלקות, טיפולי יום, אשפוזי יום ומרפאות מגוונות. לפני כן עבדה במרכז יום שיקומי לנשים התמודדות עם הפרעות נפשיות ועסקה במגוון תפקידים בתחום בריאות הנפש במגזר החרדי. במהלך 10 שנים האחרונות ציפי עסוקה, משפיעה ופעילה מאד בזירה החברתית. שותפה בתכנית ""לחיות יחד"" לקידום חיים משותפים, ""דיבור אחר"" למניעת בריונות ברשת, חברת בורד בתכנית ""לשמה"" לקידום נשים חרדיות בזירה הפוליטית וברשויות מקומיות. שותפה, עובדת וחברה בהנהלה של ""מובילות"" לקידום תעסוקתי של נשים חרדיות. לציפי תואר ראשון (BOT) בריפוי בעיסוק מאוניברסיטת חיפה, תואר שני (MBA) ממכללת רמת גן ותואר דוקטורט (PHD) מאוניברסיטת בר אילן. בנוסף בוגרת תואר ראשון בהוראה (BED) ממכללת בית וגן ובעלת תעודה לגישור מאוניברסיטת בר אילן."
שמעון בורשטיין,סגן מנהל בית החולים הפסיכיאטרי מרחבים (באר יעקב),"ד""ר שמעון בורשטיין הוא סגן מנהל המרכז לבריאות הנפש ""מרחבים"" - באר יעקב נס ציונה (כעת בחופשת מחלה). מומחה בפסיכיאטריה ובמנהל רפואי, בעל תואר MBA במנהל מערכות בריאות מאוניברסיטת ת""א, בוגר תוכנית ההכשרה לחוקרים צעירים מצטיינים מטעם איגוד הפסיכיאטריה וזכה פעמיים במלגת קרן נייסר לחוקרים צעירים. בעבר הוא היה סגן מנהל מחלקה פסיכיאטרית, סגן מנהל בית החולים השיקומי רעות, עוזר לראש חטיבת בריאות הציבור וסגן הפסיכיאטרית המחוזית במחוז מרכז. הוא משרת כרס""ן במילואים במערך בריאות הנפש בצה""ל ומתנדב במרפאת לוינסקי ובמסגרת שיקומית לסובלים מתחלואה פסיכיאטרית קשה."
תמר בצלאל בורשטיין,"מ""מ ראש מערך אדם וקהילה במנהלת תקומה","תמר היא מובילת תכנון משאבים ובקרה, צוות אדם וקהילה, מנהלת תקומה. לפני כן שימשה כמנכ""לית החברה הכלכלית כפר יונה. מאז שנת 2007 תמר עוסקת בתחומי המטה והמשפט בחברות ממשלתיות. בשנים 2019-2007 היא שימשה כחברת הנהלה וניהלה את המערך המשפטי, את מערך תוכנית העבודה והאסטרטגיה, את מערך ניהול הסיכונים, האחריות התאגידית והסכמי הרישיון בין החברה למדינת ישראל בחברת תשתיות נפט ואנרגיה בע""מ. משנת 2019 ואילך היא הובילה בחברת נתיבי איילון את תחומי המטה ובמסגרת זו הקימה את האגף לתוכניות ארוכות טווח העוסק באסטרטגיה ובתוכנית חומש לחברה, בתוכניות עבודה שנתיות, בניהול סיכונים, בניהול משאב הזמן בפרויקטים, בבקרה תהליכית ובאחריות תאגידית."
טליה הראל בז'רנו,נשיאת עמותת כנפיים של קרמבו,"טליה משמשת כמנכ""לית תנועת הנוער כנפיים של קרמבו החל משנת 2016. בשנת 2009 התחילה לעבוד שם בתור אחת מהעובדים הראשונים בתפקיד סמנכ""לית תפעול והדרכה, ובמסגרת תפקידה כתבה את תורת ההדרכה וההפעלה של הסניפים וניהלה את פעילות השטח. לפני כן, בשנים 2008-2006, הייתה מנחת קבוצות ואשת צוות בפרויקט מיכא""ל (מיצוי כישורים אישיים למצוינות) ובמסגרת תפקידה הנחתה קבוצות של תלמידים כיצד ניתן לממש בצורה טובה יותר את הפוטנציאל שלהם. לאחר מכן קודמה לתפקיד אשת צוות וניהלה את מערך הפעילות בהכשרות המנחים של הפרויקט."
מעוז ביגון,מנהל האגף לחינוך מבוגרים במשרד החינוך,"מעוז הוא מנהל האגף לחינוך מבוגרים במשרד ההשכלה הגבוהה והמשלימה במשרד החינוך. לפני כן היה מנהל מינהל חינוך, נוער וקהילה בעיריית בית שמש והיה אחראי על מערכת החינוך של בית שמש על כל גווניה, הנוער והקהילה, כולל רשת המתנ""סים בעיר. בעבר היה מנכ""ל המועצה האזורית מטה בנימין במשך שש שנים ובמסגרת תפקידו היה אחראי על הפעלת המועצה המונה כ-1,800 עובדים ותקציבה עומד על כמיליארד ₪ בשנה. למעוז רקע בתחום החינוך - הוא היה מורה ומנהל בית ספר במשך שנים רבות וניהל את מחלקת חינוך במועצה האזורית . בעבר, כחבר מליאת המועצה, היה יו""ר ועדת חינוך, חבר הנהלה וחבר בוועדות נוספות."
דגנית בידרמן,"מנכ""לית חברת c.i","בשנת 2021 הקימה דגנית סטארט-אפ המאפשר למוסדות פיננסיים לצאת מסיכון באמצעות חיזוי ובניית תכנית מותאמת אישית המבוססת על מודלים מתקדמים של A.i. בשנת  2013 הקימה את עמותת להיטיב - להטבת מצבן של משפחות החיות בעוני ובהדרה במדינת ישראל. קודם לכן שימשה כמנהלת מחלקת החינוך העל יסודי בעיריית רעננה וכיו""ר ועדות השמה. בתפקידה הקודם ברעננה הובילה תוכנית יישובית לעבודה עם נוער מאתגר בעירייה בכפוף לראש העיר ובמסגרת עבודתה בנתה מודלים חינוכיים בעיר, גייסה ורתמה את הגופים העירוניים השונים לטובת התוכנית ופעלה ליישומה. בתחילת דרכה המקצועית שימשה כמפקחת מחוזית של נוער מאתגר באגף שח""ר של מחוז מרכז במשרד החינוך. לדגנית דוקטורט בעולמות העוסקים בצמצום פערים חברתיים."
אילנית אסלקה ביטאו,"סגנית בכירה א' במחלקת הבג""צים בפרקליטות המדינה","אילנית היא פרקליטה, סגנית בכירה א' במחלקת הבג""צים בפרקליטות המדינה. במסגרת תפקידה היא מטפלת בעתירות לבג""ץ ובערעורים מנהליים לבית המשפט העליון במגוון סוגיות המשפיעות על החברה הישראלית כגון: עתירות בנוגע לבחירות לכנסת ולרשויות מקומיות, עתירות בנושאים צבאיים וביטחוניים, התמודדות הממשלה עם התפשטות הקורונה, תכנון ובנייה, אגודות שיתופיות ועוד. בעבר שימשה כתובעת בפרקליטות הצבאית (סרן במיל'). בנוסף, היא פעילה בהתנדבות כעשור בכל הנוגע למאבק בגזענות כלפי יוצאי אתיופיה וחברה בפורומים קהילתיים ובוועדה לקידום יוצאי אתיופיה בלשכת עורכי הדין. אילנית נבחרה לרשימת המנהיגות המבטיחה 40 עד 40 של מגזין גלובס לשנת 2023."
שמולי בינג,"סמנכ""ל קרן שוסטרמן","שמולי הוא סמנכ""ל קרן שוסטרמן ואחראי על חברה משותפת (חרדים, ערבים). לפני כן כיהן במשך שבע שנים כמנהל כפר הנוער ימין אורד לאחר ששימש כמנהל בית ספר התיכון בכפר הנוער. קודם לכן שימש כמורה, כמחנך כיתה וכרכז שכבה בתיכון הראל במבשרת ציון. בעבר היה אחראי על תחום עובדי הקבלן בעמותת מעגלי צדק, המפעילה את פרויקט התו החברתי - ""תעודת כשרות מוסרית"" לבתי עסק. כמו כן הוא שימש כיועץ לענייני חברה בלשכת סגן השר לענייני חברה ותפוצות במשרד ראש הממשלה והוא ממקימי עמותת שכן טוב הפועלת משנת 1999. את שירותו הצבאי סיים שמולי כמ""פ של קורס מרווה בחיל חינוך."
עלי בינג,סגן הממונה על התקציבים לענייני תשתיות באגף התקציבים במשרד האוצר,"עלי הוא סגן הממונה על התקציבים לענייני ביטחון באגף התקציבים במשרד האוצר. בתפקידו הקודם היה רכז רווחה וביטוח לאומי באגף תקציבים במשרד האוצר משנת 2020. במסגרת תפקידו הקודם היה אחראי מטעם משרד האוצר על תקצוב משרדי הרווחה, הקליטה, השוויון החברתי והביטוח הלאומי בהיקף של עשרות מיליארדי ₪  והוביל תהליכי חקיקה ושינויים מבניים בתחומים אלה. בנוסף, הוא משמש כדירקטור בחברת נמלי ישראל וכחבר במועצת הביטוח הלאומי. לפני כן עלי היה רכז ביטחון והוביל את עבודת אגף התקציבים מול צה""ל ומשרד הביטחון בנושאי התקציב השונים בהיקף של עשרות מיליארדי ₪ ."
אתי בינדר,"מפקחת פיתוח מקצועי והדרכה במחוז החרדי, משרד החינוך","אתי מפקחת פיתוח מקצועי וממונה על מערך ההדרכה במחוז החרדי של משרד החינוך. 
בתפקידה היא אמונה על קידום ההתפתחות המקצועית של מפקחים, מנהלים, מדריכים ועובדי הוראה בפריסה ארצית. במסגרת תפקידה היא עוסקת בתכנון ויישום מדיניות וקביעת סטנדרטים מקצועיים בתחומי ההדרכה והפיתוח המקצועי והתאמתם לצורכי השטח ולמגמות חינוכיות מתקדמות. 
בתפקידה הקודם היתה מפקחת כוללת על בתי ספר יסודיים במחוז החרדי. במסגרת תפקיד זה היתה אחראית על בתי ספר יסודיים לבנות ועל מוסדות הממ""ח (ממלכתי חרדי), שימשה כיו״ר הוועדה לקידום הישגים, הקימה וניהלה את היחידה המחוזית להערכה ולמדידה.
היא בעלת תואר ראשון בחינוך בהתמחות לשון, ותואר שני במדיניות ציבורית של האוניברסיטה העברית.
חקרה ופרסמה 2 מאמרים על מארג היחסים בין מערכת החינוך החרדית לרשויות המקומיות בישראל ובהשפעה של זה על פתיחת מוסדות ממלכתיים חרדיים.
 מאמרים אלה היוו בסיס לשינוי מגמות בתחומים אלה בחינוך החרדי."
מנחם ביתן,"רופא מחוזי, מחוז ירושלים, קופ""ח מאוחדת","מנחם הוא רופא מחוזי, מחוז ירושלים, קופ""ח מאוחדת."
יפעת בכור,מנכ״לית ארגון יוניסטרים,"יפעת היא מנכ""לית ארגון יוניסטרים. לפני כן היא הובילה את תחום החדשנות והפיתוח העסקי בתגלית תוך חשיבה תמידית על רלוונטיות הארגון ומוצריו לקהלי היעד השונים שלו ברחבי העולם, שיתופי פעולה והתייעלות ארגונית. בעבר היא ניהלה את תוכנית המנהיגות העסקית תגלית אקסל ובמסגרת זו הייתה אחראית על פיתוח התוכנית, מינוף פעילות הבוגרים בצפון אמריקה ובישראל, פיתוח האסטרטגיה ושיתופי הפעולה, הרחבת הקהילה העסקית של התוכנית בשתי היבשות, וניהול הקשרים ומערך שיתוף הפעולה עם חברות עסקיות מובילות במשק ועם הקרנות התומכות בתוכנית. קודם לכן היא עבדה תשע שנים בארגון ידידי צה""ל בארה""ב (FDIF) כמנהלת מערך גיוס הכספים ובהמשך כסמנכ""לית השיווק. יפעת החלה את דרכה המקצועית כתקציבאית בפובליסיס ישראל ועסקה בתחום השיווק, ניהול לקוחות ופיתוח עסקי, וכך גם בהמשך דרכה בחברת יורוטל וברשת התיאטראות Loews בארה""ב."
משה בכר,"סמנכ״ל ארגון, תכנון, תקציבים ובקרה במשרד לביטחון לאומי","בשנת 2009 החל משה לעבוד במשרד האוצר כסטודנט, ולאחר סיום לימודיו השתלב ככלכלן באגף השכר. במהלך עבודתו עסק משה בגיבוש מדיניות השכר, התגמול ותנאי ההעסקה בתחומים שונים, ובהם החינוך, ההשכלה הגבוהה ומערכת הביטחון. בתפקידו הקודם כיהן משה כסגן בכיר לממונה על השכר, וכעת הוא חניך במכללה לביטחון לאומי, צה""ל."
דב בכר,"רופא מומחה לפריון, מיילדות וגינקולוגיה","ד""ר דב בכר הוא רופא מומחה לפריון, מיילדות וגינקולוגיה. לפני כן התמחה במינהל רפואי במשרד הבריאות, ובתפקידו הקודם שימש כמנהל הרפואי של מחוז הצפון במכבי שירותי בריאות. לפני כן היה עוזר רפואי למנהל המרכז הרפואי לגליל בנהריה, וקודם לכן שימש כסגן מנהל יחידת הIVF- באסותא ברמת החייל וכרופא בכיר ביחידת ה-IVF במרכז רפואי בני ציון בחיפה. בשנת 2012 היה שותף בהנהגת מחאת המתמחים הארצית. התמחות רפואית: דובי מומחה במיילדות וגינקולוגיה. את התמחותו ביצע במרכז הרפואי רבין בבית החולים בילינסון, ואת הסטאז' ברפואה ביצע במרכז הרפואי ע""ש ברזילי באשקלון."
חוסאם אבו בכר,"מנכ""ל ארגון אלפנאר לפיתוח כלכלי וקידום תעסוקה בחברה הערבית","חוסאם הוא מנכ""ל ארגון אלפנאר לפיתוח כלכלי וקידום תעסוקה בחברה הערבית. בתפקידו הקודם ניהל את סניף עפולה במוסד לביטוח לאומי. לפני כן כיהן כמנהל סניף נצרת במוסד לביטוח לאומי, ובמסגרת זאת היה ממונה על כ-250 עובדים. בעבר שימש בתפקידים ניהוליים בתחומי החינוך והחברה האזרחית: ניהל בית ספר תיכון, שימש כרכז אזורי בתוכנית קרב וניהל את התוכנית ההוליסטית מטעם המכון לחקר הטיפוח בחינוך. כמו כן היה מנהל תוכניות ומיזמים בקרן אברהם ועסק בייעוץ ארגוני ובהנחיית קבוצות. את דרכו התחיל חוסאם כמורה וכמחנך בבית ספר תיכון אבו גוש."
דועא בכרי,סגנית מנהל בית חולים זיו,"דועא היא מומחית במחלקת ילדים והמטואונקולוגיה ילדים, השתלמות בחקר גנטיקה של הסרטן וכשל מי עצם. היא מנהלת מחלקת ילדים, יו״ר ועדת חינוך רפואי בבית חולים זיו צפת, יו״ר ועדת בחינות בפקולטה לרפואה ומרצה קלינית בפקולטה לרפואה בצפת משויכת לבר אילן. דועא היא בוגרת הטכניון במדעי הרפואה MSc ו MD. בעלת תואר שני בניהול מערכות  בריאות  MBA מאוניברסיטת תל אביב"
אורי בלה,"מנהל מרכז בריאות הילד במודיעין, אחראי חדשנות במחוז מרכז בשירותי בריאות כללית","בשנת 2001 סיים ד""ר אורי בלה את בית הספר לרפואה לאחר קריירת מלצרות ארוכת שנים ובתום שנת סטאז' התמחה ברפואת ילדים, ובהמשך ברפואה דחופה ילדים במרכז הרפואי קפלן. משנת 2015 הוא מנהל היחידה לרפואה דחופה ילדים ויו""ר תת הוועדה להגנת הילד במרכז הרפואי קפלן. כמנהל, הוביל שינוי בתרבות הארגונית שהביא להצטיינות המלר""ד באיכות הטיפול והשירות. הוא עוסק במחקר קליני ויישומי, שבמסגרתו הוא שותף לפיתוח כלים לאבחון התעללות והזנחה בילדים וכלים במקצוע הרפואה הדחופה, בדגש על אולטרסאונד לצד מיטת המטופל. המחקר נעשה תוך שיתופי פעולה רבים ובין-מקצועיים בתוך המחלקה ומחוצה לה. מרצה בבית הספר לרפואה באוניברסיטה העברית."
ספיר בלוזר,מובילת מהלכים אסטרטגיים לקידום אפקטיביות ממשלתית במערך הדיגיטל הלאומי,"ספיר מנהלת ארגונים ויזמת קידום מדיניות

כיום מובילה מהלכים אסטרטגיים בתחום אפקטיביות ממשלתית, במערך הדיגיטל הלאומי.

בעקבות ה-7 באוקטובר, הקימה את ""פורום נשות המילואימניקים"" בשותפות של 14 אמהות שבני-זוגן משרתים בחזית. ספיר שימשה יו""ר העמותה מהקמתה ועד ספטמבר 2025.

בתפקידה הקודם הייתה יועצת מנכ""ל משרד הכלכלה לתכנון רפורמת הייבוא (""מה שטוב לאירופה טוב לישראל"") וקודם לכן עבדה כיועצת.למספר מנכ""לי משרדי ממשלה וגופים ציבוריים בתכנון רפורמות ומהלכי שינוי לאומיים.

כבר מגיל 15 ספיר קידמה השתתפות אזרחית בהשפעה על מדיניות. כסטודנטית ייסדה עם חברים את תנועת ""ישראל 2050"" אשר פועלת לפתור בעיות מבניות בתחומי הדמוקרטיה והכלכלה. ב-2019 מונתה לתפקיד מנכ""לית התאחדות הסטודנטים.ות הארצית, במסגרתו הובילה את מעבר ההתאחדות מתל אביב לירושלים, יזמה תוכניות התנדבות ומלגות שבהן פעלו 25 אלף סטודנטים בשנת הקורונה והגדילה את היקף הפעילות של הארגון ב-50 מיליון ₪ מדי שנה.

ספיר גרה עם בן-זוגה יאיר ועם ילדיהם יערה ונגה בנטף, שבהרי ירושלים."
אייל בלוך,"מנהל אגף חינוך, עיריית לוד",אייל הוא מנהל אגף חינוך בעיריית לוד. איש חינוך מזה כ26 שנה. חינך וניהל כיתות ובית ספר של נוער בסיכון. עבד כ17 שנה במועצה איזורית שומרון. 10 שנים מתוכם כמנהל מחלקה ומנהל האגף. בתחילת שנה 2025 עבר לנהל את מערכת החינוך בעיר לוד.
סיון רוזן בלום,"מלווה רשותית מיזם ""תשכיל""- קידום רשויות בחברה הערבית","סיון היא מלווה רשותית מיזם ""תשכיל""- קידום רשויות בחברה הערבית. בעבר שימשה כמובילת מודל כפר בשכונה ברשת בתי הספר ברנקו וייס. בתפקידה הקודם שימשה כסגנית מנהל אגף חינוך בעיריית בת-ים ובמסגרת זו קידמה את נושא הילדים והנוער בסיכון ואת החינוך המיוחד. בתפקידה הנוכחי היא עובדת עם מנהלי ומנהלות בתי הספר והצוותים החינוכיים, פועלת להידוק הקשר בין הרווחה והחינוך וחותרת לשילוב מיטבי של ילדים בחינוך המיוחד במסגרות מותאמות בכלל, וכחלק מהחינוך הרגיל בפרט. קודם לכן עבדה כמנהלת תפעול ואסטרטגיה בחטיבה העסקית בחברת אמדוקס. את דרכה בחינוך החלה סיון בצבא, שם שירתה כמ""פ של טירונים קרביים. משם עברה לעבוד עם נוער בסיכון בארץ ובאפריקה, והייתה מחנכת, רכזת ומנהלת של פרויקטים שונים."
זמר בלונדהיים,"רע""ן פרודקט בגוף ביטחוני","זמר הוא רע""ן פרודקט ביחידה 8200. מאז שנת 2012 זמר עבד במשרד המשפטים: תחילה עבד במשך ארבע שנים במחלקה למשפט כלכלי בייעוץ וחקיקה באשכול רגולציה ועסק ברגולציה על תחומי תשתית כמו חשמל, מים ותחבורה, וכן בסוגיות הקשורות בתקציב המדינה ובחוק ההסדרים. בהמשך, במשך שנתיים, היה ראש יחידת הניהול החדשה שהוקמה ואחר כך ניהל את אגף מדיניות ואסטרטגיה במשך ארבע שנים. לאחר מכן הוא כיהן כסמנכ""ל אסטרטגיה ודיגיטל ברשות האסדרה במשרד ראש הממשלה. בנוסף, זמר הוא יו""ר הוועד המנהל של עמותה שייסד בזמן התמחותו, שהקימה את שומרי הדרך - המיזם המשותף עם הממשלה בתחום הזהירות בדרכים."
אביטל בלונדר,"מנכל""ית עמותת ג'ינדאס","משנת 2013 אביטל מכהנת כמנכ""לית עמותת ג'ינדאס להתחדשות עירונית בלוד. העמותה מקדמת מודל חדשני מסוגו בישראל לתהליך התחדשות עירונית רחב היקף באזור העיר העתיקה בלוד. מודל זה מעמיד במרכזו את הרצון לחולל שינוי באיכות החיים של תושבי השכונה בדרך של שינוי פיזי וחיזוק החוסן הקהילתי. זאת, באמצעות פיתוח דיור חברתי וסביבה, פיתוח כלכלי ותעסוקתי, חינוך פורמלי ובלתי פורמלי ובינוי קהילה. אביטל באה מרקע של עשייה בארגונים חברתיים העוסקים בנושאי החינוך והרווחה בישראל."
ענבר יחזקאלי בליליוס,"מנכ""לית במכון הדמוקרטי","ענבר מכהנת כמנכ""לית שותפה במכון הדמוקרטי. בתפקידה הקודם הייתה ראש מטה שר העבודה, הרווחה והשירותים החברתיים. בשנים 2018-2015 שימשה כיועצת בכירה לשר האוצר בנושאים חינוך, בריאות, רווחה ותעסוקה ובין היתר יזמה והייתה שותפה מובילה בצוות לבחינת קצבאות הנכים ותעסוקת אנשים עם מוגבלות בהובלת פרופ׳ ירון זליכה וכתוצאה מכך הממשלה אישרה תוספת של כ-4.5 מיליארד ₪ בשנים 2014-2011 היא הייתה יועצת מקצועית בכירה לשר הרווחה והשירותים החברתיים בקדנציות של משה כחלון ומאיר כהן ובשנים 2012-2011 נמנתה עם המייסדים של לתכלית ראויה - סיעה של עורכי דין חברתיים שהשתתפה בבחירות ללשכת עורכי הדין. החל משנת 2010 היא חברת הנהלה במרכז לרפואה, משפט ואתיקה . בשנים 2011-2008 היא הייתה היועצת המשפטית ומנהלת המחלקה המשפטית של איגוד מרכזי הסיוע לנפגעות ונפגעי תקיפה מינית בישראל ובמקביל, משנת 2010 שימשה כמנהלת מרכז הסיוע לנפגעות אונס ותקיפה מינית בירושלים ולפני כן, במשך שלוש שנים, התנדבה במחלקה החינוכית של המרכז. בשנים 2008-2007 שימשה ענבר כעו""ד בארגון בזכות - המרכז לזכויות אדם של אנשים עם מוגבלות ועסקה בשינוי מדיניות באמצעות חקיקה, פנייה וייצוג בערכאות משפטיות. בשנתיים שקדמו לכך עבדה כעורכת דין עצמאית ובשנים 2003-2002 ביצעה התמחות בפרקליטות מחוז ירושלים בתחומים פליליים ואזרחיים . בשנים 2001-1997 שימשה ענבר כתחקירנית בתוכניות טלוויזיה בערוץ הראשון ולאחר מכן ככתבת תרבות ברשת ב' של קול ישראל."
אלכסיי בלינסקי,סגן ראש מנהל תכנון כלכלי במשרד הבריאות,אלכסיי הוא כלכלן. בעל תואר בוגר בכלכלה מהאוניברסיטה העברית ותואר מוסמך מאוניברסיטת קיימברידג׳. כיום משמש כסגן ראש מנהל תכנון כלכלי במשרד הבריאות. בין השנים 2019-2024 מילא תפקיד של מנהל תחום בכיר לתכנון ארוך טווח של רופאים ורופאות במערכת הבריאות. בעבר עבד במשרד האוצר ובמכון מחקר בתחום של כלכלת בריאות
יוסי בן-אליעזר,"משנה למנכ״ל וסמנכ""ל הנדסה אפריקה ישראל מגורים","יוסי הוא סמנכ""ל הנדסה באפריקה ישראל מגורים החל משנת 2021. החברה עוסקת בעיקר ביזמות למגורים. במסגרת התפקיד אחראי לניהול תכנון, רישוי, ובנייה של אלפי יח""ד בשנה. החברה בונה בכל רחבי הארץ ומקדמת במקביל בניית שכונות, פרויקטים מורכבים , דיור להשכרה, התחדשות עירונית, מחיר למשתכן וכו'. לפני כן שימש כמנהל אזור בחברת אזורים במשך 6 שנים. קודם לכן שימש כמהנדס ראשי בחברת בנגד (חברת ביצוע משפחתית קבלנית) שהתמקדה בבנייה בצפון."
משה (אושיק) בן-עטר,"מנכ""ל ערים - חברה לפיתוח עירוני בע""מ","אושיק הוא מנכ""ל חברת ערים, חברה ממשלתית לפיתוח עירוני בע""מ. בשנים 2014-2018 - שימש כסמנכ""ל כספים וחבר הנהלה בחברת נת""ע, אשר הוציאה אל הפועל את הקו האדום בתל אביב - פרויקט התחבורה המשמעותי בישראל. בשנים 1997-2014 עבד באגף החשכ""ל במשרד האוצר במגוון תפקידים ובהם- חשב משרדי הפנים והתחבורה וסגן בכיר לחשכ""ל, מנהל חטיבת פנים ומקרקעין (בין הפעילויות- גיבוש הסכם חלף היטל השבחה עם מרכז השלטון המקומי, מכרזי השכירות ארוכת הטווח הראשונים, יו""ר ועדת מכרזים לטיפול בנזקי השריפה בכרמל). אהבת חייו היא כדורסל, בעבר (שנות התשעים) שיחק כשחקן מקצועי בליגת העל לכדורסל בקבוצת מכבי ירושלים."
אופיר בן-פורת,"מפקח פדגוגי במשרד החינוך, המנהל לחינוך התיישבותי","אופיר הוא מפקח פדגוגי במשרד החינוך, המנהל לחינוך התיישבותי. בתפקידו הקודם ניהל את בית הספר התיכון לחינוך סביבתי שדה בוקר."
נעה בן-שבת,היועצת המשפטית של ועדת העבודה והרווחה ושל ועדת הבריאות של הכנסת,"נעה היא היועצת המשפטית של ועדת העבודה והרווחה וועדת הבריאות בכנסת. במסגרת תפקידה היא מייעצת לחברי הכנסת ולוועדות בדיוניהן בנושאים של חקיקה ראשית וחקיקת משנה בתחומים של דיני העבודה, התעסוקה, בריאות הציבור וזכויות החולה, ביטוח בריאות ממלכתי, מקצועות בריאות, אסדרת שימוש בטכנולוגיות רפואיות מתקדמות, ביטוח לאומי, גמלאות, רווחה, שיקום וזכויות אנשים עם מוגבלות."
נתנאל בן-שושן,מנהל מערך התקשורת בתנועת ׳הרבעון הרביעי׳,מנהל מערך התקשורת של תנועת ׳הרבעון הרביעי׳ ויועץ תוכן ואסטרטגיה לחברות וארגונים. בתפקידו הקודם ניהל את מרחב התקשורת במעוז. לפני כן עבד כעשור כעיתונאי במספר כלי תקשורת ותפקידים. בינהם עורך תכניות אקטואליה בתאגיד השידור הציבורי ׳כאן 11׳ וסמנכ״ל התוכן בערוץ 20 ואף היה חלק ממקימי הערוץ.
אבי בנוב,סגן קצין הרפואה הראשי וראש מחלקת הרפואה המבצעית,"אבי הוא מפקד הרפואה של פיקוד הצפון, צה""ל."
אור בנימין,"Director of Operations, The Good Food Institute Israel","אור הקימה ומנהלת את פעילות הארגון הבינלאומי The Good Food Institute בישראל. בתפקידיה הקודמים במגזר החברתי היא ניהלה את עמותת יום שני ללא בשר ושימשה כמנהלת שותפויות בעמותת מרכז מעשה – לקידום שוויון הזדמנויות של צעירים בני הפריפריה הכלכלית-חברתית באמצעות מסגרות התנדבות ותוכניות המשך. קודם לכן, שימשה כמייסדת וכמנהלת פיתוח עסקי של חברת לזוז מדיה המפתחת קונספט אומנותי למשחקים ומדיה לילדים. במקביל לעבודתה, אור מתנדבת בפרויקט אם לאם בקהילה בליווי אימהות לאחר לידה. בשנים 2008-2006 אור שימשה כדירקטורית תפעול מכירות אמריקה בחברת צ‘ק פוינט בקליפורניה את שירותה הצבאי סיימה אור כקצינת חינוך בבית הספר לקצינים בה""ד 1 ולפני כן שירתה כמשקי""ת הוראה בחוות השומר בעבודה עם חיילים עולים בני העדה האתיופית."
אסף בנר,"מוביל תנועת מהפכת הקשב, יועץ עצמאי","אסף הוא יזם חברתי ומנהל, העסוק בפער בין הרצוי למצוי בבנייתה של חברת מופת. בימים אלה שוקד על ההקמה של תנועת מהפכת הקשב, העוסקת באיזון מחודש של היחסים בין אדם וטכנולוגיה דיגיטלית, בדגש על המחירים שהיא נושאת בתחום הגברת הקיטוב ופגיעה בחוסן הרגשי-נפשי של פרטים, קבוצות ועם. במהלך השנה האחרונה הוביל את המיזם הפילנתרופי המשותף קרן של אור, שבו חברו שש קרנות לפעולה משותפת ליום שאחרי הקורונה. בשנים  2010- 2019 שימש כמנכ""ל ושותף מייסד של חותם- תוכנית המכשירה צעירים איכותיים להיות מורים בפריפריה החברתית והגיאוגרפית ומנהיגים במערכת החינוך בישראל, הפועלים ליצירת שוויון הזדמנויות בחינוך. קודם לכן היה סמנכ""ל תנועת הכול חינוך, וגם פעל כמנכ""ל וכאחד ממייסדי עמותת במעגלי צדק - תנועה הנאבקת למען צדק חברתי תוך שימוש בשפה ובמקורות מהיהדות ומייסד שותף של עמותת שכן טוב, קרן פסיפס ישראלי, קרן נעמי בנר ז""ל ומיזם צום נזכור - לצום אזרחי ביום השואה ככלי רב עוצמה להבטחת זיכרון השואה."
פאיק בסול,גזבר המועצה המקומית ריינה,"פאיק הוא גזבר המועצה המקומית ריינה. במסגרת תפקידו הוא אחראי על ניהול תקציב העירייה לרבות שכר עובדים, הזמנות לעבודות פיתוח וחוזים עם קבלנים וספקים, ומפקח על מחלקת הנהלת החשבונות, על חשב השכר, על הגבייה ועל הרכש. כמו כן הוא אחראי על הכנת דוחות כספיים תקופתיים ושנתיים בהתאם להנחיות משרד הפנים, על דיווחים למשרדי הממשלה השונים ועל הגשת קולות קוראים לתקצוב פרויקטים ממשרדי הממשלה וממוסדות שונים, וממונה על ניהול תזרים המזומנים ועל העבודה מול הבנקים."
ליאת בסיס,פסיכולוגית ארגונית,"ליאת כיהנה כראש מטה במעוז, קודם לכן היא ניהלה את יחידת המיון, המדידה וההערכה במעוז. לליאת יש ניסיון של למעלה מ-20 שנה בתחומי המיון וההערכה ובנוסף היא מרצה בתכנית לפסיכולוגיה ארגונית לתואר שני באוניברסיטת בר-אילן. עד שנת 2016 ליאת ניהלה את ‘בסיס להערכה’ ארגון שהוקם על ידה ונתן שירותים בתחומי פיתוח מערכות מיון והערכה ומדידה של פרטים ושל תכניות."
זיוון אביעד בר,"קצין רפואה ראשי בצה""ל","ד""ר זיוון אביעד בר הוא קצין רפואה ראשי. בתפקידו הקודם שימש כמפקד המרכז לשירותי רפואה בצה""ל, ולפני כן שימש כמפקד הרפואה בפיקוד הדרום בצה""ל. במסגרת תפקידו היה אחראי על הרפואה המבצעית, על רפואת השגרה ועל בריאות הצבא ובריאות הנפש בקרב כלל משרתי הפיקוד. קודם לכן כיהן כראש ענף מיון רפואי בצה""ל ובמסגרת תפקידו היה אחראי על הוועדות הרפואיות למשרתים ולמועמדים לשירות ביטחון ועל קביעת מדיניות ספר הפרופילים בצה""ל. בשנת 2016 סיים זיוון התמחות ברפואה פנימית בבית חולים איכילוב."
אדית בר,"מנכ""לית מרכז בלומברג סגול למנהיגות עירונית באוניברסיטת תל אביב","אדית מכהנת כמנכ""לית מרכז בלומברג סגול למנהיגות עירונית באוניברסיטת תל אביב. קודם לכן ניהלה את מינהל הפיתוח הכלכלי במשרד הפנים. בעבר שימשה כסמנ""כלית תקציבים והון אנושי במשרד האוצר, סגנית מנהלת מנהל התכנון במשרד הפנים, כ""ל משרד הפנים בתחום השלטון המקומי ומנהלת תוכנית חונכות עסקית לעסקים קטנים ובינוניים במשרד התמ""ת. בשירותה הצבאי הייתה אדית מדריכת חי""ר."
שגיא בר,"מנכ""ל המרכז לחינוך סייבר","שגיא הוא מנכ""ל המרכז לחינוך סייבר. כבר מעל לעשור הוא עוסק בחינוך טכנולוגי בדגש על מיזמים רחבי השפעה לאוכלוסיות מודרות עם התמחות במיומנויות המאה ה-21 והטמעתן דרך לימודי מחשבים וסייבר. שגיא בעל ניסיון של 25 שנה במחקר ופיתוח ביחידות הטכנולוגיה של אגף המודיעין בצה""ל, הכולל פיתוח מוצרים עתירי טכנולוגיה וחדשנות לצד ניהול צוותי מו""פ גדולים."
דוד בר,מנהל אגף בכיר בחטיבה לביקורת תחומי כלכלה ותשתיות לאומיות במשרד מבקר המדינה,"דוד עובד במשרד מבקר המדינה משנת  2007. במסגרת תפקידו הוא מנהל אגף בחטיבה לביקורת תחומי כלכלה ותשתיות לאומיות. בתפקידו הקודם היה ממונה על צוותים של ביקורת המדינה במשרדי ממשלה, רשויות סטטוטוריות, יחידות סמך כמו רשות המיסים בישראל וחברות ממשלתיות. במקביל, הוא מרצה בתחומי החשבונאות, הביקורת והמיסים וכתב ספר למשתלמים בקורס ייעוץ מס. קודם לכן עבד דוד כעשר שנים ברשות המיסים בישראל ומילא בה מגוון תפקידים."
ליאור בר-דור,"משנה למנכ""ל עדן - החברה לפיתוח כלכלי בירושלים","ליאור הוא משנה למנכ""ל עדן- החברה לפיתוח כלכלי בירושלים. ליאור החל את דרכו המקצועית בזמן לימודי התואר השני כששימש כסגן מהנדס התכנון בחברה מוריה בירושלים שם היה אמון על מיסוד קשרי החברה ורמ""י כחברה מנהלת חדשה לרמי. לאחר מכן עבד כמנהל פרוייקטים גיאוגרף ומתכנן ערים, 8 שנים, בחברת ניהול פרוייקטים עמ-גר במסגרת זו ניהל פרוייקטים רבים ומגוונים בשלבי התהוות ותכנון שונים. משנת 2006 ועד הוא עובד חברת עדן, שהחלה כחברה לפיתוח מרכז ירושלים וכעת הינה חברה כלכלית. הוא התחיל כסמנכ""ל החברה והפך למשנה למנכ""ל החברה."
גיל בר-טל,"יושב ראש הסתדרות המעו""ף (ההסתדרות הגדולה בתוך ההסתדרות הכללית), מנכ""ל קרן השתלמות של עובדי הרשויות המקומיות","גיל הוא יו""ר הסתדרות המעו""ף המאגדת בתוכה כ-370 אלף עובדים שכירים בישראל מסקטורים ודיסציפלינות מגוונות. כמו כן הוא מכהן כמנכ""ל קרן ההשתלמות לעובדי הרשויות המקומיות, יו""ר מועדון ""שלך"" ומועדון ""שלך לגמלאי"", יו""ר הוועד המנהל של המכללה למינהל ויו""ר העמותות לקידום חברתי-מקצועי מבית הסתדרות המעו""ף, אשר מקיימת מפעל מפואר בעל מסורת רבת שנים לקידום השכלה, השתלמויות, העצמת עובדים ורווחתם. גיל מומחה ביחסי עבודה, דיני עבודה, ניסוח הסכמי עבודה, פנסיה והבראה, לרבות השפעה על חוקים ועל תקנות הנוגעים לזכויות עובדים בישראל. הוא אחראי על ניהול 12 חטיבות בתחומי פעילות ומגזרים שונים של המשק."
מולו ברהן,"ממונה מחוזית בתוכנית הלאומית לילדים ונוער בסיכון 360, במשרד החינוך מחוז חיפה","מאז שנת 2015 מולו היא ממונה מחוזית בתוכנית הלאומית לילדים ונוער בסיכון 360 במשרד החינוך מחוז חיפה. במסגרת תפקידה היא אחראית על פיתוח, הובלה ויישום של שותפויות בין-משרדיות ביישובים שבהם פועלת התוכנית, עובדת עם ראשי רשויות ומנכ""לים ומובילה פיקוח בין-משרדי למען אוכלוסיות בסיכון ומערך השירותים עבורן. בעברה עסקה בהוראה בחינוך העל יסודי, ריכזה את תחום העולים במשרד החינוך וניהלה מרכז מידע לנוער בסיכון מטעם עמותת על""מ ואת תוכנית שילובים בחיפה."
מוריה ברוט,ראש יחידת תעסוקה ועסקים במינהלת תקומה,"מוריה היא ראש יחידת תעסוקה ועסקים במינהלת תקומה. לפני כן שימשה כסמנכ""לית אסטרטגיה ותכנון מדיניות במשרד לשוויון חברתי. היא נכנסה לשירות המדינה בשנת 2012 במסגרת תוכנית הצוערים והשתלבה בלשכת הממונה על זרוע העבודה כמנהלת תחום בכיר - אסדרת שוק עבודה, שם פעלה לגיבוש והטמעת מדיניות המשרד בסוגיות רוחב כגון עובדים זרים, חקיקת עבודה, שיפור השירות לאזרח ועוד. לאחר מכן שימשה כמנהלת אגף רגולציה באגף בכיר אסטרטגיה ותכנון מדיניות והייתה אחראית על תהליכי רגולציה, התאמת חקיקת העבודה לשינויים שחלו בעולם העבודה ועוד. טרם כניסתה לשירות הציבורי פעלה במגזר השלישי במגוון תפקידים ועמותות ובתפקידה האחרון שימשה כמנהלת אגף החינוך של עמותת במעגלי צדק. את דרכה המקצועית החלה מוריה עוד כסטודנטית עת יזמה והקימה פרויקטים חברתיים."
שמר ברוך,אדריכל בעל משרד לתכנון אורבני,"שמר מכהן בתפקיד מהנדס רשות יותר מארבע שנים בכפר ורדים ובית שאן. לפני כן היה שותף במשרד אדריכלים ב.ברוך-י.סלמון אדריכלים ומתכנני ערים, בו התמחה בבניה ציבורית ותכנון ערים, שכונות ותחומי התחדשות עירונית במשך כעשרים שנים."
שני ברוש,ראש אגף רפואה באסותא מרכזים רפואיים,"ד""ר שני ברוש היא ראש אגף רפואה באסותא מרכזים רפואיים, בעברה שימשה כסגנית מנהל המרכז הרפואי כרמל. קודם לכן היא שירתה כרופאה בצה""ל והשתחררה בדרגת סגן אלוף. בתפקידה האחרון בצה""ל עמדה בראש צוות רפואה בנציבות קבילות החיילים ובמסגרת תפקידה פיקדה על צוות בירור קבילות בנושאי רפואה. בשנים 2015-2013 היא הייתה סגנית ראש ענף רפואה במחלקת שירותי הבריאות בצה""ל ובמסגרת תפקידה הייתה אחראית על ניהול קידום האיכות, על קביעת מדיניות רפואת השגרה בצה""ל, על כתיבת הנחיות מקצועיות ועל עדכונן, על פיתוח מערכת מדדי איכות בצה""ל ועל גיבוש תוכני הכשרות וקורסים מקצועיים. בשנים 2011-2009 היא הייתה מפקדת מערך הרפואה השלישונית במרחב הצפון בצה""ל ובמסגרת תפקידה הייתה אחראית על ניהול הטיפול בחיילים במצבים רפואיים מורכבים ובבני משפחותיהם, פיקדה על צוות רב-מקצועי ויצרה שיתופי פעולה עם מערכת הבריאות האזרחית, מחלקת הנפגעים בצה""ל ואגף השיקום במשרד הביטחון. בשנים 2014-2013 הייתה חלק מצוות בית החולים הצבאי לטיפול בפצועים הסורים בגולן, בשנת 2013 השתתפה במבצע איים של תקווה - משלחת הסיוע ההומניטרי של צה""ל לפיליפינים ובשנת 2022 יצאה לאוקראינה עם משלחת הסיוע ההומניטרי והייתה שם המנהלת הרפואית של בית החולים שדה כוכב מאיר. במסגרת עשייתה החברתית היא שותפה פעילה בארגון יוצאי לובלין ודורות ההמשך ופועלת לקירוב בני הדור השלישי. שני היא מומחית ברפואת המשפחה ומומחית במנהל רפואי, בעלת תואר שני במנהל עסקים במגמת מנהל מערכות בריאות. היא מנחה סדנאות לפיתוח מיומנויות תקשורת וקבוצות עמיתים לרופאים צבאיים ובוחנת מועמדים לתוכנית צמרת בבחינות הקבלה של הפקולטה לרפואה באוניברסיטה העברית."
ליעד ברזילי,"סמנכ""לית אסטרטגיה, רגולציה ותקשורת שיווקית ב-Max","ליעד היא סמנכ""לית אסטרטגיה, רגולציה ותקשורת שיווקית ב-Max. היא הצטרפה כחברת הנהלה לMax- (לשעבר לאומי קארד) לפני כשלוש שנים וחצי לקראת הפרדת החברה מבנק לאומי במסגרת רפורמת שטרום לצמצום הריכוזיות ולקידום התחרות בבנקאות. במסגרת תפקידה היא אחראית על האסטרטגיה העסקית ועל ניהול השיח עם גורמי ממשל ותקשורת כחלק ממיצובה של החברה כגוף פיננסי חוץ בנקאי מוביל במפת הבנקאות המשתנה. קודם לכן שימשה ליעד כמנהלת פיתוח עסקי של שידורי קשת."
חלי ברזילי,"ממונה מחוזית בתכנית הלאומית לילדים ולנוער בסיכון במחוז ת""א והמרכז","חלי ממונה מחוזית ב-360, התכנית הלאומית לילדים ולנוער בסיכון במחוז ת""א והמרכז. במסגרת תפקידה, אחראית על הטמעת התפיסה המקצועית ועקרונות העבודה של התכנית ב-32 רשויות ובדרג הפיקוח המחוזי ופועלת בשלושה צירים: ריכוז וועדה מחוזית בין משרדית, ניהול שותפויות וחיזוק ממשקי העבודה עם משרדי הממשלה ועם אנשי מקצוע ברשויות והובלת תהליכי ליווי מקצועי והכשרת מנהלים יישוביים. בין תפקידה הקודמים: סגנית ממונה מחוזית ב-360 ואחראית תחום גיל רך במחוז, ניהול תכנית PACT לקידום קהילת יוצאי אתיופיה ברחובות, ניהול המתנדבים בעמותת 'עמך' באזור השפלה ועוד."
אמיר ברזילי,מנהל אגף חינוך מ.א. בני שמעון,"אמיר משמש כמנהל אגף חינוך במועצת בני שמעון. בוגר לימודי חינוך לגיל הרך תואר ראשון (גן-א', ב') סמינר הקיבוצים. בעל תואר שני במנהל חברה ומדיניות החינוך מאוניברסיטת בן גוריון. שותף צוות בהקנת בית הספר הדמוקרטי קהילה בת""א."
מור ברזני,"VP Product Operations, Payoneer","מור היא Chief of staff, Product, Payoneer. בעברה ניהלה את אגף חברה וממשל בבית הנשיא, האמון על פעילות נשיא המדינה בתחומי החברה והכלכלה וכולל את מרכז הביקורים והסדנאות של בית הנשיא. בשנים 2021-2018 היא ייסדה וניהלה את האגף לגיוון תעסוקתי בנציבות שירות המדינה, שפיתח את מדיניות שירות המדינה בנושאי גיוון וכשירות תרבותית כמעסיק הגדול במשק וכנותן השירותים החשובים במשק, כולל הכשרתם של 80 ממוני גיוון בכלל יחידות המדינה. בתוך זמן קצר המודלים הייחודים והידע שפותחו באגף שימשו מקור ידע בינלאומי בתחום. בשנים 2015–2018 היא עבדה במחלקת התוכן והאסטרטגיה בבית הנשיא וניהלה את הפעילות בתחומי התעסוקה והאזוריות במסגרת המיזם תקווה ישראלית ובמטרה להבטיח חוסן כלכלי-חברתי בישראל. קודם לכן עבדה מור כשלוש שנים כליטיגטורית במשרד עורכי הדין אגמון ושות' וייצגה את החברות ואת הבנקים הגדולים במשק."
ניר ברטל,ראש מועצה מקומית אורנית לשעבר,"בתפקידו האחרון שימש ניר כראש המועצה המקומית אורנית. קודם לכן, ניהל את תחום ביטוחי חבויות ברשות שוק ההון, ביטוח וחיסכון ובמסגרת תפקידו יזם והוביל רפורמות צרכניות משמעותיות בשוקי ביטוח אלו והיה אחראי על שיפור השירות שחברות הביטוח והחברות המנהלות חיסכון פנסיוני מעניקות למבוטחים ולחוסכים."
תהילה ברייטברט,"מנהלת הכשרות ופיתוח מנהלים, משרד ראה""מ","תהילה היא מנהלת הכשרות ופיתוח מנהלים, משרד ראה""מ. בעבר שימשה כראש ענף מחקר, מטה למחקר ועיצוב מדיניות במשרד ראש הממשלה, והייתה שם מנהלת בכירה. במסגרת תפקידה הקודם הייתה אחראית על הובלת תהליכי ניתוח מערכתיים בתחומים הנוגעים לביטחון הלאומי ולחוסן החברתי-כלכלי של ישראל וכן על גיבוש וקידום כיווני פעולה אסטרטגיים עבור הדרג המדיני והאופרטיבי. לפני כן עמדה בראש המערך המקצועי של מטה המחקר ועיצוב המדיניות וניהלה את תהליכי הפיתוח המתודולוגי, הגיוס וההכשרות הייעודיים. במקביל, תהילה חברה פעילה בצוות ההיגוי הארגוני לקידום שוויון מגדרי, שפועל לשינוי פניו של הארגון בהיבט הזה ולהבטחת ייצוג הולם של נשים בכל התפקידים ובכל הדרגים, תוך רתימת מנהלות ומנהלי הארגון לתהליך."
עמליה בורוביץ בריל,יועצת חדשנות ואסטרטגיה,"יזמת, משקיעה וחברת בורד בחברות בשלבים שונים, החל מחברות צעירות וכלה בחברות ציבוריות.
לעמליה למעלה מ-20 שנות ניסיון בהקמה ובניהול של ארגונים ותשתיות מאיצות חדשנות וניסיון רב בבנייה של אקוסיסטם.
הניסיון המגוון של עמליה כולל יזמות, ייעוץ אסטרטגי, חדירה לשוק הישראלי לחברות Fortune 1000 (כגון: Seagate, Samsung), והקמה של פלטפורמות לתמיכה במיזמים צעירים משלב seed – A. לצורך זה הקימה עמליה אקסלרטורים לחברות שמשלבות Open Innovation בעשייתן
 (MindCET,  Runway) וגופי השקעה: EDvantage ו-NETA. 
עמליה מלווה יזמים רבים כמנטורית. כיום בעיקר נשים יזמות ויזמים פלשתינאים.
במהלך השנים עמליה מרצה במסגרות שונות (לרבות, בצלאל, האקדמיה לאמנות ועיצוב, המכללה למנהל) על אסטרטגיות לניהול חדשנות ויזמות."
שלמה ברילנט,"מנכ""ל איגוד מנהלי הישיבות, משנה לראש העיר בית שמש וממונה רווחה והשירותים החברתיים","שלמה הוא מנכ""ל איגוד מנהלי הישיבות, משנה לראש העיר בית שמש ממונה מנהל רווחה והשרותים החברתיים, מנכ""ל חברה ליעוץ למוסדות וארגונים בתחום חינוך, חבר ועד מנהל במנהיגות אזרחית."
אסף ברימר,"מנכ""ל Moona a Space for Change","אסף הוא היזם והמנהל של מונא – חלל לשינוי, מאז 2013. במסגרת התפקיד הוא לומד, מפתח ובונה עם הצוות את כלל המרכיבים של הפעילויות השונות של הארגון ואת הארגון עצמו, צעד אחר צעד, בתהליך שאינו מסתיים לעולם, אבן דרך אחר אבן דרך. פעילויות מונא מבוססות על התנסות מעשית בטכנולוגיה מתקדמת במשימות מוגדרות (PBL). בתהליך זה קהילת המשתתפים רוכשת את מיומנויות העבודה בטכנולוגיה לצד מיומנויות רכות (מסוגלות, אחריות, עבודת צוות). אסף שירת 27 שנים כטייס קרב בחיל האוויר, ואחר כך עבד כחמש שנים בתעשייה האווירית."
אלי ברינר,"סמנכ""ל תפעול מכירות ושיווק, אושר עד","אלי משמש כסמנכ""ל תפעול ברשת הקמעונאות אושר עד. במסגרת תפקידו, הוא מטפל בין השאר במיתוג, פרסום ,שיווק וקידום החברה על כלל הרבדים. הוא חי ונושם קמעונאות בארץ ובעולם מאז 1999."
שאדי בריק,גזבר מועצה מקומית מג'דל שמס,שאדי הוא גזבר מועצה מקומית מג'דל שמס. עד שנת 2018 עבדת כרואה חשבון במגוון משרדי ראיית חשבון וחשב כספים לכמה חברות פרטיות. החל משנת 2019 מכהן בתפקיד של גזבר מועצה מקומית מג'דל שמס.
שירלי רימון ברכה,"מייסדת ומנכל""ית קרן הדור הבא","שירלי היא מייסדת ומנכל""ית קרן הדור הבא. בעבר שימשה כמנהלת מינהל חינוך בעיריית תל אביב יפו. קודם לכן, היא שימשה כסמנכ""לית תוכן במכון ברנקו-וייס ובמסגרת תפקידה הייתה אחראית על הובלת תהליכים אסטרטגיים תוך-ארגוניים ועל ביסוס שותפויות חוץ כיצירת מנועי צמיחה תוכניים לארגון וניהלה את מטה התוכן של המכון. לפני כן היא עבדה במשך שלוש שנים כמנהלת יחידת התוכניות במכון ברנקו-וייס. בשירותה הצבאי שימשה שירלי כמדריכת חיל רגלים בבית הספר לחי""ר."
הדס קליידר ברכה,"לשעבר סמנכ""לית תוכן ופדגוגיה במעוז","הדס הייתה סמנכ""לית תוכן ופדגוגיה במעוז. במסגרת תפקידה הקודם ניהלה מיזם ‘ענבר’- מיזם משותף של משרד הבריאות וארגון מעוז שנועד לגבש את העתודה הניהולית הבכירה והמובילה במערכת הבריאות. בנוסף לכך, ניהלה את חטיבת היכולות האחראית על חיזוק יכולות לבניית אמון והובלת שינוי בקרב חברי הרשת. לפני כן הנחתה כשנתיים בתכנית העמיתים של מעוז. להדס ניסיון עשיר בייעוץ, הנחיה ופיתוח סדנאות במגזר העסקי, במגזר השלישי ובצבא ההגנה לישראל. לפני הצטרפותה למעוז, הדס שימשה כיועצת לפיתוח מנהיגות ומנחת קבוצות בבית הספר לפיתוח מנהיגות של צה”ל. במסגרת תפקידה התמקדה בייעוץ ארוך טווח ליחידות ולמפקדים, בפיתוח צוותים והנחיית סדנאות תוכן ומיומנות, כמו גם באבחון אתגרי מנהיגות תלויי הקשר והתאמת התערבויות ברמה הארגונית. בנוסף, הדס עבדה שש שנים כמנחה ומפתחת סדנאות בחברת “בסיס להערכה” עבור מנהלים ואנשי משאבי אנוש בארגונים שונים הן במגזר העסקי הן במגזר השלישי. במסגרת תפקידה עסקה בפיתוח כלי מיון ותהליכי הערכה ומדידה בארגונים שונים. הדס בעלת תואר שני בפסיכולוגיה ארגונית-חברתית מאוניברסיטת בר אילן ותואר ראשון בפסיכולוגיה מאוניברסיטת חיפה. הדס מתגוררת באבן יהודה, נשואה לאייל ואמא למאיה, עמית ורואי."
ניצן ברכן,"אדריכל, מהנדס העיר בני-ברק","ניצן הוא מהנדס העיר בני-ברק. לפני כן שימש כמנהל אגף רישוי בנייה ומידע בעיריית פתח תקווה.  וכאדריכל העיר.בין השנים 2011-2019 ניהל את המחלקה להתחדשות עירונית בעזרה ובצרון במסגרת תפקיד זה ריכז את עבודת המינהלת, המסייעת לתושבים בקידום פרויקטים בתחומי פינוי בינוי, תמ""א 38 ושימור ברחבי תל-אביב. בין השנים 2008-2011 שימש כאדריכל אגף הנדסה בעיריית בת ים התנסה בניהול, בתכנון ובליווי תוכנית בניין עיר, משלב התכנון המוקדם ועד לאישור לביצוע. בעבר עבד כאדריכל בכיר במשרד דני לזר אדריכלים והיה בעליו של משרד עצמאי לתכנון ואדריכלות. בשירותו הצבאי היה ניצן חוקר במצ""ח."
נחום ברכר,גזבר עיריית אלעד,"נחום הוא גזבר עיריית אלעד החל משנת 2019. בנוסף, הוא משמש כחבר הנהלה בפורום המקצועי של הרשויות החרדיות ויו""ר ועדה לפיתוח כלכלי של הפורום המוביל שינוי בתהליכי העבודה, שאיפה למקצועיות וקידום ההון האנושי ברשויות החרדיות. בשנים 2019-2017 הוא היה סגן גזבר ומנהל הרכש בעיריית אלעד. בשנים 2017-2013 היה בעל משרד לראיית חשבון ומנהל כספים בעמותה לבניית בית מדרש בהיקף של כ-200 מיליון ₪. בשנת 2012 שירת שירות לאומי אזרחי בעמותת בצוותא המקדמת לימודי חונכות לאוכלוסייה בסיכון."
כרמל טל ברמן,"מנכ""לית מועצה אזורית גזר","כרמל היא מנכ""לית המועצה האזורית גזר. במסגרת תפקידה היא מתכללת את עבודת המחלקות והאגפים השונים במועצה ואת הקשר והעבודה מול ועדי היישובים במועצה. קודם לכן הייתה סמנכ""לית ברשת מוצצים, תפקיד שבמסגרתו הייתה שותפה לפריצת הדרך של החברה ולביסוסה כרשת קמעונאית מובילה. את דרכה התחילה כרמל כיזמית שהקימה חנות ומרכז להיריון ולידה, ומשם פיתחה את הקריירה שלה בענף."
אפרת ברנד,יועצת משפטית למינהל התכנון,"אפרת היא סגנית בכירה ליועמ""ש מינהל התכנון. במסגרת תפקידה, מרכזת את תחום התכנון בלשכה לרבות ליווי תוכניות מתאר ארציות משמעותיות בתחום הדיור, התשתיות והשטחים הפתוחים. מייצגת את מינהל התכנון בפורומים שונים ובכלל זה בממשלה ובכנסת. מנהלת עורכי דין בלשכה ומנחה אותם בתחום אחריותם."
תומר ברנד,"סמנכ""ל חטיבת הדיגיטל, כאן - תאגיד השידור הישראלי","הייתי עיתונאי שחצה את הקווים מפרינט (מעריב) לדיגיטל, ואז עורך דיגיטל, שחצה את הקווים לניהול מערכת חדשות (NRG וכאן חדשות), ואז איש חדשות שחצה את הקווים לניהול חטיבת הדיגיטל של כאן. 
עוסק בתוכן - טקסט, וידיאו ואודיו, בפלטפורמות סושיאל, בנכסים דיגיטליים ובדרכי הפצה יצירתיות. מנהל חטיבה של כמעט 100 עובדים ופועל להטמעת חדשנות בחטיבה ובארגון.
בין לבין מרצה על תקשורת ועל דיגיטל וחוקר חובב של ויראליות"
אינה ברנזבורג,"מ""מ מנהל אגף הפעלה ורישוי תחבורה ציבורית, ברשות הארצית לתחבורה ציבורית, משרד התחבורה","אינה משמשת בשנה האחרונה כממלאת מקום מנהל אגף הפעלה ורישוי תחבורה ציבורית במשרד התחבורה. האמון על תכנון, הפעלה, רישוי ופיקוח על שירותי התחבורה הציבורית הניתנים לציבור המשתמשים. במסגרת זאת, אינה פועלת לקידום ויישום מדיניות לחיזוק ושיפור תשתיות ושירותי התחבורה הציבורית ומובילה את פיתוח התחבורה הציבורית ביישובי החברה הערבית מתוקף החלטת ממשלה 550. כמו כן, אינה דירקטורית בחברת פיתוח מתחמי רכבת ישראל. לפני כן, אינה שימשה כממונת התחבורה הציבורית במחוז גליל, גולן ועמקים וניהלה את שירותי התח""צ במחוז הצפוני המונה כ- 97 רשויות מקומיות. בעברה אינה קידמה מדיניות להקצאת משאבים שיוויונית בפיתוח ותכנון תשתיות תחבורה ושירותי תחבורה ציבורית ברשויות מקומיות ערביות, במסגרת תפקידה בעמותת סיכוי ושימשה כיועצת לפורום התחבורה של וועד ראשי הרשויות הערביות. בנוסף לכך, אינה הובילה קורס אקדמי במכללת שנקר שמטרתו להכשיר סטודנטים לחשיבה ועיצוב חברתי ע""י תכנון פרוייקטים קהילתיים בשותפות עם בי""ס קוממיות בשכונת פרדס כץ בבני ברק."
יצחק ברנר,"סגן ומ""מ ראש מועצת גבעת זאב","יצחק הוא סגן ומ""מ ראש מועצת גבעת זאב מחזיק תיק הנדסה ויו""ר הועדה המקומית לתנון ובניה.  קודם לכן ניהל מרכז לשירות הציבור בירושלים מטעם דגל התורה, שסייע לציבור במגוון רחב של נושאים. כבר עשרים שנה יצחק הוא פעיל חברתי בתחומי הרווחה והתרבות בקהילה."
מאיה ברעם,סגנית מנהל אגף בכיר תכנון ברשות הממשלתית להתחדשות עירונית,"משנת 2021 מאיה היא סגנית מנהל אגף בכיר תכנון ברשות הממשלתית להתחדשות עירונית. במסגרת תפקידה היא אחראית בין היתר על התנעה וקידום של תוכניות ההתחדשות העירונית ברחבי הארץ בהיקף תקציבי של כ-120 מיליון ₪, לרבות ניהול תהליכי עומק מקצועיים בין-משרדיים. בעבר הייתה עוזרת מקצועית לענייני תכנון לסמנכ""ל תקציבים והון אנושי במינהל התכנון ומנהלת פרויקטים בכירה להתחדשות עירונית בחברת רן וולף, תכנון אורבני וניהול פרויקטים. מאיה בעלת ניסיון עשיר בניהול תהליכי התחדשות של מתחמים היסטוריים והפיכתם למוקדים ציבוריים תוך זיהוי הפוטנציאל הטמון במפגש בין קהילה ומקום וניהול הממשקים בין בעלי העניין מהמגזר הפרטי לבין המגזר הציבורי. את תחילת דרכה המקצועית החלה מאיה בעולם התקשורת כעורכת משנה בתוכניות אקטואליה."
קרן ברק,מנכ״לית החברה הכלכלית ראשון לציון,"קרן היא מנכ״לית החברה הכלכלית בראשון לציון שמנהלת את תחום פיתוח התשתיות, הבנייה הציבורית והבנייה היזמית בעיר. החברה מבצעת פרויקטים בכל רחבי העיר ומנהלת את כל תחום ההתחדשות העירונית.
לפני כן כהנה כגזברית וראשת מינהל הכספים בעיריית ראשון לציון. במסגרת תפקידה היא אחראית על הניהול הכספי והכלכלי של העיר, כולל גבייה ואכיפת ארנונה והיטלים, תקציב, דוחות כספיים, תזרים מזומנים, השקעות, נכסים, תשלומים, בקרת שכר וניהול של כמאתיים עובדים, ומשמשת גם כדירקטורית בחברות הבנות. קודם לכן הייתה סגנית וממלאת מקום גזבר ומנהלת אגף תקציבים בעיריית ירושלים והייתה ממונה על בניית התקציב, בדיקת כדאיות כלכלית, ייזום תוכניות התייעלות וייעוץ כלכלי להנהלת העירייה. כמו כן הייתה קרן שותפה בבניית התוכנית האסטרטגית של העיר בהתאם למודל של פרופ' פורטר ופרופ' פלורידה, המשלב בין יתרון תחרותי וכלכלה יצירתית."
יעל נאמן ברק,"מנכ""לית קרן לאוטמן","יעל בחרה לעסוק בתחום החינוך אחרי שנים שבהן עסקה בעריכת דין בתחום המינהלי והפרטי. היא לימדה בבית ספר תיכון ועבדה שנתיים כמחנכת כיתה וכמורה לאזרחות וליהדות. לאחר מכן עברה לעבוד בארגוני חברה אזרחית, ובמסגרת זו עבדה כמנחה בעמותות העוסקות בזהות יהודית, ניהלה את סניף חיפה והצפון של עמותת גשר ועבדה בעמותת אשלים של ג'וינט ישראל כמנהלת תוכניות בתחום ילדים ובני נוער עם צרכים מיוחדים. משנת 2008 מכהנת יעל כמנכ""לית קרן לאוטמן, העוסקת בחינוך ובקידום השוויון והשותפות בין אזרחי ישראל עסקה"
אורלי ברק-צפריר,"מנהלת בית החולים השיקומי והמערך הגריאטרי, מנהלת היחידה לקידום רופאים- איכילוב (המרכז הרפואי ת״א ע״ש סוראסקי)","ד""ר אורלי ברק-צפריר מנהלת בית החולים השיקומי והמערך הגריאטרי, מנהלת היחידה לקידום רופאים - איכילוב (המרכז הרפואי ת״א ע״ש סוראסקי). בתפקידה הקודם כיהנה כעוזרת רפואית בהנהלת המרכז הרפואי במסגרת התמחותה במנהל רפואי. כמו כן הייתה שותפה בוועדות שונות כגון ועדת החייאה מוסדית ו-ועדת כוח אדם רופאים. קודם לכן שימשה אורלי כרופאה בכירה במערך הגריאטרי באיכילוב, ובמסגרת תפקידה הייתה אחראית על פיתוח המרפאה הגריאטרית ועל הקמת מרפאה אונקולוגית-גריאטרית שאותה היא מפעילה גם היום. בנוסף, הייתה אחראית על פרויקט קמיליון למערך הגריאטרי-שיקומי וכן על פרויקט אקרדיטציה מחלקתי. כשילוב בין היותה גריאטרית לבין התמחותה במנהל רפואי, יזמה ובנתה את ""תוכנית הזה""ב"" של בית החולים לטיפול בקשישים באשפוז החריף, הנתמכת ע""י משרד הבריאות וארגון אש""ל. קודם לכן, בשנים 2015-2012 שימשה אורלי כרופאת בית, טיוטור ומדריכה קלינית. במקביל עבדה כרופאת משפחה ומומחית ברפואה פנימית במרפאה של שירותי בריאות כללית בבית שמש. עוד קודם לכן הייתה אורלי מנחה של קבוצות תרגול בקורסים מסירת בשורה קשה ומיניות האדם בבית הספר לרפואה של האוניברסיטה העברית. התמחות רפואית: אורלי מומחית ברפואה פנימית ובגריאטריה. את התמחותה ברפואה פנימית ביצעה בבית החולים הדסה עין כרם ואת התמחות-העל בגריאטריה ביצעה במרכז הרפואי הדסה הר הצופים ובמרכז הרפואי תל-אביב ע""ש סוראסקי (איכילוב). את הסטאז' ברפואה ביצעה במרכז הרפואי הדסה עין כרם."
גליה ברקאי,"מייסדת בית החולים הווירטואלי שיבא ביונד, מייסדת המרכז לחוסן והפעלת בתי חולים במשבר","החל משנת 2019 ד""ר גליה ברקאי היא מנהלת היחידה למחלות זיהומיות בילדים בבית החולים ספרא לילדים במרכז הרפואי שיבא, וגם מנהלת בית החולים הווירטואלי שיבא BEYOND. משנת 2018 היא חברת הנהלת שיבא כמתמחה במנהל רפואי, ומאז שנת 2015 גם מרכזת בשיבא את תחום הטלרפואה. החל משנת 2008 היא עובדת בשיבא כיועצת במחלות זיהומיות בילדים וכרופאה בכירה במחלקת ילדים ב'. בשנים 2012-2009 היא הייתה אחראית על תוכנית ההתמחות בילדים, ובשנים 2017-2012 הייתה סגנית מנהל המחלקה. בשנים 2008-2006 הייתה יועצת במחלות זיהומיות וסגנית מנהל מחלקת ילדים א' במרכז הרפואי סורוקה בבאר שבע. לגליה התמחות ברפואת ילדים מבית החולים קפלן והתמחות-על במחלות זיהומיות מהמרכז הרפואי סורוקה. בימים אלה היא מתמחה במינהל רפואי בהנהלת המרכז הרפואי שיבא."
עופר ברקוביץ,"יו""ר enova (נופר מילגם), שותפות אנרגיה מתחדשת, מנהל התחום המוניציפלי","עופר הוא יו""ר נופר מילגם - שותפות לקידום אנרגיה מתחדשת. כמו כן הוא מייסד התעוררות בירושלים - התנועה החברתית, הפוליטית והמוניציפלית הגדולה בישראל , וכיהן בה כיו""ר בשנים 2008-2023. בעבר הוא היה סגן ראש עיריית ירושלים, האחראי על תחומי הפיתוח הכלכלי, התרבות והתחדשות מרכז ירושלים, וכיהן כיו""ר עדן וכיו""ר ועדת הכספים. עופר הוא מרצה בתחומי המנהיגות, הובלת שינוי וניהול בתנאים קשים."
הילה ברקן,"סמנכ""לית קשרי חוץ במכללה האקדמית כנרת","הילה היא סמנכ""לית קשרי החוץ של המכללה האקדמית כנרת ומנכ""לית החברה הכלכלית של המכללה. במסגרת תפקידה היא אחראית על ממשק עם מרכז כנרת ליזמות וחדשנות בתחום ה- AGRO-TECH, גיוס משאבים, קשרים בינלאומיים, יחסי ציבור ודוברות. ניהול המחלקה כולל בניית תקציב, מעקב ובקרה על ביצועו, ריכוז החלטות הנהלת המוסד האקדמי ותרגומן לתוכנית עבודה אופרטיבית, ניהול ספקים בתחום ההשמה ויחסי הציבור ופיתוח צוות העובדים במחלקה. בעבר שימשה כמנהלת תוכנית לקליטת בני נוער יוצאי אתיופיה במסגרת הג'וינט ישראל."
עידו ברקן,מנהל תוכנית מנדל למנהיגות באקדמיה,"עידו הוא מנהל תוכנית מנדל למנהיגות אקדמית . לפני כן היה ראש תחום מפקחים במכון אבני ראשה ובמסגרת תפקידו היה אחראי על בנייה והובלה של תהליכי הכשרה ופיתוח מקצועי של המפקחים הכוללים במערכת החינוך, וקודם לכן היה חבר בצוות המחקר והפיתוח של המכון. בשנים האחרונות עידו מכהן כמנטור בכיר בתוכנית Global Business Studies בפקולטה לניהול באוניברסיטת תל אביב, המיועדת לסטודנטים מצטיינים ממגוון מדינות הלומדים לתואר שני במינהל עסקים. עידו נמנה עם מייסדי קמפוס פרס חולון ברוח הייטק היי − בית ספר ציבורי ייחודי הפועל במודל של למידה מבוססת פרויקטים. את דרכו המקצועית הוא התחיל כיועץ אסטרטגי בחברת TASC."
אלי ברקת,"מנכ""ל, כי""ח - כל ישראל חברים","אלי הוא מנכ""ל כל ישראל חברים ועורך האתר החכם היומי. בעבר היה סמנכ""ל חינוך בכל ישראל חברים, ראש בית המדרש ממזרח שמש למנהיגות חברתית, ומנהל בית הלל באוניברסיטה העברית. הוא שימש כיו""ר פנים – איגוד הארגונים להתחדשות יהודית, יו""ר רשת בתי המדרש בישראל ויו""ר עמותת נוער צדק חברתי. הוא היה חבר בוועדת ביטון להעצמת הזהות של יהדות ספרד והמזרח במערכת החינוך, חבר במועצה הבינלאומית של הקרן החדשה לישראל, חבר ועדת פרס פועל/ת צדק בחינוך, וחבר ועד מעיין החינוך הדמוקרטי. אלי ערך את הספר ""א-מיתיות: צדק-חברתי, מגדר ומדרש"", ויזם את הוצאת הספר ""מסורת בעידן מודרני: חכמים ספרדים בדורות האחרונים"". הוא זוכה פרס זכויות האדם של NIF – אנגליה."
אמיר בשאראת,"מנכ""ל הוועד הארצי לראשי הרשויות המקומיות הערביות","אמיר הוא עורך הדין ומתכנן ערים, הוא מכהן כמנכ""ל הוועד הארצי לראשי הרשויות המקומיות הערביות בישראל. אמיר מייסד ושותף ומשמש כדירקטור בחל""צ אלביאדר לפיתוח כלכלי חברתי בע""מ, הוא חבר וועד מנהל באיגוד המתכננים בישראל (ע""ר), חבר וועד מנהל במרכז השל לקיימות (ע""ר), ומשמש כנציג הציבור מהחברה הערבית בצוות היישום לפרק הדיור בהחלטת הממשלה 550. אמיר בוגר תואר ראשון במשפטים, תואר שני מוסמך מנהל ומדיניות ציבורית מאוניברסיטת חיפה, תואר שני במשפטים בהתמחות בזכויות אדם מהמכללה למינהל, ותואר מוסמך גאוגרפיה ותכנון עירוני ואזורי באוניברסיטה העברית בירושלים. אמיר נולד וגדל בכפר יָאפַת אַ-נַאסְָרה (יפיע) (Jaffa of Nazareth) וכיום מתגורר בחיפה עם אשתו סמר ובתם סלמה."
רנא בשארה,"מנהלת רפואית מרחבית, מרכז ירושלים, מכבי שירותי בריאות","התחלתי את דרכי המקצועית במכבי בשנת 2010 כמתמחה לרפואת המשפחה
את ההתמחות סיימתי ב 2015 ומאז מילאתי מספר תפקידי בקופה לרבות רופאת משפחה, חלק מצוות הכנה לשלב ב' כולל כתיבת שאלות, רופאה בטיפול יום ושותפה לצוות ממט""ק של מכבי ( טיפול בחולי קורונה מרחוק)
המסע שלי בניהול התחיל ב 2020 כמנהלת טיפולי יום מבוגרים וטראומה במרכז ירושלים וכחלק מהצוות שהקים את השירות. 
את התפקיד הנוכחי כמנהלת רפואית מרחבית של מרכז ירושלים, התחלתי ב 5.2021 
מדובר במרחב מגה עם פיזור גאוגרפי רחב, סביב 220 רופאים ומרכז מכונים הכולל בין היתר מרכז להתפתחות הילד, מרפאה גריאטרית, בריאות האישה ועוד
מדובר בתפקיד מרתק בו אני שותפה פעילה בצוות הנהלת המרחב"
נגה גיל בשיא,"מנהלת ציר הרשויות המקומיות במיזם משותף של ג'וינט אלכא ומינהלת תנופה בקו העימות בצפון. מנהלת מיזם חינוך מבית ""הביתה-חוזרים לגליל""","מנהלת מרחב הרשויות המקומיות במיזם משותף תנופה לצפון וג'וינט אלכא. 
וגם מנהלת חינוך גלילי אזורי מטעם ""הביתה-חוזרים לגליל"".
מעורבת בתהליכי שיקום וצמיחה בעוטף עזה וברשויות קו העימות בצפון. בחודשי המלחמה הראשונים, הקימה וניהלה תיכון גדול למפוני הצפון.
חברה בועד המנהל של מט""ח, המרכז לטכנולוגיה חינוכית.
חברה בבורד המייעץ של ""עיר מדינה"", חיבור ההייטק לרשויות המקומיות בפריפריה.

הקימה וניהלה את התוכנית למנהיגות בשירות הציבורי ואת יחידת הפיתוח האסטרטגי במרכז מנדל למנהיגות בצפון. 

ניהלה את אגף חינוך וקהילה במועצה האזורית עמק המעיינות, שאותו הקימה, שכלל את מחלקות החינוך, הרווחה, המתנ""ס והתחבורה. במסגרת זו, בנתה תוכנית אסטרטגית לחינוך בעמק ועסקה ביישומה תוך שיתוף מגזרים שונים בפעילות לקידום החינוך והקהילה. רבות מהיוזמות החינוכיות והקהילתיות שפותחו, יחד עם חדשנות חינוכית מגוונת ושיתופי פעולה מיוחדים באזור - קיימים עד היום. 

במהלך השנים מלווה מנהלים בתחומים שונים ומובילה תהליכי הסכמות בקונפליקטים. 
נגה בעלת תואר ראשון בתלמוד ותואר שני בהיסטוריה של עם ישראל, בוגרת קורס להכשרת מנהלי בתי ספר, גישור ודירקטורים, בוגרת תוכנית עמיתי מעוז."
עארף בשיר,מנכ״ל סלטי בוסתן - בשיר גרופ,"עארף מכהן כמנכ״ל סלטי בוסתן מבשיר גרופ, וגם ממנכ״ל את אלבשיר פוד, חברת ההפצה למוצרים מזון בחברה העברית (מצונן ויבש), מוביל שינוי רוחבי בחברה, מתמחה ומאמין בשיווק ובחדשנות, הוא מנוע צמיחה לחברות, כמו כן חי את תעשיית המזון טוב מאוד. בעל תואר ראשון במנהל עסקים מהבינתחומי הרצליה ותואר MBA מאוניברסיטת רייכמן. דור שני בעסק המשפחתי, עבר כמה תפקידים, האחרון משנה למנכ״ל בחברת רושדי תעשיות מזון, לפני זה מנהל שיווק ומכירות, מנהל תפעול, מנהל רכש ולוגיסטיקה, נבחר לנבחרת המנהיגים הצעירים 40 עד 40 של גלובוס לשנת 2022."
אשרף ג'בור,"מנכ""ל ארגון גג לקידום מצוינות אקדמית","אשרף מנכ""ל ארגון גג לקידום מצוינות אקדמית  בחברה הערבית. הארגון כולל רשת תכניות לתלמידי תיכון מצטיינים ומחוננים אשר לומדים בתוכניות תלת שנתיות בתוך האוניברסיטאות המובילות בישראל. בנוסף הארגון כולל מיזם שנות מעבר לתלמידים עם פוטנציאל הצטיינות. בתפקידו הקודם אשרף ייסד וניהל במשך כתשע שנים את התוכנית הלאומית ""רואד"" להנגשת השכלה גבוהה לחברה הערבית, הדרוזית, הצ'רקסית והבדואית,. קודם לכן ניהל את התיכון העירוני שפרעם ועבד במחוז צפון במשרד החינוך כמדריך מלווה לתיכונים בנצרת. את דרכו החל כמורה וכמחנך מתוך שליחות, הן במגזר היהודי והן בחברה הערבית. הוא היה בוחן באגף בחינות במשרד העבודה וריכז את תחום ההכשרה המקצועית למבוגרים מהחברה הערבית ברשת עמל הישגים בצפון. אשרף נמנה עם מייסדי המדרשה למנהיגות ישראלית משותפת המהווה שנת מעבר ראשונה בישראל לצעירים ערבים ויהודים, חבר בועד המנהל של האות הבינלאומי לנוער וצעירים ומרצה אורח באוניברסיטת בר-אילן."
מריה ג'יריס,"מנכ""ל מכון שיטה למדיניות מקומית","מריה היא מנכ""ל מכון שיטה למדיניות מקומית. לפני כן שימשה ראש מטה מנכ""לית משרד התחבורה והבטיחות בדרכים. קודם לכן ניהלה את אגף פיתוח אזוריות במשרד הפנים. במסגרת תפקידה הקודם הייתה אחראית על פיתוח ויישום אסטרטגיות לעידוד אזוריות ושיתופי פעולה בין רשויות מקומיות, בעיקר במסגרת אשכולות אזוריות שמוקמים לקידום פיתוח אזורי, התייעלות כלכליות וצמצום פערים. קודם לכן בתפקידה במשרד הפנים היא הובילה יישום תוכניות לפיתוח כלכלי ברשויות מקומיות בחברה הערבית. מריה היא בוגרת המחזור הראשון בתוכנית הצוערים לשירות המדינה."
נזאר ג'יריס,סגן מנהל מחלקה פנימית במרכז הרפואי בני ציון,"משנת 2016, משמש ד""ר נזאר ג'יריס כסגן מנהל מחלקה פנימית במרכז הרפואי בני ציון בחיפה. נוסף על תפקידו זה מוביל פרויקט חדשני בתחום אשפוז יום ביה""ח מול הקהילה ליצירת חלופות אשפוז נוספות. במהלך תקופת הקורונה מונה כאחראי על הכשרות צוותים רפואיים ושותף בוויסות כח אדם רפואי במענה של המרכז הרפואי למגיפה. בתפקידו הקודם כרופא בכיר במחלקה פנימית ובראומטולוגיה קידם את תחום האולטרה-סאונד ברפואה הפנימית (POCUS) ובראומטולוגיה (US שרירי גרמי) ."
יוסף אבו ג'עפר,סגן ראש העיר רהט וממנה תיק ההנדסה והתכנון,"יוסף הוא סגן ראש העיר רהט וממנה תיק ההנדסה והתכנון, בעבר שימש כמנכ״ל שותף כוכבי המדבר. בתפקידו הקודם היה גזבר המועצה המקומית חורה, בין השנים 2011-2020, בתפקידו היה אחראי גם על קידום פרויקטים הקשורים לגופי מועצה שונים דוגמת החברה הכלכלית לפיתוח חורה. כמו כן שימש יוסף גם כגזבר הוועדה המקומית לתכנון ובניה נגב מזרחי, המטפלת במתן היתרי בניה לחלק מיישובי החברה הבדואית בנגב. בעברו עבד יוסף בעיריית רהט שם הקים את חשבות החינוך ועבד כחשב של מחלקות שונות. לאחר מכן כיהן כיו״ר תאגיד מי רהט, בתפקיד זה קידם את מערך המים בעיר רהט כולל ביצוע השקעות בתשתיות ומתן שרות לתושבים בעיר."
ריאן גאנם,מנהל מינהל הבחירות ברשויות המקומיות - המפקח הארצי על הבחירות,"ריאן הוא המפקח הארצי על הבחירות במשרד הפנים. לפני כן עבד במשרד האוצר במשך שמונה שנים, תחילה ברשות המיסים כמפקח מס הכנסה בכיר ולאחר מכן בחשב הכללי כסגן חשב בכיר במשרד החינוך. עד סוף שנת 2012 הוא עבד בחברת פרטנר במשך כשמונה שנים בתפקידי ניהול בכיר בתחומי המכירות והשירות. ריאן הוא רואה חשבון."
גל גבאי,"עיתונאית עצמאית, במאית ויזמית חברתית","גל היא עיתונאית, משמשת כמפקדת קורס העיתונאים בגלי צה""ל, מגישה ועורכת בתחנה ובמאית סרטי תעודה. בעבר הייתה כתבת ומגישה בחדשות ערוץ 2. מאז שנת 2008 היא מגישה את תוכנית האקטואליה ""עושים סדר"" ויוצרת את סדרת התחקיר התיעודית ""ואקום"". גל היא כלת פרס סוקולוב ""על תחקיריה שחשפו עוולות חברתיות הנוגעות לאוכלוסיות מוחלשות"", פרס פרימור לתחקיר טלוויזיה של הרשות השנייה ואות ""אומץ"". מאז שנת 2015 הייתה גל ראשת מיזם 929 בשיתוף עם הרב בני לאו."
תמיר גבאי,מייסד ומנכל שותף חברת CONETGY,"תמיר מייסד ומנכל שותף של חברת CONETGY. החברה יוזמת ומובילה מודלים של קיימות וחדשנות בתחום ההתחדשות העירונית והעירוניות בכלל. בנוסף תמיר שותף כיום במספר יזמויות חברתיות לקידום חיים משותפים בישראל. בעבר עבד תמיר במכון הדמוקרטי כמנהל פיתוח עסקי, כיועץ אסטרטגי בהובלת תהליכי שינוי ברשויות מקומיות וכחבר בהנהלת המכון. קודם לכן הוא כיהן כראש התוכנית האקדמית ""החממה ליזמות חינוכית חברתית"" בסמינר הקיבוצים."
הדס גבאי-לרום,יועצת אסטרטגית לשינוי חברתי,"הדס היא יועצת פרטית לעמותות, פילנתרופיה ומגזר ציבורי. משנת 2010 שימשה כמנכ""לית ארגון נובה, העוסק בקידום ניהול מבוסס נתונים במגזר החברתי והציבורי ומתמחה בבניית אסטרטגיית נתונים לשירותים חברתיים, בהכשרת כוח אדם בממשלה ועמותות לעבודה עם נתונים ובקידום תשתיות לאומיות בתחום הדאטה. בעבר שימשה הדס כחברה בשולחן העגול הבין- מגזרי בהובלת משרד ראש הממשלה כנציגת מגזר שלישי. לפני כן עבדה בחברת הייעוץ האסטרטגי שלדור, וכרכזת חינוכית בפרויקט Clinica de tierra Colorada - קליניקה לילדים בקטצלטננגו, אחד מריכוזי האינדיאנים הגדולים בגואטמלה באמריקה הלטינית. את שירותה הצבאי סיימה הדס כתצפיתנית בגבול לבנון."
הנאדי גבן,מנהלת מחלקת הגנים בעיריית רהט,"משנת 2016 הנאדי היא מנהלת מחלקת הגנים בעיריית רהט. במסגרת תפקידה היא אחראית על מאתיים גנים, ותחומי האחריות כוללים ניהול של מערך פעילות גני הילדים, רישום ושיבוץ לגני הילדים, קידום המענה הפדגוגי והחברתי במערך, ניהול מערך קייטנות הקיץ וניהול ההון האנושי במערך. קודם לכן הייתה מנהלת גן ורכזת בפסגת רהט בפיתוח המקצועי לגננות."
לילך גבע,פרוייקטורית המיזם המשותף  גוינט אלכא ותנופה ויעוץ משפטי במגזר הפרטי,"לילך היא פרויקטורית מטעם ארגון הג'וינט, בתפקידה מלווה רשויות מקומיות ערביות בצפון. בתפקידה הקודם כיהנה כמנכ""לית מועצה מקומית קצרין, מנהלת משאבי אנוש ויועצת ראש המועצה למעמד האישה מאז 2014 . קודם לכן הייתה מנחה אזורית בחברה למתנ""סים, מנהלת מתנ""ס קצרין ומנהלת מתנ""ס אזורי בקעת הירדן."
גילי גבעתי,רופאה ראשית אגף השיקום במשרד הביטחון,"ד""ר גילי גבעתי משמשת כרופאה הראשית של אגף השיקום במשרד הבטחון, לשם הגיעה מתפקיד סגנית בית החולים ברזילי במשך 7 שנים. לפני כן הייתה ראש אגף רפואה בחטיבת המרכזים הרפואיים הממשלתיים במשרד הבריאות. במסגרת התמחותה במינהל רפואי שימשה כעוזרת רפואית בלשכת המשנה למנכ""ל משרד הבריאות, ולאחר מכן כסגנית מנהלת בית החולים הכללי במרכז הרפואי ע""ש שיבא בתל השומר, ולפני כן הייתה שם סגנית מנהל המחלקה הנוירולוגית. במסגרת תפקידה הייתה אחראית על פעילות המחלקה האשפוזית, ובכלל זה הממשקים עם שאר יחידות בית החולים והפעילות האמבולטורית, ועל פעילות ההוראה למתמחים ולסטודנטים. במקביל, שימשה כמנהלת רפואית במכון השינה באסותא, תפקיד שכלל אחריות על הפעילות המחקרית מול יזמי המחקר ואחריות על פעילות הרופאים – כולל עדכונים קליניים והדרכות לרופאים חדשים. התמחות רפואית: גילי מומחית במינהל רפואי, בנוירולוגיה וברפואת שינה. את התמחותה ביצעה במרכז הרפואי ע""ש שיבא בתל השומר ואת הסטאז' ברפואה ביצעה במרכז הרפואי תל אביב על שם סוראסקי."
דפנה גבר,מנהלת חדשנות ולמידה דיגטלית במנדל,"דפנה  מנהלת חדשנות ולמידה דיגטלית במכון מנדל. בתפקידה הקודם הייתה מנכ""לית עמותת תפוח - הפועלת ליצירת שוויון דיגיטלי בישראל. העמותה הוקמה בשנת 2000 במטרה להוות גשר בין אומת הסטארט-אפ הצומחת ובין תושבי הפריפריה הגיאוגרפית והחברתית בישראל שאינם זוכים לנקודת זינוק שווה להשתלבות בחברה ובכלכלה הישראלית. דפנה היא כלת פרס ראש הממשלה ליזמות ולחדשנות משנת 2014 וכלת פרס עולם של הבדל לשנת 2012 מטעם הברית הבינלאומית לנשים TIAW ונמנית עם 100 המשפיעים הגדולים של מגזין TheMarker."
יעקב גדנקן,"סמנכ""ל כספים חברה פניקס גמא","יעקב הוא מנהל חדר העסקאות של בנק דיסקונט. תפקיד זה הוא עבורו סגירת מעגל, שכן את הקריירה המקצועית שלו החל בשנת 2001 כסוחר באותו חדר עסקאות ממש. יעקב הוא מומחה בניהול סיכונים פיננסיים, גידור ומסחר במטבעות, ובנגזרי ריבית ומטבע. בעבר ייעץ לתאגידים ולגופים מוסדיים ופיננסיים מגוונים. בשנים האחרונות מילא תפקידים אחדים בבנק, ובהם מנהל יחידת הננ""ה (ניהול נכסים והתחייבויות) ומנהל יחידת ההון של קבוצת דיסקונט. במשך שלוש שנים היה מנהל הכספים והתפעול של חברה שעוסקת במחזור סחר ובייצוא של פסולות מתכת אל-ברזלית."
חוה גדסי,"מנהלת רפואית, ""גושן"" לבריאות ורווחת הילד בקהילה","התמחתי ברפואת ילדים בהדסה, ולאחר מכן נסעתי להתמחות  ברפואת ילדים קהילתית במלבורן, אוסטרליה. רכשתי מיומנויות קליניות וגם הסתכלות רחבה על בריאות הילד וקשרי בריאות- חינוך-רווחה.
מאז חזרתי לארץ אני מנהלת רפואית של מרכז גושן, הפועל לקידום רפואת ילדים קהילתית באמצעות הכשרת רופאים, מחקר וקידום מדיניות.
חברת ועד חילי""ק- החברה לרפואת ילדים קהילתית.
במקביל  עובדת גם כרופאת ילדים התפתחותית בלאומית שירותי בריאות."
יונה גודמן,"סמנכ""ל חינוך ופדגוגיה ברשת ישיבות ואולפנות בני עקיבא וחבר מועצת החמ""ד","יונה הוא סמנכ""ל חינוך ופדגוגיה ברשת ישיבות ואולפנות בני עקיבא וחבר מועצת החמ""ד - הגוף הסטטוטורי שמנחה את מדיניות החמ”ד בישראל בשאלות עקרוניות. בתפקידו הקודם הוא שימש כמנהל החינוכי של רשת ישיבות ואולפנות בני עקיבא. במשך השנים הוא עסק  בחינוך הפורמלי והלא פורמלי. במשך 12 שנים יונה היה פעיל בעמותה ארצית שמסייעת לקהילות להתמודד עם מצבי אובדן וטראומה, בעיקר על רקע טרור ומלחמות; ריכז פרויקט שיקום ארצי לבני הנוער שפונו מגוש קטיף; היה מזכ""ל תנועת הנוער בני עקיבא, ומילא מגוון תפקידי ניהול והוראה במכללה האקדמית אורות ישראל, כולל הקמה וניהול של המכון לפיתוח מנהיגות חינוכית והכשרת מחנכים."
יואל גוטליב,"מנכ""ל היכל שלמה","יואל הוא מנכ""ל היכל שלמה. בתפקידו הקודם היה סמנכ""ל פרויקטים בחברה לפיתוח מזרח ירושלים (פמ""י). הוא עבד בחברה משנת 2014 כיו""ר ועדת מכרזים והיה אחראי על תחום הפרויקטים משלבי התכנון הראשוניים ועד גמר הביצוע."
הושע גוטליב,מנהל ועדת חקירה,"הושע הוא מנהל ועדת חקירה. קודם לכן שימש כיועץ בכיר לנשיאת בית המשפט העליון. בעבר עבד במערכת הביטחון. בשנים 2013-2015 שימש כראש המטה ויועץ בכיר לשרת המשפטים והממונה על המו""מ המדיני. בשנים 2013-2010 שימש כמרכז ועדת החקירה לבדיקת האירוע הימי שעסקה במשט הטורקי, ולאחר מכן כמתאם מנגנוני החקירה בישראל לבית הדין הבינלאומי. הוא היה יועצם של שרי המשפטים פרופ' דניאל פרידמן ופרופ' יעקב נאמן ומרכז ועדת השרים לענייני חקיקה ונציג של הממשלה בהנהלת הקואליציה. הושע שימש כעוזר לפרקליט המדינה במחלקה לעניינים בינלאומיים בפרקליטות המדינה. את התמחותו במשפטים עשה אצל היועץ המשפטי לממשלה מני מזוז. הושע למד בישיבת ״חברון״ בירושלים והיה אברך בישיבת ״מיר״  שירת כלוחם בחטיבת גולני. להושע תואר ראשון במשפטים מאוניברסיטת תל אביב ותואר שני במשפטים מאוניברסיטת הרווארד."
שי גויטע,מנהל מטה באגף טכנולוגיות דיגיטל וחדשנות בחטיבת המרכזים הרפואיים הממשלתיים במשרד הבריאות,"שי הוא מנהל מטה באגף טכנולוגיות דיגיטל וחדשנות בחטיבת המרכזים הרפואיים הממשלתיים במשרד הבריאות. בתפקידו הקודם היה סגן מנהל מינהל תקשוב, טכנולוגיה ומערכות מידע במשרד החינוך. במסגרת תפקידו הקודם היה אחראי על התקצוב, הרכש, כוח האדם, מכרזים ומינהל בתחומי הטכנולוגיה והמחשוב. בנוסף, הוא יו""ר בוועדת המכרזים המשרדית, בפורום ממוני התכנון של המשרד ובצוות מובילי שינוי ברכש החברתי. את דרכו המקצועית בממשלה התחיל שי במשרד הקליטה, באגף א' לקליטת עולי אתיופיה."
אופירה גולדווסר,"סמנכ""לית משאבי אנוש ופיתוח ארגוני במעוז","אופירה היא סמנכ""לית משאבי אנוש ופיתוח ארגוני במעוז. בתפקידה הקודם הייתה מנהלת הפיתוח הארגוני בחברת כלמוביל, בעלת רקע וניסיון במגוון תחומים וארגונים במגזר העסקי - טכנולוגיה, מצוינות תפעולית, אחריות תאגידית ומשאבי אנוש. במסגרת תפקידיה השונים הובילה תהליכי שינוי ושיפור משמעותיים ועסקה בקידום תרבות ארגונית מכילה, מסלולי פיתוח קריירה וחוויית עובד.ת מיטבית. בנוסף, אופירה מוסמכת כמאמנת אישית וכמלווה במתודולוגיית ""המוח השלם""."
יאיר גולדמן,"מנכ""ל מועצת בית דגן","יאיר עובד כמנכ""ל מועצת בית דגן משנת 2024 .
לפני כן עבד בעיריית לוד- משנת 2016 ניהל בה את אגף התפעול. במסגרת תפקידו הוא אחראי על חזות פני העיר, ניהול תשתיות ופרויקטים, רישוי עסקים ומענה לתושבים, והוביל שינויים בתהליכי העבודה בתחומים אלה. לפני כן עסק בתחומי הביטחון וניהול אזורים ברשויות לוד וקריית אונו, וניהל שתי עמותות שעסקו בחברה ובחינוך."
אילון גולדשטיין,"פרויקטור ההון האנושי, נתע","אילון הוא פרויקטור ההון האנושי של חברת נתע, האמון על טיפול באתגר המחסור בהון אנושי מיומן לפרויקטי התשתית של נתע ובראשן - המטרו. בעבר, שימש כראש חטיבת תעסוקה והשכלה באגף השיקום, שם הוביל את בניית רצף השיקום התעסוקתי לפצועי צה״ל ופיתח מגוון מענים בנושאי השכלה ותעסוקה, לצד קביעת מדיניות התעסוקה באגף וניהול המענים הקיימים במחוזות. קודם לכן, שימש בראש אגף פרט ואוכלוסיות במהט ובמגוון תפקידי מטה אחרים במשרד העבודה, וכן ניהל את צוות התכנון בחטיבת האסטרטגית בנציבות שירות המדינה, שם היה אחראי על בניית התכנית האסטרטגית להון האנושי והתאמתו לעולם העבודה המשתנה בשירות הציבורי. אילון בוגר קורס צוערים לשירות המדינה."
חני גולדשטיין,גזברית עיריית פתח תקווה,"חני היא גזברית עיריית פתח תקווה. מתוקף תפקידה היא יועצת לראש העירייה ולהנהלת העירייה בגיבוש המדיניות הכספית של הרשות, כולל מדיניות מיסים וגיוס כספים ממקורות שונים: ממשלה, בנקים וגורמים מוסדיים שהרשות קשורה עימם. היא ממונה על גיבוש הצעות תקציב רגיל ותקציב פיתוח, ניהול משאבים ואיזון תקציבי, ואחראית על תשלום שכר העובדים, חוזי הרשות, קידום הסכמי הגג, התחדשות עירונית ופיתוח חשיבה יזמית כלכלית. לפני שמונתה לגזברית שימשה עשר שנים כמנהלת אגף החשבות והתקציבים ברשות, ועד שהחלה לעבוד בעירייה הייתה רואת חשבון במשרדים הגדולים בארץ. במהלך השנים שבהן היא גזברית העירייה זכה המִנהל הכספי שבראשותה בתעודות הצטיינות שונות, על תהליך אישור בטאבו, חיתום דיגיטלי, בקרת שכר, פרויקט crm ועוד."
עומר גולדשמידט,"מייסד ומנכ""ל Evermile","עומר הוא מייסד ומנכ""ל Evermile. בתפקידו הקודם היה סגן נשיא לאסטרטגיה ופיתוח עסקי בחברת אופטיבס - הפועלת במעל ל-500 ערים כולל לונדון, לוס אנג'לס, סינגפור וסאו-פאולו ומאז הקמתה גייסה 160 מיליון דולר מקרנות הון סיכון מובילות לרבות Bessemer, Insight ו– Pitango ומעסיקה כ-300 עובדים ברחבי העולם. במסגרת תפקידו הקודם הוביל את הפעילות העסקית הגלובלית של החברה וסייע לארגונים ממשלתיים, עירוניים ופרטיים לשפר את איכות התחבורה הציבורית שהם מפעילים, את נגישותה ואת יעילותה. לפני שהצטרף לאופטיבס, עומר מילא תפקידים בכירים בחברות הייטק מובילות כגון Windward ו- CMS Medical."
ישראל גולדשמידט,"בעלים ומנכ""ל, פיילויאל","יזם, איש עסקים ומחלק את זמנו בין עסקים, פילנטרופיה ופעילות ציבורית שקטה."
ישראל גולומב,"מנכ""ל רשת הגנים של אגודת ישראל","ישראל מכהן כמנכ""ל רשת הגנים של אגודת ישראל משנת 2015. במסגרת תפקידו, הוא מנהל כ-350 גני ילדים שבבעלות הרשת בפריסה ארצית של -32 רשויות מקומיות. משנת 2005 הוא רכז פורום הרשויות המקומיות במרכז השלטון המקומי ומקדם פרויקטים בתחום החינוך והתרבות. בתפקידו הקודם, ניהל ישראל את לשכתו של סגן יו""ר הכנסת ח""כ אורי מקלב, ובמסגרת זו הוביל שורה של תיקונים בחוקים צרכניים המתמקדים בהגנה ובסיוע לכל אזרח."
אסנת גולן,"Ex Vp Communication ,corporate brand&Sustainability","בתפקידה האחרון שימשה אסנת כסמנכ""לית תקשורת, מותג וקיימות בקבוצת שטראוס והייתה אחראית לבניית האמון מול כלל מחזיקי העניין של הקבוצה בארץ ובחו""ל. במסגרת תפקידה הקודם הייתה ממונה על ניהול מערכות יחסים בקורס 360 עם בעלי העניין ועם המושפעים מפעילות החברה. במהלך שמונה השנים האחרונות הובילה, בין היתר, את הטרנספורמציה הדיגיטלית בקבוצה באופן שיבטיח שתעשייה מסורתית תתאים את עצמה לשינויים שמביאה ההתפתחות הדיגיטלית המואצת."
גיל גולן,"עו""ד ויועמ""ש בתנועת ש""ס וראש מטה ח""כ ינון אזולאי","עו""ד (עם התמחות במקרקעין ורגולציה), יועץ משפטי בתנועת ש""ס וראש מטה חה""כ ינון אזולאי, תפקיד שאני מאמין ורואה בו כשליחות ציבורית שמטרתה לצמצם פערים ולחולל שינוי חברתי. כמו כן, במסגרת תפקידי אני אחראי על כל הנושא המשפטי בלשכת הח""כ, קידום וניסוח הצעות חוק, שאילתות והצעות לסדר וכן על ניהול הקשר מול הגופים השונים (המגזר העסקי והציבורי). 
נוסף לכך אני מוסר שיעור במשפט עברי"
ברנית גולן-יוסובש,יו״ר הסתדרות המורים סניף ירושלים,"ברנית היא יו""ר הסתדרות המורים סניף ירושלים. לפני כן כיהנה כמפקחת על הפיתוח המקצועי במחוזות מנח""ים ובמסגרת תפקידה הובילה את הלמידה המקצועית של עובדי ההוראה, יזמה ופיתחה מודלים עדכניים לפיתוח מקצועי של סגלי הוראה במרכזי הפסג""ה, הייתה שותפה ביישומם וביצעה פעולות הערכה על מידת האפקטיביות שלהם בפועל. קודם לכן ניהלה את מרכז פסג""ה ירושלים והובילה שינוי כולל למיצוב ולמיתוג המרכז כגוף יועץ פדגוגי בעיר ירושלים. השינוי העיקרי שחוללה היה הידוק הקשר בין מרכז הפסג""ה לבין בתי הספר בעיר, המנהלים והצוותים החינוכיים. קודם לניהול היא הובילה במחוזות את החינוך החברתי-ערכי והטמיעה את תוכנית מפתח הלב בכמאתיים בתי ספר. עוד כיהנה כרפרנטית להטמעת רפורמת אופק חדש. ברנית שותפה בוועדות מרכזיות במערכת בנושאים רבים: הגדרת תפקיד המפקח במערכת, בניית תוכנית אסטרטגית ארצית של הפיתוח המקצועי, הצמחת דרג הביניים במערכת והטמעת תוכנית החומש במזרח ירושלים, וכרפרנטית במכון אבני ראשה."
נועה רימון גופרשטיין,"סמנכ״לית קשרי לקוחות, גפן מדיקל","נועה סמנכ״לית קשרי לקוחות בגפן מדיקל. 
בתפקידה הקודם הייתה סמנכ""לית שירות בעיריית בת ים. במסגרת תפקידה היתה אחראית על אגפי מערכות המידע והמחשוב, על המוקד העירוני ועל פניות הציבור ומובילה פרויקטים חוצי ארגון לשיפור השירות לתושב. בתפקידה הקודם הקימה וניהלה את אגף השירות והמוקד העירוני בעיריית חולון. לנועה ניסיון של עשור בניהול מוקדים טלפוניים במגזר הפרטי, ביניהם חברת Call יכול המעסיקה אנשים עם מוגבלות."
יגאל גורביץ,"סמנכ""ל שותפויות אסטרטגיות בטבע","יגאל אחראי על פיתוח וניהול השותפויות של חברת טבע בישראל. לפני המעבר למגזר העסקי, מילא במשך 2 עשורים מגוון תפקידים בכירים בשירות הציבורי ובמגזר החברתי. בתפקידו האחרון שימש כסמנכ""ל אסטרטגיה ושותפויות של מנהלת תקומה לשיקום העוטף לאחר אסון ה7.10 והיה אחראי במסגרת זו על הכנת ויישום תכנית חמש שנתית בהיקף של 19 מיליארדי ש״ח וחיבורה באמצעות שותפויות רב מגזריות עם הפילנתרופיה, המגזר העסקי והחברה האזרחית. קודם לכן שימש כסמנכ״ל חברת השקעות האימפקט SFI, המתמחה בפיתוח וביצוע פרויקטים מבוססי תוצאות, ESG, מדידה ו-Data בשדה החברתי-כלכלי. לפני כן שימש כסמנכ""ל בכיר במשרד הכלכלה וניהל ברשות ההשקעות את מסלולי התעסוקה, עמד בראש אגף שיתוף פעולה תעשייתי/ Invest In Israel ושימש כראש מטה מנכ""ל משרד הכלכלה. את דרכו המקצועית החל באגף התקציבים ואצל היועץ המשפטי למערכת הביטחון."
דסי גורדון,"מנכ""לית מינהל קהילתי בירושלים בחברה למתנ""סים","דסי גורדון היא מנכ""לית המינהל הקהילתי בשכונת נווה יעקב - המונֶה מעל 26 אלף תושבים ומוביל תהליכים קהילתיים משמעותיים ופרויקטים ייחודים לצד שירותים הכרחיים כגון בנק הזמן, מרכזי למידה, תוכניות העצמה, שיתופי ציבור, מועדוני קשישים ונוער, מרכז הגיל הרך, פעילות תרבות, חיזוק העסקים השכונתיים והפעלת מעונות, בריכה וחדרי כושר. במסגרת עבודתה הקודמת כסמנכ""לית עמותת ניצה  קידמה העמותה את המודעות לנושא דיכאון לפני לידה ואחריה, הכשירה צוותי מפתח והעניקה טיפולים פסיכולוגיים ופסיכיאטריים למאות נשים. במקביל לתהליכים התוכניים, הובילה דסי במקומות שבהם עבדה הליכים פיננסיים מרחיקי לכת - צמצום גירעונות, עלייה בהכנסות העצמיות, שיפור בתזרים המזומנים ובניית תהליכי הבראה."
טלי גורן,מנכ״לית value ומנהלת את קשת אימפקט,"טלי היא מנהלת מיזם אימפקט בקשת. בתפקידה הקודם הייתה סמנכ""לית התקשורת והרגולציה בקשת. קודם לכן הייתה הדוברת ומנהלת יחסי הציבור של החברה. היא חברת הנהלה בכירה בקשת, חברת דירקטוריון בערוץ 24, ואחראית על ניהול ועל אחריות תאגידית בתחומי הרגולציה, על ניהול אסטרטגיה רגולטורית ותקשורתית ועל לטיפול במשברים, ומשפיעה על שינוי חקיקה בתחומי התקשורת. במסגרת ניהול האחריות התאגידית היא שותפה ליוזמה ולכתיבה של הקוד האתי. במקביל, היא מלווה ברמה האסטרטגית את רואים רחוק - פרויקט חברתי שהחל בקשת לפני יותר מעשור ופועל לחיבור בין בני נוער בכל הארץ לבין יצירה קולנועית וטלוויזיונית. בעבר הייתה טלי שותפה בהקמת ערוץ הצחוק ביפ, שותפה בכתיבת מכרז ערוץ המוזיקה, ומנהלת מחלקת יחסי הציבור בהד ארצי."
ורד גושן,מובילת תהליכים אסטרטגיים ושותפויות,"ורד גושן היא חלק מהצוות המוביל את גיבוש אסטרטגיית תל אביב-יפו 2035. 
במסגרת תפקידה היא מובילה תהליכים אסטרטגיים חוצי-ארגון, ומלווה מהלכי חשיבה ותכנון ארוכי טווח להתמודדות עם אתגרי העתיד של העיר.
לורד ניסיון של למעלה מ־15 שנים בתחומי האסטרטגיה, החדשנות והפיתוח האזורי. בעבר כיהנה כמנהלת אגף תכנון אסטרטגי וחדשנות בעיריית באר שבע, שם הובילה את יישום אסטרטגיית באר שבע 2030, הקימה וניהלה את צוות החדשנות העירוני והובילה מהלכים משותפים עם משרדי ממשלה, רשויות מקומיות, המגזר העסקי וארגוני חברה אזרחית. טרם לכן שימשה כסמנכ”לית הרשות לפיתוח הנגב והובילה תוכניות לפיתוח כלכלי, חברתי ואזורי ברחבי הנגב, לרבות כתיבה ויישום של החלטות ממשלה. 
במגזר העסקי ניהלה פרויקטים ותהליכי מחקר שוק אסטרטגיים עבור חברות גלובליות, תוך התמחות בניתוח מגמות, פיתוח תובנות וקבלת החלטות מבוססת נתונים.
במקביל לעיסוקה המקצועי, מובילה ורד מהלך משותף עם משרד הבריאות, עיריית אילת  ושותפים נוספים לשיפור איכות וזמינות שירותי הרפואה הדחופה באזור אילת-אילות. המהלך, שנולד מתוך טרגדיה אישית, מבקש לקדם פתרונות מערכתיים ארוכי טווח לחיזוק שירותי הבריאות ולהבטיח טיפול רפואי איכותי ושוויוני גם באזורי קצה."
עולא אבו גזאלה,גזברית מועצה מקומית ג'ת,"עולא היא הגזברית של המועצה המקומית ג'ת. במסגרת תפקידה היא ממונה על הניהול הכספי של הרשות – ההכנסות וההוצאות, הכנת התקציב ומחלקת הגבייה. קודם לכן עבדה כעשר שנים במשרד רואה החשבון אעלימי לואי בתחום הכספי של רשויות מקומיות, כולל הכנת תקציבים, תוכניות הבראה ודוחות כספיים לרשויות."
רעות גיאת,"סגנית ראש מינהל החינוך וראש תחום פדגוגיה, רשת יב""ע","רעות היא סגנית ראש מינהל היחנוך וראש תחום פדגוגיה, רשת יב""ע. בעברה עבדה 5 שנים כטוענת רבנית בארגון 'יד לאישה' וייצגה נשים עגונות ומסורבות גט בבית הדין הרבני. לאחר מכן עברה לשדה החינוך והייתה ראש אולפנה באולפנת בנ""ע ישורון בפתח תקווה. לאחר 8 שנים של ניהול עברה לתפקיד מטה ברשת ישיבות ואולפנות בני עקיבא, כסגנית ראש מינהל החינוך ולפני 5 שנים קיבלה עליה את הובלת תחום הפדגוגיה ברשת."
טל בן גיגי,"משנה למנכ""ל נירלט ומנכ""ל אוניברקול","טל הוא סמנכ""ל תפעול בנירלט. בתפקידו הקודם היה סמנכ""ל תפעול בקבוצת ברנד תעשיות, הנמנית עם הקבוצות המובילות בישראל בייצור, בהרכבה ובהקמת פרויקטים לאומיים ובינלאומיים בענף המתכת, ובמסגרת תפקידו ניהל את הפעילות ברצפת הייצור בירוחם, והיה אחראי על הנעה והטמעה של תהליכים חוצי-ארגון בפן התפעולי ועל שרשרת האספקה בין החברות בקבוצה. קודם לכן היה טל מנהל פרויקטים בכיר ומנהל אזור בחברת MW GROUP ISRAEL ובמסגרת זו הקים פרויקטים לבינוי בבסיסי צה""ל בדרום הארץ ואת תחנת הכוח הפרטית ASE באשדוד."
עדי גיגי,יזמית,"עדי היא יזמית מגיל צעיר, שהחלה את שירותה הצבאי בממר""מ ובהמשך התנדבה לקורס חובלים והייתה לקצינת האלקטרוניקה הראשונה בהיסטוריה של חיל הים. לאחר שחרורה כרס""ן במיל' הצטרפה לאגף לתכנון מדיניות במשרד ראש הממשלה והייתה חלק מהצוות שהוביל את המשא ומתן לצירוף ישראל למדינות OECD. היא חברה בצוות המייסד של אסדת תמר שהובילה למעבר משק החשמל לאנרגיה נקייה יותר - מפחם לגז טבעי - ותרמה לעצמאות האנרגטית של ישראל. בשנת 2013 התקבלה לפורום הצעירים שיסד הנשיא המנוח שמעון פרס, וב- 2016 הוענקה לה מלגת אייזנהאור על מנהיגות יוצאת דופן ע""י מזכיר המדינה האמריקאי לשעבר, הגנרל קולין פאוול. היא בעלת תואר ראשון במשפטים ותואר שני מבית הספר למנהל עסקים של אוניברסיטת סטנפורד בארה""ב. בזמן לימודיה שם היא הקימה סטארטאפ המתמחה בשמירת מידע במערכות מבוססות בינה מלאכותית במקרים של השבתה לא צפויה (Predictive Maintenance). עדי היא המנכ""לית המייסדת של טסלה בישראל ונחשבת למי שהובילה את אחת מחדירות השוק המוצלחות ביותר במדינה וסללה את המעבר לשימוש ברכבים חשמליים בישראל. טרם המינוי בישראל בשנת 2019 עדי עבדה שנתיים וחצי בצוותי ההנדסה של טסלה בארה""ב והובילה את פיתוחו של מוצר שמותקן היום בכל מודל של טסלה בעולם."
ענבר הרוש גיטי,שותפה מייסדת בפ.ר.ג חברה לייעוץ אסטרטגי,"ענבר היא שותפה מייסדת בפ.ר.ג חברה לייעוץ אסטרטגי. בעברה שימשה כמנכ""לית תנועת תיקון ומנהלת פרויקטים במשרד הביטחון. קודם לכן הייתה מנכ""לית עמותת אחריי! ובמסגרת תפקידה הייתה אחראית על ניהול העמותה, על גיוס משאבים ורתימת תורמים ושותפים ועל ייצוג העמותה בפני גורמים חיצוניים בארץ ובעולם. בתפקידה הקודם היא שימשה כסמנכ""ל הכספים של העמותה – שבה החלה את דרכה כרכזת קומונה. קודם לכן הייתה מנהלת כספים וכוח אדם בעמותת נוער מוביל שינוי ולפני כן מנכ""לית אגודת הסטודנטים למדעי הטבע באוניברסיטה העברית. בנוסף, עסקה בריכוז ובהנחיית קבוצות חיילים ובני נוער בארגון גשר. פעילותה ההתנדבותית כוללת השתתפות בפרויקט מנהיגות חינוכית – חניכה של בני נוער מתקשים בנושאים לימודיים, וכן לימוד עברית ועבודה עם אוכלוסייה אתיופית במסגרת עמותת המעיין הדמוקרטי."
נחמי גייניס,"מנכ""לית מועצת כפרי הנוער","נחמי היא מנכלית מועצת כפרי הנוער, ולפני כן שימשה כמנכ""לית עמותת איילים. קודם לכן היא כיהנה כמנהלת תפעול ולקוחות בחברת טוטם הדמיה ואנימציה וניהלה את הפעילות העסקית. בשנים 2010-2004 היא עבדה במכון אדם מילא, ובתפקידה האחרון שם ניהלה את סניף ירושלים ושימשה כחברת הנהלה. שנה לפני כן עסקה נחמי בניהול מרכז העשרה לילדים של עמותת צ.ב.ע - צעירים בונים עתיד ובמקביל שימשה כמדריכה חברתית במרכז חירום לילדים בבאר שבע."
אפרת גיל,ראש אגף הגריאטריה במשרד הבריאות,"ד""ר אפרת גיל משמשת כראש אגף הגריאטריה במשרד הבריאות. קודם לכן שימשה כסגנית מנהל בית החולים העמק. בתפקידה הקודם שימשה כגריאטרית מרחבית במחוז חיפה וגליל מערבי של שירותי בריאות כללית ובבית חולים כרמל מאז 2017. לפני כן הייתה מנהלת יחידה גריאטרית בבית החולים בני ציון, שאותה הקימה, במקביל לתפקידה כרופאה בכירה במחלקה פנימית. מ-2019 משמשת כראש החוג לגריאטריה בפקולטה לרפואה בטכניון. מ-2021 חברת ועד האיגוד הישראלי לרפואה גריאטרית ומשמשת כיו""ר הועדה האקדמית של האיגוד."
אורי גיל,"מנכ""ל ג'וינט אלכא","אורי הוא מנכ""ל ג'וינט אלכא, ארגון הפועל לחיזוק היעילות והמועילות של המערכות הציבוריות, כחלק מג'וינט ישראל. לפני כניסתו לתפקיד בשנת 2021, שימש כמשנה למנכ""ל אלכא ומנהל תחום שיתופיות. בתפקידו הוביל מיזמים משותפים עם הממשל לקידום אתגרי מערכת של המגזר הציבורי, בדגש על חיזוק תשתיות עבודה משותפת עם החברה האזרחית. בנוסף, הוביל מיזמים לתוכניות עתודה (בשדה הפיננסי ציבורי, שדה השירותים החברתיים, ועוד). קודם לכן שימש אורי כיועץ אסטרטגי בקבוצת BDO למגוון חברות, ממשלתיות ופרטיות, בנושאים מגוונים. את שירותו הצבאי סיים כטייס קרב בחיל האוויר והוא עדיין משרת כמדריך טיסה במילואים."
ליאור גילה,"מנהלת הכספים של מרכז הרפואי העמק, שירותי בריאות כללית","ליאור היא מנהלת הכספים של המרכז הרפואי העמק של שירותי בריאות כללית, החל משנת 2021. קודם לכן, היא עבדה באגף התקציבים של שירותי בריאות כללית כמנהלת מחלקת מדיניות תקצוב מאקרו. לפני כן, והחל שנת 2013, ליאור עבדה בתפקידים שונים באגף התקציבים של משרד הבריאות. בין השנים 2017-2019, ליאור שימשה כמנהלת האגף לפיקוח על מערך האשפוז. לפני כן היא הייתה ממלאת מקום מנהלת יחידת בתי החולים הממשלתיים (שלימים הפכה לחטיבת המרכזים הרפואיים הממשלתיים). קודם לכן, בתפקידה הראשון במערכת הבריאות, ליאור עבדה כרכזת הכנסות ותמחור ביחידת בתי החולים הממשלתיים. את לימודיה לתואר הראשון השלימה ליאור באוניברסיטה העברית, בחוג לפילוסופיה, כלכלה, ומדע המדינה. את לימודי התואר השני במדיניות ציבורית חברתית ליאור השלימה ב London School of Economics בלונדון"
אמיר גינוסר,"מנהל אגף בכיר אסטרטגיה ומדיניות רמ""י",אמיר מנהל אגף בכיר אסטרטגיה ומדניות ברשות מקרקעי ישראל. בעבר היה ממונה תחום ייצוא וקידום מכירות במרכז לסחר חוץ במשרד החקלאות. ניהל את החממה הקהילתית בטירת הכרמל והיה יזם במגזר הרביעי (עסקי-חברתי) בחברה לאנרגיה מתחדשת המפתחת עסקים חברתיים וממנפת משאבים מקומיים. מנהל מוצר בחברת הייטק. מנהל ומוביל פעילות אופרטיבית מולטידיספלינארית. אמיר הוא סא“ל במילואים ביחידה מובחרת.
איתן גינזבורג,חבר הכנסת מטעם סיעת כחול לבן,"איתן מכהן כחבר כנסת. 
בנוסף משמש כמזכ""ל מפלגת כחול לבן בראשות בני גנץ, 
איתן כיהן בעבר כשר התקשורת וסגן יו""ר קרן קיימת לישראל. לפני כן כיהן במשך למעלה מ-15 שנים במועצת העיר רעננה בתפקידים שונים בעירייה: מחבר מועצה, סגן וממלא מקום ראש העיר ועד תפקיד ראש העירייה. במשך עשור עמד בראשות הוועדה לתכנון ובנייה ברעננה וכן שימש כיו""ר דירקטוריון תאגיד המים והביוב מי רעננה."
נגה גל,מנהלת בית הספר לפיזיותרפיה במרכז הרפואי אסף הרופא,"נגה היא מנהלת ביה""ס לפיזיותרפיה, אחראית על שיוויון מגדרי, ראש פורום קידום בריאות, אסף הרופא. החל משנת 2007 מנהלת נגה את ביה""ס לפיזיותרפיה באסף הרופא, ומשנת 2016 מרכזת את תחום קידום בריאות במרכז הרפואי שמיר (אסף הרופא). בין השנים 1996-2007 עבדה כמורה בביה""ס לפיזיותרפיה וכפיזיותרפיסטית קלינאית במרכז הרפואי. בין השנים 2014-2020 שמשה כיועצת המנכ""ל לשיוויון מגדרי וכממונה על מניעת הטרדות מיניות בארגון. לפני כן, החל משנת 1990 עבדה כפיזיותרפיסטית במגוון מחלקות בבית החולים. במסגרת העשייה החברתית נגה פעילה בעמותה לקידום הפיזיותרפיה. לנגה תואר ראשון בפיזיותרפיה (Bpt), תואר שני בפיזיותרפיה (MSc) והיא כרגע לומדת לתואר שני במנהל מערכות בריאות (MBA)."
נחמן גלבך,"משנה לראש עיריית צפת, מחזיק תיק חינוך, פרויקטים ומתנסים","נחמן מכהן כמשנה לראש העיר צפת, ומחזיק את תיק החינוך החרדי והפרויקטים העירוניים. בנוסף הוא יו""ר הנהלת החברה למרכזים קהילתיים בצפת.

בתפקידיו הקודמים נחמן הוביל וליווה כ-70 נציגי אגודת ישראל ב25 רשויות מקומיות בינהם ראשי ערים, סגנים וחברי מועצה. 

נחמן מתמחה בהובלת מערכות חינוך בחברה החרדית, הוא הקים רשת בתי ספר בצפת הכוללים מוסדות יסודיים, תיכון ומוסדות לחינוך מיוחד."
מיכל שרייבר גלבנדורף,אדריכלית חברת קטה גרופ.,"מיכל היא אדריכלית העיר כפר סבא ומנהלת אגף תכנון במינהל הנדסה בעירייה. במסגרת תפקידה היא ממונה על החזון ועל המדיניות התכנונית ארוכת הטווח של העיר לצד מימוש תכנון בטווח הקצר תוך שמירה על הקוד הגנטי העירוני. מסגרת העבודה שלה כוללת קידום תוכנית מתאר כוללנית, תוכניות מועדפות לדיור, תוכניות להתחדשות עירונית ותוכניות העוסקות מרמת העיר וגבולותיה ועד רמת הבניין. לצד התכנון הסטטוטורי אמונה מיכל על תוכניות הבינוי העוסקות בתכנון בר קיימא לצד עיצוב אדריכלי תוך דגש על פיתוח המרחב הציבורי ובמסגרת תפקידה היא שותפה פעילה בבניית תהליך לשיתוף התושבים."
מיכל גלברט,"KPMG Ireland, Strategy, manager","לפני תפקידה הנוכחי מיכל הייתה מנכ""לית החל""צ Future Mobiltiy IL. במסגרת תפקידה חיברה בין המגזר העסקי, הממשלתי והאזרחי על מנת להוביל אג'נדה לצמצם את הגודש בכבישי ישראל לטובת איכות חיים טובה יותר. קודם לכן עבדה באגף התקציבים במשרד האוצר בתחום המחקר והפיתוח וההשכלה הגבוהה בישראל והובילה תקצוב של פרויקטים עתירי תקציב בתחומים הללו. מיכל עבדה בחברת אמדוקס כאנליסטית בכירה ולפני כן בחברת הייעוץ הכלכלי BDO זיו האפט."
הילה גלוזמן-כהן,ציר כלכלי וסגנית השגריר ב-OECD בפריז,"הילה היא ציר כלכלי, סגנית השגריר ונציגת משרד האוצר ב- OECD. בתפקידה הקודם הילה כיהנה כסגנית בכירה ברשות החברות הממשלתיות ובמסגרת תפקידה ניהלה שתי חטיבות, חטיבת חברות ביטחוניות, סביבה ותיירות וחטיבת חברות אנרגיה, חשמל, מים, נמלים וחינוך. לפני כן הילה ניהלה את מחלקת השקעות ושוק ההון ברשות שוק ההון, ביטוח וחיסכון והייתה אחראית על פיקוח ועל רגולציה של כ-2.5 טריליון שקלים המנוהלים על ידי גופים פנסיונים וחברות ביטוח, ובמסגרת עבודתה יזמה והובילה רפורמות משמעותיות בשוק ההון הישראלי. קודם לכן הילה ניהלה את מחלקת החינוך הפיננסי במשרד האוצר ופעלה לשיפור האוריינות הפיננסית בקרב הציבור בישראל."
אלון גלזברג,"חיל הרפואה, צה""ל לשעבר","משנת 2017 משמש ד""ר אֵלון גלזברג כמפקד המרכז לשירותי הרפואה של צה""ל וראש מחלקת שירותי הבריאות בחיל הרפואה. בשנים 2017-2014 שימש כמפקד הרפואה של פיקוד הצפון, וקודם לכן כראש ענף הרפואה המבצעית במקרפ""ר. הוא סייע לגבש את התוכנית האסטרטגית של חיל הרפואה למניעת מוות בר מניעה, שנודעה בשם ""שומר אחי"". אֵלון הוא רופא מוטס ביחידה 669 ונטל חלק בכמה משימות הומניטריות ברחבי העולם. בשנים 2017-2013 השתתף והוביל את משימת הסיוע הרפואי לפליטים הסורים שהגיעו לישראל וביקשו עזרה. ן הוא חבר הוועדה המארגנת בארגון הבינלאומי THOR הניצב בחזית העשייה העולמית בתחום ההחייאה המתקדמת. בחודשים הקרובים צפוי אֵלון להיכנס לתפקידו כקצין הרפואה הראשי הבא. אֵלון הוא מומחה בכירורגיה כללית ובעל מינוי פרופסור (כירורגיה) באוניברסיטת בר-אילן - הפקולטה למדעי הבריאות בצפת, וכן מינוי פרופסור עמית (כירורגיה) באוניברסיטת USUHS בבת'סדה, מרילנד, ארצות הברית."
תומר גלעד,גזבר המועצה האזורית מטה אשר,"תומר הוא גזבר המועצה האזורית מטה אשר ומנהל אגף הכספים. במסגרת תפקידו הוא אחראי על ההתנהלות הכספית של הארגון, כולל אישור תקציב שנתי, פיתוח כלכלי וניהול צוות עובדים ומנהלים של כארבעים עובדים. הוא התמחה ועבד כרואה חשבון במשרד גדול (BIG 4) ולאחר מכן עבד כחשב בחברת סולל בונה ניגריה במסגרת רילוקיישן. לאחר מכן הוא עבד כרואה חשבון בחברת בזן במחלקה הכלכלית ועסק בנושאי המימון של החברה ובתחזיות לשוק ההון לצורכי גיוסים, דיבידנדים ודירוגי אשראי."
אוסאמה גנאיים,ממונה על חברה ונוער בעיריית ירושלים,"אוסאמה גנאים ממונה ומנהל בכיר בעיריית ירושלים בתחומי חברה ונוער במזרח ירושלים החל מ-2015. בעל תואר שני בניהול וארגון מערכות חינוך , במסגרת תפקידו הוא אחראי על פעילות קהילתית וחברתית לכל הגילאים במינהלים קהילתיים ובבתי ספר , בדגש על הקמת מרכזי נוער בכל שכונות מזרח ירושלים והקמת תנועת נוער עירונית. הוא מנהל פעילות תקציבית של יותר מ-20 מיליון ₪, הוביל פרויקטים בתחום פיתוח חברתי קהילתי, והקים את תנועת הנוער עירונית הראשונה במזרח העיר."
הילה גנור-שינדל,יועצת אסטרטגית,"הילה היא יועצת אסטרטגית. בשנת 2017 הקימה במעוז את מרכז הידע והאסטרטגיה, פיתחה והובילה אותו. לפני שהגיעה למעוז היא רכשה ניסיון רב מגזרי עשיר ומגוון. בין היתר, יעצה לעמותות ולפילנתרופים בנושאי אסטרטגיה ותכנון וניהלה את קרן משפחת יעקובסון (כיום ONE8) בישראל. במגזר הפרטי היא שימשה כיועצת לחברות פורצ’ן 500 ב-Compete (בוסטון), חברה לניתוח התנהגות צרכנים באינטרנט ועבדה כחוקרת בבית הספר למנהל עסקים בהרווארד בתחום של שיווק ומחקר שוק. קודם לכן שירתה כשמונה שנים בצה”ל ובממשלה כקצינת מודיעין. היא בוגרת תואר ראשון בהצטיינות בממשל ודיפלומטיה מהמרכז הבינתחומי הרצליה ובעלת תואר שני במנהל עסקים (MBA Cum Laude) מאוניברסיטת בוסטון."
זיאד אבו גנים,רואה חשבון עצמאי,"זיאד הוא גזבר המועצה המקומית לקיה שבדרום מאז סוף שנת 2000. במסגרת תפקידו הוא אחראי על ניהול ענייניה הכספיים של המועצה, לרבות אחריות על יחידת תקציבים, רכש, גבייה, חשבות שכר והנהלת חשבונות ומשמש כיועץ כלכלי לראש הרשות ולמועצת הרשות. בתפקידו הקודם עבד זיאד כיועץ לענייני משכנתאות בבנק טפחות, ולפני כן לימד מתמטיקה במשך שלוש שנים."
נור אלעטאונה אבו גנים,"עורכת דין ומובילת תוכנית החומש, טיפול ושיקום עוברי חוק בחברה הבדואית","עורכת דין בנסגוריה הציבורית במחלקת מעצרים מזה כ 13 שנה . מעבר להופעות בבתי המשפט אני גם מפקחת ומלווה עורכי דין חיצוניים במסגרת ניהול התיקים הפליליים בבתי המשפט במחוז דרום. במסגרת תפקידי הקמתי מערך שיתופי פעולה בין הסנגוריה הציבורית, לבין פרקליטות המדינה, משטרת ישראל ולשכות הרווחה בכל הישובים והערים הבדואים, שהובילו בין היתר להשתתפות הסנגוריה בתוכנית החומש של החברה הבדואית שניתנה במסגרת החלטת הממשלה 1279."
ישראל גנץ,"ראש מועצה אזורית מטה בנימין וראש מועצת יש""ע","ישראל מכהן כראש המועצה האזורית מטה בנימין, המועצה האזורית הגדולה בישראל המנהלת מחזור של כמיליארד ₪ ומעסיקה יותר מאלפיים עובדים. במסגרת תפקידו הוא מוביל סדר חדש לפתרון אתגר השלטון הדו-רובדי. לצד עיסוקיו המוניציפליים הוא פועל בחזית הפוליטית-מדינית בישראל ובארה""ב כדי לחזק ולבסס את ההתיישבות ביהודה ושומרון. מאז 2007 ישראל מכהן כחבר מליאת המועצה, ומשנת 2013 ועד להיבחרו לראשות המועצה הוא כיהן כסגן ראש הרשות האחראי על תחום הפיתוח."
אתי גפן,יועצת למערכות רווחה,"אתי בעלת תואר שלישי PhD בתחום העבודה הסוציאלית ובריאות הציבור, חוקרת באקדמיה, חברה בוועדת המחקר של קרן שלם ויועצת למערכות ולארגונים העוסקים ברווחה. עד לאחרונה כיהנה כמנהלת אגף קהילה ורווחה במועצה האזורית עמק יזרעאל, הייתה ממונה על ארבעים עובדים סוציאליים, ופעלה לעיצוב ולקידום המדיניות החברתית-קהילתית של הרשות ולחיזוק חוסנן של אוכלוסיות מוחלשות. בד בבד היא כיהנה כחברת דירקטוריון קרן שלם כנציגת המועצות האזוריות בארץ. לפני כן ניהלה אתי את המחלקות לשירותים חברתיים במועצה האזורית עמק יזרעאל ובמועצה האזורית מגידו, ואת היחידה לעבודה קהילתית בעיריית רמת גן. במסגרת זו פעלה ליישום ולניהול תוכניות קהילתיות עירוניות ולהקמת שירותי רווחה עירוניים בתהליכי שיתוף ציבור."
יובל גפן,מנהל מעבדת מגהלאב צפון במכבי שירותי בריאות,"יובל הוא מנהל מעבדת מגהלאב צפון במכבי שירותי בריאות. במסגרת תפקידו, הוא ממונה על מעבדה קלינית דיאגנוסטית רב מקצועית שצוותה מונה כמאה עובדים המבצעים כ-15 מיליון דגימות בשנה. בנוסף, הוא מרצה בפקולטה לרפואה של אוניברסיטת בר-אילן ומייצג את תחום המעבדות הכלליות במועצה למעבדות של משרד הבריאות. בתפקידו הקודם, כמנהל המעבדה למיקרוביולוגיה קלינית במרכז הרפואי רמב""ם בחיפה, היה אחראי על ביצוע אבחון מתקדם לפתוגנים מחוללי מחלות בחולים מאושפזים, על פיתוח שיטות אבחון מולקולריות מתקדמות, ועל תכנון ובנייה של תוכניות עבודה רוחביות בבתי החולים. בשנים 2012-2008 הוא ניהל את היחידה לאבחון מולקולרי במעבדה למיקרוביולוגיה קלינית ברמב""ם ובמסגרת תפקידו היה אחראי על ניהול יחידה מקצועית המתמחה באבחון מולקולרי של מיקרואורגניזמים בדגימות קליניות, על פיתוח שיטות עבודה, על המחקר ועל הכשרת הצוות. במסגרת עשייתו החברתית הוא מקדם את המעמד המקצועי של עובדי המעבדות הרפואיות מול משרד הבריאות. כמו כן הוא חבר בוועד הנהלת האיגוד הישראלי למעבדנות רפואית, ושותף בתוכניות חינוך והדרכה שמפעיל המרכז הרפואי רמב""ם עבור תלמידי התיכון בחיפה. בעבר, יובל ייצג את היישוב לוטם במליאת המועצה האזורית משגב ופעל בה לקידום תחום החינוך ולהנגשת שירותים ליישובי הפריפריה במועצה."
מיכאל גרוס,"קצין בריאות נפשית, פיקוד זרוע יבשה וההכשרות, צה""ל","עובד סוציאלי בעל תור מ.א.  בוגר לימודי הפסיכותרפיה  בפסיכולוגיית העצמי 
2011-2013 מנהל מרכז נוער בסיכון בבת ים 
2013-2015 מנהל מערך דיור מוגן למוגבלות שכלית.
2015 חזרתי לצבא בתפקידי קבע כקצין בריאות נפש בו עדיין נמצא ומילאתי מספר תפקידים בהם קבן בסיס זיקים ,קבן חטיבת כפיר ,ראש תחום ברה""ן בעיר הבהדים.  וכעת מתחיל תפקיד בקרוב של קבן של פיקוד זרוע יבשה וההכשרות"
נירית גרושקו,"סמנכל בכיר חדשנות מו""פ והנדסה בחברת אורמת","נירית היא סמנכל בכיר חדשנות מו""פ והנדסה בחברת אורמת. החלה כמורה לכימיה בתיכון, המשיכה בקריירה של מהנדסת ומנהלת באינטל כ-17 שנים, והיום סמנכלית חדשנות הנדסה ומו""פ בחברת אורמת: חברה בינלאומית בתחום האנרגיה העוסקת בייזום, תכנון, ייצור, הקמה ותפעול של תחנות כוח גיאותרמיות, וחום שיורי ובנוסף בונה תחנות סולריות ויחידות לאגירת אנרגיה במסגרת התפקיד אחראית על כל הפעילות הטכנולוגית של החברה. הארגון כולל כ-120 מהנדסים האחראים על התכן המכאני, התהליכי, החשמל והבקרה. כולל שיפור ביצועים של תחנות כוח שבבעלות החברה, והובלת הפעילות הטכנולוגית במכרזים ובעבודה מול לקוחות. בנוסף אחראית על הבאת פריצות דרך בעולמות המו""פ הן בטכנולוגיה הקיימת והן בהכנסת טכנולוגיות שיהוו אפיקי צמיחה לחברה."
רחלי שרון גרטי,"מנהלת המחלקה הארצית לעובדים סוציאליים בריאות הנפש, משרד הבריאות","רחלי הינה עובדת סוציאלית מומחית בריאות הנפש ופסיכותרפיסטית, מדריכה, מטפלת. כיום עו""סית ארצית בבריאות הנפש במשרד הבריאות. רחלי ניהלה את השירות לעו""ס במרכז לבריאות הנפש גהה בשנים 2018-2024. בנוסף לכך, היתה רחלי פרוייקטורית ארצית לחוסן ושחיקה בקרב העובדים, בשירותי בריאות כללית. בעלת קליניקה פרטית. קודם לכן שימשה רחלי כעו""ס אחראית במרפאת המבוגרים בבי""ח שלוותה, בשנים 2013-2018. לפני כן עבדה רחלי כקצינת בריאות הנפש בצה""ל, במגוון תפקידים כגון בית הספר לרפואה צבאית וראש צוות קב""נים במערך הטירונים של הצבא. כל זאת בין השנים 2006-2013. קודם לכן עבדה רחלי כעו""ס בעמותת ""למרחב"" המקדמת בוגרים צעירים חסרי עורף משפחתי. רחלי בעלת תואר שני בעו""ס וכן תואר שני במנהל עסקים, ניהול מערכות בריאות מטעם אוניברסיטת תל אביב"
תמר גרין,"מנהלת שירות פסיכולוגי חינוכי, מועצה אזורית רמת הנגב","כיום אני מנהלת שפ""ח במ.א. רמת הנגב. במסגרת התפקיד אני מנהלת את הצוות ומתווה מדיניות ומודל עבודה המבוסס מטריצת אורך ורוחב. אורך- ליווי מסגרות באופן מערכתי, ורוחב- שירותים פסיכולוגים פרטניים וקהילתיים. לניהול הגעתי לאחר כ-8 שנות ניסיון כפסיכולוגית חינוכית עם מגוון אוכלוסיות וגילאים. בדרך הספקתי גם לטוס עם משפחתי לשליחות ולשמש כמורה שליחה בבי""ס יהודי באריזונה, ארה""ב. עד היום אני מייעצת למשפחות בשליחות במסגרת ההסתדרות הציונית העולמית. בשנה האחרונה, לאחר ה7.10, קלטנו לרמת הנגב משפחות וילדים מ""אשכול"" ובנינו מנגנוני קליטה וטיפול בקהילה ובבתי הספר במועצה."
עידו גרינבלום,ראש המועצה המקומית קריית טבעון,"עידו הוא ראש המועצה המקומית קריית טבעון החל משנת 2019. את שירותו הצבאי הוא עשה כלוחם וכמפקד ביחידת שלדג. הוא בעל תואר ראשון במדעי המדינה ויחסים בין לאומיים מהאוניברסיטה העברית, שם היה סגן יו""ר אגודת הסטודנטים, ותואר שני מאוניברסיטת תל אביב במדיניות ציבורית. בהמשך הוא ניהל פרויקט משותף של משרד הבריאות ועיריית ירושלים, כראש מועצה, עידו מקדם את ערכיו המבוססים על אמונה בשותפויות, בעשייה ציבורית, במגזר ציבורי חזק ובקשר מהודק עם הציבור (שיתוף, זמינות, ועוד).."
שמואל גרינברג,ראש העיר בית שמש,"שמואל הוא ראש העיר בית שמש. בתפקידו הקודם היה מנהל אגף חינוך חרדי בעיריית ירושלים. לפני כן כיהן כסגן ראש העיר בית שמש, הוביל תהליכים מרכזיים וקידם את נושאי התרבות, החינוך והתחבורה בעיר. בנוסף, הוא כיהן כיו""ר דירקטוריון המתנ""סים בעיר ופעל מול משרדי ממשלה להבאת שלוחות וסניפי משנה לעיר. קודם לכן עבד כיועץ פרלמנטרי של ח""כ משה גפני, ניהל את מחלקת התרבות למגזר החרדי בעיריית בית שמש והיה שנים רבות מורה ומחנך. כמו כן שמואל יצא לשליחות בהוראה בפנמה, עבד כמנהל כללי של מוסדות חינוך והקים תלמוד תורה בבית שמש."
אורלי גרינפלד,"ראש אגף רישוי מקצועות רפואיים, משרד הבריאות","כיום ד""ר אורלי גרינפלד היא משנה לראש אגף רפואה באסותא מרכזים רפואיים. בשנים 2021-2011 עבדה בתפקידי ניהול במכבי שירותי בריאות. אורלי החלה את תפקידה הניהולי כמנהלת מרחב בני ברק, מרחב גדול עם אתגרים ניהוליים רבים, ולאחר מכן הייתה סגנית רופאה מחוזית במחוז מרכז ואחראית על פריסת השירותים וסגל רופאים. בשנים 2020-2017 שימשה כמנהלת הטלמדיסין במכבי ובשנים אלה הקימה את המחלקה לטלמדיסין במכבי ופיתחה פרויקטים ברפואה דיגיטלית ורפואה מרחוק. בשנת 2020 גם שימשה כסגנית ראש אגף רפואה במכבי שירותי בריאות. עם תחילת מבצע חיסוני הקורונה ופריצת הגל השלישי של הקורונה גויסה אורלי למשרד הבריאות לתפקיד מנהלת רפואית במגן ישראל. לאחר מכן חזרה למכבי כרופאה מחוזית במחוז מרכז. אורלי מומחית ברפואת משפחה, עובדת כרופאת משפחה ומנהלת מרפאה עצמאית במכבי שירותי בריאות. את ההתמחות עברה בשירותי בריאות כללית, במרפאת ראש העין והשקמה, ואת הסבבים בבית החולים עברה במרכז רפואי רבין שבו גם סיימה את הסטאז'."
שירה גרינפלד,"ראש מערך מדיקל אינפורמטיקס, מכבי שירותי בריאות","שירה היא רופאת משפחה וראש מערך מדיקל-אינפורמטיקס בקופ""ח מכבי משנת 2019. בתפקידה הקודם, במשך שנתיים שימשה כמנהלת פרוייקט ""בריאות דיגיטלית"" באגף הרפואה - יזמה והובילה תהליכים רבים בתחום , בניהם ה""אפלקציה לרופאי מכבי"" הראשונה מסוגה בארץ. במסגרת תפקידה הנוכחי היא מנהלת את הרשומה הרפואית והדאטא הרפואי בארגון וייסדה את מחלקת ניהול מוצרי בריאות דיגיטלית לרופאים ומטפלים. שירה עוסקת רבות ומרצה בתחומי החדשנות בבריאות, ובעלת שנים של ניסיון בתכנון ופיתוח כלים חכמים למטפלים וכן פיתוחים בעולמות הדאטא הרפואי ובינה מלאכותית. במקביל לתפקידה הניהולי היא מנהלת קליניקה עצמאית לרפואת משפחה במכבי."
יהונתן גריפמן,Partner at Qumra Capital,"יהונתן הוא משקיע בקרן ההון סיכון התאגידית של אינטל. בעבר היה מנהל אזור מרכז אירופה ומזרח אירופה ב-Uber ובמסגרת תפקידו זה היה אחראי על הובלת שינוי רגולציה ופתיחת שוק ההסעות לתחרות. קודם לכן שימש כיועץ וכמנהל פרויקטים בחברת בוסטון קונסלטינג גרופ ותפקידו כלל ייעוץ עסקי לחברות בתחומי הפיננסים, הטכנולוגיה, הרכב ומוצרי הצריכה. בעבר היה טייס בחיל האוויר וכיום הוא משרת במילואים כקברניט מבצעי בדרגת רב סרן בטייסת ציפורי המדבר. מעל 20 שנה משמש יוני כחונך ומלווה חוסה עם מוגבלות שכלית במסגרת אקי""ם ומעון ידידיה. בנוסף, הוא שימש כנשיא משותף של המועדון הישראלי בוורטון ובמסגרת זו הוביל משלחות של סטודנטים בחו""ל לביקור בישראל."
גליה גרנות,"סמנכ""לית קרן משפחת רודרמן בישראל","גליה היא סמנכ""לית קרן משפחת רודמן בישראל, ומתוקף תפקידה אחראית על פעילותה בישראל, הכוללת בין השאר את ניהול מענקי הקרן, פיתוח פרקטיקות הקרן בתחום פילנתרופיה אסטרטגית בישראל, קידום מדיניות וניהול ממשקים עם גופים ממשלתיים וציבוריים, והובלת תהליכי הפיתוח וההקמה של תנועת לינק 20. יש לה ניסיון עשיר בהקמה, בניהול ובליווי של תוכניות התערבות חברתיות בעמותות ובפילנתרופיה, והיא מתמחה בייזום מודלים ומענים אפקטיביים לקידום אוכלוסיות מודרות באמצעות השכלה ותעסוקה. במהלך שנותיה המקצועיות עבדה בארגוני המגזר השלישי וצברה ניסיון רב בעשייה פילנתרופית אסטרטגית ומעורבת. גליה החלה את דרכה בקרן משפחת רודמן כמנהלת תוכניות בתחום מיצוי השכלה גבוהה בקרן אדמונד דה רוטשילד, שם הקימה את פורום הדיקנים והייתה שותפה בהקמת תוכניות ומיזמים רבים."
ארז גרניט,מנהל אגף מלגות ומענקים במפעל הפיס,"את דרכו המקצועית התחיל ארז בתע""ש כמנהל היחידה העסקית של היחידה הטכנולוגית במפעל גבעון. משם המשיך לעולם הייעוץ ומשם הגיע להייטק והיה מנהל מחלקת פרויקט והדרכה בחברת הייטק בינלאומית. משנת 2013 ארז הוא מנהל אגף המלגות והמענקים במפעל הפיס."
כנרת דהן גרנית,מנהלת אגף בכיר אנרגיות מתחדשות במשרד האנרגיה,"כנרת היא ראש תחום בכיר כלכלה ברשות הגז הטבעי במשרד האנרגיה. לפני כן כיהנה בתפקידים שונים בזרוע העבודה בעולמות קביעת המדיניות והובלת שינוי - החל מתכלול תחום היערכות המשק לשוק העבודה המשתנה ועד ניהול מטה הממונה על התעסוקה. במסגרת תפקידה הובילה את יצירת מאגר הנתונים הממשלתי בנושא עבודה והנגשתו לאזרח במטרה ליצור שוק עבודה יעיל ומשוכלל יותר, הובילה את הקמת מועצת הכישורים היישומית שמטרתה לשפר את רמת הכישורים במשק, והייתה שותפה בהקמת מינהלת המעסיקים המקשרת בין צורכי המעסיקים למענה הממשלתי. כמו כן הובילה כנרת את צוות ההיערכות למשבר וליוותה כיועצת את מטה הממונה בעת משבר הקורונה ומול אתגר ההכשרות המקצועיות."
עמית גרנק,"מנהל שותף ישראל, קרן ראסל ברי","עמית הוא מנהל שותף של המשרד הישראלי של קרן ראסל ברי. בתפקידו הקודם היה מנהל פיתוח בקרן תל אביב לפיתוח. לפני כן כיהן כסמנכ""ל תכנון ואסטרטגיה בעיריית צפת, ניהל את התכנון האסטרטגי בלשכת ראש העיר בתחום הדיור והצמיחה הדמוגרפית וקידם את מערך התיירות והפיתוח העסקי בעיר. בשנים 2012-2008 שימש כראש צוות במכון ראוּת בתל אביב ועסק בקידום מדיניות פיתוח כלכלי באזורי הפריפריה בישראל."
שימי גשייד,"מנכ""ל רחשי לב וארגון חברים","מאז 2006 שימי הוא מנכ""ל ארגון רחשי לב - מרכז תמיכה ארצי לילדים חולי סרטן, הפועל מבית החולים שיבא ומטפל במאות ילדים חולי סרטן מדי שנה. במקביל, הוא מנהל את ארגון חברים המתפעל את מערך השירות האזרחי לצעירי המגזר החרדי עבור מדינת ישראל ובמסגרתו גייס מעל 7,000 חרדים למגוון מסלולי שירות והקים עבורם מערך קורסים על מנת לשלבם בחברה הישראלית."
יוספה דאר,"מנכ""לית הקרן לעידוד יוזמות חינוכיות","משנת 2010 מנהלת יוספה את הקרן לעידוד יוזמות חינוכיות העוסקת בטיפוח יצירתיות וחדשנות בחינוך. במסגרת תפקידה היא אחראית על מהלכי השפעה על השיח החינוכי בישראל, על יצירת שותפויות עם קרנות, משרדי ממשלה וארגונים שונים, ועל פיתוח וליווי פדגוגי של הקרן. בשנים 2010-1999  שימשה יוספה במגוון תפקידים בעמותת שלומית המפעילה מתנדבים בשירות לאומי ובתפקידה האחרון הייתה מנהלת ענף שירות לאומי תורני."
פדוה דבור,"מנכ""לית המועצה המקומית בית-ג'ן","פדוה היא מנכ""לית המועצה המקומית בית-ג'ן. בשנת 1989 היא החלה את עבודתה במועצה בתפקיד מנהלת לשכת ראש המועצה ומשנת 2004 כיהנה כמזכירת המועצה וכמנהלת כוח אדם - האישה הדרוזית הראשונה בתפקיד זה. בשנים 2003-1999 עבדה ככתבנית בבית ספר יסודי, הקימה בו ספרייה וניהלה אותה. במקביל לעבודתה הנוכחית היא ממונה על חופש המידע ועל פניות הציבור, וחברה במועצת הנשים של היישוב ובעמותת כ""ן (כוח נשים). מאז שנת 2013 פדוה היא חברת הנהלה באיגוד המנכ""לים ברשויות המקומיות, וכיום היא מכהנת כיו""ר ועדת קשרי חוץ באיגוד."
יותם דגן,מייסד ומנכ״ל חברת דוגרי,"יותם הוא מייסד ומנכ״ל חברת דוגרי. מומחה בטראומה, חוסן וניהול משברים. פועל בעיקר בחו״ל בתחומים אלו. Co-founder של מעוז."
שיראל דגן-לוי,"מנכ""לית קול העם Voice of the People","שיראל היא מנכ""לית מיזם הנשיא, קול העם, Voice of the People להקמת מועצה בינלאומית של העם היהודי שתחקור ותטמיע פתרונות לסוגיות הבוערות של העם היהודי ותפתח מנהיגות חדשה ומגוונת לשנים הבאות. לפני המעבר לבית הנשיא שיראל כיהנה כמנכ""לית סטארטאפ בתחום הבריאות אשר פיתח פלטפורמה לחולים במחלות כרוניות. בשנים 2021-2019 היא שימשה כסמנכ""לית פיתוח עסקי ולקוחות אסטרטגיים בחברת IBC, שם ניהלה את החטיבה העסקית של חברת התקשורת (סיבים אופטיים). בשנים 2019-2017 היא עבדה במעוז כסמנכ""לית כספים, תפעול ופיתוח ארגוני ובמסגרת תפקידה הובילה את בניית מטה הארגון של מעוז, עם משימות שכללו גם את מעבר מעוז למשכנו החדש. בשנים 2010 היא שימשה כמנהלת חוזים ורכש גלובלי בחברת ורינט מערכות בע""מ ובמסגרת תפקידה ניהלה תקציבים ומו""מ בארץ ובחו""ל בהיקפים של מיליוני דולרים בשנה, הובילה וניהלה צוותים גלובליים בכל תחומי הרכש (תוכנה, חומרה ורכש עקיף) ופעלה באופן שוטף כחלק מקבוצת האחריות החברתית בוורינט בשנים 2009-2004 שימשה שיראל כקניינית בכירה במשלחת הרכש של משרד הביטחון בניו יורק, ארה""ב. בשלוש שנים שקדמו לכך עבדה כעורכת דין במשרד גרוס, קלינהנדלר, חודק, הלוי, גרינברג ושות' במחלקות הייטק, עסקאות בינלאומיות וביוטכנולוגיה ועסקה בליווי שוטף של חברות בתחומים מסחריים ובפעילות הפרו-בונו במשרד. בשנים 2001-1998 היא עבדה במשרד ראש הממשלה בתפקיד ביטחוני-מודיעיני."
לבנת הספיר דהאן,גזברית עיריית טבריה,"לבנת היא גזברית עיריית טבריה. קודם לכן, במשך 15 שנה, הייתה מנהלת כספים בחברות פרטיות בינלאומיות בתחום התעשייה והובילה בהן שיקום יסודי של מערכות הליבה הכספיות, בניית תהליכי עבודה וממשקים עם הגורמים הרלוונטיים והקריטיים. במסגרת תפקידה הנוכחי היא אחראית על תחומי הרכש, הגבייה ומערכות המחשוב וייצרה איזון תקציבי ברשות. בדומה לחברות שעבדה בהן, גם לעיריית טבריה לבנת נכנסה כאשר זו סבלה מקשיים ומבעיות ארגוניות וכספיות והצליחה לייצב אותה ולהשיאה לרווחים ולייעול המערכות."
שלומי דהן,מנהל אגף חינוך בעיריית חדרה,"שלומי מנהל את אגף החינוך בעיריית חדרה. קודם לכן הוא ניהל במשך שלוש שנים את מערכת החינוך בטירת כרמל, ולפני כן ניהל במשך שבע שנים את תיכון עירוני ה' בחיפה ובמשך שלוש שנים כיהן כמנהל הפדגוגי של מרכז מעשה - תוכנית שנת שירות לילדי פריפריה של קרן רש""י. את הקריירה בחינוך הוא התחיל בשנת 2000 בתיכון במשגב ואל תחום החינוך הגיע אחרי עשר שנים של עבודה בתעשיית ההייטק בידע מערכות - נציגת APPLE בישראל. קודם לכן שלומי עסק בהדרכת טיולים וניהל את בית ספר שדה אכזיב של החברה להגנת טבע בגליל המערבי."
רועי דהן,עצמאי - פרויקט שיקום הצפון; ליווי תהליכי קפיצת מדרגה בחברה הבדואית בנגב; חבר הוועדה הגיאוגרפית חיפה; יועץ מקצועי בתחומי מנהיגות,"רועי הוא מנהל תחום שלטון מקומי בארגון ינאביע לפיתוח החברה הבדואית בנגב וחבר בוועדה הגיאוגרפית בחיפה. עד לשנת 2022 הוא עבד במשרד הכלכלה, שם ריכז בין השאר את ההקמה של מערך שטח המסייע לעסקים קטנים וליזמים. . בשנת 2012 החל לעבוד במשרד הפנים כראש תחום תכנון ובקרה, ובהמשך כמנהל אגף עתודות ותכנון אסטרטגי. במסגרת תפקידיו ניהל את תוכניות העתודה של משרד הפנים – צוערים לשלטון המקומי, תוכנית מקום ותוכנית האשכולות האזוריים. כרמ""ט מנכ”ל משרד הפנים דאז מרדכי כהן, רועי שימש כראש מטה יום הבחירות ברשויות המקומיות וכמנהל משל""ט הקורונה. שר הפנים דאז דרעי מינה אותו כסגן ראש הוועדה הממונה בטבריה וכחבר מוסד התכנון הארצי הולקחש""פ (ועדה לשמירה על קרקע חקלאית ושטחים פתוחים. בתפקידו האחרון במשרד הפנים הוא שימש כסמנכ""ל בכיר למינהל והון אנושי וכראש אגף בכיר פיתוח הון אנושי ברשויות המקומיות. רועי הוא בוגר תוכנית הצוערים למגזר הציבורי ובמסגרת הכשרתו בתוכנית התמחה במשרדי הבריאות והשיכון."
ערה דואק,"סמנכ""לית תפעול מחקר בסטארט-אפ Eleven Therapeutics","ערה היא סמנכ""לית תפעול מחקר בסטארט-אפ Eleven Therapeutics - חברת ביוטק הפועלת לפיתוח תרופות מבוססות RNA. לפני כן היא הייתה סמנכ""לית פיתוח ארגוני במרכז הישראלי להתמכרויות, שאותו גם סייעה להקים. כמו כן היא כיהנה כיועצת למנכ""ל בשירות התעסוקה, כאנליסטית לנושאי המזרח התיכון במשרד החוץ ובשגרירות ישראל בוושינגטון וכמנהלת לשכת שגריר ישראל בארה""ב בכהונתם של השגרירים סלי מרידור וד""ר מייקל אורן. את שירותה הצבאי סיימה ערה כקצינת מבצעים והדרכה בטייסות F16."
אפרת דובדבני,"מנכ""לית מרכז פרס לשלום ולחדשנות","בשנים האחרונות אפרת מכהנת כמנכ""לית מרכז פרס לשלום ולחדשנות. בעבר הייתה מנכ""לית בית הנשיא בכהונתו של שמעון פרס כנשיא המדינה. היא הקימה את המשרד לפיתוח הנגב והגליל ושימשה כמנכ""ליתו. את עבודתה הציבורית התחילה אפרת במשרד ראש הממשלה בעת כהונתו של יצחק רבין ז""ל ולאורך השנים עבדה בתפקידים מגוונים בשירות הממשלתי."
אופיר דובובי,מקים ובעלים של OpenValley,"בתחילת 2016 הקים אופיר עם שותפו יוסי אקרמן את רשת מרכזי היזמות והחדשנות OpenValley. זוהי רשת פורצת דרך ליזמים ולסטארט-אפים בצפון מדינת ישראל, שכיום כוללת יותר מ-130 חברות הזנק בארבעה מרכזים שונים. במתחמי היזמות של הרשת בונים דיאלוג בין הסטארט-אפים לתעשייה, לשווקים הרלוונטיים ולאקדמיה. שיח זה מייצר קהילה חזקה החולקת משאבים וחשיפה למקורות ידע, מימון והשקעה. החיבור לגורמים הללו והליווי המקצועי מבטיחים מיצוי מרבי של הפוטנציאל הטמון בכל רעיון עסקי וטכנולוגי. בנוסף, הקים אופיר תחת OpenValley אקדמיית יזמות שהיא מרכז ידע לעולמות היזמות והחדשנות, ומעניקה פלטפורמה לפיתוח תהליכים פדגוגיים בהתאמה ספציפית לארגונים שונים ובהם חברות מסחריות, תאגידים, מוסדות ממשלתיים וציבוריים, עמותות, אוניברסיטאות, בתי ספר וגופים נוספים רבים. קודם לכן מילא אופיר תפקידים בכירים בתאגידים בינלאומיים גדולים כמו אמדוקס ונייס מערכות, והיה שותף להקמת סטארט-אפ מוביל בתחום אחסון המידע."
רני דודאי,"מייסד ומנכ""ל המכון לקידום מערכות הרווחה","למעלה משני עשורים וחצי של ניסיון בבנייה והובלה של יוזמות אסטרטגיות לאומיות וחדשניות בממשק שבין המגזר הציבורי, החברתי, הפילנתרופי והעסקי."
צביקה דוידי,מ'מ גזבר קריית מלאכי,"צביקה הוא יועץ אסטרטגי עסקי. בעברו שימש כראש מטה בעיריית בית שמש, וכשותף במיזם חברתי כלכלי שמטרתו לקדם מוביליות חברתית . לפני כן שימש כגזבר עיריית כפר סבא, וכגזבר עיריית קריית מלאכי. לפני כן עסק בפעילות יזמית בתחומי הפיננסים והנדל""ן, שימש כסמנכ""ל כספים בקבוצת חברות פרטית, כמנכ""ל ובעלים של חברה העוסקת בייעוץ עסקי, כמנהל תחום מימון חברות בחברת ארנסט את יאנג וככלכלן בכיר בחטיבה העסקית בהנהלה הראשית בבנק דיסקונט."
מאיר דויטש,"מנכ""ל תנועת רגבים","מאיר הוא מנכ""ל תנועת רגבים וממקימיה, ומחבר הספר ""בדואיסטן"". כמו כן הוא חבר בוועד המנהל של ארגון לב בגליל ובצוות המייעץ לוועדת פרס מוסקוביץ' לציונות. בעבר היה בהנהלת מחנה קיץ ציוני בארה""ב במשך 14 שנים."
אילת דויטש,"מנהלת גוגיה חוץ ברשת אמי""ת","אילת היא מנהלת גוגיה חוץ ברשת אמי""ת. בתפקידה הקודם הייתה סמנכ״לית פדגוגיה, מטח. עובדת מזה שנים רבות בתחומי חינוך והכשרת מבוגרים. החלה בהקמה וניהול של חברה פרטית ללימודי טבע ומדעים לתלמידי יסודי וחטב, לאחר תכנית מנדל עברה לעבוד בתחומי חינוך במגזר השלישי. ניהלה את לימודי החוץ בעלמא מכללה לתרבות עברית, ניהלה את מסלולי ההכשרה המקצועית כמשנה למנכ״ל מכון אדלר, הקימה את תחום המו״פ הפדגוגי ברשת אמית. ובשלוש השנים האחרונות עובדת כסמנכ״לית פדגוגיה במטח. כסמנכ״לית ברשת אמית, ובשלוש השנים האחרונות עובדת במטח."
אשר דולב,"סמנכ""ל אסטרטגיה ובניין הכוח במערך הדיגיטל הלאומי","אשר הוא סמנכל אסטרטגיה ובניין הכח במערך הדיגיטל הלאומי. בתפקידו הקודם היה מנהל מטה המיזם הלאומי ישראל דיגיטלית. לפני כן כיהן כמנהל אגף בכיר כלכלה ויישום במטה ישראל דיגיטלית. הוא היה רכז תחבורה ציבורית באגף התקציבים במשרד האוצר, ולפני כן היה רפרנט תחבורה. במקביל לתפקידו במשרד האוצר היה מורה לכלכלה וחברה במכינה הקדם צבאית הירושלמית וחבר בקהילת הלום - קבוצת צעירים למען שינוי חברתי בקריית היובל בירושלים. במקביל, שימש כנשיא ועידת אגודת הסטודנטים באוניברסיטה העברית בירושלים וכנשיא מועצת הבוגרים של המכינה הקדם צבאית על שם רבין.
גר ברמות מנשה, נשוי ללילך ואב לבת ושני בנים."
דרור דולפין,סגן מנהל המרכז הרפואי סורוקה,"ד""ר דרור דולפין הוא סגן מנהל המרכז הרפואי סורוקה. לפני כן שימש כעוזר רפואי למנהל הרפואי של חטיבת בתי החולים של שירותי בריאות כללית, ובמקביל שימש כרופא בכיר במרכז לבריאות הנפש גהה. בשנים האחרונות הוא מקדם את ההכרה ואת הטיפול המערכתי בתסמונת השחיקה בעבודה, בפרט במערכת הבריאות, שותף לקידום יוזמות לטיפול בשחיקת רופאים ואנשי סיעוד, ומרבה להרצות בנושא בפני קהלים מקצועיים ולא מקצועיים. בעבר התנדב במסגרת מרכז חוסן ע""ש כהן-האריס להתערבות בטראומה ואסון המוני והיה ממובילי תחום השחיקה במרכז. בטרם פנה ללימודי הרפואה הוא לימד כמה שנים כחבר סגל זוטר בחוג לפילוסופיה של אוניברסיטת תל אביב ושימש שם כעוזר מחקר לפרופסור אלי פרידלנדר. במסגרת לימודיו שהה דרור סמסטר אחד בהרווארד כאורח של פרופסור סטאנלי קאוול. בעבר ריכז דרור במשך כמה שנים את פרויקט כיתת המצוינות של תיכון עירוני ט' בדרום תל אביב ולימד בפרויקט. התמחות רפואית: דרור מומחה בפסיכיאטריה של המבוגר. את התמחותו ביצע במרכז לבריאות הנפש תל אביב ע""ש בריל של שירותי בריאות כללית. את הסטאז' ברפואה ביצע במרכז הרפואי ע""ש אדית וולפסון."
יונתן בן דור,"מנכ""ל ישראל תורמת בע""מ","מאז שנת 2009 משמש יונתן כמייסד וכמנכ""ל ישראל תורמת - המסייעת לעמותות ולארגונים לקדם את עצמם באינטרנט ולגייס תרומות ומפעילה אתר המאפשר לתרום לכל העמותות הפועלות בישראל. קודם לכן עבד ארבע שנים כסמנכ""ל עמותת לקט ישראל - ארגון גג להצלת מזון בישראל המבטיח שעודפי מזון יגיעו לאנשים הנזקקים לו. את התמחותו המשפטית עשה בעמותת ידיד - להעצמת השכבות החלשות בישראל. יונתן שירת כחובש קרבי בחטיבת גבעתי."
דפנה דור,מנהלת קו. לאב - המעבדה לחיבורים של הפדרציה היהודית של ניו יורק,"דפנה היא מנהלת קו. לאב - חממה לחדשנות חברתית בפדרציה היהודית ניו יורק. לפני כן הייתה מנכ""לית עמותת שיעור אחר, המסייעת למערכת החינוך באמצעות שילוב אלפי מתנדבים מהמגזר העסקי והציבורי במגוון אפיקי פעילות. צוות העמותה, המונה שלושים עובדים בפריסה ארצית רחבה, מעניק למתנדבים ולבתי הספר מעטפת תמיכה מקצועית הכוללת גיוס, הכשרה, ליווי מלא ותוכניות העשרה. בעבר כיהנה בתפקידי ניהול פרויקטים המשלבים תוכן וטכנולוגיה: בחברת Babylon, בפרויקט Kids World לפיתוח ערוץ תוכן אינטראקטיבי לילדים, במטח – מערכות ידע, ובחברת C.D.I Systems (בית תוכנה והוצאה לאור אלקטרונית). כמו כן עבדה דפנה במשרות הוראה והדרכה וכתחקירנית בתוכניות תחקיר, בסדרות ובסרטי תעודה."
מיכאל דור,"סמנכ""ל רשת פרח (ארחות חינוך)","מיכאל מכהן מאז שנת 2014 כסמנכ""ל רשת ""פרח"" (וארחות חינוך), המתמחה בתחום החינוך המיוחד ופועלת בפריסה ארצית תוך מענה לכלל המגזרים. את מוסדות הרשת היה שותף להקים כבר בשנת 2004, ומאז ממלא תפקיד מרכזי כסמנכ""ל בניהולם. במסגרת תפקידו, מיכאל אחראי לקבלת החלטות אסטרטגיות וניהול שוטף, וכן מייצג את פעילות העמותה מול משרדי הממשלה.

בנוסף, מיכאל משמש כחבר הנהלה בצעירי אגודת חב""ד הארצית, וחבר הנהלה בכפר הנוער סיטרין – שם שימש עד שנת 2013 כמנכ""ל. במסגרת תפקידו זה ניהל את תוכנית נעל""ה לקליטת בני נוער מחבר המדינות, ויזם מסגרת חינוכית ייחודית לנוער חרדי מאתגר, המשלבת לימודי קודש עם לימודי ליבה והכנה לבגרות.

בעבר כיהן כסמנכ""ל רשת החינוך ""אור אבנר"" בישראל, ולפני כן שימש כמנכ""ל מוסדות ""אור המלך"" וכן כמנכ""ל רשת מוסדות ""דיסקין"" בירושלים."
ערן דורון,ראש המועצה האזורית רמת הנגב,"ערן הוא ראש המועצה האזורית רמת הנגב משנת 2017. הוא התחיל את עבודתו במועצה בעשור שלפני כן ושימש שם כמנכ""ל, כמנהל אגף קהילה וחינוך, כמנהל קשרי חוץ ושותפויות, כמנהל פרויקטים בחכ""ל ועוד. במסגרת תפקידו כראש המועצה הוא פועל מתוקף חזון המועצה על מנת ליישב, לפתח ולשמור על הנגב עבור תושבי רמת הנגב ותושבי מדינת ישראל."
מוריס דורפמן,ראש חטיבת אסטרטגיה כספים ואחזקות בבנק דיסקונט,"מוריס הוא ראש חטיבת כספים ובתי חולים במכבי שירותי בריאות. לפני כן שימש כראש חטיבת רגולציה ובריאות דיגיטלית במשרד הבריאות. קודם לכן שימש כסגן בכיר למנהל הרשות ברשות החברות הממשלתיות. בעברו מילא מספר מספר תפקידים במועצה הלאומית לכלכלה במשרד ראש הממשלה בינהם כסגן ראש המועצה. קודם לכן, שימש מוריס ככלכלן בכיר והיה אחראי תחומי שוק ההון והאנרגיה. מוריס ריכז והיה חבר במספר וועדות בינמשרדיות כמו הוועדה להגברת התחרותיות במשק, צוות להקמת קרן הון ריבונית, ועוד. במקביל, מוריס התנדב בעמותת נובה - ניהול ואקדמיה בשרות הקהילה, ואף כיהן בה כחבר ועד מנהל. את שירותו הצבאי סיים מוריס ביחידת תאום פעולות בשטחים, נבחר לקצין מצטיין יחידה והשתחרר בדרגת סגן. כמו כן נבחר לייצג את היחידה במשלחת צה“ל לפולין בראשות הרמטכ“ל – 'עדים במדים'."
נמרוד דותן,סגן נשיאת האקדמית ת״א יפו לקשרי חוץ,"נמרוד מכהן כסגן נשיאת האקדמית ת״א יפו לקשרי חוץ ופיתוח משאבים.
לפני כן, נמרוד כיהן כמנכ""ל עמותת חינוך לפסגות – שמטרתה צמצום פערים בחברה הישראלית באמצעות מתן שוויון הזדמנויות בחינוך על-ידי תוכנית מצוינות לילדים ולבני נוער בפריפריה החברתית והגיאוגרפית. קודם לכן הוא שימש בעמותה כסמנכ""ל חינוך. נמרוד צמח כנער וכאדם בוגר בתנועת הצופים, ושם התפתח מבחינה מקצועית במגוון תפקידים: מרכז שבט, רכז הדרכה מחוזי, מנהל מחוז ואף מנהל ההדרכה הארצי של התנועה וכיום הוא ממשיך להתנדב בוועדת הביקורת של התנועה. בצבא שירת כקצין הנדסה קרבית, וכיום משרת במילואים כראש מטה הנדסה פיקוד הצפון  בדרגת אלוף משנה."
אילון דחבש,"משנה למנכ""ל הפניקס. מנכ""ל הפניקס אשראי צרכני","אילון משמש כמשנה למנכ""ל הפניקס ומנהל את פעילות האשראי הקמעונאי. בתפקידו האחרון היה ראש החטיבה הבנקאית בבנק לאומי לאחר שמילא שם מגוון תפקידים במהלך השנים. בעבר שימש כראש אגף מטה החטיבה הקמעונאית של הבנק – תפקיד שבמסגרתו היה אחראי על תוכניות העבודה של החטיבה ועל ניהול מטה ראש החטיבה, ושימש כעוזר אישי לראש חטיבת משאבי אנוש וחבר העתודה הניהולית של הבנק. קודם לכן עבד שנה כמנהל תיקי לקוחות בחברת מוטינית טכנולוגיות ושלוש שנים כמנהל שיווק, מכירות ושירות לקוחות בחברת טאק טורו."
סיון דטאוקר,מנכלית התאחדות המלונות בישראל,"סיון היא מנכ""לית התאחדות המלונות בישראל. לפני כן שימשה כסמנ""כלית פיתוח עסקי ורגולציה בגט ישראל. במסגרת תפקידה הייתה אחראית לעבודה מול הממשל, לשיתופי פעולה עסקיים אסטרטגיים, לקידום וליישום יוזמות חדשות בתחום התחבורה החכמה. קודם לכן הייתה סיון ראש המטה המקצועי לשר האנרגיה והתשתיות. במסגרת תפקידה זה היא ריכזה את מתווה הגז, וכיהנה כחברה בצוות המנכ""לים לגיבוש ולניהול המשא ומתן לרפורמה במשק החשמל. עוד הייתה אחראית לגיבוש ולניהול תהליך של רפורמה מבנית בתחום האסדרה של משק החשמל. בעבר עמדה סיון בראש מטה שר המודיעין והאסטרטגיה, והייתה דוברת שר האוצר."
אסף דטנר,מנהל ייזום ובנייה בחברה לפיתוח מטה בנימין,"מסוף שנת 2013 אסף עובד במועצה אזורית מטה בנימין, תחילה כמנהל אגף תפעול ובהמשך כמנהל תפעול ותשתיות. במסגרת תפקידו הוא אחראי על כלל ההיבטים הפיזיים במועצה, בהם בנייה, מים, ביוב, אשפה, מִחזור, חשמל, רישוי עסקים, שירות וטרינרי ועוד. קודם לכן שימש במגוון תפקידים במינהל הפיתוח של משרד החינוך. בתפקידו האחרון היה מנהל אגף בינוי ותקצוב וממלא מקום מנהל הפיתוח."
וסים דיביני,"מנכ״ל אי.מ.מ.ס  נצרת ( בית החולים נצרת הסקוטי, בית הספר האקדמי לסיעוד נצרת וכפר נצרת)","וסים משמש כמנכ״ל ארגון הצדקה הסקוטי  EMMS Nazareth  המפעיל בנצרת את בית החולים נצרת (הסקוטי), בית הספר האקדמי לסיעוד נצרת, מיזם תיירותי בשם כפר נצרת ותוכנית מתנדבים בשם Serve Nazareth. וסים הצטרף לארגון אממס נצרת בשנת 2011 כמנהל כספים ובשנת 2017 הפך להיות בנוסף גם לסמנכ״ל הארגון ובנובמבר 2024 קיבל את המינוי כמנכ״ל. לאורך השנים וסים הוביל והיה שותף מרכזי בהתוויית המדיניות והאסטרטגיה של הארגון ובגיבוש חזונו. לפני כן עבד בפירמת ראיית החשבון BDO זיו האפט וליווה מגוון רחב של חברות ציבוריות ופרטיות, יצרניות ומסחריות, מקומיות ובינלאומיות - הן בהיבטי החשבונאות, הן בהיבטי המיסוי והן בייעוץ העסקי. הוא חבר בפורום ראשי החברות המאגד את המנכ״לים של החברות המובילות במשק, וחבר בפורום הישראלי למנהיגות. הוא בוגר אוניברסיטת תל אביב בחשבונאות וכלכלה ובעל תואר שני במנהל עסקים בהתמחות בבריאות. וסים עבר הכשרות רבות שכללו שלוש השתלמויות יוקרתיות בבית הספר למנהל עסקים של אוניברסיטת הרווארד. וסים משמש כמנטור בתכניות מנהיגות של קרן מנדל."
לילך דידי,סגנית מנהלת הסיעוד במרכז הרפואי לגליל,"לילך היא סגנית מנהלת הסיעוד במרכז הרפואי לגליל. לפני כן ניהלה את מערך האיכות במרכז הרפואי לגליל, ובמסגרת תפקיד זה הובילה את תוכנית המדידה הפנים-ארגונית והחוץ-ארגונית, את תוכניות העבודה המחלקתיות, את מבדקי ההסכמה ואת תהליכי השיפור המחלקתיים וחוצי הארגון. כמו כן הייתה מעורבת בתהליך הקמת המפה האסטרטגית של משרד הבריאות ובוועדת שונות בתחום האיכות והרפואה מרחוק."
תמיר דיין,"אסטרטגיית נדל""ן, פיתוח עסקי ורשויות מקומיות - רשת המטרו, נת""ע/מיטב.","תמיר עוסק באסטרטגיית נדל""ן, פיתוח עסקי ורשויות מקומיות ברשת המטרו בנת""ע/מיטב ודירקטור במועצה הישראלית לצרכנות. בתפקידו הקודם היה מנכ""ל חברת אקספו תל אביב (""גני התערוכה"" לשעבר), המרכז הבינלאומי לכנסים ולתערוכות, הכולל כ 300 דונם של ביתני ענק, אולמות כנסים, תחנות דלק, לונה פארק, גני אירועים ומשרדים להשכרה. קודם לכן, כיהן תמיר כראש מנהל פיתוח בעיריית ירושלים האחראי על אגף הנכסים, אגף קידום העסקים, אגף המחשוב ושימש כדירקטור בחברת עדן. לפני כן שימש כמנכ""ל חברת פרסיס מדיקל, חברה בינלאומית לפיתוח, לייצור ולשיווק מוצרים רפואיים, מנכ""ל חברת וויסמד, יו""ר חבר המנהלים בחברת פירסט קייר פרודקטס וכדירקטור בחברת בליזרד בווילס, בריטניה. עוד עבד תמיר בחברות הייטק, חברות למכשור רפואי וכעורך דין. בעל תואר דו חוגי במשפטים ובכלכלה מאוניברסיטת תל אביב ו - MBA מהאוניברסיטה העברית בירושלים. תמיר בדרגת אל״מ במילואים, כיהן בעבר כמפקד פלוגת רפואה, מפקד גדוד חילוץ והצלה, מנהל לחימה ומכהן כיום כמפקד יחידת קישור לעיריית נתניה בפיקוד העורף. תמיר נשוי +3 ומתגורר בתל אביב."
תמי דיסקין,מנהלת אגף בכיר שירותים בקהילה לאזרחים ותיקים משרד הרווחה והביטחון החברתי,"תמי היא מנהלת אגף בכיר שירותים בקהילה לאזרחים ותיקים משרד הרווחה והביטחון החברתי. בעברה מילאה שורה של תפקידים כעובדת סוציאלית, מנהלת מרכז טיפול בהתמכרויות בעיר רמלה. במשרד הרווחה מילאה תפקידי מטה במספר תחומים. בין היתר ניהלה בתקופת הקורונה את תכנית מגן זהב, התכנית הלאומית להתמודדות עם משבר הקורונה בקרב אזרחים ותיקים."
ליאור דיעי,גזבר וראש מינהל כספים בעיריית באר שבע,"ליאור הוא גזבר וראש מינהל הכספים בעיריית באר שבע. קודם לכן כיהן כמנכ""ל חברת יעדים - החברה העירונית לפיתוח עסקי של באר שבע, שהיא חברה בת של עיריית באר שבע ומובילה את הטיפול במגזר העסקי בעיר - עסקים קטנים ובינוניים, אזורי התעשייה, מתחם השוק העירוני, מינהלת העיר העתיקה, מקדמת תעשיות עתירות ידע (במסגרת פארק ההייטק) ומנהלת את מחלקת התיירות. לפני כן שימש כסמנכ""ל חברת כיוונים - החברה לתרבות הפנאי של באר שבע, המנהלת בין השאר את תחומי הנוער, הספורט, הקהילה, התרבות, החינוך (צהרונים ורשת מעונות יום), הקליטה והאירועים, עם כ-1,700 עובדים ומחזור פעילות של כ-250 מיליון ₪. במסגרת תפקידו הוביל את מטה החברה וכן את ענייני הכספים, ההתקשרויות, מש""א, התפעול, מערכות המידע, השיווק והשירות. בעבר מילא ליאור תפקידים בחטיבה העסקית של בנק לאומי."
איילת דליות,מנהלת שותפויות וסגנית מנהלת יוזמת אורחא,"איילת מנהלת את השותפויות ואת מטה יוזמת אורחא - בשביל צמיחה רגשית חברתית בישראל .   בעבר היתה ראשת תחום מפקחים במכון אבני ראשה. לפני כן הייתה אחראית לפיתוח תוכניות חינוכיות בבתי הספר ברעננה להובלה של יוזמות חינוכיות, להתאמתן ולהטמעתן, ואמונה על תהליכי משוב ובקרה ועל הובלת תהליכי פיתוח במינהל החינוך. איילת הייתה גם יועצת ראש העירייה רעננה  לקידום מעמד האישה - הובלת תהליכים מערכתיים לקידום שוויון מגדרי בעיר ובעירייה. היא פיתחה והקימה את דרך רעננה - המרכז העירוני להכשרה ולהתפתחות מקצועית, אשר מוביל תהליכי פיתוח מקצועי של אנשי חינוך ברוח הומניסטית. בעבר ניהלה את מערך הגיל הרך במושב בצרה ותוכניות בעמותת מליץ ועסקה בתפקידי הדרכה והנחיה שונים."
הראל דמתי,מפקח מחוזי בכיר על התעבורה במשרד התחבורה והבטיחות בדרכים,"הראל הוא מפקח מחוזי בכיר על התעבורה במשרד התחבורה והבטיחות בדרכים. בתפקידו הקודם שימש כמנהל אגף א' המפקח על התעבורה במשרד התחבורה והבטיחות בדרכים, ובמסגרת תפקידו שימש כרשות תמרור מרכזית במחוזות חיפה והצפון והיה אחראי על הסדרי התנועה במחוזות. כמו כן הוא שימש כנציג השר בוועדות התכנון המחוזיות בחיפה ובצפון. קודם לכן עבד כמהנדס תנועה במחוזות תל אביב והמרכז, ובעבר היה בעל עסק עצמאי. בנוסף, כיהן כדירקטור בחברות כביש חוצה ישראל ובחברת רכבת ישראל. את הקריירה המקצועית שלו התחיל הראל בצה""ל במסגרת לימודי העתודה ושירת שלוש שנים בצבא קבע כראש מדור הנדסת תנועה."
שלום דניאל,"יזם, מייסד ומנכ""ל Mush Foods ומייסד ויו""ר INNOBIZ","שלום הוא יזם, מייסד ומנכ""ל Mush Foods. לפני כן היה סמנכ""ל וחבר הנהלה בקבוצת טמבור - חברת מוצרי הבנייה הגדולה והמובילה בישראל ובמסגרת תפקידו הוביל את האסטרטגיה העסקית של הקבוצה, החדשנות והטרנספורמציה הדיגיטלית וקידם שיתופי פעולה אסטרטגיים מול חברות טכנולוגיה וסטארט-אפים. קודם לכן הוא היה מנהל השיווק של מותגי המזון הגלובליים ביוניליוור ישראל. בשירותו הצבאי שלום היה לוחם ומפקד בצנחנים ובמהלך המילואים עבר ליחידה האסטרטגית של דובר צה""ל."
עמית דניאל,Strategic GTM advisor for high tech,"עמית היא סמנכ""לית שיווק אסטרטגי בצ'ירמרקס. במסגרת תפקידה היא אחראית על מכלול פעילויות השיווק ואסטרטגיה מול לקוחות, שותפים ושיווק פנים-ארגוני לקידום ההצלחה העסקית בתחום הפקת מודיעין והגנת סייבר. לעמית יותר מעשרים וחמש שנות ותק בתחום שיווק וניהול מוצר בחברות הייטק ובהן קווי זהב, סטארהום וסיבידיה בתחומי אנליזת מידע, בינה מלאכותית וסייבר במגוון שווקים ותעשיות."
איציק דניאל,רכז תשתיות באגף התקציבים במשרד האוצר,"איציק הוא רכז התשתיות באגף התקציבים במשרד האוצר ואחראי על תחומי המטרו, רכבות קלות, נמלי הים וקידום תשתיות לאומיות באופן רוחבי. קודם לתפקיד זה הוא ריכז את תחום התעסוקה באגף ועסק בניהול המשבר התעסוקתי בעקבות מגפת הקורונה. בנוסף, קידם צעדים להגדלת שיעור התעסוקה של אוכלוסיות מעוטות השתתפות והעלאת פריון העבודה. את תחילת דרכו באגף עשה בצוות פיננסים, שם ליווה בין היתר את הפרדת חברות כרטיסי האשראי, הסדרת השוק החוץ בנקאי והסרת חסמים בפני חברת פינטק. קודם לעבודתו במשרד האוצר עבד בחטיבת המחקר בבנק ישראל, ובשנת 2015 סיים התמחות במשרד הרצוג פוקס נאמן והוסמך כעורך דין."
מרי דניאלי,סגנית מפקד מרחב כרמל במשטרת ישראל לשעבר,
אוריה דסברג,"סמנכ""לית עמותת אל עיר דוד","אוריה מכהנת כסמנ""כלית פיתוח ושיווק בעמותת אל עיר דוד. במסגרת תפקידה היא מובילה את החשיבה האסטרטגית והניהול השוטף של הפיתוח הפיזי והחפירות הארכיאולוגיות שבמרחב ירושלים הקדומה, מנהלת ממשקים עם רשויות ממשלתיות ואחראית על גיוס משאבים מול משרדי ממשלה. במקביל, אוריה אחראית על תחום השיווק והפרסום של עיר דוד כשבשנת 2019 זכה המקום ביותר ממיליון מבקרים. קודם לכן כיהנה ארבע שנים כמנהלת מחלקת פיתוח ומחלקת שיווק. עד שנת 2011 ניהלה אוריה את עמותת התיירות בגוש עציון והובילה את תהליך המיתוג של המועצה."
גנט דסה,"מנכ""לית עולים ביחד","גנט היא מנכ""לית עולים ביחד. היא בעלת ניסיון רב בזירה החברתית בכלל ובתחום החינוך בפרט, החל מתפקיד קצינת חינוך בצה""ל, דרך תפקידי הדרכה וריכוז בפנימייה בכפר הנוער עיינות ועד לניהול פנימייה במשך ארבע שנים."
סוזן דסוקי,"מנהלת תחום בכיר, הסניגוריה הארצית במשרד המשפטים","סוזן היא מנהלת אגף בכיר - טיפול באוכלוסיות קצה חוץ ביתי במשרד הרווחה והביטחון החברתי. לפני כן שימשה כמשפטנית בכירה ביחידה הממשלתית למאבק בגזענות במשרד המשפטים. בתפקידה הקודם היא הייתה יועצת למנהלת הכללית של משרד המשפטים ובמסגרת זו ריכזה צוותים בין-משרדיים כולל הצוות למיגור הגזענות נגד יוצאי אתיופיה, הצוות לצמצום צריכת הזנות והצוות להתמודדות עם תופעת הפוליגמיה. כמו כן הייתה אחראית על הדסק הפלילי והחברתי בלשכת המנכ""לית. קודם לכן הייתה סוזן פרקליטה בפרקליטות מחוז מרכז (פלילי) במשך שש שנים ועבדה במשרד הרווחה כחוקרת ילדים ואנשים עם מוגבלות."
יעל דקל,סגנית מנהלת בית החולים הדסה הר הצופים,"ד""ר יעל דקל היא סגנית מנהלת בית החולים הדסה הר הצופים, ומתמחה במינהל רפואי. קודם לכן היא הייתה מנהלת יחידת האוקולופלסטיקה בבתי החולים של הדסה. יעל התמחתה ברפואת עיניים בבית החולים שערי צדק ועשתה תת התמחות בפלסטיקה של העין בסידני, אוסטרליה (Sydney Eye Hospital). את הסטאז' עשתה בבית החולים שערי צדק בירושלים."
הוניידה דראושה,"רופאה פנימאית, מנהלת רפואית עולם הבית - אשפוז בית אקוטי ויחידה לטיפולי בית במכבי מחוז צפון.","הוניידה סיימה התמחות ברפואה פנימית בבי""ח העמק ב-2018. היא החלה את דרכה בקהילה בניהול רפואי מרחבי מגדל העמק במקביל לעבודה בתחום הקליני כרופאת משפחה. זמן קצר לאחר מכן היא החלה לנהל את מרחב טבעון/רמת ישי. כעבור פחות משנה ב-2020 נבחרה לתפקיד מחזוי – ניהול פרויקט חדש ופורץ דרך של הקמת המחלקה לאשפוז אקוטי in house. לאחר כחודש ימים התפקיד הורחב להכיל בתוכו גם את העולם הכרוני של היחידה לטיפולי בית ברמה מחוזית. כיום היא מנהלת רפואת של עולם הבית בצפון. הוניידה ביצעה את לימודי הרפואה באוניברסיטת המדעים וטכנולוגיה בירדן (JUST) – לימודים באנגלית. בנוסף לתפקיד הנ""ל היא כעת גם מנהלת רפואית ממלאת מקום למרחב טבריה ואחראית על הובלה ופיתוח שיקום בקהילה בתכניות עבודה. סיימה בהצטיינות תואר MBA מנהל עסקים בהתמחות ניהול מערכות בריאות באוניברסיטת תל אביב"
אידית דרויאן,בעלים של חברה לייעוץ אסטרטגיה תקשורת חיבורים ומייסדת ומנהלת קורס להכשרה פרלמנטרית,"יועצת אסטרטגיה ותקשורת. מכשירה את הדור הבא של המנהיגים הצעירים. 
עוסקת בייעוץ תקשורתי- אסטרטגי למעלה מעשור, מאמנת סטוריטלינג באנגלית ובעברית. הופכת חזון למציאות. 
לשעבר מנהלת מערך פרויקטים ואסטרטגיה בישראל היום ויועצת לעורך הראשי. לשעבר דוברת מפלגת הבית היהודי וראש מטה שר. 
מייסדת ומנהלת את קורס פוליטיקליקורקט להכשרה פרלמנטרית.
אוהבת את תחום התפוצות וקשרי החוץ ועוסקת בתודעה."
רועי דרור,מנהל אגף אסטרטגיה בבנק דיסקונט,"רועי הוא מנהל אגף אסטרטגיה בבנק דיסקונט. לפני כן הוא הקים את מערך האסטרטגיה, התכנון והיישום בממשלת ישראל והיה אחראי במשרד ראש הממשלה על קביעת תוכניות העבודה של הממשלה, על מעקב אחר החלטותיה, על קידום רפורמות ועל שיתוף הציבור בקבלת ההחלטות של הממשלה."
חגי דרור,מנהל מרקט אקסס בחברת BD ישראל,"חגי הוא מנהל מרקט אקסס בחברת BD, מחברות המכשור הרפואי הגדולות בעולם. במסגרת תפקידו חגי אחראי על קשרי ממשל והובלת תהליכים אסטרטגיים להגברת החשיפה ליכולות ולמוצרים של החברה. לפני כן חגי שימש כסמנכ""ל אסטרטגיה ופיתוח עסקי בחברת סליגנוסטיקס, המפתחת בדיקות מבוססות רוק לשוק הבריאות. בשנים 2016-2023 שימש כראש מינהלת Healthcare Israel במשרד הבריאות, שפעלה לפתח מיזמים כלכליים בינלאומיים לתועלת מערכת הבריאות הציבורית. לפני כן, שימש כסגן סמנכ""ל תכנון, תקצוב ותמחור במשרד הבריאות. במסגרת זו חגי היה מעורב בהובלת רפורמות ומהלכים מבניים מרכזיים במערכת הבריאות בשילוב גורמים במערכת הבריאות ובממשלה."
מלכה דרור,"יו""ר ועדת ביקורת ברשת עתיד חינוך","מלכה היא עצמאית - יועצת לניהול שינויים בעולם הממהר. לפני כן הייתה מבקרת ומורשה לטיפול בתלונות בעיריית ירושלים. במסגרת התפקיד היא ניהלה צוות של 22 עובדים והייתה אחראית על ביקורת העירייה והתאגידים העירוניים, על טיפול בתלונות הציבור, ועל הפקת הדוחות השנתיים של מבקר העירייה והמורשה לטיפול בתלונות. קודם לכן היא עבדה בחברת בזק בתפקיד מבקרת החברה וחברת הנהלה ברמת סמנכ""ל, ובמסגרת תפקידה הייתה אחראית על הביקורת בכל חברות התקשורת בקבוצת בזק ועל ניהול צוות מבקרים. את דרכה המקצועית החלה מלכה כעוזרת מחקר במחלקת המחקר של בנק ישראל."
יעל דורון – דרורי,"יועצת עצמאית ומרצה לחדשנות ולמידה, מובילת מיזם מפצחים עתיד ויועצת אסטרטגית לתוכנית אודם","מרצה ויועצת בתחומים של חדשנות, טכנולוגיה ולמידה. מובילת מיזם 'מפצחים עתיד', יועצת אסטרטגית לתוכנית אודם ויועצת עצמאית לחברות EdTech ולארגונים נוספים. קודם לכן לימדה במסגרת לימודי תואר שני באוניברסיטת בר-אילן, ניהלה את Google for Education בישראל ועבדה כמנהלת פדגוגית בארגון ערי חינוך, המקדם חדשנות חינוכית. בעלת מעל לעשרים שנות ניסיון בליווי תהליכי שינוי - מהרמה ארגונית, דרך המרחב הרשותי ועד לשיתופי פעולה ארציים."
עופר דרי,"סמנכל פיתוח עסקי ואסטרטגיה בעמידר, ופרויקטור תקומה","עופר הוא מנהל מחוז דרום וממ סמנכל פיתוח עסקי. לפני כן שימש כמנהל מחוזות ארצי בעמידר. בתפקידו הקודם היה מנכ""ל תיירות אשדוד- חברת בת של עיריית אשדוד. הוא רו""ח בהשכלתו ובעל תואר שני במשפטים. בעברו ניהל מס' חברות פרטיות, בורסאיות וציבוריות. עופר התחיל מתחום הכספים ומשם לניהול חברות. לאחר כ-13 שנה בשוק הפרטי במס' חברות וביזמות החליט לתרום מניסיונו לתחום הציבור: התחיל במשרד הפנים בהמשך עבר לנהל את החברה הכלכלית לאופקים כ-3 שנים ומשנת 2016 מנהל את החברה לתיירות באשדוד עם המון חשיבה מחוץ לקופסא ואתגרים מעניינים."
נעם דרייפוס,"מנכ""ל ארגון ""לודאים""  יו""ר עמותת אליעד","נעם הוא מנכ""ל ארגון ""לודאים"" יו""ר עמותת אליעד. בתפקידו הקודם היה מנכ""ל עמותת המרכז לחינוך וחברה בלוד, מייסדת המכינה הקדם-צבאית מעוז ובית הספר ""מעוז חיים"" – שניהם בשכונת רמת אשכול בלוד. בנוסף, הוא מנכ""ל עמותת אליעד המפעילה עשרה מעונות יום בלוד ובסביבותיה ובירושלים. במסגרת הפעילות בעמותות אלה הוא מוביל פרויקטים בתחום הקהילתי-חברתי-ציוני בלוד. כמו כן הוא משמש כיו""ר בהתנדבות של איגוד מעונות היום, המאגד תחתיו יותר מ-150 מעונות יום ברחבי הארץ. בשנים 2013–2014 התמחה נעם בפירמת רואי החשבון ארנסט אנד יאנג."
ג'יל דרמון,נשיא פעיל ומייסד ארגון לתת ומנכ''ל LAVI Capital,"ג'יל הוא יו''ר פעיל ומייסד ארגון לתת - עמותה המעניקה סיוע הומניטרי לאוכלוסיות במצוקה בארץ ובעולם, שאותה ייסד עם עלייתו ארצה. הוא משמש כמנכ""ל בחברת לביא קפיטל בע""מ - חברת בנקאות להשקעות המתמחה בתחום התשתיות בארץ ובאירופה ומספקת שירותים של מיזוג ורכישות, ייעוץ אסטרטגי ומימון פרויקטים. בין לקוחות החברה ניתן למצוא את חברת מקורות, נתיבי גז, רכבת ישראל, נטע והרכבת הקלה של תל אביב. קודם לכן הוא היה המנכ""ל והבעלים של Teo Life Sciences - חברת ייעוץ וגיוס משאבים עבור תעשיית מדעי החיים בישראל. ג‘יל שירת במילואים ביחידה העוסקת בהגנה נגד נשק כימי."
אפרת דרף,מלווה ארגונים בתהליכי משאבי אנוש ופיתוח ארגוני,"אפרת היא פסיכולוגית (בעלת תואר שני בפסיכולוגיה ארגונית  מאוניברסיטת בר-אילן)
ואשת משאבי אנוש (בין היתר הקימה וניהלה את יחידת משאבי האנוש של ארגון מעוז במשך עשור).

כיום אפרת מלווה ארגונים בעיצוב תהליכים מקצועיים בעולמות משאבי האנוש,
מתוך אמונה שתהליכים ארגוניים שבנויים נכון יכולים לשנות מציאות- לבנות אמון, לעצב תרבות ארגונית, ולקדם תוצאות עסקיות."
דודי האוזנר,"מנהל היחידה הפליאטיבית במרכז הרפואי שיבא, תל השומר","החל משנת 2018 משמש ד""ר דודי האוזנר כמנהל היחידה הפליאטיבית במרכז הרפואי שיבא. קודם לכן התמחה ברפואה פליאטיבית ב-Princess MargaretHospital בטורונטו במסגרת פלושיפ קליני-מחקרי. הוא היה שותף בהקמת השירות הפליאטיבי בשיבא, ועסק במשך שנתיים כאונקולוג ביחידת השד במכון האונקולוגי בבית החולים. בשנים 2008-2013 התמחה במסלול אונקולוגיה רפואית בשיבא. דודי משמש כחבר בוועד האיגוד הפליאטיבי הישראלי."
עופר האן,"סמנכ""ל חדשנות רשת אמית","עופר הוא סמנכ""ל חדשנות ברשת אמית. קודם לכן שימש כסמנכ""ל אקו סיסטם ושיווק ברשת. לפני כן היה סמנכ""ל פיתוח עסקי בטריביו – חברת סטארט-אפ לתועלת הציבור שמטרתה היא לחולל מהפכה עולמית בתחום ההתנדבות ולעשותה לתנועת המונים באמצעות חיבור בין המתנדבים לבין הצרכים הקהילתיים. במקביל, הוא מלווה גופים כמו הנהלת מסע ישראלי, מכללת רופין, בית הספר למוזיקה רימון, מיזם סיסמה לכל תלמיד ועוד. במשך חמש שנים עמד עופר בראש המטה והיה יועץ בכיר לשני שרי חינוך - הרב שי פירון ונפתלי בנט ובמסגרת תפקידו הוביל את מדיניות משרד החינוך ואת הרפורמות הגדולות שביצע המשרד מטעם שרי החינוך."
מיכל דה האן,סגנית פדגוגית במינהל החינוך הדתי במשרד החינוך,"מיכל היא סגנית פדגוגית במינהל החינוך הדתי במשרד החינוך. במסגרת תפקידה היא אחראית על הלמידה בחמ""ד, על פיתוח תוכניות ייחודיות בהלימה לאבני הדרך של החמ""ד וליעדי משרד החינוך, על החינוך המיוחד, על קליטת עולים, על החינוך החברתי-ערכי-רגשי, ועל פיתוח הכשרות והשתלמויות בחמ""ד. לפני כן היא ניהלה את יחידת החמ""ד במינהל חברה ונוער ועסקה בטיפוח זהות ציונית דתית ובהטמעת תוכניות לתפיסה חינוכית ערכית, וקודם לכן הייתה מפקחת במחוז מרכז וניהלה את תחום המנהיגות בחמ""ד. מיכל החלה את דרכה המקצועית כמורה באולפנת השומרון באלקנה שבה שימשה גם כמחנכת, כרכזת חינוך חברתי, כמורה מגישה לבגרות וכסגנית."
סלאח אבו האני,"מנכ""ל קרן רהט","סלאח משמש מזה שנה וחצי כמנכ""ל קרן רהט, תפקיד הקרן העיקרי לסייע לעיריית רהט בתחום החינוך, מאחר והחינוך הינו הפלטפורמה העיקרית כדי לחולל שינוי בקרב ילדי וצעירי רהט. סייע בהקמת תיאטרון אלמהבאש – התיאטרון היחידי בנגב, התיאטרון הינו מבין הטובים בחברה הערבית ברמה ארצית. ניהל במשך חמש שנים פנימייה טיפולית ומרכז חירום לילדים ונוער בסיכון. ניהל במשך שבע שנים תחום חינוך מיוחד במועצה האזורית אבו בסמה ואל קסום. ניהל את המרכז למשפחה ולגיל הרך ברהט, רשות ארגונים וגופים והקמת המרכז, פיזית וארגונית ופיתוח תכניות, הדרכת העובדים סוציאליים והצוות הטיפולי, גיוס משאבים והפעלת המרכז הכולל יחידה התפתחותית טיפולית לילדים מגיל לידה עד גיל 12. עסק כמטפל במחלקה הפסיכיאטרית בבית חולים סורוקה בבאר שבע, אחראי על הטיפול באוכלוסייה הערבית - בדואית. כיהן במשך שלוש כדירקטור בחברת ""המשקם"" לתעסוקת קשישים ובעלי כושר עבודה מוגבל. מנהל ומדריך ראש צוות – פנימייה פוסט אשפוזית לנוער בסיכון בגרמניה – הדרכת הצוות המקצועי של המעון; הכנת תכניות לחניכים ויישומן; הנחה צוותי עבודה רב מקצועיים."
נביל אבו האני,"מנהל רפואי אזור נגב כפרי- מחוז דרום קופ""ח לאומית","מנהל רפואי אזור נגב כפרי- מחוז דרום קופ""ח לאומית"
לין הוארי,מנהלת המחלקה לשירותים חברתיים מועצה אזורית נווה מדבר לשעבר,"בשנת 2001 הגיעה לין לדרום והתחילה את עבודתה כעובדת סוציאלית במחלקות לשירותים חברתיים בחברה הערבית הבדואית בנגב בכפרים הבדואים הלא מוכרים וביישובים הבדואים, בתפקידים שונים כגון עו""ס משפחה רכזת משפחתונים, עו""ס לחוק נוער, מנהלת פרויקטים מדריכה וראש צוות ועוד. כמו כן, עבדה בשירות מבחן מחוז דרום כקצינת מבחן למבוגרים וכקצינת מבחן בכירה למעצרים. משנת 2017-2018 ניהלה את לשכת ראש רשות מ.א. נווה מדבר וכן הייתה יועצת לקידום מעמד האישה. משנת 2022 ונכון להיום מנהלת לין את המחלקה לשירותים חברתיים מ.א. נווה מדבר. מטפלת בטראומה לחץ וחרדה לפי השיטה הטיפול בחוויה הסומטית Somatic Experience Therapy, ומנחת קבוצות."
עלי הואשלה,מנהל אגף חינוך במועצה אזורית נווה מדבר,"עלי הוא מנהל אגף חינוך במועצה האזורית נווה מדבר. במסגרת תפקידו הוא מוביל את נושא החינוך המיוחד, משמש כיו""ר ועדות ההשמה ומופקד על הקמת מסגרות לתלמידים בעלי צרכים מיוחדים, על תכנון והפעלת מיזמים ותוכניות רב שנתיות ועל ניהול בית ספר לחינוך המיוחד. כמו כן הוא עוסק בחינוך הבלתי פורמלי ומוביל תהליכים ומיזמים בתחומי הנוער כמו מדצ""ים, משצ""ים, תנועת הנוער הצופים, בגרות חברתית, מועצות נוער ועוד); תחומי התרבות (פסטיבלים, תיאטרות ועוד) והספורט. קודם לכן עבד עלי כמורה וכרכז בית ספר במשרד החינוך."
נעמה הולצמן,מנכלית חברת Know Your Data,"נעמה היא מנכ""לית חברת Know Your Data. לפני כן היא הייתה יועצת מנכ""ל משרד ראש הממשלה ובמסגרת תפקידה סייעה בניהול עבודת המטה של המשרד מול משרדי הממשלה ובגיבוש מדיניות בתחומי חברה וכלכלה, בין היתר בתחום פיתוח הרובד המוניציפלי ובקידום תהליכי טרנספורמציה דיגיטלית בתוך הממשלה. קודם לכן היא הייתה יועצת למנכ""ל משרד הבינוי והשיכון ורפרנטית במחלקת ייעוץ וחקיקה במשרד המשפטים. את ההתמחות שלה בלימודי משפטים עשתה בבית המשפט העליון, אצל השופט יצחק עמית."
חיים הופרט,"ראש חטיבת כלכלה רגולציה וחדשנות, תקצוב ותמחור במשרד הבריאות","חיים הוא סמנכ""ל תכנון, תקצוב ותמחור במשרד הבריאות. במסגרת תפקידו הוא ממונה על תקציב המשרד ומערכת הבריאות, על גיבוש הרגולציה הכלכלית ועל כללי ההתחשבנות במערכת הבריאות, ובכלל זה קביעת מחיריהן של פרוצדורות רפואיות ושל תרופות. כמו כן הוא אחראי על גיבוש ותכנון תוכניות העבודה המשרדית ושותף בגיבוש וביישום התוכנית האסטרטגית של משרד הבריאות. בד בבד, בשנים 2018-2016 היה עוזר מחקר באוניברסיטה העברית. בשנת 2019 מונה חיים לחבר בוועד הפועל של ארגון ההצלה הלאומי מגן דוד אדום."
ענבר הורביץ,"סמנכ""לית יוזמת תמה - תקוות, מעשים, השפעה","ענבר היא סמנכ""לית ביוזמת תמה-תקוות, מעשים, השפעה, המקדמת התמרה של הסכסוך הישראלי-פלסטיני מבעד למגוון השקפות עולם. קודם לכן שימשה כסמנכ”לית שיתופים ופיתחה את אסטרטגית הארגון בגישת קולקטיב אימפקט. במסגרת זו קידמה מהלכים משותפים של ארגונים מהמגזר הציבורי, המגזר העסקי והמגזר השלישי כאסטרטגיה להשפעה חברתית וניהלה את יוזמת 5 פי 2 להרחבת מעגל המצוינות בחינוך המדעי. בעבר הייתה במשך חמש שנים מנכ""לית קרן קהילתית טירת כרמל – עמותה אשר הפעילה מודלים חדשניים של יזמות חברתית ושיתופי פעולה בין-מגזריים ברמה המקומית. במסגרת שהות בארצות הברית עבדה ענבר בפדרציה היהודית של סן פרנסיסקו, ובהמשך בחברות ייעוץ שעסקו בביצוע מחקרים יישומיים לארגונים חברתיים ולקרנות פילנתרופיות בקליפורניה. במהלך לימודיה באוניברסיטה העברית הייתה עוזרת מחקר במכון הישראלי לדמוקרטיה."
סמאח הייב-ג'לג'ולי,מנהלת מרכז טכנולוגי בירל,"סמאח היא מנהלת מרכז טכנולוגי בירל. לפני כן ניהלה את המרכז האזורי ריאן טירה של חברת אלפנאר, שמטרתו לקדם תעסוקת ערבים - ובעיקר נשים ערביות - בישראל. במסגרת תפקידה הקודם היא קידמה תכנון וניהול פרויקטים המתמקדים בגיוס מועמדים ערבים להשמות או להכשרות, בבניית תוכניות תקציביות ובניהולן, ובבניית שיתופי פעולה, בהעמקתם ובהרחבתם. סמאח התחילה את עבודתה בריאן טירה בשנת 2013 כאחראית קשרי מעסיקים ובמסגרת תפקידה איתרה הזדמנויות תעסוקה ומעסיקים רלוונטיים, ליוותה תהליכי גיוס תוך הגמשתם והסרת חסמים, ויזמה אירועים עסקיים. קודם לכן הייתה ורכת דין בתחום המוניציפלי במשרד עורכי דין ראבי."
מרדכי הייזלר,"מנכ""ל  מכון הדרך להצלחה","מרדכי, מנכ""ל הפורום החרדי המקצועי ברשויות המקומיות -במפעם משרד הפנים לשעבר ומנהל עמותת ""מגדל אור"" במשך שני עשורים, מביא ניסיון עשיר ומוכח בניהול וצמיחה ארגונית. הוא מנהיג בעל ראייה ארוכת טווח ויכולת עמוקה בעיצוב ומימוש חזון אסטרטגי מול גורמי ממשל ורשויות. כחבר מליאה במועצה האזורית עמק יזרעאל ודירקטור, הוא מבין לעומק את המגזר הציבורי. עם השכלה משפטית ותוכניות מנהיגות יוקרתיות, מרדכי הוא מנהיג שקט ואפקטיבי המשלב ידע, ניסיון ומחויבות חברתית."
יעל היימן,"מנהלת עסק ניהול, ייעוץ ותכנון אורבני","יעל היא יועצת לתכנון אורבני, בעלת משרד עצמאי, המעניקה ייעוץ ליזמים, לרשויות ולמשרדי ממשלה. בעבר כיהנה בתפקיד מהנדסת העיר מודיעין עילית ולפני כן שימשה בתפקיד אדריכלית העיר בית שמש. במסגרת זו היא הייתה אחראית על גיבוש והתוויית מדיניות התכנון העירונית ועל הכנת תוכנית המתאר העירונית ותוכניות אב נושאיות וליוותה את צוות הסכם הגג לקידום מעקב ובקרה לתוספת של 17,000 יח""ד בדרום בית שמש . היא ניהלה את צוות התכנון במסגרת אגף ההנדסה, שבו הייתה אחראית על מחלקת תכנון אסטרטגי, מחלקת מידע גיאוגרפי, מחלקת מבני ציבור וחינוך, מחלקת תנועה ותחבורה, מחלקת פיתוח ומדור תיאום תשתיות. קודם לכן שימשה בתפקיד ראש מינהלת רמת בית שמש שהיוותה את הזרוע המאשרת בתהליך הקמת שכונת רמת בית שמש בהיקף של כ-5,000 יח""ד. היא חברה  בדירקטוריון החברה הכלכלית לפיתוח בית שמש ובתאגיד מי שמש. משנת 2016 ממלאת יעל את תפקיד יועצת ראש העיר לקידום  מעמד האישה, חברה בוועדת הבחינה לקליטת כוח אדם ברשות, ומקדמת את המודעות העירונית לנושאים כגון בריאות האישה, מניעת אלימות נגד נשים, יום האישה הבינלאומי והצדעה ליקירת העיר."
תומר היימן,"שותף מנהל של חברת נדל""ן בלונדון","תומר הוא שותף מנהל של חברת נדל""ן בלונדון. בעברו היה סמנכ""ל תכנון ופיתוח עסקי בקרן JTLV. קודם לכן הוא כיהן כראש מינהל הנדסה בעיריית רעננה. תומר התחיל את דרכו המקצועית באגף התכנון במינהל מקרקעי ישראל ומשם המשיך לתפקיד ריכוז תחום הוועדות המקומיות במינהל התכנון במשרד הפנים ושימש כראש צוות תכנון. בצבא הוא שירת כמפקד צוות לוחמים ביחידת שלדג ומשרת בתפקיד זה גם במילואים."
ישראל הינמן,"ס. מנהל אגף אסטרטגיה, עיריית בני ברק","ישראל הוא ס. מנהל אגף אסטרטגיה, עיריית בני ברק. בוגר תוכנית ""משפיעים"", שח""ר כחול, שותף בקבוצת המקימים של הרבעון הרביעי, מתנדב וחבר בצוות ההיגוי של תוצרת הארץ בבני ברק."
דניאל הירשברג,"מנכ""ל עמותת דעת","מאז שנת 2016 דני הוא מנכ""ל עמותת דעת (לשעבר ""תורה ומלאכה""). כיום העמותה מרחיבה את פעולותיה בתחומי החינוך, הפדגוגיה וההכשרה המקצועית. קודם לכן, בשנים 2011-2016, היה מזכ""ל תנועת הנוער בני עקיבא – שבה החל את דרכו כפעיל,  מילא שורה של תפקידים וסיים כמזכ""ל התנועה. בהמשך היה סמנכ""ל רשת החינוך של ישיבות ואולפנות בני עקיבא. דני עוסק בחקר השואה ובהדרכת בני נוער במסעות לפולין ושותף פעיל בקואליציית הארגונים הפועלת למלחמה באלימות ושמירה על הדמוקרטיה."
ניר הכהן,"מנכ""ל עמותת אתגרים","ניר הוא מנכ""ל עמותת אתגרים. בתפקידו הקודם היה מנכ""ל המכללה האקדמית בית ברל. לפני כן הוא היה מנכ""ל המרכז הישראלי למצוינות בחינוך וסמנכ""ל עמותת עתידים שאליה הגיע לאחר שירות ארוך בחיל האוויר כטייס קרב, שאותו סיים בתפקיד מפקד בית הספר לטיסה"
אורי הכהן,שותף בכיר BDO Israel,"משנת 2020 מכהן אורי כשותף בפירמת הייעוץ וראיית החשבון BDO וכמנהל חטיבת מנהלות ציבוריות. לאחרונה כיהן כמנכ״ל מטה משפחות החטופים והוביל את פעילות המטה. כיום מכהן כיו״ר החברה המפעילה של מערך מעוף בדרום והשפלה, כמו גם  בחברת סינרגיה המפעילה את תוכניות תעסוקה שווה, יוזמת הצעירים, למרחק ואמצע הדרך של זרוע העבודה להשמת אנשים עם מוגבלות, צעירים בפריפריה, מבוגרים, ויוצאי אתיופיה  בעבודה. אורי מכהן גם כיו״ר החברה המפעילה את תכנית כיוון לתעסוקת חרדים של משרד העבודה ובחברה המפעילה את פעילות הקרן בערבות המדינה של משרד האוצר. קודם לכן, הקים וניהל את VIBE המספקת שירותי ייעוץ בתחום האחריות התאגידית לחברות רבות ומגוונות. בעבר מילא תפקידי ניהול בתנועת הצופים העבריים בישראל ובתפקידו האחרון ניהל את מחוז ת""א של התנועה. אורי משפטן ואיש חינוך."
רבקה הלינגר,"מפקחת מחוזית חמ""ד (מחמ""ד) מחוז תל- אביב, משרד החינוך.","רבקה היא אשת חינוך, במקצועה יועצת חינוכית, מדריכת שפ""י, מפקחת על הייעוץ וכיום מפקחת מחוזית האחראית על כלל החינוך הממלכתי דתי במחוז ת""א. סיימתי דוקטורט בחינוך באוניברסיטת בר-אילן בתחום זהות במפגש."
חיה הלפרין,מנכלי״ת רשת אופטיקה הלפרין,מזה כ25 שנה בחברה בה מלאתי מגוון רחב של תפקידים.
עודד הלפרין,"ראש המועצה, מועצה מקומית כפר תבור","ראש המועצה המקומית כפר תבור
יו""ר  הנהלת המרכז הקהילתי כפר תבור
ראש המועצה הצעיר בישראל."
שרה הלר,מנהלת מיזם רווחה במעוז,"שרה מנהלת את מיזם תעסוקה במעוז. בתפקידה הקודם ליוותה תהליכי הובלת שינוי של חברי רשת במעוז. ב15 השנים האחרונות שרה הובילה תהליכים הקשורים לתעסוקת חרדים ברגישות קהילתית גבוהה, ושימשה גורם מקשר בין תכניות ממשלתיות ופרטיות לרבנים מהציבור הליטאי והחסידי. היא מנהלת מקצועית של מכון יעד מבית קרן קמח, והייתה שותפה בהובלת תכניות רבות לקידום תעסוקה. בין השאר פיתחה את פרופסיית היעוץ התעסוקתי בלמעלה מ-30 סמינרים חרדיים, סייעה לפתיחת מסלולי הכשרה מקצועית שאינם הוראה, בנתה פורומים לנשות מקצוע חרדיות, פיתחה סדנאות לבירור דילמות של נשים חרדיות בעולם העבודה, וניהלה את תכנית ""שבילים"" להכנה וליווי של סטודנטיות חרדיות בלימודים אקדמיים. לשרה תואר שלישי מאוניברסיטת בן גוריון בתכנית לניהול וישוב סכסוכים. היא פסיכותרפיסטית, ובשעות הערב מעניקה טיפול פסיכותרפי לנערות חרדיות במצוקה במסגרת קליניקה פרטית."
יואב הלר,"יו""ר הרבעון הרביעי ויו""ר מכון וינגייט","יואב מכהן כיו""ר תנועת הרבעון הרביעי וכיו""ר מכון וינגייט ומשמש כמרצה בכיר. בשנים 2021-2014 כיהן כמנכ""ל ארגון מעוז - ובסיום כהונתו מנתה רשת מעוז כ-800 מנהיגים ומנהיגות מכלל החברה הישראלית ומעומק הקהילות והמגזרים התעסוקתיים השונים. בתקופה זו ארגון מעוז ליווה פעולות חברתיות-כלכליות של בכירי המגזר העסקי, הממשלתי, החברתי והמוניציפלי, בהיקף של מיליוני שקלים. בראשית דרכו המקצועית היה חבר בצוות ההקמה של אתר האינטרנט YNET וכיהן כעורך הספורט וכעורך דף הבית. לאחר שלוש שנים ב-YNET עשה הסבה מקצועית וניהל את יחידת התוכניות הארצית במכון ברנקו וייס במשך כשש שנים, שבמהלכן הוביל כמאתיים עובדים, גייס משאבים וניהל תקציב של כ-50 מיליון ₪. לאחר מכן יואב יצא לשליחות בלונדון, ובתקופת שהותו יזם, הוביל והוציא לפועל פרויקטים ותוכניות בתחומי ההסברה, הציונות והעולם היהודי, לרבות תוכנית העמיתים היוקרתית Israel Connect Europe."
לימור הראל,"מנהלת חדשנות במשרד רה""מ","לימור היא מנהלת חדשנות במשרד ראש הממשלה ועובדת במשרד רה""מ מאז שנת 2004. במהלך שנות עבודתה כיהנה בתפקידים בכירים בתחום המודיעין. בשירותה הצבאי הייתה מדריכת כושר קרבי בשייטת 13. לימור בוגרת האקדמיה למצוינות במכון וינגייט ובעבר הייתה שיאנית בענף השחייה."
שנית הראל,סגנית בכירה ליועצת המשפטית במשרד החינוך,"שנית היא סגנית בכירה ליועצת המשפטית במשרד החינוך. במסגרת תפקידה היא מובילה את תחום התמיכות שמעניק המשרד לגופים מהמגזר השלישי (חברה אזרחית) וההקצבות לרשויות מקומיות ולגופים המפעילים בתי ספר ומלווה את תוכניות הדגל ואת הרפורמות של המשרד בשנים האחרונות, לרבות תוכנית ניצנים, בתי ספר של החופש הגדול ורפורמת הסייעת השנייה. שני החלה את דרכה המקצועית בלשכה המשפטית של משרד המדע, התרבות והספורט, ומאז שנת 2003 היא מועסקת בלשכה המשפטית של משרד החינוך."
זיו הראל,מנהל תחום חינוך ב'פנימה',"החל מספטמבר 2025 מתחיל תפקיד הניהול תחום חינוך של 'פנימה'. 
 מומחה לתהליכי שינוי חברתי ומנהיגות, מנחה קבוצות ויועץ
 ב-20 השנים האחרונות צבר זיו ניסיון במגוון תפקידים בארבעת המגזרים ובעיקר בציבורי והחברתי, בהקמה ומיסוד ארגונים ומערכות ציבוריות.  
בעל תואר ראשון בלימודי סוציולוגיה אנתרופולוגיה וגיאוגרפיה מהאוניברסיטה העברית בירושלים, ובוגר קורס הנחיית קבוצות של בית הספר למנהלים “תפנית” באוניברסיטה הפתוחה.
ב-8 השנים שבין 2016-2024 עבד במעוז, מתוכם 5 שנים היה ממובילי ומפתחי תחום ""מאיצים"" של מעוז, ושותף בעיצוב, האצה ויישום של למעלה מ-40 מהלכי שינוי שונים מערכתיים בתחום החברתי כלכלי מרביתם בתחום החינוך. לאחר מכן כ-3 ניהל את המיזם המשותף למשרד החינוך ומעוז ""אדוות"" לפיתוח רשת מנהיגות בכירה בכלל מערכת החינוך, והיה חבר בהנהלת מעוז. 
זיו נולד, גדל והתחנך בירושלים, נשוי לשרית ויחד הם מגדלים את אביתר, כרמי, אלישע ורות ביישוב נופי פרת שבמדבר יהודה."
אורי הרמן,"Co-Founder, COO @ nGrid Energy","מייסד שותף בחברת nGrid Energy ויו""ר הוועד המנהל של תנועת 'הרבעון הרביעי'. לאורך השנים מילא תפקידים ניהוליים בהייטק, בחברה האזרחית ובממשלה. נשוי לטל, אבא של גל, נועה, יובל ועומרי, ילידי ותושבי תל אביב-יפו."
לימור ברמן הרמס,נמצאת ברילוקיישן,"לימור נמצאת בחל""ת בברלין ועוסקת בניהול תהליכי שינוי בחברה פרטית. בתפקידה הקודם הייתה מפקחת במחוז תל אביב במשרד החינוך ובמסגרת זו הייתה ממונה על ניהול עצמי ועל מרום – התוכנית לצמצום פערים, רפרנטית לקליטת מנהלים חדשים ומפקחת כוללת בקריית אונו. לימור נוהגת לראות את המערכת החינוכית במקרו ובמיקרו, ויצרה שיתופי פעולה רבים לקידום אינטרסים לטיוב ולשיפור החינוך. בעבר ניהלה בתי ספר יסודיים בכפר שמריהו וביפו ובתקופת כהונתה כמנהלת בית הספר חשמונאים זכה בית הספר בפרס חינוך ארצי בזכות הצטיינות בהישגים וחינוך לערכים רב-תרבותיים."
הילה סופרמן הרניק,"מנהלת תחום חוסן צעירים וטיפול בפרט, תכנית יתד, משרד הרווחה והבטחון החברתי","עובדת סוציאלית מאז 1998 . 
בשנים הראשונות עסקתי בתחום של נוער בסיכון, במסגרות חוץ ביתיות.  מאז 2004 אני עוסקת  בעיקר בתחום של צעירות וצעירים במצבי סיכון - עבדתי בתכנית המנטורינג של אונ' תל אביב, הקמתי וניהלתי את תחום השירות הלאומי אזרחי לצעירות במצבי סיכון בשותפות של ""אשלים"", ""בת עמי"" ובמשך גם משרד הרווחה. הייתי שותפה להקמת פורומים מובילים בחברה האזרחית עבור צעירות וצעירים במצבי סיכון  ( בפורום ""הצעירות"" הייתי פעילה כ 8 שנים ). הייתי חלק מצוות ההקמה של תכנית יתד- התכנית הלאומית עבור צעירים וצעירות במצבי סיכון ומאז 2017 במסגרת תפקידי במטה, ניהלתי את תחום הפיתוח המקצועי, טיפול בפרט וכעת מרכזת את תחום החוסן וריכוז הטיפול בשורדי המסיבות מה 7.10"
יעל מזוז הרפז,"סמנכ""לית מדיניות, רשות החדשנות","החל מאוקטובר 24, יעל משמשת בתור סמנכ""לית מדיניות ברשות החדשנות. קודם לכך יעל שימשה כVP Operations ב- Ukko, סטרטאפ ביוטק המפתח תרופות לאלרגיות למזון, לאחר כשנה בתפקיד Chief of Staff & Business Operations. במסגרת זו יעל מובילה את צוות האופרציה וניהול הפרויקטים בחברה. בעשור הקודם למעברה לתעשיית הביוטק, יעל שימשה במגוון תפקידים בשירות הציבורי. בתפקידה האחרון (2020-2022) היתה סגנית המנכ""ל לכלכלה ויישום במיזם הלאומי ישראל דיגיטלית. במסגרת זו היתה אחראית על קידום האסטרטגיה הדיגיטלית במשרדי המשפטים, הבריאות והכלכלה, ברשות המיסים ובגופים הפיננסים, וכן היתה אחראית על ניהול תקציב המיזם כולו. בין השנים 2020-2018 שימשה כראש מטה מנכ""ל זרוע העבודה, ובמסגרת זו קידמה רפורמות בתחומים כגון מעונות היום, בטיחות בעבודה, הכשרה מקצועית ועוד. במקביל, ריכזה יעל את הוועדה הציבורית לקידום התעסוקה לשנת 2030, אשר קבעה יעדים ורפורמות לעשור הקרוב לטיפול הממשלתי בתחום התעסוקה. בין השנים 2018-2015 יעל שימשה כמנהלת תחום תעסוקה עתירת ידע בזרוע העבודה. במסגרת זו הקימה תפקיד חדש שמטרתו הגדלת היצע ההון האנושי לתעשיית ההיי-טק באמצעות הוצאה לפועל של תוכניות לשילוב נשים, ערבים, חרדים ובני 45+ בתעשייה, קידום מסלולי הכשרה טכנולוגיים חלופיים ועוד. קודם לכן הייתה יועצת בלשכת מנכ”ל משרד האוצר ומתמחה בבית המשפט העליון בלשכת השופטת (דאז) אסתר חיות. יעל היא בוגרת של תכנית ""מעוז"", של תוכנית המצוינות “צוערים לשירות המדינה”, והיא סרן במיל’ לאחר שירות של חמש שנים ביחידה 8200."
משה הרשקוביץ,מנהל את הקריירה החינוכית 'אהבת חיים' בכוכב השחר.,"משה הרשקוביץ הוא ד""ר למשפטים ואיש חינוך. כיום מנהל את הקריה החינוכית ""אהבת חיים"" בכוכב השחר. בעברו כעצמאי - בין השנים 2022-2025 לווה ארגונים בתהליכי חשיבה ושינוי לעיצוב תמונת עתיד ואסטרטגיה ניהולית. וראש תחום מחקר הוראה בבית הציונות הדתית. בעבר בין השנים 1019-2021 - משה ניהל מרחב חינוך ברשת יב""ע והיה אחראי בין היתר על הכשרה ופיתוח הסגל הניהולי ברשת. לצד עבודת הניהול כיהן כראש מדרשה לבנות - מדרשת בארי בפרדס חנה-כרכור. לפני כן, בין השנים 2017-2018, ניהל משה את קריית החינוך - חקלאי ברנקוויס פרדס חנה כרכור. ארבע שנים קודם לכן ניהל משה את הקריה המדעית הטכנולוגית אורט לוד. בנוסף, היה מרצה לחינוך ולמשפט במכללות תלפיות בחולון, אונו בירושלים."
עידן הרשקוביץ,,"עידן נמצא בחופשת צינון מהממשלה לאחר 4 שנים כמנהל האגף הבכיר לפיתוח כלכלי ברשויות המקומיות במינהל הפיתוח במשרד הפנים. במסגרת תפקיד זה קידם תוכנית המראה ותוכניות נוספות לפיתוח כלכלי של רשויות מקומיות, פיתוח מאגרי ידע לפרויקטים כלכליים ותהליכי התייעלות ברשויות המקומיות. קודם לכן כיהן כשנתיים וחצי כמנהל אגף התקציבים במשרד התחבורה בהיקף של כחצי מיליארד ₪  ולפני כן שימש כחמש שנים כמנהל תחום תקציבים במינהל התכנון. עידן הוא בוגר תוכנית עתידים - צוערים למגזר הציבורי. בצבא שירת כקצין וכמג""ד מילואים במסגרת מלחמת חרבות ברזל."
מאיר ואזנה,"מנכ""ל ובעלים - חברת urban360-בית מוניציפאלי בע""מ","לאחר שחרורו מצה""ל בשנת 2006 שימש כמנהל אדמיניסטרטיבי של מוסד פנימייה בקריית גת המונה כ-500 חניכים מרחבי העולם. בהמשך, כיהן כשבע שנים כמנהל מחלקת חינוך בעיריית קריית גת וכמ""מ מנכ""ל העירייה. בשנת 2017 הקים ושימש כמנכ""ל של חברת יפתח - החברה לפיתוח קריית גת. במסגרת פעילותה של החברה ניהל הסכמי גג והוביל תבע""ות של מעל 6000 יח""ד בהתחדשות עירונית , תכנון וביצוע מבני חינוך וציבור ומרחבים ציבוריים בעלות של כמיליארד ש""ח, כמו""כ ניהל מיזמים רבים בתחום האנרגיה וערים חכמות ובתחומים נוספים לצורך ביסוסה וחוסנה התכנוני והכלכלי של העיר. לאחר כמעט שני עשורים בהם הכיר את הפעילות המוניציפאלית מזוויות רבות החליט להקים את חברת urban360- בית מוניציפאלי ולסייע לרשויות נוספות לממש את החזון שלהם ביעילות, במהירות ובמקצועיות."
נעמי וגה,ממונה על הסמינרים להוראה במשרד החינוך,"נעמי ממונה על הסמינרים להוראה במשרד החינוך החל משנת 2018. במסגרת תפקידה היא מפקחת ואחראית על ההכשרה להוראה בסמינרים החרדיים בארץ שבהם למעלה מ-24,000 לומדות סדירות  בשנה, על קביעת מדיניות בנוגע לאיכות, אופי והיקף ההכשרה, על הובלת תהליכי הסדרה ורגולציה ועל הקמת סמינרים. כמו כן היא מובילה שיתופי פעולה עם משרדי ממשלה אחרים, קרנות וארגונים, שותפה בתקצוב הסמינרים, אחראית על ההכשרה החלופית ועל הפעלת פורומים ארציים וימי עיון להכשרת מנהלות ובעלות תפקידים, ומובילה תוכניות קידום של חדשנות, שותפות ומצוינות בסמינרים. נעמי עוסקת בחינוך מעל עשרים שנה ובין תפקידיה הקודמים: הוראה בתיכונים והכנה לבגרות, הטמעת רפורמת עוז לתמורה במשרד החינוך בסמינרים החרדיים מטעם המחוז החרדי, וניהול מרכז השתלמויות לכאלפיים מורות חרדיות בירושלים."
הלל וואזנר,"מנהל אגף מחקר ואסטרטגיה, הרשות לפיתוח המגזר החרדי, משרד ראש הממשלה","כעשרים שנה במגזר השלישי והציבורי, מתוכם 8 שנים בשירות המדינה. בתפקידי הקודם יועץ למר ערן יעקב מנהל רשות המיסים, והיום מקדם את פיתוח המגזר החרדי, תחת ניהולו של מר רועי אסף. מאמין כי מקומו של המגזר החרדי בעמודת החוזקות של מדינת ישראל, ועובד קשה על מנת להנחיל ולממש את החזון הזה. מאמין בעתיד שבו הלכידות החברתית גדולה יותר, ומאפשרת לנו להנות מהיתרונות העצומים שבחברה מגוונת ורב תרבותית."
לאה וובר,"סמנכ""לית כספים בעיתון יתד נאמן","לאה היא סמנכ""לית הכספים ב""יתד נאמן"" - העיתון המוביל במגזר החרדי ושותפה בכירה לתכנון ולאסטרטגיה כלכלית בעיתון. תפקידה כולל ניהול, פיקוח ובקרה על הפן החשבונאי, הכלכלי והמשפטי בחברה, דיווחים להנהלה ולדירקטוריון, פיתוח ארגוני וניהול ההון האנושי. עם כניסתה לתפקיד הובילה הטמעה של הליכי חיסכון והתייעלות שמינפו וקידמו את אופן ניהול העיתון ואת רווחיותו. בד בבד, כרואת חשבון עצמאית, לאה נותנת שירותי ניהול כספים, ייעוץ כלכלי ובקרה לרשת המרכולים נתיב החסד, המונה כ-33 סניפים, ולרשת הכוללים יששכר באוהליך, המונה כ-1,800 אברכים. קודם לכן, במשך יותר מ-13 שנים, היא התמחתה ובהמשך עבדה במשרד רואי חשבון בתחומי חשבונאות, שכר, ביקורת, ראיית חשבון וייעוץ עסקי, בבניית תוכניות עסקיות ובגיבוש תוכניות הבראה לחברות, לעצמאים, למלכ""רים ולרשויות מקומיות. בתחילת דרכה המקצועית הייתה לאה חשבת שכר במחלקת הסיעוד בעמותת עזר מציון."
מיכאל וולה,עמית בתכנית Sloan Fellows MIT,"מיכאל הוא סמנכ""ל המישלמה ליפו ומנהל אגף קהילה יפו בעיריית תל אביב יפו. הוא התחיל את דרכו כמשרת ציבור בלשכת ראש הממשלה כעוזרו של מזכיר הממשלה. בשנים האחרונות הקים בעיריית תל אביב יפו את יחידת הצעירים של העיר, הנותנת מענה לעשרות אלפי תושבים באמצעות רשת של חמישה מרכזי צעירים, ביניהם מזא""ה 9 במרכז  ונוספים בדרום העיר וביפו. היחידה – הראשונה בישראל  - יזמה מהלכי חקיקה ארצית כמו חוק שכירות הוגנת וקידמה אג'נדה לעידוד מעורבות אזרחית. מיכאל יזם את הקמת יחידת החדשנות של העיר בשיתוף קרן הפילנתרופיה של מייקל בלומברג. מיכאל עומד בראש גוף עירוני חדש שמטרתו גיבוש האסטרטגיה של העיר בתחום הקהילה, חבר במועצת בית בן גוריון, ומסייע למיזמים חברתיים שונים."
מושית ווליס,מנחה בתכנית אילנות נגב,"מושית מנחה בתכנית אילנות נגב. תכנית מנהיגות רפואית בדרום.
לפני כן, ניהלה במשך 5 שנים את תחום התיירות בבאר שבע. לפני כן, במשך שמונה שנים, עבדה בארגון מעוז בשלל תפקידים כאשר האחרון היה מובילת רשת שלטון בצוות רשת מעוז. קודם לכן היא הייתה בצוות ההקמה של רשת השלטון המקומי, הנחתה בתוכנית אקו וליוותה חברי רשת במהלכי השינוי שלהם. בעבר, מושית ניהלה את תחום ההתנדבות והיזמות במרכז צעירים בכפר סבא, הפיקה אירועים ברשות הטבע והגנים וניהלה פרויקטים בקרן מיראז' - קרן פילנתרופית לחיזוק הנגב."
טליה כהן וולף,מנהלת התחבורה הציבורית ברשות הארצית לתחבורה בניו זילנד,"טליה היא מנהלת התחבורה הציבורית ברשות הארצית לתחבורה בניו זילנד. בעבר הייתה מיוזמי פרויקט ""מהיר לעיר"", פרויקט שמטרתו יצירת סטנדרט חדש ושדרוג מערך התחבורה הציבורית במטרופולין תל אביב אשר מנסה לייצר אלטרנטיבה אמיתית לרכב הפרטי. ניהלה והובילה את הפרויקט כסמנכ""ל וראש חטיבת מהיר לעיר בחברת נתיבי איילון. הפרויקט חולש על כ20 רשויות מקומיות במטרופולין, מורכב מכ-80 תתי פרויקטים בהיקף תקציב של למעלה מ3.5 מיליארד שח, ומייצר רשת תנועה יעילה, מהירה ורציפה לאוטובוסים. בתפקידה הקודם, ניהלה את תקציבי התשתיות במשרד התחבורה בהיקפים של למעלה מ-13 מיליארד שח בשנה. בנוסף טליה כיהנה כדירקטורית בחברת נמלי ישראל, חברה ממשלתית שמובילה את הקמת 2 הנמלים החדשים. קודם לכן, שימשה טליה כיועצת למנכ""ל משרד החינוך."
אסנת וולף,מנהלת אגף משאבי אנוש במועצה אזורית עמק חפר,"אסנת מנהלת את אגף משאבי האנוש במועצה האזורית עמק חפר משנת 2014. לפני כן שימשה כעוזרת ראש המועצה במשך כשש שנים, וקודם לכן הייתה קצינת ביקור סדיר. בקיבוצה, גבעת חיים מאוחד, היא ניהלה את החינוך הבלתי פורמלי והייתה מורה כעשר שנים."
שולי וונדם,סמנכלית משאבי אנוש ב DHL express israel,"שולי היא מנהלת משאבי אנוש בתעשייה האווירית. בתפקידה הקודם שמשה כסמנכ""לית משאבי אנוש ברשת 13, הובילה תהליכי התייעלות וניהול משברים רבים בארגון תוך מתן מענה לצרכים העסקיים.
לפני כן שולי הקימה את מחלקת משאבי אנוש ברשת אפריל.
 שימשה כ - HRBP בקונצרן העולמי יוניליוור, כמנהלת רווחה וכמנהלת גיוס לארגון של 2200 עובדים בישראל. היא בעלת ניסיון בניהול ופתרון משברים ארגונים, הובלה ובהטמעה של תהליכי שינוי ותרבות ארגונית, ביצירת תהליכי Engagement לעובדים ובהובלת תהליכי גיוון והכלה ומנוסה בתהליכי ייעוץ וליווי מנהלים בדרגים שונים."
אפרת ווקסלר,ראש אגף רפואה ראשונית בקופת חולים מאוחדת,"ד""ר אפרת ווקסלר היא ראש אגף רפואה ראשונית בקופת חולים מאוחדת. בתפקידה הקודם ניהלה את תחום רפואת הילדים במטה של קופת חולים מאוחדת. במסגרת זו היא הובילה תהליכים אסטרטגיים לשיפור איכות רפואת הילדים במאוחדת ולשיפור מקצועיותם ורווחתם של רופאי הילדים של הקופה, לקחה חלק בוועד המנהל של עמותת גושן לקידום רפואת הילדים הקהילתית וכן הייתה חברת ועד חיפ""א - החברה הישראלית לרפואת ילדים בקהילה. במקביל, היא עסקה ברפואת ילדים קלינית, במרפאה בפתח תקווה. בנוסף, הקימה את מרכז השליטה הארצי לניהול חולי הקורונה של הקופה וניהלה אותו במשך חצי שנה. בתפקידה הקודם ניהלה את מרחב השרון במחוז מרכז של קופת חולים מאוחדת. אפרת מומחית ברפואת ילדים. היא התמחתה בבית החולים וולפסון בשנים 2006-2002 ועשתה שם את הסטאז'."
נעם וידן,"מנכ""לית ומייסדת אידאה - מרכז לדמוקרטיה ליברלית","נעם היא מייסדת שותפה ומנכ""לית אידיאה - מרכז לדמוקרטיה ליברלית, שהוקמה ב-2017 כדי לקדם דמוקרטיה ליברלית בישראל באמצעות בניית רשת של מנהיגות ומנהיגים בעלי תפקידים במערכות ציבוריות שונות. בעשור האחרון היא עוסקת בחינוך אזרחי לדמוקרטיה דרך פיתוח תוכן חינוכי, הוראה, ליווי והכשרה של צוותים חינוכיים במערכות הפורמליות, הבלתי פורמליות ובאקדמיה, ובפיתוח מנהיגות במסגרות חינוכיות שונות. בתפקידה הקודם ייסדה נעם את תוכנית משעולים להכשרת מחנכים פוליטיים במוסדות אקדמיים."
גלית וידרמן,סגנית בכירה למנהל רשות החברות הממשלתיות,"גלית היא סגנית למנהל רשות החברות הממשלתיות ומובילה את תחומי יחסי העבודה בחברות, המינויים, ההערכה התגמול וההדרכה לדירקטורים והנהלות הבכירות בחברות הממשלתיות. 
קודם לכן שימשה כנציבת שירות המדינה עבור גופי השלטון המקומי במסגרת ניהול אגף בכיר לבקרת ההון האנושי ברשויות המקומיות. היא הייתה ממונה על תנאי השכר של 165,000 עובדים ונבחרי הציבור בשלטון המקומי וקידמה את נושא הגיוון התעסוקתי. 

קודם לתפקיד זה ניהלה את אגף הצעירים במשרד לפיתוח הפריפריה, הנגב והגליל, שם הובילה יצירת תקן למרכזי צעירים ואת העיסוק בתחומי הליבה בתחום התעסוקה והצמיחה הדמוגרפית. 
היא גם ייסדה את השולחן העגול בחירום ברח""ל לאחר עשור של עבודה ופעילות חברתית בארגונים ובקרנות החברה האזרחית. גלית מאמינה גדולה בשיתופי פעולה בין-מגזריים."
רואי ויזנר,שותף בקרן aMoon,"רואי הוא דירקטור, מנכ""ל וסמנכ""ל תפעול בקרן aMOON. בתפקידו הקודם היה מנכ""ל האצ'יסון-כנרות - חממה טכנולוגית וגוף השקעה מוביל בעולם בהשקעות סיד ובסטארטאפים בתחומי טכנולוגיות מים וקלינטק. לפני כן הוא היה שותף במשרד עורכי הדין פרופ' יובל לוי ושות' במחלקה הבינלאומית למיזוגים, רכישות ושוק ההון, שם שימש גם כראש תחום פרייבט אקוויטי בינ""ל . קודם לכן הוא עבד בניו יורק ובהונג קונג בפירמת עוה""ד הבינ""ל Weil Gotshal, מהפירמות הגדולות והמובילות בעולם. בצבא שירת רואי בחיל התותחנים וביחידה 8200 של חיל המודיעין."
רוני ויינברגר,Chief People Officer בחטיבת הAI של אינטל ומנחה/מלווה/מדריך תקשורת מקרבת בארגונים שונים,"רוני הוא Chief People Officer בחטיבת הAI של אינטל ומנחה/מלווה/מדריך תקשורת מקרבת בארגונים שונים. בתפקידו הקודם שימש כמנהל, כמאמן וכמדריך בחברת אינטל. כמו כן הוא יוצר הבלוג תקשורת מקרבת לחיים מלאים, המספק באופן קבוע לאלפי לקוחותיו קורסים, סדנאות, כלים והשראה בנושא הקשבה ותקשורת אפקטיבית במשפחה, בחינוך ובעסקים. רוני שירת כקצין בשייטת 13 ושימש כמפקד צוות לוחמים."
ענבר וייס,אדריכלית העיר ירושלים,
הדר ברין וייס,ראש חטיבת הייעוץ המשפטי דיסקונט,"בחצי השנה האחרונה מכהנת כיועצת משפטית ראשית של בנק דיסקונט, לפני כן כיהנה כיועצת המשפטית הראשית של קבוצת כלל, קונצרן הכולל חברות רבות וביניהן חברות ציבוריות וגופים מוסדיים ועיסוקו העיקרי בתחומי הביטוח והפיננסים, ניהול נכסי חיסכון ארוך טווח של הציבור. מכהנת וכיהנה כדירקטורית בחברות הבנות. בעלת התמחות בתחומי הבנקאות, ביטוח, שוק ההון, ממשל תאגידי ועוץ לדירקטוריון. אחראית על תחומי הרגולציה. במקביל מקדמת הדר עשיה חברתית כיו""ר הועד המנהל של מכינת חמש אצבעות ."
אסף וייס,מנהל קמפוס IL במערך הדיגיטל הלאומי (משרד הכלכלה והתעשייה),"אסף וייס הוא מנהל קמפוס IL - המיזם הלאומי ללמידה דיגיטלית שהוא פרויקט הדגל בתחום החינוך וההשכלה של מערך הדיגיטל הלאומי והמועצה להשכלה גבוהה. הוא הצטרף להקמת קמפוס IL אחרי 15 שנה בעולם התקשורת והטלוויזיה, שם מילא תפקידים עיתונאיים וניהוליים בכירים בחדשות ערוץ 2, ידיעות אחרונות, Ynet, וגלי צה״ל. בשש השנים האחרונות הוא מוביל את הפיתוח העסקי והאסטרטגיה של קמפוס IL מול מגוון שותפים כמו משרד החינוך, המועצה להשכלה גבוהה, אוניברסיטאות, מכללות ומשרדי ממשלה, ואת הפעילות הגלובלית מול פלטפורמת edX הבינלאומית, מיסודן של האוניברסיטאות הרווארד ו-MIT."
אברהם מרדכי וינברגר,סגן מנהל כספים האגף לשירותים חברתיים עיריית בני ברק,"משנת 2014 משמש אברהם כסגן מנהל כספים באגף לשירותים חברתיים בעיריית בני ברק. את ההתמחות בראיית חשבון עשה במשרד רו""ח שמידט בן צבי פרלשטיין. קודם לכן עבד כמנהל אדמיניסטרטיבי במכון מסילות להתפתחות הילד והוביל את הארגון מהפסד לרווח ולעלייה משמעותית במחזור הפעילות. לפני כן שימש כמנהל כספים וחשב שכר ברשת מעונות היום ""צעד ראשון"". החל משנת 2012  מתנדב בארגון פעמונים ומלווה משפחות בהתנהלות הכלכלית עד הגעתן לאיזון. לאורך השנים עוסק אברהם במעורבות פעילה בקהילה החרדית ומשתלב שם בפעילות התנדבותית בארגוני החסד והיזמות"
ישראל וינטרויב,"מנכ""ל ומייסד עמותת נותנים מקום","2018 מנכ""ל ומייסד עמותת נותים מקום .הכוללת 
1. מסגרת  שיקומית איחודית לנערים מהחברה החרדית  המתמודדים עם משבר נפשי משמעותי. 
2. דירות בקהילה לנערים עם asd .
3. מרפאה פסיכיאטרית הולסטית _ שירת הנפש. 
בנוסף פרויקטר מטעם בית חולים מעייני הישועה  , להקמת בתים מאזנים , חלופת אישפוז פסיכיאטרית."
רונן וינר,מנהל פיתוח עסקי בחברת קיוריספונס (curesponse),"רונן וינר הוא מנהל פיתוח עסקי בחברת קיוריספונס (curesponse). בתפקידו הקודם שימש כראש אגף אסטרטגיה וחדשנות בקופת חולים מאוחדת, לאחר ניסיון עשיר בתחומי האסטרטגיה, פיתוח עסקי וחדשנות, במגוון רחב של ענפים וחברות. רונן החל את דרכו בחברת הייעוץ האסטרטגי שלדור, שם שימש למעלה מעשור בתפקידי ייעוץ ובהובלת פרויקטים בתחום האסטרטגיה העסקית, ובהם כסמנכ""ל בחברה. לאחר מכן הקים וניהל סטארט-אפ בתחום consumer-web, שימש כמנהל פיתוח עסקי בטבע ישראל, היה ממייסדי החממה הטכנולוגית Sanara Ventures המשותפת לטבע ולפיליפס ושימש כחבר דירקטוריון בחממה מטעם טבע. בהמשך, הקים וניהל בתוך טבע את קבוצת החדשנות הבינלאומית RISE שעסקה בפיתוח פתרונות טכנולוגיים משולבים להנגשת שירותי רפואה בשווקים מתפתחים. במהלך 2018 הצטרף רונן לכללית להקמה וניהול של יחידת החדשנות. ובסוף 2019 הצטרף למאוחדת להובלה של עולמות האסטרטגיה והחדשנות של הקופה. לרונן תואר ראשון בהנדסת תעשייה וניהול בהצטיינות יתרה (טכניון), ותואר שני במנהל עסקים בהצטיינות (טכניון). כמו כן השתתף בתכנית Exponential Medicine של Singularity University בשנים 2014-2015."
יוסף ויצמן,משנה לראש לשכת עורכי הדין בישראל,"יוסף הוא משנה לראש לשכת עורכי הדין בישראל. לצד זאת הוא הבעלים של משרד עורכי דין גדול בתחום האזרחי, המלווה חברות ומעניק ייעוץ משפטי שוטף, בדגש על חדלות פירעון. כמו כן הוא מרצה בסגל של הקריה האקדמית אונו, חבר הנהלה ודירקטוריון מד""א, ראש הוועדה ההומניטרית לסיעוד ברשות ההגירה והאוכלוסין, חבר ועדה למינוי רשמי הוצל""פ במשרד המשפטים ודירקטור בעיריית תל אביב ובעמותת עצמי. יוסף הוציא לאור שני ספרים בעולם המשפט - ספר מקצועי בתחום ההוצאה לפועל, וכן ספר על עולם המשפט."
נעם ויצנר,"ראש מטה מנכ""ל משרד הבריאות","נעם הוא ראש מטה מנכ""ל משרד הבריאות. בתפקידו הקודם היה ראש מטה הקורונה ולפני כן היה יועץ מקצועי בכיר למנכ""ל משרד הבריאות, ובמסגרת תפקיד זה היה אחראי על ליווי והובלה של פעילות המשרד, קידום עבודת המשרד בוועדות הכנסת ומול משרדי ממשלה מקבילים וקידום פרויקטים במשרד ומחוצה לו. קודם לכן הוא שימש כמנכ""ל התאחדות הסטודנטים בישראל ועבד בתפקידים שונים במסגרת הארגון, ביניהם ריכוז מחלקת המחקר של התאחדות הסטודנטים הארצית וריכוז מחלקת מעורבות חברתית באגודת הסטודנטים באוניברסיטה העברית. לאורך השנים עוסק נעם בפעילות קהילתית ענפה: הוא חבר וממייסדי קהילת הלו""ם בקריית יובל ומעורב בפרויקטים חברתיים בשכונה כגון הקמת מכינה קדם צבאית במקום, שבה הוא משמש כיו""ר הוועד המנהל. בנוסף, עסק בהדרכת נוער בסיכון ובהדרכת נוער עולה."
יהודה אריה ולד,"מנכ""ל מפלגת הציונות הדתית","מנכ""ל מפלגת הציונות הדתית, חבר מועצת גוש עציון, חבר הועד הפועל הציוני, חבר בהנהלת הקונגרס היהודי העולמי."
איתי ולדמן,ראש מנהל תקשורת ודובר עיריית תל אביב יפו,"איתי התחיל את דרכו העיתונאית בעיתון מעריב שבו שימש ככתב תרבות. תפקידו הראשון כעורך היה במגזין טיים אאוט תל אביב, שם התקדם במשך השנים עד שהפך לעורכו הראשי במשך חמש שנים. בשנת 2014 עבר לקשת כעורך הראשי של אתר מאקו, תפקיד שמילא שמונה שנים. באפריל 2022 התמנה איתי לתפקיד ראש מינהל תקשורת ודובר עיריית תל אביב-יפו."
דני ולעל,"מנכ""ל, מרכז מעשה","מעל 15 שנים עוסק בתחום החינוך הבלתי פורמאלי והשינוי החברתית.
החל מתפקיד מנהל יחידת נוער, מנהל מתנ""ס ומזה כעשור פועל במסגרת מרכז מעשה וקרן רש""י במגוון תפקידים.  
במסגרת תפקידי עסקתי בקידום ובגיוס צעירים בני הפריפריה אל עולם ההנהגה וההובלה הן בעולם שנת השירות והן כראש מכינה קדם צבאית. 
לאחר כשנה וחצי בהם שימשתי כמנהל מיזמי מו""פ בקרן רש""י חזרתי למעשה לתפקידי כיום כמנכ""ל."
רותם וסקר,מפקד תחנת לב ת״א,"רותם הוא מפקד תחנת המשטרה של בני ברק, רמת גן. משרת במשטרת ישראל החל משנת 2002 במגוון תפקידי פיקוד בהם: עוזר מפקד מחוז ת״א, קצין המבצעים של מחוז ת״א וסגן מפקד שלי שתי תחנות משטרה."
אסף וסרצוג,"מנכ""ל חברת BLEnergy","אסף הוא מנכ""ל עסקי בחברת BLEnergy. בתפקידו הקודם היה סגן הממונה על התקציבים במשרד האוצר בפועל, אחראי על תחומי התעסוקה, כלכלה, מו""פ, השכלה גבוהה, תקשורת ותיירות במשרד. לפני כן ריכז את תחום התחבורה ובמסגרת זו עסק בתכנון הקצאת משאבים ובהובלת רפורמות לבניית תשתיות להסעת המונים, שיפור וייעול מערך התחבורה הציבורית והפחתת הגודש. קודם לכן ריכז את תחום התקשורת והתיירות והיה שותף לרפורמות בתחום, ובהן הקמת תאגיד השידור הציבורי והגברת התחרות בשוק הטלוויזיה. בעבר עבד במחלקה הכלכלית בחברת אמדוקס, ובשנת 2011 סיים את התמחותו בעריכת דין ועבר את בחינות הלשכה."
אלי וקנין,"יועץ אסטרטגי לארגונים מגזר שלישי, ציבורי ופילנתרופי","מעל שני עשורים אלי עוסק באופן מקצועי וניהולי בארגונים חברתיים הפועלים עם אוכלוסיות במצבי סיכון ולמענן בחברה היהודית ובחברה הערבית. בתפקידו הנוכחי הוא מכהן כסמנכ""ל בארגון כל ישראל חברים - אליאנס (כי""ח). במסגרת תפקידו הוא הוביל להקמה ולמיסוד החטיבה לרווחה וחוסן חברתי המפתחת מענים ומפעילה מסגרות ותוכניות שמטרתן צמצום מצבי הסיכון והגברת המסוגלות והמוביליות של מאות בני נוער במצבי סיכון החיים בפריפריה הגיאו-חברתית. זאת, בשותפות עם הרשויות המקומיות ומשרדי הממשלה."
שלומית אבני וקנין,"סמנכ""ל בכיר וראש מינהל רש""ת (רשויות מקומיות, שדה ותשתיות), משרד הרווחה והביטחון החברתי","מינהל רש""ת אחראי על חיזוק התשתיות הפיזיות, הטכנלוגיות, והארגוניות בשדה הרווחה ועל חיזוק ותמיכה בהון האנושי. המינהל אחראי גם על תחום משאבי קהילה ותעסוקה עבור מקבלי שירות בשדה. לשעבר מנהלת אגף בכיר מחקר, תכנון והכשרה במשרד הרווחה והביטחון החברתי, אגף האחראי על תוכנית העבודה המשרדית ועל האסטרטגיה, המדידה, המחקר והדאטא, על בית הספר המרכזי להכשרת עובדי רווחה ועל תוכניות עתודה ניהולית בשדה הרווחה. קודם לכן ניהלה את האגף לתכנון מדיניות במינהל תכנון אסטרטגי וכלכלי במטה משרד הבריאות. בנוסף, ניהלה את תחום צמצום פערים במשרד הבריאות. בעלת ניסיון ניהולי במגזר השלישי בתחומי החינוך והבריאות. דוקטור לפוליטיקה וממשל (בנושא אי שוויון בבריאות), בעלת תארים שניים במדיניות ציבורית ובמנהל עסקים ובעלת תואר ראשון בעבודה סוציאלית."
רעות וקסלר,מנכ״לית ״השדרה״,"רעות מנכ״לית ומייסדת ארגון השדרה לבניית עתודות למנהיגות ציבורית-פוליטית, לפני כן כיהנה כסמנכ״לית בשותפות פילנתרופית גדולה ובעברה ניהלה את תוכניות הצוערים לשלטון המקומי וחינוך בלתי פורמלי, שותפות של משרדי הממשלה וקרן רוטשילד ומנכ""לית עמותת יסודות לצמיחה דרור העוסקת בהקמת קיבוצי מחנכים עירוניים בפריפריה.
רעות ממייסדי מועצת הקבוצות והקהילות המשימתיות בישראל"
ליטל וקסלר,"משנה למנכ""ל וראש חטיבת משאבים וחווית לקוח ב- Cal","ליטל היא סמנכ""לית משאבי אנוש ב-cal. לפני כן שימשה כסמנכ""לית משאבי אנוש בשיכון ובינוי - סולל בונה, וקודם לכן הייתה מנכ""לית משאבי אנוש בקבוצת תקשוב, ובמסגרת זאת הייתה אחראית לתעסוקה של יותר מ- 6,000 עובדים בכל רחבי הארץ. בעבר ניהלה את משאבי האנוש בחברת אגד תעבורה ובגופים נוספים והייתה יועצת ארגונית ומנהלת פרויקטים בתחומי פיתוח מנהלים ובניית אסטרטגיה. היא חברת הוועד המנהל בעמותה לפיתוח משאבי אנוש העוסקת בקידומם של מקצוע משאבי האנוש בישראל ושל העוסקים בו. ליטל מאמינה בגיוון תעסוקתי כדרך חיים ובהכלה כתפיסת ניהול המאפשרת צמיחה עסקית וחברתית."
הגר וקסלר,"אחות ראשית, מנהלת אגף הסיעוד וניהול אוכלוסיות, מאוחדת","הגר מכהנת כאחות ראשית ומנהלת אגף הסיעוד וניהול אוכלוסיות במאוחדת תחת ניהולה מערך אשפוז הבית והמרכז לניטור אוכלוסיות. 
במהלך 2020 ועד 2022 שימשה כמנהלת המשל""ט הארצי של הקופה לניהול הטיפול במאומתי קורונה הקימה את המשל""ט ואחראית על התווית מדיניות הקופה, פיתוח תהליכי עבודה  וממשקים עם גורמי חוץ ופנים קופתיים, במקביל לפיתוח תשתיות ניהול טכנולוגיות ופלטפורמות דיגיטליות לשיתוף המטופל. לפני כן שימשה כמנהלת אשפוז הבית במאוחדת וקידמה ברמה לאומית את פיתוח בית חולים בית, על בסיס התורה שבנתה במאוחדת הוקמו מבחני תמיכה בנושא.

הגר מומחית בטיפול תומך ובעלת תואר שני בסיעוד."
ירון וקסמן,"מיסד ומנכ""ל הגל שלי","ירון הוא מיסד ומנכ""ל הגל שלי. ירון הוא בוגר תנועת נוער ושנת שירות דרך הנוער העובד והלומד במגדל העמק, איש חינוך וים, בוגר תואר ראשון בהצטיינות בחינוך דמוקרטי ותואר שני בניהול מערכות חינוך מאוניברסיטת תל אביב. הקים יחד עם עומר טולצ'ינסקי את עמותת הגל שלי שלה פריסה ארצית עם 11 מרכזי גלישה טיפוליים לאורך חופי ישראל ופעילות בסן דייגו קליפורניה. העמותה פועלת עם נוער בסיכון, חינוך מיוחד, א.נשים עם מוגבלות ומתמודדי טראומה. כיום זהו ארגון הגלישה הטיפולי הגדול בעולם."
עומר ורדי,"סמנכ""ל הממונה על תאגידי המים והביוב ברשות המים","עומר הוא סמנכ""ל הממונה על תאגידי המים והביוב ברשות המים. במסגרת תפקידו הוא אחראי על פעילות כלל תאגידי המים והביוב, אופן ניהולם ופעילותם בתחומי הממשל התאגידי, הרגולציה, הפעילות השוטפת והממשק עם הרשויות המקומיות שהן בעלות המניות בתאגידים. קודם לכן שימש עומר במשך למעלה מעשור כיועץ משפטי לממונה על התאגידים ולחטיבות ברשות המים בדגש על תחומי הרגולציה, הממשל התאגידי והצרכנות."
ליעד ורדי,מנהלת מנהלת אשר מחוז חיפה וגליל מערבי כללית,"בוגרת הפקולטה לרפואה בטכניון. 
מומחית ברפואת משפחה במחלקה לרפואת משפחה של מחוז חיפה וגליל מערבי בכללית. 
במהלך השנים  מדריכת סטודנטים לרפואה בטכניון, מדריכת מתמחים ברפואת משפחה, רכזת סטגרים של המחלקה וכן רכזת מתמחים.
מלמדת במסגרת לימודי המשך של ההתמחות קורסים בנושאי ארגון פרקטיקה, והמשפחה בראי רפואת המשפחה.
בשנים 2013-2022 הקמתי וניהלתי את מרפאת קרית שמואל.
ומ6/2022 מנהלת מנהלת אשר - המנהלת הצפונית של מחוז חיפה וגליל מערבי של הכללית."
אסתי ורהפטיג-בס,"ממונה בכירה בלשכה המשפטית, משרד הבריאות","אסתי היא ראש תחום דיגיטל, אכיפה ופריון והולדה בלשכה המשפטית של משרד הבריאות. היא עובדת בלשכה המשפטית במשרד הבריאות החל משנת 2020. אסתי עוסקת בהיבטים המשפטיים של העברות מידע רפואי, מחקרי נתונים, בינה מלאכותית, רגולציה הקשורה לפריון והולדה ובכלל זה פונדקאות, טיפולי פוריות ועוד, וכן בנושאי אכיפה מינהלית ופלילית. בין היתר, אסתי הובילה את גיבוש הצעת החוק בעניין ניוד מידע רפואי (אשר עברה לבסוף בחוק ניוד מידע רפואי, תשפ""ד-2024). בתקופת הקורונה שימשה אסתי כממונה על תיקוני חקיקה ועסקה בכתיבה והובלה של מאות תיקוני חקיקה, תקנות וצווים להתמודדות עם נגיף הקורונה.
לפני שנת 2020, עבודה אסתי במשך שש שנים כמשפטנית במשרד המשפטים במחלקת ייעוץ וחקיקה (משפט אזרחי) ובמסגרת זו הובילה הליכי חקיקה בתחומי המשפט האזרחי.
את ההתמחות בעריכת דין עשתה אסתי בבית המשפט העליון אצל השופט נעם סולברג."
"שמעון לוי ז""ל","מנכ""ל עמותת שמעיה","שמעון היה מנכ""ל עמותת שמעיה ומנהלה החינוכי. במסגרת תפקידו עמד בראש מערך המוסדות של שמעיה, הכוללים בין היתר, גני ילדים ומעונות, מרכז תעסוקה נתמכת ומרכז פעילות לגיל השלישי, עמד בראש צוות המונה מאתיים עובדים וניהל את הפעילות המקצועית והתקציבית ואת מערך הפעילויות לתמיכה במשפחות של ילדים עם מוגבלויות. כמו כן היווה מנהל מקצועי בעמותת הבת של שמעיה - שמעיה גליל עליון ובמסגרת זו ניהל פעילות בקרב משפחות ממעמד חברתי-כלכלי נמוך בטבריה ובאזור, שמתמקדת בפיתוח וביזמות תעסוקה, בפעילויות לילדים ובספרייה ייחודית המותאמת למגזר החרדי. בעבר היה חבר ועד בעמותת מרכז חינוכי בקריית הרי""מ לוין. בשנים 1986–2009 הוא היה משגיח חינוכי לצעירים בישיבת חידושי הרי""ם בת""א ובמסגרת תפקידו עבד עם נערים מתמודדים וריכז עבורם פעילות חונכים. שמעון היה גם חבר בעמותת קופת הקהילה בת""א, המסייעת למשפחות נזקקות בקהילה."
"דפנה לוצקי ז""ל",יועצת אסטרטגיית תוכן לעסקים,"דפנה הייתה סגנית עורכת גלובס. עיתונאית ועורכת בעיתונות הכלכלית כ-22 שנה. עבדה ככתבת בהארץ וכעורכת בדמרקר, שם שימשה בין היתר כעורכת מוסף שישי וכעורכת פרויקטים מיוחדים בעיתון ובאתר. ערכה את תכנית הטלוויזיה הכלכלית ""על המשמר"" בהנחיית לינוי בר גפן בתאגיד השידור ושימשה כסגנית עורכת גלובס ואחראית תחום המגזין והדיגיטל בעיתון."
"פאתן אלזינאתי ז""ל","מנהלת תחום חינוך בלתי פורמאלי חברה  ערבית בלוד ומנהלת מתנ""ס הערבי היהודי שיקגו","פאתן ניהלה את תחום החינוך הבלתי פורמאלי בחברה הערבית בלוד, וניהלה את המתנ""ס הערבי יהודי שיקגו. במסגרת עשייתה הקהילתית הקימה את מועצת התושבים - התארגנות אזרחית לוד, ניהלה פורום דיאלוג קהילתי רב תרבותי במרכז הגישור ברמלה וכן שימשה כחברה בוועד המנהל של קרן לוד.
קודם לכן שימשה כחברה בפורום הקהילתי בגישור בלוד ולפני כן עבדה כמדריכה בגישור חינוכי בבית הספר אלמנאר בלוד במשך ארבע שנים. בנוסף, שימשה פאתן כחברה בפורום הקהילתי לבנייה ושיקום העיר לוד. במקביל, במהלך השנים העבירה פאתן סדנאות והנחתה קבוצות לגישור במגזר הערבי והיהודי. את דרכה בתחום החינוך והעשייה החברתית והקהילתית החלה כמחנכת ורכזת חברתית בבית ספר נווה שלום וואחת אסלאם – בית ספר דו לשוני."
"עידו פרומר ז""ל",מנכ''ל ושותף מייסד דרייזר רחפנים,"עידו היה מנכ""ל ושותף מייסד של חברת דרייזר - סדנאות רחפנים. עד סוף שנת 2023 ניהל את הפיתוח הכלכלי טכנולוגי בירוחם. בשנים 2018-2021 ניהל את אגף החינוך של העיר. בשנת 2013 הוא פרש מחיל האוויר בדרגת סגן אלוף לאחר 25 שנות שירות, שבהן ביצע את רוב התפקידים בתחום כלי הטיס הבלתי מאוישים (כטב""מ) ופיקד על בית הספר להכשרת מפעילי כטב""מ. עידו היה מורה למתמטיקה, ועד שנת 2019 ניהל את המרכז האזורי לחינוך מדעי טכנולוגי בירוחם. הוא העביר הרצאות בפורומים שונים בתחום של חינוך טכנולוגי בפריפריה, התמודדות עם הקיטוב החברתי ומוסר בלחימה."
"נעמה כץ בן-ששון ז""ל","מנחה בתכנית אדוות ובמיזם חינוך, מעוז","נעמה הייתה מנחה בתכנית אדוות ובמיזם חינוך במעוז. לפני כן שימשה כמנהלת מתנ""ס עמק המעיינות. עבודת המתנ""ס הנה לפתח ולחולל חוסן קהילתי ולהעצים את תחושת השייכות בקרב תושבי המועצה וישוביה. במסגרת התפקיד נעמה הייתה שותפה בצוותי עבודה רשותיים להתוויית מדיונות המועצה, בניית תכניות אסטרטגיות ותכניות עבודה למימוש חזון המועצה. קודם לכן נעמה עבדה במספר תפקידים כעובדת קהילתית ורכזת פרויקטים, ביניהם - תכלול תכנית אסטרטגית במערכת החינוך, כעובדת סוציאלית קהילתית בארבעה מיישובי המועצה, כמנהלת יחידת הנוער במוא""ז גוש עציון, הובלת מנהיגות נוער אזורית, הובלת יחידה לקידום נוער."
"קטי בר שלום ז""ל","מנהלת אגף טכנולוגיות מידע, מאוחדת","החל משנת 2019 קטי ניהלה את אגף טכנולוגיות מידע בקופת חולים מאוחדת. קודם לכך הייתה מנהלת פיתוח בקופה.
קטי צמחה בעולם הפיתוח והחלה את דרכה כמפתחת בילינג בחברת Amdocs LTd בפרויקטים גלובליים כמו AT&T ו Brazil Telecom.
הייתה בעלת ניסיון ניהולי ביחידות פיתוח של למעלה מ10 שנים בחברת פלאפון תקשורת."
נעמה בן זאב,מנכ״לית המשכן לאמנויות הבמה,"נעמה הינה מנכ״לית המשכן לאמנויות הבמה. בתפקידה הקודם שימשה כמנהלת אגף משאבי אנוש של מינהל החינוך בעיריית תל אביב יפו. לפני כן שימשה כסמנכ״לית התחדשות עירונית עזרה ובצרון, חברת הבינוי והדיור של עיריית תל-אביב יפו. קודם לכן, שימשה כעשר שנים כיועצת משפטית של לשכת התאגידים העירונית בשרות המשפטי של עיריית ת“א-יפו. בנוסף, נעמה שימשה כיועצת משפטית של הוועדה המיוחדת למינוי דירקטורים של ת“א-יפו וחברה בצוות האחראי על מניעת הטרדה מינית במקום העבודה. קודם לכן, שימשה כעורכת דין במחלקת ליטיגציה מסחרית במשרד עו“ד מוביל. בעת לימודיה באוניברסיטת תל אביב, שימשה נעמה כמדריכה ומנהלת מקצועית בתכנית ’מבואות משפט‘ - פרויקט חינוכי שבמסגרתו לימדו סטודנטים למשפטים את יסודות המשפט בכ-80 בתי ספר תיכוניים. נעמה יזמה והובילה פרויקט התנדבותי במסגרת עמותת ’שיעור אחר‘ הן במשרד עוה“ד והן בעירייה. את שירותה הצבאי סיימה נעמה כמפקדת קורס משקיות חינוך לאחר ששימשה כקצינת חינוך חטיבתית בשריון ומדריכת חינוך וידיעת הארץ בסיירת אגוז."
מחמוד זאהר,מנהל תחום מזרח ירושלים - חותם,"מחמוד משמש כמנהל תחום מזרח ירושלים - חותם. החל את דרכו החינוכית כמחנך כיתה מקדמת בבת ספר במחנה הפליטים שועפט, בהדרגה עבד גם כמדריך בתכניות משרד החינוך ועירייה בירושלים. הצטרף לתהליך השקפה להכשרת מורים מובילים לפני שמונה שנים, וכעת מנחה הכשרת מורים מובילים ממערב ומזרח ירושלים במסגרת הכשרה מעורבת. משנת 2018 מנהל תכנית חותם במזרח ירושלים שמטרתה להכשיר מורים חדשים למערכת החינוך והיה חלק מהקמת תכנית חותם מנהיגות ירושלמית שמטרתה להעצים את המנהיגות המקומית למען הקהילה המזרח ירושלמית. מטרתו שהחברה המזרח ירושלמית תוביל את מערכת החינוך במזרח ירושלים."
בליינש זבדיה,מנהלת אגף אפריקה הדרומית במשרד החוץ,"בליינש היא בוגרת קורס הצוערים של משרד החוץ. עם התפקידים שמילאה בשליחות בחו''ל נמנים המשלחת לאו''ם בניו יורק, קונסולית הסברה בשיקגו, וסגנית קונסול כללי ביוסטון טקסס. בשליחותה האחרונה הייתה שגרירת ישראל באתיופיה, ברואנדה ובבורונדי. בישראל עבדה בליינש באגף מש''ב (המחלקה לשיתוף פעולה בינלאומי) בחטיבת תפוצות, אגף הסברה, ובתפקידה הנוכחי באגף אפריקה היא אחראית לנושאים בילטרליים. בנוסף, היא מרצה בפורמים שונים בארץ ובחו''ל, ובהם ""עולים ביחד"", קרן היסוד ואוניברסיטאות שונות."
עמרי זגן,"סמנכ""ל מחקר ופיתוח בקרן רש""י","עמרי הוא סמנכ""ל מחקר ופיתוח בקרן רש""י. קודם לכן הוא שימש כראש תחום הכשרות ותוכן במעוז. לפני כן עבד במכון ראוּת - ארגון א-מפלגתי ללא מטרות רווח השואף להיות חוד החנית בהובלת שינויים בישראל ובקהילות יהודיות בעולם בתחומים הכלכלי-חברתי, הביטחון הלאומי ויחסי החוץ. תחילה שימש שם כאנליסט וכראש התחום הכלכלי-חברתי, בהמשך כסמנכ""ל ולבסוף כמ""מ מנכ""ל. את שירותו הצבאי סיים עמרי כקצין וכמפקד בחטיבת הנח""ל."
הילה סגל זדביל,מנהלת תכנית ענבר יועצת עצמאית לבכירים,"הילה מנהלת תכנית ענבר במעוז, יועצת ומנחה. מתמחה בליווי אישי וקבוצתי של בעלי תפקידים בכירים בשירות הציבורי ובמגזר השלישי. משמשת כיועצת עצמאית לגופים ציבוריים וחברתיים. 
בעבר ניהלה את אגף תוכניות סיוע ומניעה בשירות הפסיכולוגי-ייעוצי של משרד החינוך. 
בעבר הייתה ממונה על מניעת אלימות במשרד החינוך ולפני כן הייתה ממונה במשרד על מיניות בריאה ומניעת פגיעה מינית בילדים ובבני נוער."
יניב זוהר,חשב בכיר משרד הרווחה והביטחון החברתי,"יניב עובד בשירות המדינה מעל עשור, הוא חשב בכיר במשרד הרווחה והביטחון החברתי. בתפקידו הקודם שימש כחשב בכיר במשרד החינוך והיה אחראי על תקציב של כ-75 מיליארד ₪. בעבר עבד כעשר שנים באגף החשב הכללי במשרד האוצר, כסגן חשב במשרד הבריאות וכחשב בכיר בחטיבת המרכזים הרפואיים הממשלתיים. הוא היה אחראי על תקציב בתי החולים הממשלתיים בסכום שנתי של כ-15 מיליארד ₪."
עבדאללה זועבי,מנהל מרקט אקסס של חברת gilead בישראל לטכנולוגיות ה-CAR T,"עבדאללה הוא מנהל מרקט אקסס של חברת gilead בישראל לטכנולוגיות ה-CAR T - הטיפול המתקדם לחולים אונקולוגיים באמצעות הנדוס גנטי מחדש של תאי T. מאוקטובר 2018 ועד אוגוסט 2020 שימש כמנהל התחום של תכנון כוח אדם של מקצועות הבריאות בישראל במשרד הבריאות. במסגרת זו היה אחראי על כתיבת כל תוכניות ההתערבות של המשרד בנושא איתור פערים בין היצע וביקוש בקרב מקצועות הבריאות בישראל והכנת תוכנית פעולה וחלופות לפתרון. לפני כן שימש ככלכלן באגף פיקוח על קופות החולים ושב""ן במשרד הבריאות, כחבר ועדת משנה לסל הבריאות הממלכתי וכחבר בצוות שהקים את אתר כל הבריאות. כמו כן במהלך חמש שנים הוא שימש ככלכלן מלווה לוועדת סל הבריאות הממלכתי. עבדאללה הוא בוגר אוניברסיטת בר אילן בחשבונאות וכלכלה, רואה חשבון בהכשרתו, והתמחה במשרד רו""ח טלי לאודון בבית שערים. כמו כן הוא בעל תואר ראשון במנהל עסקים ושיווק בהצטיינות מהמרכז האקדמי רופין ובעל תואר שני במדיניות ציבורית וממשל במסלול מצטיינים מהאוניברסיטה העברית. בעבר היה פעיל בתנועת המחאה החברתית בישראל ואחד ממקימי תנועת המאהלים בעפולה ובקריית שמונה ונואם מרכזי בעצרות בערים."
מייסא זועבי,שופטת בבית משפט השלום במחוז צפון,"מייסא היא שופטת בבית משפט השלום במחוז צפון. משנת 2014 היא שימשה כסגנית בכירה במחלקה הפלילית בפרקליטות מחוז צפון ולפני כן כפרקליטה במחוז חיפה במשרד המשפטים. את דרכה בתחום החלה כעוזרת משפטית בבית המשפט המחוזי בנצרת ולפני כן השלימה שם התמחות וטרום התמחות אצל השופטים נחמה מוניץ ובנימין ארבל. במסגרת עשייתה החברתית היא שימשה כרכזת בפרויקט חונכות פר""ח בשני בתי ספר, וכיועצת טרום משפטית בעמותת ש.י.ל (שירות ייעוץ לאזרח). מייסא היא ממקימי מלכ""ר ""בראעם סולם"" בכפר מגוריה, שיוסד למטרה חינוכית-תרבותית ובמסגרתו הוקם מעון יום לתינוקות ולפעוטות מגיל שלושה חודשים ועד שלוש שנים."
סינא זחאלקה,"מרכזת הפיקוח במגזר הערבי במשרד החינוך, מחוז חיפה","סינא היא מרכזת הפיקוח במגזר הערבי במשרד החינוך במחוז חיפה וחברת צוות הנהלה במחוז מאז שנת 2018. במסגרת תפקידה היא אחראית על הובלת תהליכים מערכתיים לקידום החינוך הערבי, מקדמת תוכניות עבודה במשרד החינוך, מפתחת את ההון האנושי ואת המנהיגות החינוכית ברבדיה השונים: מפקחים, מנהלים, מדריכים וצוותי חינוך, ועובדת בשותפות עם הרשויות המקומיות. קודם לכן, סינא הובילה תפקידים מערכתיים במטה משרד החינוך ובמחוז חיפה כמו ניהול מסגרות חינוכיות שונות, פיקוח ארצי על תוכניות לימודים במזכירות הפדגוגית ופיקוח על החינוך המיוחד במחוז חיפה."
אורן זיו,ראש תחום אף אוזן גרון במחוז דרום בכללית,"אורן הוא מומחה אף אוזן גרון וניתוחי ראש צוואר, ראש תחום אף אוזן גרון מחוז דרום כללית, עובד במרפאות הנגב והערבה ובבית חולים סורוקה. בנוסף אורן יזם בתחום החדשנות הרפואית והוביל מהפיכת רפואה מרחוק בתחום רפואה יועצת/מקצועית ומרצה בתחום יזמות וחדשנות בעולמות הרפואה בפקולטה לרפואה בן גוריון. לאורן תואר ראשון במדעי הרפואה ותואר שני במנהל עסקים במגמת ניהול מערכות בריאות מאוניברסיטת תל אביב, ותואר דוקטור לרפואה מהאוניברסיטה העברית. את התמחותו ביצע ברפואת אף אוזן גרון וניתוחי ראש צוואר בבית החולים סורוקה וביצע שנת מחקר בבית החולים המלכותי לילדים במנצ'סטר אנגליה. אורן משמש במילואים כראש תחום אף אוזן גרון של צה""ל"
ליבי זייבלד,"מנהלת מתנ""ס אשכולות בירושלים","ליבי היא מנהלת מתנ""ס (מינהל קהילתי) אשכולות בירושלים, המעניק שירות ל-50 אלף תושבים בשמונה שכונות. במסגרת תפקידה היא אחראית על ניהול מערך הפעילות לכל הגילים בתחומים שונים: חברה, פנאי, ספורט, חינוך, השכלה, תעסוקה, בריאות ועוד, בדגש על בינוי קהילה ושילוב אוכלוסיות מודרות תוך איתנות ארגונית וניהול איכותי. בתפקידיה הקודמים עבדה ליבי בתחום החינוך הפורמלי בהוראה, בחינוך ובהנחיית מורים וניהלה גם פרויקטים בחינוך הבלתי פורמלי כמו ריכוז מחנות קיץ, קייטנות, טיולים, ביטחון ובטיחות."
משה זייברט,"סמנכ""ל צהר הלב","משה הוא סמנכ""ל רשת צהר הלב מאז שנת 2009 והתחיל לעבוד שם משנת 2004. במסגרת תפקידו הוא מנהל את סניפי המוסדות באשדוד, פעיל בתחום הארגוני והחברתי של הרשת ושם דגש רב על מתן אהבה לכל ילד, איזון תקציבי וביטחון כלכלי. בנוסף, הוא משמש כמנכ""ל תיכון, סמינר ומכללה באשדוד עם סניפים ברחבי הארץ."
בת עמי זיידל,מנהלת אגף קהילה מ.א. עמק המעיינות,"בת עמי מנהלת את אגף קהילה במ.א. עמק המעיינות הכוללת 25 קהילות חיים מגוונות - דתיים, חילוניים , קיבוצים מושבים וישוב קהילתי. תפיסת האגף היא ללוות את הקהילות בפריזמה של 360° ועל כן כוללת בתוכו את מחלקות הרווחה, המתנס, המחלקה לפיתוח קהילתי ומחלקת ישובים. בעשור האחרון היא עוסקת בתחום הקהילות בכל היבטיו: הנחיה והדרכה, פיתוח תוכן, התערבויות ותהליכי בינוי קהילה, הובלת שינוי ויזמויות קהילתיות."
עמנואל זילברמן,"מנהל אגף חינוך ממלכתי וממ""ד וממונה חינוך עי""ס במינהל חינוך ירושלים","עמנואל הוא מנהל אגף חינוך ממלכתי וממ""ד וממונה חינוך עי""ס במינהל חינוך ירושלים. במסגרת תפקידו הוא אחראי על הובלת מדיניות החינוך באגף, כולל תוכניות לצמצום פערים, רלוונטיות וחדשנות חינוכית ותוכניות לקידום הישגים. קודם לכן שימש כמנהל בית חינוך תל""י  והוביל אותו לזכייה בפרס חינוך מנח""י לשנת תשע""ג. לפני כן הוא ייסד וניהל את מכון לר להתנדבות - המרכז הראשון לייעוץ ארגוני למוסדות התנדבותיים ובמקביל שימש כמנהל הדרכה של יד שרה ושימש כמנהל מדרשת עמיעד בגשר - מפעלים חינוכיים. עמנואל החל את דרכו החינוכית כמדריך פנימייתי בבית הילד בירושלים."
יואל זילברמן,"מנכ""ל עמותת השומר החדש","משנת 2007 (כולל שנתיים במהלך השירות הצבאי בהתנדבות) יואל משמש כמנכ""ל וכמייסד עמותת השומר החדש – המסייעת לחקלאים, לבוקרים ולכלל אזרחי המדינה בשמירה, בעבודה חקלאית ובהחזקת השטחים הפתוחים בנגב ובגליל מתוך תפיסת ערבות הדדית ואחריות משותפת. קודם לכן, בשנים 2004-2003 היה חניך במכינת קד""צ גליל עליון מעיין ברוך, ובמסגרת זאת הקים את פרויקט עצומ - (ערכים – ציונות – מסורת) לשילוב תכנים מסורתיים ואקטואליים לשכבות י""א-י""ב ע""י חניכי המכינה ובהמשך לתלמידי תיכון דקל וילנאי בירושלים. לאחר מכן למד יהדות במדרשה הגבוהה באלון, וגם שימש כמדריך בתנועת בני המושבים. את שירותו הצבאי סיים יואל כלוחם וכקצין בשייטת 13 בדרגת סגן."
קרן זילכה,"לשעבר ראשת צוות רפואה בנציבות קבילות החיילים בצה""ל, סגנית הרופאה המחוזית במחוז מרכז בשירותי בריאות כללית","ד""ר קרן זילכה היתה סגנית הרופאה המחוזית במחוז מרכז בשירותי בריאות כללית ומובילת החדשנות במחוז. היא רופאה מומחית ברפואת משפחה ובמינהל רפואי, ובמסגרת התמחותה במינהל רפואי שימשה עוזרת רפואית בלשכת מנכ""ל משרד הבריאות וכמתמחה בהנהלת מרכז רפואי רבין בקמפוס גולדה (השרון). במסגרת שירותה הצבאי שימשה כראשת צוות רפואה בנציבות קבילות החיילים בדרגת סא""ל, כראשת מדור הרפואה של פיקוד המרכז, כרופאת משפחה בכירה, כרופאת אנשי קבע וכיושבת ראש ועדה רפואית בלשכת הגיוס והשתתפה במשלחת חיל הרפואה לסיוע לנפגעי רעידת האדמה בנפאל בשנת 2014. קרן בעלת MD ברפואה מהאוניברסיטה העברית בירושלים, MHA במינהל מערכות בריאות מאוניברסיטת בן גוריון ו- MBA מאוניברסיטת תל אביב."
דפי בירן זינגר,"מנהלת האגף הרב תרבותי, כנפיים של קרמבו","דפי היא מנהלת תוכניות במרכז מנדל למנהיגות בצפון. לפני כן הקימה וניהלה את ארגון שותפויות רוטשילד, הפועל לפיתוח מנהיגות צעירים בפריפריה וכולל את תוכנית קו הזינוק, שגרירי רוטשילד ותוכניות הצוערים. בעבר ניהלה את ארגון שגרירי רוטשילד, וקודם לכן את יחידת התוכנית של מכון ברנקו וייס שפעלה בפריפריה החברתית והגיאוגרפית לקידום מצוינות אישית וחברתית. בעבר הרחוק עסקה בהוראת עברית לעולים בכלל וליוצאי אתיופיה בפרט. בכל עיסוקיה פועלת דפי מתוך מטרה לקחת חלק בהתמודדות עם אתגרים חברתיים ומתוך רצון לתרום תרומה אישית ומקצועית ליצירת חברה ראויה."
ליבי זיק,"ראש יחידה לאפיון שירותי רפואה, אגף השיקום, משרד הביטחון","ליבי החלה את חייה המקצועיים בתחום הוראת חינוך מיוחד. בהמשך התקדמה והפכה למרפאת בעיסוק עם התמחות בתחום האוטיזם (בארץ ובאוקריינה), התפתחה מהר לתחום ניהול, בתחילה כניהול סקטור ריפוי בעיסוק בעמותות שונות ואח""כ בניהול מקצועי ב""עזר מציון"". ליבי עבדה בארגון ""עזר מציון"" במגוון תפקידים בלתי פורמליים ובאופן פורמלי כמנהלת אגף של מסגרות לילדים עם צרכים מיוחדים. כיום ליבי בתפקיד ראש חטיבה לשירותי התפתחות ושיקום, החטיבה נותנת רצף שירותים ומענים מטרום לידה ועד בגרות לאנשים עם מוגבלויות ובני משפחותיהם. החטיבה כוללת מכירת שירותים רחבה בפריסה ארצית יחד עם מעטפת וולנטרית.
החטיבה מכילה מעל 600 עובדים, וליבי מנהלת תקציב שנתי של מעל 80 מליו שח. במהלך כל השנים במקביל נתנה הרצאות במגוון תחומים בסמינרים ללימודי המשך במגזר החרדי."
אלעד זכות,"סמנכ""ל אסטרטגיה, מדיניות ותקציבים במשרד הקליטה","אלעד מנהל את התקציבים, המחקר, תכנון המדיניות והאסטרטגיה של משרד העלייה והקליטה. לפני כן עבד כראש מטה מנכ""ל ביטוח לאומי. במסגרת תפקידו אלעד עסק בגיבוש וקידום מדיניות, חקיקה ומהלכי ייעול ושיפור תהליכי שירות. בין השאר היה שותף בהובלת מהלכים כמו מדיניות החל""ת והמענקים במשבר הקורונה, העלאת קצבאות הנכים, הרפורמה בשירותי הסיעוד, שיפור קצבאות הזקנה, הארכת חופשת הלידה, פרוייקט מיצוי זכויות לניצולי שואה ועוד. בנוסף, אלעד שימש כמנהל בפועל של התכנון אסטרטגי, תכניות העבודה וניהול הידע של הביטוח הלאומי. בעבר עבד במינהל שלטון מקומי במשרד הפנים כמנהל תחום תכנון מוניציפלי, שם עסק בתחומי התיקצוב והפיתוח של רשויות מקומיות ובמטה הרפורמה בנציבות שירות המדינה בעולמות המדיניות ופיתוח תורה מקצועית בתחומי ניהול ההון האנושי."
איתן זליגר,שותף בחברת זליגר שומרון תקשורת,"איתן הוא מנכ""ל שותף במשרד זליגר שומרון תקשורת, המעניק שירותי אסטרטגיה ותקשורת לארגונים ציבורים ופוליטיים. עד להקמת המשרד היה איתן סגן עורך העיתון מקור ראשון, ועוד לפני כן שימש כדובר ועדת החינוך והתרבות של הכנסת. הוא משמש כפרשן תקשורת בערוצי התקשורת השונים וחבר פאנל קבוע בתוכנית הפטריוטים בערוץ 20 לצד אראל סג""ל, קלמן ליבסקינד, יריב אופנהיימר ואנשי תקשורת נוספים. איתן גם מחזיק פרופיל טוויטר פעיל עם כ-3,000 עוקבים, שבו הוא שוטח את עמדותיו הפוליטיות, ניתוחים ופרשנויות על תקשורת. הוא גם היה בצוות ההקמה של בית הספר קשת , המשותף לדתיים וחילוניים, שם גם לומדות בנותיו."
שרונה זלמנוב,"מנהלת אדמיניסטרטיבית, מרב""ד, משרד הבריאות","החל משנת 2022 משמשת כמנהלת אדמיניסטרטיבית של המרכז הרפואי פלימן.
בתפקידי הקודם שימשתי כמנכ""לית תאגיד הבריאות של המרכז הרפואי זיו. קודם לכן, הייתי מנהלת תפעול בתאגיד הבריאות של המרכז הרפואי זיו. בעבר, עבדתי בקרן המחקרים של המרכז הרפואי פורייה וכמנהלת שיווק בעמותות חסד.
סטאז' בניהול ביצעתי במערך הפסיכיאטרי חיב""ה של המרכז הרפואי מעייני הישועה."
דוד זלץ,סגן ראש העיר ביתר עילית,"דוד הוא סגן ראש עיריית ביתר עילית, מחזיק תיקי החינוך והתרבות ויו""ר תנועת דגל התורה בעיר. בתחילת דרכו המקצועית עבד כיועץ מקצועי וכראש הלשכה של ח""כ יעקב אשר, ובמסגרת תפקידו ריכז את קשריו עם משרדי הממשלה, טיפל בפניות הציבור ודאג לפתרונות ולמתן מענה לצורכי הציבור."
אינה זלצמן,"סמנכ""לית בכירה ומנהלת המינהל הפדגוגי במשרד החינוך","אינה היא סמנכ""לית בכירה ומנהלת המינהל הפדגוגי במשרד החינוך. המינהל אחראי על ניהול כל המערך הפדגוגי של מוסדות החינוך בישראל בשכבות הגיל השונות, תוך תכנון אינטגרטיבי, פיתוח והקצאה של משאבים פדגוגיים, כלים ואמצעים הנדרשים ליישום מדיניות המשרד. בעבר שמשה כמפקחת מחוזית במחוז ירושלים בשנים 2014-2019, הובילה את מערך הפיקוח וההדרכה במחוז מבחינה פדגוגית, ארגונית ומנהלית, ותכללה מגוון תחומים: המגזר השלישי, ממוני תכנון, למידה משמעותית, חינוך ערכי, חינוך בלתי פורמלי, חינוך מיוחד, ייעוץ ותוכניות אסטרטגיות בחברה הערבית. במחוז אף כיהנה כיו""ר הוועדה לקידום הישגים, רפרנטית לנושא מחוננים ומצטיינים וכן לנושא מדידה והערכה – ראמ""ה. בנוסף, הייתה מפקחת רשותית במעלה אדומים, מטה יהודה ואבו גוש, ומפקחת ממונה על הקשר עם יהודי התפוצות -""שותפות יחד"". במהלך השנים מילאה תפקידים נוספים במטה המשרד ובהם: חברה בוועדה להסדרת מעמדם של מרכזי הפסג""ה, חברה בוועדה להסדרת מערך הנתונים המשרדי, יו""ר ועדה ארצית מטעם משרד החינוך בנושא סייעות רפואיות בשיתוף משרד הבריאות, יו""ר הוועדה הארצית ליישום דו""ח דורנר, חברה בוועדה להסדרת מעמדם של מרכזי המחוננים ועוד. לצד כל אלה אינה היא חברה בוועד המנהל של אבני ראשה. בתקופת כהונתה כמנהלת מגדים – בית ספר יסודי ממלכתי במעלה אדומים – זכה בית הספר בתעודות הערכה על הישגים לימודיים, הערכה ומדידה, חינוך ערכי וקידום בריאות, ושימש כמעבדה לכתיבת תבחינים לבתי ספר מקדמי בריאות בארץ ובית ספר מדגים בתחום החינוך הערכי. אינה זכתה בפרס העובד המצטיין של משרד החינוך על מצוינות אישית לשנת 2015."
דוד זלצר,"מייסד ומנכ""ל קמביום","יזם חברתי וטכנולוגי, מנכ""ל ומייסד חברת התוכנה קמביום הפועלת בנגב, מאז 2010. חבר בפורום מנהלי החברות הבנות במטריקס, מרצה במחלקה להנדסת תוכנה באונ' בן גוריון."
דלית זמיר,יועצת משפטית במשרד האנרגיה והתשתיות,"דלית היא יועצת משפטית במשרד האנרגיה והתשתיות. לפני כן כיהנה כיועצת המשפטית של רשות החברות הממשלתיות. במסגרת תפקידה הקודם הייתה אחראית, יחד עם הלשכה המשפטית שבניהולה, על מתן הייעוץ המשפטי לכלל יחידות הרשות. קודם לכן עבדה כראש אשכול במחלקת ייעוץ וחקיקה (משפט כלכלי) במשרד המשפטים, ובמסגרת תפקידה הייתה אחראית על הייעוץ ועל החקיקה בנושאים שונים מתחום המשפט הכלכלי, וביניהם חדלות פירעון, דיני מיסים ורגולציה של שוק ההון."
יפעת זמיר,"מנהלת אגף חני""ת- חדשנות בניידות ותחבורה מקיימת","יפעת היא מנהלת מרכז היזמות והחדשנות הטכנולוגית בעיריית הרצליה. בתפקידה הקודם הייתה סמנכ""לית האסטרטגיה של הפורום הכלכלי חברתי נשיאות המגזר העסקי. קודם לכן שימשה יפעת כמנכ“לית הסניף הישראלי של הגוף הגלובלי Transparency International שעוסק בקידום תהליכי שקיפות ככלי ניהולי במגזר העסקי ובשלטון המקומי. ולפני כן שימשה יפעת כמנכ""לית הראשונה של 'עמותת כ“ן - כוח נשים', עמותה הפועלת לקידום שוויון מגדרי בזירה הציבורית בישראל ולקידום נשים למוקדי קבלת החלטות בזירה הפוליטית והציבורית בישראל. בתפקידה זה, עסקה ביצירת התכנית ’מנהיגֹות בעסקים- קפיצת מדרגה‘ יחד עם הפקולטה לניהול באוניברסיטת תל אביב. יפעת מעורבות רבות בקידום מנהיגות שוויונית - בפיתוח תכנית הכשרה לקידום ‘מנהיגות את המחר‘- מנהיגות מוניציפאלית המופעלת בעשרות ישובים ברחבי הארץ ובפיתוח תכנית הכשרה ייחודית ’רוצה להיות ח“כית‘ לתפקיד חברת כנסת. יפעת נמנית בין חמישים הנשים המשפיעות של אתר סלונה לשנת 2013. בעברה, הייתה יפעת עיתונאית, עורכת ומגישה בחדשות ערוץ 2, 10 ובערוץ הכבלים."
אסף זמיר,"סגן ומ""מ ראש עיריית תל אביב יפו ומחזיק תיק החינוך","אסף הוא סגן ומ""מ ראש עיריית תל אביב יפו ומחזיק תיק החינוך. בתפקידו הקודם היה קונסול כללי בניו יורק. לפני כן היה סגן וממלא מקום ראש עיריית תל אביב-יפו והחזיק בתיק החינוך. קודם לכן שימש כסגן ראש העיר וממונה על תחום קהילה, נוער, ספורט ותחום התיירות בעירייה. בתום לימודיו השלים התמחות במשפטים במשרד עורכי הדין נשיץ, ברנדס ושות'. בהיבט החברתי היה פעיל בפרויקטים במרכז פרס לשלום ובמרכז הבינלאומי לשלום במזרח התיכון. בנוסף, ייסד את תנועת רוב העיר – רשימת הצעירים של תל אביב ושימש כיו""ר התנועה."
קובי זמיר,מנהל אגף חינוך עיריית גני תקווה - אגף החינוך,קובי הוא מנהל אגף חינוך עיריית גני תקווה - אגף החינוך.
יואב (זימי) זמרן,"מנכ""ל עמותת ""כוכב לחיים"" מטפלת בחינוך והעצמה בפריפריה","יואב הוא ראש מינהל חינוך בעיריית ירושלים. קודם לכן היה משנה לראש מינהל חינוך וראש אגף פדגוגיה וטיפול בפרט בעיריית ירושלים ובמסגרת תפקידו היה אחראי ישירות על כל תחום הפדגוגיה והתוכניות החינוכיות במינהל, ועל תחום הפרט הכולל את קידום הנוער, השירות הפסיכולוגי, החינוך המיוחד ומניעת נשירה. הוא הגיע לתפקידו לאחר עשר שנים שבהן ניהל את בית ספר הניסויי בירושלים, ובמהלכן גם הקים בית ספר נוסף במקביל. אל החינוך הגיע יואב מהמרחב הבלתי פורמלי – של תנועות הנוער ושל עולם הפנימיות. את כל אלה עשה לצד הקמה של יחידת חילוץ במדבר יהודה ושנות מילואים רבות כמפקד במערך איתור הנעדרים של צה""ל."
אווקה קובי זנה,"מנהל תחום בכיר מח""ש וזכויות בחקירה","אווקה קובי מנהל תחום בכיר בסנגוריה הציבורית הארצית- מח""ש וזכויות בחקירה. בתפקידו הקודם הוא עמד בראש היחידה הממשלתית לתיאום המאבק בגזענות במשרד המשפטים ושימש כחבר בפורום ההנהלה של משרד המשפטים. בתפקידו הקודם שימש כסגן בכיר בפרקליטות מחוז תל אביב (פלילי), ועסק בליטיגציה במגוון תחומי המשפט הפלילי. במסגרת תפקידו ריכז את תחום עבירות ההסתה והעבירות ממניע גזעני והיה חבר בפורום הארצי למניעת הסתה. אווקה קובי היה חבר בצוות הבין-משרדי למיגור הגזענות נגד יוצאי אתיופיה ושותף לכתיבת הדוח המסכם, שאומץ על ידי הממשלה. יש לו תואר ראשון במשפטים, שאותו למד במסגרת העתודה האקדמאית של צה”ל ותואר שני במשפטים מאוניברסיטת תל אביב. לאחר שסיים את לימודי המשפטים, הוא שירת בפרקליטות הצבאית בפיקוד דרום. אווקה קובי הוא קצין בדרגת רב-סרן (רס”ן) במילואים."
יובל זנה,סמנכל טכנולוגיות דיגיטליות ומידע ביד ושם,
סמאהר שנבור זעטוט,מפקחת על הייעוץ החינוכי - משרד החינוך,"סמאהר היא מפקחת על הייעוץ החינוכי במשרד החינוך, רפרנטית ייעוץ בגיל הרך ושותפה בבנייה והטמעת הייעוץ מגיל לידה עד שלוש. שותפה בקביעת מדיניות מחוזית בנושאי רווחה נפשית, חוסן והתמודדות באירעי משבר בכלל ובחברה הערבית. שותפה בבניית תוכנית מחוזית לצמצום האלימות בחברה הערבית במחוז, פיתחה וקידמה תכניות רבות: כמו מעברים בין ותוך מסגרות החינוך, תוכנית מיומניות הבוגר וחיי הקריירה. היא שותפה ומובילה תכניות ברמה של הרשות המקומית. גם שותפה בתהליכי חשיבה ארציים וועדות היגוי ברמת המטה ליישום והתאמת לשטח כמו תכנית ארצית למיגור האלימות, צמצום פערים, העלאת הישגים אקדמיים והשתלבותם בתעסוקה וועדות היגוי אשר עסקו בעדכון והתאמת חוזרי מנכ""ל."
הודי זק,יועץ עצמאי בתחומי טכנולוגיה  ואסטרטגיה עסקית,"לפני תפקידו הנוכחי הודי היה ראש המכלול הטכנולוגי ומשנה לראש מערך הסייבר הלאומי. לפני כן כיהן כמנהל הפעילות העסקית בחברת Cytegic, וכראש חטיבת הסייבר בחברת וורינט. בעבר שימש כנשיא חטיבה בחברת אמדוקס לאחר ששימש בתפקידים בכירים בחברות שונות בשוק הפרטי. הוא ניהל את פיתוח אורן ירוק - מכ""ם הגנה אווירית המשולב במערכות החץ וכיפת ברזל, וקודם לכן שימש כקצין אחראי על תוכניות פיתוח חדשניות בחיל האוויר ובמשרד הביטחון והשתחרר בדרגת רס""ן. הודי כיהן כעמית מחקר במכון שמואל נאמן בצוות שילוב חרדים ופעיל בנושא הכשרה וקליטת חרדים בתעשיית ההייטק."
"טלאור זק""ש","מנכ""ל eHealth Ventures","טלאור הוא יזם ומשקיע בתחום הבריאות הדיגיטלית, מנכ""ל ושותף ב-eHealth Ventures - חממה לתחום הבריאות הדיגיטלית וחבר דירקטוריון בכמה חברות הזנק. הוא בעל ניסיון של מעל עשרים שנה בתחומי היזמות והניהול בישראל, בארה""ב ובאירופה בחברות רפואה דיגיטלית. יש לו תואר ראשון בכלכלה ומדעי המחשב, תואר MBA עם התמחות במימון מהאוניברסיטה העברית, ומנהל מערכות בריאות מאוניברסיטת ת""א. כיום טלאור חבר בוועדה המייעצת לתואר BioMed באוניברסיטה העברית ובעבר כיהן כחבר הוועדה המייעצת בתחום מדעי החיים במכון הייצוא הישראלי ובוועדות שונות ב-HIMSS."
מירב זרביב,"סמנכ""לית חדשנות וטכנולוגיה בחינוך","מירב היא סמנכ""לית חדשנות וטכנולוגיה בחינוך. קודם לכן שימשה כמנהלת אגף מו""פ, ניסויים ויוזמות במינהל הפדגוגי במשרד החינוך. במסגרת תפקידה הקודם הייתה אחראית על יחידות פיתוח במשרד החינוך המלוות יחידות מטה, מוסדות חינוך, רשויות מקומיות ויזמים לפיתוח מענים פדגוגיים, חדשניים ואסטרטגיים למערכת החינוך. בעבר שימשה מירב כמפקחת ארצית ממונה על התוכנית מרחבי חינוך - אזורי בחירה מבוקרת, שפעלה בכ- 700 בתי ספר ברחבי הארץ, ובנוסף הייתה מרצה, חוקרת, ומרכזת יחידת מו""פ באקדמיה."
רים זריק,מומחית רשויות במיזם תשכיל - בברנקו וויס,"רים היא מנהלת מחלקת החינוך במועצה המקומית ריינה. בתפקידה הקודם הייתה מנהלת מחלקת החינוך במועצה המקומית עילבון. במסגרת תפקידה הקודם הייתה אחראית על מחלקות הנוער, הספורט והתרבות ביישוב עילבון ופועלת למען קידום ראייה חינוכית יישובית ומערכתית השמה דגש על צורכי הילד ועל הרצף החינוכי הגילאי מגיל שלוש עד 21 בנוסף לרצף החינוכי בתחום הבלתי פורמלי. בעבר הייתה רים מנהלת חינוך הקדם-יסודי ואחראית על החינוך המיוחד במועצה המקומית יפיע."
עמליה זרקא,מנהלת קרן פטריק ולינה דרהי,"עמליה היא מנהלת קרן הפילנתרופיה על שם פטריק ולינה דרהי משנת 2018. במסגרת תפקידה היא ממונה על ייזום פרויקטים ופיתוחם, איסוף חומרים, ניתוחם ועריכתם, כתיבת המלצות לוועד המנהל של הקרן ומעקב אחר התקדמות הפרויקטים. קודם לכן הייתה עמליה סמנכ""לית משאבי אנוש בחברת הוט ומנהלת מש""א והדרכה בבנק איגוד ובתנובה. בעבר היא עסקה בעבודה סוציאלית בטיפול בנוער בסיכון בפנימייה, ובמסגרת עבודתה במחוז תל אביב  פיתחה שירותים חוץ-ביתיים לילדים ולנוער."
רואא ח'אטר,אחראית מיצוי משאבים ופיתוח כלכלי במועצה מקומית גוש חלב,"רואא היא אחראית מיצוי משאבים ופיתוח כלכלי במועצה מקומית גוש חלב. לפני כן כיהנה כראש ענף משאבי אנוש, תקינה וגיוון תעסוקתי במשרד רה""מ וקודם לכן ניהלה את מחלקת החינוך במועצה המקומית מַסְעָדֶה ברמת הגולן. לפני כן מילאה תפקידים ברשות המקומית בתחום החינוך, הנוער והתרבות, ולימדה לשון וספרות עברית בבית ספר על יסודי. רואא חברה  במועדון המנהיגות של נשיא המדינה ראובן ריבלין ועוסקת במחקר על פוליטיקה מקומית. בין מאמריה בולט מאמר המתמקד בייצוג פוליטי של נשים דרוזיות בשלטון מקומי."
אחלאם ח'אלדי,"מלווה רשותית מחוזית לגיל הרך, מחוז חיפה במשרד החינוך","אחלאם היא קלינאית תקשורת בהכשרתה. עבדה כשבע שנים בתחום האיתור, אבחון וטיפול בילדים עם לקויות התפתחותיות, עד שהחליטה שרמת ההשפעה שלה על איכות חייהם של ילדים צריכה להיות רחבה יותר במיוחד בעיר מגוריה אליה אני מחוייבת ושייכת. לפני כשבע שנים יצאה עם מיזם חברתי מקומי והקימה את ""סביל"" בית לגיל הרך, מרכז שכלל שירותים לכלל ילדי העיר, הוריהם ואנשי המקצוע העובדים איתם, לאחר הצלחה אדירה במשך ארבע שנים ומתוך רצון להרחיב שוב את רמת ההשפעה, חברה לעמותת יעדים לצפון ומשרד השיכון וניהלה את תחום הגיל הרך בחברה הבדואית בצפון, הייתה אחראית על בניית תפיסה יישובית לגיל הרך ביישובים, הקמת תשתית ארגונית ומרכז לגיל הרך בכל יישוב משלבי הבנייה ועד ההפעלה. בהמשך חברה לצוות המדריכות למרכזים לגיל הרך מטעם משרד החינוך באגף לחינוך קדם ייסודי. לצורך סגירת מעגל לטובת עיר מגוריה, חזרה לנהל את תחום הגיל הרך בעיריית עראבה, ואת הקמפוס לגיל הרך, הקמפוס בתפיסה תכלל תחתיו את כל התוכניות והמסגרות החינוכיות של הילדים בעיר מגיל לידה-6 ש'. אחראית על ביסוס התשתית הארגונית של התחום, פיתוח תשתיות ומענים וגיוס משאבים על פי הצרכים שעולים מהשטח. היום היא מלווה רשותית מחוזית במחוז חיפה, משרד החינוך, אחראית על הדרכת הרשויות במחוז בתהליך מעבר המעונות למשרד החינוך, למיצוי זכויות הדרכה וליווי הצוותים המקומיים תוך עבודה בממשקים עם כלל השותפים במטה ובמחוז."
פיראס ח'ואלד,מנהל תנועת נוער בייתנא בקדאדיא,"פיראס הוא מנהל תנועת נוער בייתנא בקדאדיא. קודם לכן היה רכז תוכניות ורכז פעילות שטח במכון קדאיא - מחלקה במרכז הערבי לתכנון אלטרנטיבי, המארגן קבוצות מנהיגות בתחומים חברתיים, פוליטיים וכלכליים ומעודד שיתוף ציבור, חינוך פוליטי ולקיחת אחריות חברתית כאמצעי לקידום החברה ולהשגת צדק חברתי וכלכלי. לפני כן הוא עבד בתנועת הנוער אג'יאל מאז הקמתה בשנת 2006 במגוון תפקידים כמו ריכוז פרויקטים, ריכוז מפעלים וריכוז סניפים מ-א' ועד ת'. גולת הכותרת של פעילותו היא שותפותו בהקמת בית הספר לילדי הפליטים בלסבוס ביוון בשנת 2018."
אריג' ח'לאילה,"מנהלת מקצועית וחדשנות, עמותת לנה","עובדת סוציאלית, בין השנים 2009-2016 עבדתי במגוון תפקידים במחלקת לשירותים חברתיים במועצה מקומית חורה. בין היתר עבדתי כעו""ס משפחה, רכזת תחום גיל הרך, עו""ס נערות, מנהלת הבית החם, עו""ס לחוק הסעד סדרי דין ועוד. בין השנים 2016-2020 עבדתי כראש צוות, רכזת תחום אלימות במשפחה ונערות במצוקה במחלקה לשירותים החברתיים במועצה האזורית נווה מדבר. בין השנים 2020 ועד היום עובדת כראש צוות בשירות האומנה במכון סאמיט. בין השנים 2022- ועד היום מנהלת מקצועית וחדשנות בעמותת לנה."
רואן ח'מאיסי,מנהלת תכנית מסאר שותפויות רוטשילד,"כיום מנהלת תכניות מנהיגות והכנה לאקדמיה לצעירות וצעירים מהחברה הערבית ""מסאר"", תכנית שכוללת שנת מעבר וליווי באקדמיה. תפקיד קודם הייתה אחראית על תחום חברה ערבית בארגון שותפויות אדמונד דה רוטשילד.
עבדה בתחום הטיפול במעון הנעול המיועד לבני נוער מהחברה הערבית שביצעו עבירות, מטפלת מוסמכת בגישת הסמכות החדשה, מהמרפאה לסמכות ההורית החדשה בבי""ח שניידר, ובוגרת קורס גישור ממכון אדלר. השתתפה בקבוצת מייסדי רשת צעירי הגליל מבית עתודות לצפון, בוגרת קורס מעוז אקו, השתתפה במשלחת הראשונה לנשים מנהיגות פלסטיניות באיסטנבול של יוזמת ""תמקין""- לאפשר, ממייסדי קבוצת ""אחיאא""- להבריא, קבוצה מקומית בכפר כנא שמטרתה לקדם ערכים חינוכיים והתנדבותיים."
עלאא חאג',"מנהל מחלקת שיקום בית ואחראי מחלקת פיזיותרפיה- היחידה לטיפולי בית, מחוז חיפה, כללית","עלאא פיזיותרפיסט במקצועו משנת 2004. החל את דרכו המקצועית בכללית בשנת 2009, עבר על רוב תחנות הטיפול השיקומי שכלל מסגרת אשפוזית, עבודת מכון, היחדה לטיפולי בית, מסגרת שיקום יום ושיקום בית. כאשר חלק מהתפקידים ריכוזיים וניהוליים חוצי מקצועות וארגון.
כיום, עלאא מנהל את מחלקת שיקום בית ואחראי מחלקת פיזיותרפיה, במחוז חיפה וגליל מערבי בשירותי בריאות כללית.

עלאא חבר בוועדות מקצועיות תוך וחוץ מחוזיות בכללית בנושאים הקשורים בתחום השיקום, פיזיותרפיה והיחידות לשיקומי בית. כמו כן, משמש כמשקיף במועצה הלאומית לשיקום משנת 2021.

כיום, עלאא משמש רפרנט מחוזי למכשירי שיקום וניידות- טכנולוגייה מסייעת ומוביל  פרוייקט בתוכנית אקסלרטור לטכנולוגיות בשיקום מטעם משרד הבריאות ומיזם ענבר- מעוז."
אמירה חאיין,ממונה חינוך יסודי חברה ערבית משרד החינוך,"אמירה היא ממונה על החינוך היסודי בחברה הערבית. היא בעלת ניסיון של 25 שנים במערכת החינוך. היא התחילה כמורה ומלאה את כל התפקידים בבית הספר כמחנכת, רכזת, רכזת שכבה, ועד למדריכה בית ספרית. ניהלה את תוכנית החומש וההדרכה במחוז חיפה, ליוויתה רשויות מקומיות, ובתי ספר אדומים. ניהלה בית ספר והביאה להצלחות מדהימות כך שבאמצעות המודלים שפותחו הפכה למרצה אורחת באוניברסיטת חיפה ומרצה מן המניין באקדמיה גורדון בחוג לניהול מערכות חינוך תואר שני. לאחר מנדל, חקרה ופיתחה תוכן בנושא מעמדו של המפקח הכולל במערכת החינוך בשיתוף עם Wallace foundation, בהארוורד, ובעקבות המודל, הרצתה בכל המחוזות כך גם באבני ראשה בפיתוח המקצועי של המפקחים החדשים. הייתה ממונה על העברית (כמדריכה מחוזית מרכזת), במזרח ירושלים למשך שנתיים בשנים האחרונות מלאה את התפקיד מפקחת ממונה על הפדגוגיה בחברה הערבית, וגם מפמ״ר שפה ערבית במזכירות הפדגוגית."
שירין נטור חאפי,מנהלת אגף א' חינוך ערבי במשרד החינוך,"שירין היא מנהלת אגף א' חינוך ערבי במשרד החינוך, בעבר ניהלה את בית הספר הערבי הממלכתי הראשון בלוד. כשהחלה את תפקידה הקודם, בשנת 2009 מנה התיכון 150 תלמידים וכיום לומדים בו 7,711 תלמידים בכיתות ז-י""ב. בשנת 2013 היא נבחרה ל-""Leaders"" בחברה Young Global - קהילה ייחודית הכפופה לפורום הכלכלי העולמי (WEF), שבוחרת שמונה אנשים צעירים ומשפיעים ברחבי העולם. בשנת 2012 נבחרה לרשימת ארבעים הצעירים המבטיחים של עיתון דה-מרקר ולאחת מחמישים האנשים המשפיעים בתחום החינוך של עיתון הארץ. קודם לכן עבדה בתפקידי ריכוז וניהול מטעם משרד החינוך וברשת אורט. את דרכה המקצועית החלה שירין כמורה לספרות, כמחנכת, כרכזת שכבה וכמנחה לספרות ברשת אורט"
אבראהים חביב,"סמנכ""ל מצויינות תפעולית ותכניות Acadyium","אבראהים משמש כסמנכ""ל מצוינות תפעולית ותכניות בארגון ""אקדיום"" הפועל לקידום מצוינות אקדמית ומוביליות חברתית בקרב צעירים מהחברה הערבית. מפברואר 2025 ועד אפריל 2026 כיהן כחבר הנהלה ומנהל פיתוח כלכלי ומשאבי אנוש בארגון א.מ.מ.ס נצרת- הבעלים והמפעיל של ביה""ח נצרת-האנגלי, ביה""ס האקדמי לסיעוד וכפר נצרת. בין השנים 2021 - 2024 כיהן כמנכ""ל המועצה המקומית ריינה. מאוגוסט 2010 ועד יולי 2020 שימש אבראהים כמנהל תחום פיתוח כלכלי-חברתי במשרד ראש הממשלה ובמשרד לשוויון חברתי. עיקר עיסוקו בממשלה היה בגיבוש החלטות הממשלה לפיתוח כלכלי-חברתי עבור החברה הערבית, לצד ליווי מיזמים כלכליים וחברתיים, בכללם הקמת מיזם מוארד (موارد) למיצוי משאבים ופיתוח כלכלי ברשויות הערביות. קודם לכן שימש כמנהל מחלקת השטחים הכבושים בארגון רופאים לזכויות אדם והיה אחראי לפעילות ההומניטרית של הארגון בגדה המערבית וברצועת עזה."
מירב בן-פורת חביב,"עו״ס מחוזית, מחוז מרכז, שירותי בריאות כללית","עובדת סוציאלית מזה 15 שנים. לאחר תקופה קצרה כעו""ס בתחום שיקום מוגבלויות ברווחה התחלתי לעבוד בשירותי בריאות כללית. עובדת הכללית קרוב ל-13 שנים. בשנים הראשונות עבדתי כעו""ס במחוז ירושלים בתחומים מגוונים- רפואה ראשונית, בריאות האישה, אשפוז בית והתפתחות הילד. ריכזתי את נושא אלימות במשפחה במחוז ולאחר מכן בהנהלה הראשית. לאורך השנים הדרכתי סטודנטיות ועובדות חדשות. בשלהי עבודתי במחוז ירושלים הייתי ממונה על תחום רווחת העובד/ת. לפני שנתיים וחצי עברתי לתפקיד ניהולי, עו""ס מחוזית, במחוז מרכז. במסגרת התפקיד אחראית על שירותי עו""ס בבריאות הנפש ובמגוון התחומים האחרים שציינתי, כולל תחום אימון חוסן החדש. כמו כן ממונה על תחום מניעת הטרדה מינית במחוז."
אורי חבר,מנכ״ל המועצה האזורית גוש עציון,"אורי משמש כמנכ״ל המועצה האזורית גוש עציון. בעברו שימש אורי כמנכ""ל המועצה המקומית קריית ארבע חברון. קודם לכן הקים וניהל במשך כשלוש שנים את מחלקת ההתיישבות והקרקעות במוא""ז גוש עציון."
רויטל בר אושר (לוי חברוני),מנהלת מינהלת באר שבע במחוז דרום בשירותי בריאות כללית,"ד""ר רויטל לוי היא מנהלת מינהלת באר שבע במחוז דרום בשירותי בריאות כללית, עד שנת 2023 הייתה מנהלת מרכז רפואי יוספטל ומרחב אילת בשירותי בריאות כללית. בשנים 2015 היא הייתה סגנית מנהל המרכז הרפואי האוניברסיטאי סורוקה והממונה על היחידה לניהול סיכונים בבית החולים. לפני כן היא שימשה כסגנית המנהלת הרפואית של שירותי בריאות כללית במחוז ירושלים ובמסגרת תפקידה ניהלה את מערך הרפואה היועצת והרפואה העצמאית במחוז ואת ממשק הערעורים וועדות הבירורים והייתה אחראית שעות החירום במחוז. קודם לכן שימשה במשך חמש שנים כרכזת רפואת הילדים של המחוז, ובשבע השנים שלפני כן כמנהלת מרפאת ירוחם של הקופה. רויטל מומחית במינהל רפואי וברפואת ילדים. את התמחותה ביצעה בבית החולים סורוקה במחלקות התינוקות, הפגיה, טיפול נמרץ ילדים ואשפוז יום ושימשה כמתמחה ראשית, וגם את הסטאז' ברפואה היא ביצעה בסורוקה."
אבראהים חג'אזי,מנכ״ל רע״ם והתנועה,"אבראהים הוא מנכ״ל רע״ם והתנועה. הוא עוסק בשלושה תחומים עיקריים ב-15 השנים האחרונות: פסיכולוגיה חינוכית, ייעוץ ארגוני והנחיית קבוצות והרצאות בארגונים שונים לצד פעילותו הציבורית והפוליטית הרבה ברע""ם בשש שנים האחרונות עד היום."
מנאל חדאד,"ראשת יחידת דיפלומטיה ציבורית בחברה הערבית בשגרירות ארה""ב","מנאל היא ראשת יחידת דיפלומטיה ציבורית בחברה הערבית בשגרירות ארה""ב. היא בעלת ניסיון רב בפיתוח ובניהול תוכניות ופרויקטים בתחומי הכלכלה, החברה, המשפט והממשל. במסגרת תפקידה הקודם כמנהלת תוכנית מענקים במחלקת הדיפלומטיה הציבורית בשגרירות ארצות הברית קידמה יוזמות מגוונות ושותפויות ציבוריות-פרטיות לקידום התעסוקה, לחיזוק ולפיתוח שלטון מקומי, למיגור האלימות, לבניית מנהיגות צעירה, להעצמת נשים ולשוויון מגדרי, במיוחד בחברה הערבית אך גם בחברה החרדית והאתיופית ובפריפריה. התוכניות מבוססות על שיתופי פעולה עם ארגוני חברה אזרחית בישראל, ותוך כדי יצירת חיבור בין גופים חברתיים, אקדמיים, עסקיים ותרבותיים בישראל לבין מקביליהם בארצות הברית. במסגרת תפקידה הקודם הייתה מנאל גם יועצת לענייני החברה הערבית, יחסי ערבים ויהודים והיחסים בין ישראלים לפלסטינים, ומובילה מיזמים לחיזוק חברה משותפת ושוויונית בישראל ולקידום הדיאלוג והפיוס בין העמים. בנוסף, הייתה אחראית על תוכניות חילופין עם ארצות הברית ועל תוכניות לפיתוח מנהיגות לתלמידי תיכון, לסטודנטים ולאנשי מקצוע בנושאי חינוך, חברה, כלכלה ופוליטיקה."
שאדי חדאד,"מנכ""ל קו-אימפקט - השותפות לקידום תעסוקה בחברה הערבית","שאדי הוא מנכ""ל קו אימפקט - השותפות לקידום תעסוקה בחברה הערבית. במסגרת תפקידו הוא מוביל את הפעילות מול המעסיקים על מנת לחולל שינויים פנים- ארגוניים לקידום גיוון והכללה בחברה הערבית, מוביל את יחידת המשאב האנושי בארגון וכותב את אסטרטגיית משאבי האנוש ומוציא אותה לפועל. שאדי הוא בעל ניסיון רב בניהול אנשים ובהובלת תהליכים מהמגזר העסקי בענפי התקשורת והרכב."
חגית חדד,מנהלת הסיעוד בבית החולים סורוקה,"חגית היא מנהלת הסיעוד בבית החולים האוניברסיטאי סורוקה. לפני כן, במשך ארבע שנים, שימשה כסגנית מנהלת הסיעוד בבית החולים, וקודם לכן שימשה כמנהלת סיעוד המערך האמבולטורי ומרפאות החוץ של בית החולים במשך חמש שנים."
סלאם חדיד,"מנהלת,  בית הספר האקדמי לסיעוד אי.מ.מ.ס. נצרת","התחילה את תפקידה כמנהלת בית הספר האקדמי לסיעוד נצרת באוקטובר 2020, לפני כן היתה מרצה וחוקרת בחוג לסיעוד במכללה האקדמית צפת ובשנה האחרונה שמשה כמ.מ. ראש החוג לסיעוד, כמו כן היתה  בתפקיד מובילה ומתאתמת  את תחום הטיפול כאב במרכז הרפואי לגליל. בתjילת דרכה המקצועית עבדה כאחות במלר""ד המרכז הרפואי לגליל  ומורה בביה""ס  לסיעוד זיו צפת."
גיל חדש,ראש מינהל חינוך בשדרות,"גיל מנהל את אגף החינוך בעיר שדרות. לפני כן ניהל את תוכנית אקדמיה-כיתה, שמטרתה טיוב ההכשרה להוראה וקידום השותפות בין המחוז, האקדמיה והרשות המקומית. קודם לכן ניהל את בית הספר הדמוקרטי ע”ש נדב במודיעין, היה שותף להקמת כפר הנוער נירים לנוער בסיכון בקצה הרצף בבוסתן הגליל, ושימש בו כמנהל בית הספר וכסגן מנהל הכפר. גיל החל את דרכו החינוכית כמורה וכמחנך בבית הספר המקיף גילה בירושלים, כמוביל תוכנית מנהיגות עצמית במכון ברנקו וייס וכמדריך וכשותף לצוות ההקמה של המכינה הקדם צבאית החילונית הראשונה, מכינת נחשון. במשך כשבע שנים הדריך במהלך חופשות הקיץ במחנות הקיץ של תנועת בני ברית בארצות הברית בנושאי מנהיגות, יהדות וציונות."
יאסר חוג'יראת,"חבר כנסת במפלגת רע""ם","יאסר הוא חבר כנסת במפלגת רע""ם. בתפקידו הקודם ניהל את המעבדה המרכזית לקורונה של מייהייריטאג'. לפני כן היה ראש מינהלת המחקר ומנהל מכון המחקר במרכז רפואי זיו. בשנים 2018-2016 כיהן בתפקיד מנכ""ל אלפנאר - חברה לתועלת הציבור לקידום התעסוקה בחברה הערבית, הדרוזית והצ’רקסית מאז שנת 2016. זהו מיזם חברתי שקם מתוך החברה הערבית ולמענה במטרה להעצים ולפתח את כוח העבודה, לשלבו בתעשייה ולאפשר לעובדים קריירה ופרנסה מכובדת ובטוחה. הארגון הקים ומפעיל 21 מרכזי ריאן – מרכזי הכוון לתעסוקה הפזורים בכל הארץ. בשנים 2013-2008 כיהן כראש המועצה המקומית ביר אלמכסור, ומאז שנת 2014 הוא חבר דירקטוריון בחברות ממשלתיות. בשנים 2008-1997 הקים וניהל את המעבדה לגנטיקה מולקולרית בבית חולים העמק בעפולה, ובשנים 2015-2014 היה אחראי לתכנון הקמתה של המעבדה לשבבים גנטיים במרכז רפואי כרמל שבחיפה. יאסר הוא בעל ניסיון עשיר בהוראה. הוא החל את דרכו כמורה לכימיה ולביולוגיה בתיכון ביר אלמכסור, וכיום הוא מרצה בכיר מן החוץ בחוג לסיעוד במכללה האקדמית עמק יזרעאל ובבית הספר לסיעוד בבית החולים האנגלי מימסי בנצרת. בעבר היה מרצה בכיר במוסדות אקדמיים נוספים."
איתי חוטר,יועץ כלכלי אסטרטגי,"איתי הינו יועץ כלכלי אסטרטגי.
לפני שיצא לדרך עצמאית, כיהן כשני עשורים בתפקידים בכירים במגזר הציבורי, במגזר השלישי ובמגזר העסקי - שימש מנכ""ל חברת ייעוץ גדולה המתמחה בייעוץ כלכלי מוניציפלי ובמיצוי תקציבי מדינה עבור רשויות מקומיות, כסמנכ""ל כספים של רשת חינוך מהגדולות בישראל וכסמנכ""ל כלכלה של מרכז השלטון המקומי במשך עשור. את דרכו המקצועית החל ככלכלן באגף החשב הכללי במשרד האוצר, כמבקר כספים וכראש צוות ביקורת, לאחר מכן ניהל את רכש הטכנולוגיות של הממשלה, ובתפקידו האחרון באגף ניהל את תחום הדיור והמקרקעין. בתפקידיו השונים הוביל רפורמות משמעותיות בתחומי דיור ושיכון, פיתוח תשתיות, חינוך, רווחה, אנרגיה, הגנת הסביבה, מיסוי עירוני ועוד.
איתי בעל התמחות מיוחדת במדיניות ציבורית, בתקציבי ממשלה ובתקציבי הרשויות מקומיות והשלטון המקומי, ברגולציה ממשלתית ופרלמנטרית ובהליכי חקיקה, ברכש ומכרזים, ובפיתוח עסקי וכלכלי.  
איתי בעל תואר ראשון בכלכלה, תואר שני במינהל עסקים, תואר שני נוסף במשפטים ובעל תעודת מנהל רכש מוסמך."
רשא חולי,"מנכ""לית מדיפלסט מקבוצת נובולוג","כיום מנכ""לית מדיפלסט מקבוצת נובולוג 
תפקיד קודם סמנכ""לית תפעול מפעל יונידרס , במסגרת תפקידי היתי אחראית על ניהול התפעול של שני מפעלים, סה""כ 400 עובדים."
איהאב חוסיין,"מנכ""ל מרכז טרמינל ללימוד מקוצעי ויעוץ","איהאב הוא מנכ""ל מרכז טרמנל ללימוד מקוצעי ויעוץ. לפני כן שימש כסמנכ""ל שירות בחברת Babcom Centers. במסגרת תפקידו הקודם היה אחראי לניהול הכולל של המערך המונה כ-2000 עובדים ו-120 מנהלים, בניית תכניות עבודה, הטמעת תהליכי עומק ועיצוב אסטרטגיות השירות וההתפתחום באבקום. בנוסף משמש איהב כיועץ לבנית והתאמת מדיניות השירות למספר חברות במשך הישראלי. קודם לכן שימש כמנהל האקדמיה להכשרת נציגים בחברת סלקום. בתפקידו ההתחלתי בתחום שימש איהאב כמנהל צוות בחברת הוט. איהאב פעיל חברתית, מנחה סדנאות ומעביר הרצאות מקצועיות בעולם הניהול והרצאות מעוררות השראה בהעצמה אישית."
חתאם חוסין,סגנית מנהל המרכז הרפואי לגליל,"חתאם היא סגנית מנהל בית החולים לגליל והיא ניהלה את היחידה למניעת זיהומים בבית חולים רמב""ם."
אביטל בן חור,"מפקחת על הייעוץ החינוכי, חמ״ד מחוז ת״א, משרד החינוך","מפקחת על הייעוץ בחמ""ד מחוז ת""א, משרד החינוך.
תפקידים קודמים: מדריכה ארצית ביחידה לקידום אקלים שפ""י
רכזת קורסי הדרכה שפ""י באוניברסיטת בר-אילן"
מרב חורב,מנהלת יחידת טרנספורמציה מוצרים ציבוריים במערך הדיגיטל הלאומי,"מרב היא מנהלת יחידת טרנספורמציה מוצרים ציבוריים במערך הדיגיטל הלאומי. לפני כן כיהנה כסגנית ראש מטה השכלה ויישום במיזם הלאומי ישראל דיגיטלית בשנים 2022-2017. במסגרת תפקידה היא קידמה טרנספורמציה דיגיטלית בתחומי חינוך והשכלה, למידה דיגיטלית, רווחה, תעסוקה וצמצום פער דיגיטלי, הובילה את התוכנית הלאומית לצמצום פער דיגיטלי, יישמה פרויקטים של טרנספורמציה דיגיטלית בחינוך, תעסוקה ורווחה, והובילה את המיזם הלאומי ללמידה דיגיטלית קמפוס IL. עם הקמת מערך הדיגיטל הלאומי והטמעת ישראל דיגיטלית לתוכו הורחבו תחומי האחריות שלה, וכיום היא גם מנהלת את הטרנספורמציה הדיגיטלית בתחומי הבריאות, המשפט והפיננסיים. בתפקידיה הקודמים הייתה מרב ראש תחום ממשל בג'וינט אלכא, פיתחה וניהלה את תוכניות ההכשרה למנהיגות הציבורית הבכירה בשירות המדינה, כיהנה כמנכ""לית עמותת מדרשת הדרום והובילה פרויקטים חברתיים מורכבים."
שחר רחלה חורב,סגנית בכירה לראש אגף סיבט,"שחר היא סגנית בכירה לראש אגף סיבט המוביל את המאמץ הלאומי לקידום הייצוא הביטחוני וממונה על האתיקה באגף סיבט. בשנת 2017 הקימה את היחידה לאסטרטגיה ותכנון והובילה את קידום הייצוא לפתרונות הגנה בסייבר לשותפות בעולם. בשנת 2012 הקימה את החטיבה העוסקת בגיבוש מדיניות ובמתן כלים ייעודיים לתעשיות הביטחוניות הקטנות והבינוניות, לצד תפקידה הקודם – ניהול המודיעין העסקי וזיהוי מגמות גלובליות והזדמנויות עסקיות לטובת מימוש הפוטנציאל בייצוא הביטחוני. בעבר כיהנה שחר כנספחת המסחרית בשגרירויות ישראל בפריז ובליסבון מטעם משרד הכלכלה ורכשה ניסיון במגזר הפרטי בסין ובאירופה."
שאדי חורי,מהנדס ראשי במיאהקום - תאגיד המים והביוב כפרי גליל תחתון,"שאדי הוא מהנדס ראשי בתאגיד המים והביוב האזורי מיאהקום מאז שנת 2014. במסגרת תפקידו הוא מנהל את אגף ההנדסה, הכולל ארבע מחלקות: מים, ביוב, סביבה והיתרי בנייה. בתפקידו הקודם היה כשנתיים וחצי מנהל צוות הנדסה בפועל ביחידת המנהל לפיתוח תשתיות ביוב ברשות המים ובמסגרת עבודתו היה אחראי על ליווי של תאגידי מים ורשויות בתכנון, שיפוט הנדסי, תקצוב וליווי הביצוע של תשתיות ביוב כולל קווים, תחנות שאיבה ומט""שים. בשנים 2009–2012 ניהל את ההקמה והתפעול של אספקת המים לכ-15 יישובים באנגולה שבאפריקה בנוסף לניהול אחזקת רשות הניקוז של עמק הוואקו קונגו. שאדי התחיל את דרכו המקצועית כמהנדס תפעול וניהול של צוות טכנאי ההשקיה בגנים הבהאיים שבחיפה."
איתי בן חורין,"בעלים ומנכ“ל של חברת ”בן חורין אלכסנדרוביץ‘“ אסטרטגיה, תקשורת וניהול משברים","עו""ד, מבכירי היועצים האסטרגיים ומנהלי המשברים בישראל. עובד ועבד עם שורה ארוכה של מנהיגים עסקיים וציבורים באין ספור לקוחות משמעותיים. בעל תואר ראשון במשפטים מאוניברסיטת תל אביב (התמחות בלשכה המשפטית של משרד הביטחון) ותואר שני בהצטיינות במדיניות ציבורית מאוניברסיטת תל אביב .איתי פעיל מאז שחרורו מהצבא בנושא גיוס תלמידי הישיבות והוביל חלק משמעותי מהפעילות האקטיביסטית בתחום. פרסם מספר ספרים, ביניהם  ""הקרב על השירות"" – סיפורו של המאבק לגיוס החרדים (הוצאת זמורה -ביתן) בשנת 2023 פורסם ספרו ""ניהול משברים"" (בהוצאת בית-ספר ). איתי חבר בורד בהתנדבות במספר ארגוני מגזר שלישי."
לירן אבישר – בן חורין,מנהלת תשתיות תקשורת בקרן קיסטון,"לירן היא מנהלת תשתיות תקשורת בקרן קיסטון. היא הקימה וניהלה את תחום תשתיות התקשורת בקרן קיסטון, בתפקידה הקודם הייתה מנכ""לית משרד התקשורת."
ירדן בן חורין,מנהל יחידת מנהיגות ומצויינות צעירה במדעים במכון דוידסון,"ירדן מנהל את יחידת המנהיגות והמצוינות הצעירה במדעים במכון דוידסון לחינוך מדעי. בתפקידו הקודם הוא ניהל שם את יחידת התלמידים, שאחראית על הפעילויות המדעיות והחינוכיות  במכון לתלמידים מצטיינים במדעים, ומפעילה פעילויות מדעיות לכלל התלמידים ברחבי הארץ, ופעילויות ייחודיות לתלמידים בסיכון. לפני כן הוא ניהל את רשת בתי הספר השש-שנתיים במכון ברנקו וייס, ואת בית הספר הראשון של המכון לנוער בסיכון. ירדן מנחה סדנאות במגוון מסגרות ומחבר הספר ""חשיבה המצאתית"" בהוצאת מכון ברנקו וייס. הוא היה מורה לכימיה בעמותה למצוינות בחינוך ובבתי ספר בירושלים ולימד קורס במסגרת הכשרת מורים במחלקה לחינוך באוניברסיטה העברית. לפני שעבר לחינוך הוא עבד כמתכנת וכמנהל פרויקטים בחברת מחשבים."
דני חורין,היועץ המשפטי למשרד התרבות והספורט ולמשרד המדע והטכנולוגיה,"דני הוא היועץ המשפטי למשרד התרבות והספורט ולמשרד המדע והטכנולוגיה. בתפקידו הקודם שימש כראש אשכול טוהר המידות וביקורת שיפוטית במחלקה למשפט ציבורי-מנהלי בייעוץ וחקיקה במשרד המשפטים. האשכול שדני עמד בראשו אחראי על ההסדרה המנהלית של היבטי טוהר המידות בשירות המדינה ובהם היבטי מינויים וניגודי עניינים, וכן על הבניית מערכת השיפוט המנהלי. קודם לכן שימש במשך כשש שנים כיועץ משפטי של הוועדה המחוזית לתכנון ולבנייה בירושלים ושל הוועדה לשמירת הסביבה החופית, ולפני כן שימש דני כפרקליט במחלקת הבג""צים בפרקליטות המדינה."
תלם חזן,"מורה בבית ספר תיכון יש""י חדרה, אחראי בטחון במושב בהתנדבות וחבר הנהלה בחברה לחקר המקרא מיסודו של בן גוריון","תלם הוא מחנך כיתה בבית ספר תיכון ישי- מדעים ויהדות. פרש מצה""ל לאחר 26 שנות שירות, תפקידו הקרבי האחרון היה סמח""ט צנחנים (35). את שירותו הצבאי הוא עשה כמפקד במערך הלוחם של צה""ל. ייסד ופיקד על מנהלת החרדים בצה""ל. לאחר שחרורו מצה""ל ועד תפקידו הנוכחי, ניהל את מערך השירות האזרחי החרדי בארץ."
עאדל חטיב,מנכ״ל עיריית טמרה,"עאדל הוא מנהל מחוז צפון בחברה למתנ""סים, בעבר היה משנה למנכ""ל משרד התרבות והספורט. לפני כן, במסגרת תפקידו במחוז צפון, היה אחראי על הליווי המקצועי והאסטרטגי של מנהלי המרכזים הקהילתיים ב-34 יישובים מגוונים באזור הצפון - ערים, כפרים ומועצות אזוריות. קודם לכן הוא ניהל במשך 15 שנים את המרכז הקהילתי בתמרה, ובמסגרת זו הקים שלוחות בעיר בתחומי הגיל הרך, הנוער, התרבות, המוזיקה והאומנות ומרכז למידה לאורח החיים. כפעיל חברתי, עאדל מסייע לאנשים המבקשים ליווי ועזרה רפואית והיה שותף להקמת עמותת תנו לנזקקים לחיות (ע""ר), המגייסת תרומות ועוזרת בעיקר בנושא מכשור רפואי והשתלות בארץ ובחו""ל."
פיראס חטיב,"מנכ""ל רדיו נאס","פיראס הוא מנכ""ל רדיו נאס בערבית. עיתונאי מנוסה עם ותק של שני עשורים בארגוני תקשורת לאומיים ובינלאומיים, כולל BBC בערבית, World Service ו-Sky News. לאחרונה, סיים את הדוקטורט שלו ב-SOAS, אוניברסיטת לונדון."
יוסי חיות,"Managing Director, Wix Ventures","יוסי הוא מנהל בכיר ומשקיע בקרן של חברת Wix. כמו כן הוא יזם ומרצה באקסלרטור של MIT DesignX, מייסד שעת הקוד ישראל ומייסד Wix Creators of Tomorrow, במסגרתו מיליוני בני נוער מכל העולם בונים אתרים למטרות חברתיות. לפני כן, יסד והקים את התוכנית לזכויות ניצולי שואה ומנחה קליני בתוכנית לצדק כלכלי המתמחה בעסקים חברתיים וביזמות זעירה של אוכלוסיות מוחלשות – שתיהן במרכז לחינוך משפטי קליני שבאוניברסיטת תל אביב. על הקמת הקליניקה לניצולי השואה הוענק ליוסי עיטור האור במעמד נשיא המדינה והרמטכ""ל."
דורית חיזי,מנכ״לית הסדנא לידע ציבורי,"ד״ר דורית חיזי היא מנכ""לית עמותת הסדנא לידע ציבורי, העוסקת בפיתוח כלים דיגיטליים להפיכת מידע (ממשלתי, מוניציפלי ועוד) לידע ולשינוי חברתי לטובה. על פרויקטי העמותה נמנים מפתח התקציב, ספר החוקים הפתוח, דאטאבוס, יער עירוני דיגיטלי, דאטא סיטי, יודעת, מפת הטף ועוד פרויקטים רבים במגוון תחומים, המשרתים עשרות ואף מאות אלפי גולשים בחודש ומהווים כלי עבודה משמעותיים למשרתי הציבור, חוקרים ולציבור הרחב.
לשעבר חברת דירקטוריון ברפא״ל וכן המייסדת והבעלים של חברת ייעוץ הנדסי המספקת שירותים לתעשיות בארץ וללקוחותיהן ברחבי העולם."
אמין אבו חייה,מנהל אגף מיעוטים במשרד הבינוי והשיכון,"אמין הוא מנהל אגף מיעוטים במשרד הבינוי והשיכון. בתפקידו אחראי על קידום ויישום החלטות ממשלה ייעודיות ליישובי המיעוטים בתחום הדיור. קידום פתרונות דיור עבוד החברה הערבית, הדרוזית, הצ'רקסית והבדואית על ידי קידום תכנון, פיתוח, שווק יחידות דיור, בניית מוסדות ציבור ופיתוח המרחב הציבורי ועוד."
ניסים חיים,"סמנכ""ל משאבי אנוש ארגון ותשתיות ברמב""ם - הקריה הרפואית לבריאות האדם","ניסים הוא סמנכ""ל משאבי אנוש ארגון ותשתיות של בית החולים רמב""ם משנת 2015. בתחילת דרכו עסק במגוון תפקידים בתחום התפעול וצמח בשדרה הניהולית בהובלת ההון האנושי לצד תהליכי התייעלות. הישגו הניהולי המרכזי הוא בניית מערך תפעול תומך רפואה המבוזר לרוחב בית החולים לפי תחומי התמחות קליניים, משקיים ושעת חירום."
אפרת זרי חיים,"מנהלת תחום בכיר מדיניות תכנון ומדידה באגף להכשרה מקצועית ופיתוח הון אנושי, משרד העבודה","אפרת משמשת כראש מטה אגף בכיר להכשרה מקצועית ופיתוח כ""א, משרד העבודה. היא בוגרת תואר ראשון במשאבי אנוש ומדעי התנהגות, אונ' בר אילן. בנוסף בוגרת קורס הנחיית קבוצות ומנטורינג. הייתה בשירות קבע בין השנים 2007-2016 בתפקיד קצינת ת""ש, האמונה על תנאי השירות ורווחת החיילים ומשרתי הקבע. בתפקידה האחרון בצה""ל שימשה כרמ""ד פרט באגף התקשוב וכיום רס""ן במילואים. עובדת באגף להכשרה מקצועית ומובילה בשנתיים האחרונות לצד מנהל האגף הנוכחי רפורמה משמעותית בשאיפה להביא לתיקון חברתי בנוגע לחינוך המקצועי ולבסס את מערך ההכשרות המקצועיות כגוף מוביל להכשרת כ""א מקצועי ומיומן במדינת ישראל."
יפית חייקין,"מנהלת אגף קהילה ותוכן בחברה למתנ""סים","יפית מנהלת את המחלקה לזהויות בחברה למתנ""סים. לפני כן שימשה כמנהלת תוכנית ע.ת.י.ד ישראלי. קודם לכן הייתה מרצה בחוג לעבודה סוציאלית-קהילתית במכללה האקדמית אשקלון וכרכזת המסלול הקהילתי במכללה. במסגרת סמכותה הייתה אחראית על ההכשרה המקצועית של עשרות סטודנטים. במקביל, הייתה שותפה להקמה של מועצת התושבים העירונית בלוד ושימשה כרכזת המועצה. יפית הובילה את התנועה הפוליטית יחד שהתמודדה בבחירות האחרונות למועצת העיר לוד וריכזה את תחום משאבי הקהילה בעל""ם - עמותה לנוער בסיכון."
פהד חכים,"מנכ""ל המרכז הרפואי אי.מ.מ.ס הסקוטי","פרופ' פהד חכים הוא מנכ""ל המרכז הרפואי אי.מ.מ.ס הסקוטי בנצרת החל משנת 2017. במקביל, ממשיך לשמש כרופא בכיר במכון ריאות ילדים בבית חולים רמב""ם ועובד כיועץ בכיר של קופות החולים בישראל ברפואת ילדים, ריאות ילדים ומחלות שינה. הוא מקיים פעילות אקדמית ומחקרית ענפה בהיותו פרופ' חבר קליני בפקולטה לרפואה ע""ש עזריאלי באוניברסיטת בר-אילן, במקביל הוא שותף למעבדה לחקר המוח, השינה והמערכת החיסונית בפקולטה לרפואה בטכניון. הינו בעל פרסומים מחקריים בג'ורנלים המובילים בעולם ומרצה בהרבה כנסים בינלאומיים. כמו כן, הוא משמש כחבר בוועדות בינלאומיות, ארציות וועדות רשמיות של משרד הבריאות והמועצה המדעית. פהד השלים את תקופת הסטאג' בהצטיינות בבי""ח רמב""ם בהמשך סיים שם גם שתי התמחויות ברפואת ילדים וריאות ילדים. כמו כן השלים השתלמות על במחלות השינה באוניברסיטת שיקגו, ארה""ב. פהד הוא בוגר האוניברסיטה העברית בירושלים (MD), ובנוסף להתמחויותיו הוא השלים קורסים מקצועיים רבים מבחינה רפואית ומנהלית."
אמיר חכימיאן,"מנכ""ל החברה העירונית ""בית עמנואל"" ברמת גן","אמיר, מנכ""ל החברה העירונית ""מפעלי בית עמנואל"" ברמת גן, העוסקת בעולמות החינוך המשלים, הקהילה, התרבות ופנאי. בתפקידו הקודם שימש במשך שש שנים כמנהל האגף לקידום עסקים בעיריית ירושלים, תוך הובלת התפיסה של מעבר מרישוי לקידום וחיזוק הפיתוח העסקי בעיר. בעבר שימש שמונה שנים כמנכ""ל החברה הכלכלית של האגודה באוניברסיטה העברית וכן שימש כרואה חשבון בפירמת PWC. ממייסדי תנועת התעוררות בירושלים."
עדי חכמון,"מייסדת שותפה וסמנכ""לית כספים בחברת nGrid Energy","עדי היא מייסדת שותפה וסמנכ""לית כספים בחברת nGrid Energy. בתפקידה הקודם עסקה בחברת סטארט אפ nGrid Energy בתחום האנרגיה, ולפני כן הייתה סגנית הממונה על התקציבים במשרד האוצר. במסגרת תפקידה היא אחראית על תחומי התחבורה, האנרגיה, המים והחקלאות, על תקציב המשרדים הנ""ל ועל מדיניותם באמצעות קידום החלטות ממשלה והצעות חקיקה. קודם לכן היא שימשה כרכזת תעשייה ומסחר, כרכזת אנרגיה וכרפרנטית מים. בשנים האחרונות היא הייתה שותפה לקידום הרפורמה במשק החשמל, לגיבוש מתווה הגז, לריכוז עבודת ועדת ששינסקי 2 ולקידום מסקנותיה עד להעברת החקיקה בנושא בכנסת. לפני עבודתה באגף התקציבים היא הייתה במשך שנתיים עמיתה בתוכנית עמיתי מכון מילקן ובמסגרת זו הושמה בבנק ישראל וכתבה שני מחקרים בנושא שוק ההון בישראל. עדי בעלת תואר שני בכלכלה פיננסית ותואר ראשון בכלכלה ומדעי הקוגניציה, שניהם מהאוניברסיטה העברית."
רביע חלאילה,סגן נשיא המכללה האקדמית צפת,"רביע הוא סגן נשיא המכללה האקדמית צפת. בתפקידו הוא אחראי על פיתוח וליווי תוכניות לימוד קיימות וחדשות לתואר ראשון ולתואר שני במכללה, על קידום האיכות והמצוינות בהוראה במכללה, על פיתוח ועל קידום תחום המחקר בקרב מרצי המכללה ועל מענקי מחקר. קודם לכן עמד במכללה בראש החוג ללימודי תואר ראשון בסיעוד והיה אחראי על ניהול תוכנית הלימודים בהתאם להנחיות המועצה להשכלה גבוהה (מל""ג) ומשרד הבריאות ועל ההתנהלות האדמיניסטרטיבית והאקדמית מול משרד הבריאות, המרצים, המדריכים הקליניים, מינהל הסיעוד והמל""ג. בשנים 2009-2005 הוא היה אח אחראי ביחידת טיפול נמרץ ובמסגרת זו היה אחראי על ניהול הצוות, ניהול התקציב ויישום סטנדרטים מקצועיים. במסגרת עשייתו החברתית רביע חבר בדירקטוריון בעמותת השלום לטיפול בזקן בסחנין. בעבר היה חבר בעיריית סחנין ופעל לקידום תחום הבריאות והרווחה בעיר."
ג'והר חלבי,גזבר מועצה תעשייתית תפן,"ג'והר מכהן כגזבר בשלטון המקומי זה שנים רבות, כיום הוא גזבר מועצה תעשייתית תפן. לפני כן היה גזבר עיריית אריאל וגזבר המועצה המקומית ירכא שבגליל המערבי. בתוקף תפקידו ג'והר אחראי על ניהול אגף הגזברות, ובכלל זה ניהול המערך הכספי - כולל רכש והנהלה."
יוספה חליבה,"מנכ""לית עיריית יבנה","מאוגוסט 24 מכהנת יוספה כמנכ""לית עיריית יבנה. אתגרים עצומים בתפקידה והעיקרי הוא להניח היום את התשתיות הנכונות להכפלת העיר בעשור הקרוב. בעבר כיהנה יוספה כמנכ""לית המועצה המקומית מזכרת בתיה במשך 6 שנים. בתוקף תפקידה היתה אחראית על הובלת ביצוע מדיניות המועצה ועל ביצוע כלל השירותים הניתנים לתושב. קודם לכן כיהנה במשך עשור כמנכ""לית החברה העירונית רחובות לתרבות, ספורט ונופש, שאותה יסדה והקימה. החברה ניהלה והקימה עשרות מפעלים ופרויקטים בתחומי החינוך, התרבות, הספורט, התיירות, הנופש והפנאי, השפיעה משמעותית על איכות חייהם של התושבים והפכה עד היום לתו תקן של איכות. עם עזיבתה של יוספה, ההיקף התקציבי של החברה היה 120 מיליון ₪ ועבדו בה כ-1200 עובדים. בעבר כיהנה יוספה במשך שלוש שנים כמנכ""לית קרן רחובות וכיועצת וראש מטה שרת החינוך, התרבות והספורט לימור לבנת במשך 2 קדנציות."
אורית חלמיש,מנהלת פיתוח ארגוני ולמידה גלובלית בסודה סטרים,"אורית היא מנהלת פיתוח ארגוני ולמידה גלובלית בסודהסטרים. בתפקידה הקודם הייתה מנהלת פיתוח ארגוני ומטה משאבי אנוש בשטראוס ישראל משנת 2018. במסגרת תפקידה הייתה אחראית על הובלת תהליכים ארגוניים חוצים כגון: פיתוח מנהיגות, ניהול הטאלנט הארגוני, גיוון והכלה, תקשורת פנים ואסטרטגיית ההקשבה לעובדים, ועוד. אורית מאמינה שמערכת היחסים בין העובד לארגון צריכה להיות בראש ובראשונה מבוססת אמון כתנאי לצמיחה אישית, עסקית וחברתית. לפני התפקיד הנוכחי היא מילאה כמה תפקידים במערך משאבי האנוש של שטראוס ישראל. בעבר, עבדה אורית כעשר שנים בחברת ההשכלה הפרטית קידום לך תצטיין, שם החלה כמדריכת פסיכומטרי ועבדה במגוון תפקידים עד לניהול חטיבת המוצר וההדרכה."
חוזימה חמאיסי,מנהלת היחידה לניהול סיכונים ורכזת תחום מחלות זיהומיות -כללית מחוז צפון,"החל מ 1.2020 משמשת כרכזת תחום מחלות זיהומיות ומניעת זיהומים במחוז צפון של שרותי בריאות כללית . במסגרת התפקיד וועם פרוץ מגפת הקורונה מוניתי למנהלת חמ""ל קורונה במחוז צפון של כללית . 
כאות הוקרה על העשייה קיבלתי פרס "" מצטיינת מנכ""לית של כללית "" לשנת 2021 . וגם נבחרתי כאחת :  40 עד 40  ""   נבחרת המנהיגות הצעירה לשנת 2020 של עיתון גלובס.
בנוסף עובדת כרופאת משפחה במרפאה עצמאית מאז 2015 ועד היום .  
קודם לכן משנת 2013 ועד 2016 עבדתי כרופאת משפחה במרפאה עירונית גדולה.  
התמחות בסיס  : מומחית ברפואת משפחה , כללית 
התמחות על : מחלות זיהומיות , ב""ח העמק 
סטאג רפואה : ב""ח הגליל המערבי נהריה 
במסגרת פעילות חברתית : הייתי חברת ועדה מקצועית מייעצת למיגור מגפת הקורונה במגזר הערבי מטעם משרד הבריאות 
וחברת בוועדת היגוי של דסק ערבי של משרד הבריאות  
מדריכה בקורס דיפלומה לרופאי משפחה וילדים  , בחוג לרפואת משפחה וילדים  – בית חולים העמק"
יוסף חמדאן,מפקח על הפיתוח המקצועי בחברה הערבית במטה משרד החינוך,"יוסף הוא מפקח פיתוח מקצועי בחברה הערבית במשרד החינוך, ובמסגרת תפקידו אחראי על 16 מרכזי פסג""ה ארציים ועובד בשותפות מול מחלקות לימודי חוץ במוסדות האקדמאיים. בשנים האחרונות הוא מוביל את יישום החלטת הממשלה 922 לצמצום פערים, שבמסגרתה החברה הערבית קיבלה הקצאה של 20 מיליון ₪ לפיתוח מנהיגות ביניים בתוך בתי הספר."
מאיה לוגסי בן חמו,מנכ״לית המועצה להשכלה גבוהה והוועדה לתכנון ותקצוב,"מאיה היא סמנכ״לית מנהלת ידע תאגידי בתעשייה האווירית לישראל. בעבר שימשה כסמנכ""לית מו""פ, פדגוגיה וחדשנות בקרן רש""י - קמפוס גוסטאב לוואן בבית יציב. לפני כן ניהלה את המרכז ובמסגרת תפקידה הייתה אחראית על פיתוח תוכניות פדגוגיות לעשרות אלפי עובדי הוראה במגוון תחומים, ובכך השפיעה על ליבת התוכן החינוכי שתלמידי ישראל נחשפים אליו. בד בבד, מאז שנת 2010 היא מנהלת פדגוגית בכירה בתחום המדע והטכנולוגיה ואחראית על ניהול מו""פ המפתח מודלים חדשניים בחינוך למדעים המופעלים ברמה הלאומית. בנוסף, מאיה מנהלת עבור סוכנות החלל ומשרד המדע תוכניות לאומיות לקידום נשים בתחומי המדע, ובהן התוכניות מדעניות העתיד ו - SHE SPACE."
ענבל חמיידס,VP Operations at Masterschool,"ענבל היא VP Outcomes at Masterschool. לפני כן הייתה מייסדת שותפה ומנכ""לית ה-P.I.E Challenge מטעם עמותת בוגרי 8200, קרן טראמפ ומשרד החינוך. ה-P.I.Echallenge היא תחרות ארצית המקדמת פתרונות ללמידה מותאמת אישית במתמטיקה והפתרונות שפיתחו הסטרטאפים במסגרת האתגר מוטמעים בכ-500 בתי ספר בכל הארץ ובשימוש אלפי תלמידים. בעת משבר הקורונה, בהובלת מפמ""ר המתמטיקה, ענבל הייתה שותפה בהקמת התוכנית קרוב-רחוק מטעם משרד החינוך, ברקנו וייס וה-P.I.E Challenge, אשר נתנה מענה למאות מורים ללמידה משמעותית מרחוק. במקביל לתפקידה הנוכחי, היא מלמדת במסגרת הקול בראש – קורס למיינדפולנס וחקר המוח לילדים ולנוער בבתי ספר."
יעקב חן,מנהל מרכז רפואי מאיר,"ד""ר יעקב חן, נשוי + 3, מתגורר בהרצליה. סיים לימודי רפואה (M.D) בפקולטה לרפואה של האוניברסיטה העברית בירושלים. מומחה בכירורגיה כללית מבית החולים בילינסון ומומחה במִנהל רפואי. בעל תואר מוסמך (M.Sc) במיקרוביולוגיה מהאוניברסיטה העברית בירושלים, בעל תואר מוסמך (M.H.A) במִנהל מערכות בריאות מאוניברסיטת בן-גוריון ובעל תואר מוסמך (M.B.A) בהצטיינות במִנהל עסקים מאוניברסיטת תל אביב. בין השנים 2013—2014 היה עמית מחקר במכון לחקר הכירורגיה של צבא היבשה של ארה""ב בסן-אנטוניו, טקסס (USAISR). בין השנים 2019—2020, במהלך שיאה של מגפת הקורונה, שימש עוזר לראשת חטיבת הרפואה במשרד הבריאות במסגרת ההתמחות במנהל רפואי. בוגר תכנית ענבר מחזור ח'.
טרם כניסתו לעבודה בשירותי בריאות כללית שירת ד""ר חן בשירות קבע בצה""ל ומילא שורה של תפקידים מגוונים בחיל הרפואה בתחומי הפיקוד (קצין רפואה של גדוד צבר, של חטיבת גבעתי ושל עוצבת האש), בתחום ההדרכה (מפקד קורס רופאים) וברמת המטה (ראש ענף רפואה מבצעית). ד""ר חן שירת גם כמפקד פלגת הרפואה ביחידת 669 ופרש מצה""ל בדרגת סא""ל. לאחר עשרים שנות שירות. במסגרת תפקידו כסגן מנהל המרכז הרפואי מאיר אחראי על מגוון תחומים, ובהם המחלקות הכירורגיות, מערך ההרדמה וחדרי הניתוח, המחלקה לרפואה דחופה, היחידות למניעת זיהומים ולמחלות זיהומיות והמערך לשעת החירום.
ד""ר חן הוא מנהל המרכז הרפואי במרכז רפואי מאיר ומרצה בכיר קליני בחוג לכירורגיה כללית בפקולטה לרפואה באוניברסיטת תל אביב. כמו כן עוסק בקידום מחקר ברפואת טרום בית החולים ובהחייאת בקרת נזקים ואף הכניס לשימוש מנות של דם מלא בישראל ובצה""ל. עד כה פרסם מעל 60 מאמרים בתחום רפואת השדה והרפואה הדחופה במתאר טרום בית החולים בכתבי עת רפואיים בארץ ובעולם."
נעימה חנאווי-כראם,סגנית ראשת הרשות לאיסור הלבנת הון ומימון טרור במשרד המשפטים,"נעימה היא סגנית מנהלת הרשות לאיסור הלבנת הון ומימון טרור במשרד המשפטים מאז שנת 2022. בשנים 2008-2022 נעימה שימשה כפרקליטה בפרקליטות המדינה, תחילה במחלקה הפלילית בפרקליטות מחוז הצפון ולאחר מכן כפרקליטה במחלקה הפלילית בפרקליטות המדינה. במסגרת תפקידה הופיעה בבית המשפט העליון וטיפלה בשורה ארוכה של תיקים פליליים מורכבים, זאת לצד עבודתה בפרקליטות המדינה כרפרנטית המרכזת את הטיפול בפשיעה ובאלימות בחברה הערבית. כמו כן, ניהלה והנחתה במשך חמש שנים את הקליניקה המשפטית למשפט פלילי של המחלקה הפלילית באוניברסיטת בר-אילן. בשנת 2020 שימשה כיועצת למנהלת הכללית של משרד המשפטים ובמסגרת תפקידה הייתה אחראית על התחום הפלילי והחברתי בלשכת המנכ""לית לצד ריכוז עבודת המנכ""לית בתפקידה כיו""ר מועצת רואי החשבון ויו""ר מועצת שמאי המקרקעין. החל משנת 2018 נעימה משמשת כדיינת בבית הדין המשמעתי של לשכת עורכי הדין במחוז ירושלים."
מורן משה חנציס,סגנית בכירה לכלכלן הראשי של משרד האוצר,"מורן מכהנת כסגנית הכלכלן הראשי של משרד האוצר. במסגרת זו אחראית בין היתר על ביצוע מחקרים, גיבוש מדיניות וייעוץ להנהלת המשרד בתחומי פיננסים, יוקר מחיה, הייטק ובטחון לאומי. בתפקיד הקודמת עמדה בראש חטיבת המחקר של רשות התחרות. במסגרת זו הובילה את פעילות המחקר של הרשות והעניקה ייעוץ לרגולטורים נוספים לקידום מדיניות תחרותית. פעילותה הרוחבית של הרשות יוצרת מגוון רחב של תחומי מחקר שבהם עסקה מורן, ביניהם: פיננסים, ביטוח, מזון, תחבורה ובריאות. קודם לכן עבדה ככלכלנית בכירה באגף הכלכלן הראשי של משרד האוצר, ביצעה מחקרים בתחומי השכלה, תעסוקה, אי-שוויון וצמיחה, והייתה חברה בצוות התחזיות של האגף. בתחילת דרכה המקצועית הובילה פעילות ייעוץ כלכלי כראשת צוות מחקר בחברת ייעוץ מובילה."
עבד אלג'באר חסדייה,ראש אגף מטה דיגיטל ושירות בהראל ביטוח,"עבד הוא ראש אגף מטה דיגיטל ושירות בהראל ביטוח, בעבר היה סמנכ""ל פיתוח מוצרים וחדשנות בהראל ביטוח. לפני כן היה סגן בכיר לממונה על שוק ההון, ביטוח וחיסכון ובמסגרת תפקידו היה אחראי על תחומי היציבות, הפיקוח והאכיפה."
סועד חסון,"עו""ד, מבקרת פנים ויועצת לקידום מעמד האשה","סועד היא עורכת דין במקצועה, מבקרת פנים ומבררת תלונות. בשנים 2023-2025 עבדה כרכזת תכנון מדיניות שוויונית וייצוג הולם במחלקה למדיניות שוויונית בעמותת סיכוי-אופוק לשוויון ושותפות. קודם לכן שימשה כסמנכ""לית עמותת אלמנארה לקידום אנשים עם מוגבלות. בשנים 2021-2000 כיהנה כמבקרת המועצה המקומית דלית אל כרמל, כולל בתקופת האיחוד עם עספיא שבה כיהנה גם כמבקרת עיריית הכרמל. בשנים 2021-2011 שימשה גם כממונה על תלונות הציבור במועצה ובמסגרת תפקידה הייתה אחראית על ביצוע ביקורת הכוללת אבחון וזיהוי בעיות בעבודת הרשות המקומית, על הצעת דרכים לטיפול בהן ומניעת הישנותן, ועל תיקון תהליכי עבודה ושיפור השירות לתושב. סועד החלה את דרכה המקצועית כעורכת דין שכירה במשרדי עורכי דין בחיפה."
יובל טלר חסון,Head of business operations at Ledge,"יובל הוא Director of business operations at Ledge. קודם לכן עבד באגף התקציבים במשרד האוצר. תחילה היה רפרנט בצוות שיכון ובהמשך התקדם לתפקיד רכז בצוות. במסגרת תפקידיו הוא היה אחראי על תקציבי משרד הבינוי והשיכון ומשרד הדתות, ופעל לקידום רפורמות להגדלת היצע הדיור, למיקוד ביקושים לדיור ולקידום ההתחדשות העירונית, בעיקר באמצעות הקמת הרשות להתחדשות עירונית וגיבוש תוכנית אסטרטגית לשיפור הליכי התחדשות עירונית. לאחר מכן שימש כרכז של צוות פיננסים באגף, ובמסגרת זו קידם רפורמות בתחום הפיננסי לצורך הגברת התחרות במערכת, שיפור השירותים וייעול הרגולציה. במקביל, יובל כיהן כיושב ראש הוועדה הבין-משרדית לפיקוח על המחירים, אשר אמונה על המלצה לשרים בנושאי הפיקוח והמחירים של המוצרים המפוקחים."
חרות חסיד,היועצת המשפטית של אוניברסיטת תל אביב,חרות היא היועצת המשפטית של אוניברסיטת תל אביב. במסגרת תפקידה חרות אחראית יחד עם הלשכה המשפטית שבניהולה על מתן הייעוץ המשפטי לכלל יחידות האוניברסיטה. לפני הגעתה לאוניברסיטה שימשה חרות כיועצת המשפטית של רשות החשמל וקודם לכן כעורכת דין במשרד עורכי דין פישר בכר חן וויל אוריון ושות'
סוזן חסן,"משנה למנכ""ל ג'וינט תבת","סוזן היא משנה למנכ""ל ג'וינט תבת ולפני כן שימשה כראש תחום אסטרטגיה. בתפקידה הקודם היא הייתה ראש תחום תעסוקת חברה ערבית ותוכניות לקידום עובדים עניים בג'וינט ישראל. במסגרת תפקידה היא הובילה את תחום הפיתוח של תוכניות לעידוד שילובם וקידומם התעסוקתי של נשים וגברים מהחברה הערבית המרוחקים משוק העבודה ועובדים בשכר נמוך בהשוואה לשאר האוכלוסייה. לסוזן ניסיון וידע מקצועי רחב בתחום תעסוקת אוכלוסיות מיוחדות, שנצברו במהלך עבודתה במרכז לחקר תעסוקת אוכלוסיות מיוחדות במכון מאיירס-ג'וינט-ברוקדייל. בעבודתה שם היא התמקדה בהערכת מגוון רחב של תוכניות וכלי סיוע להשתלבות בתעסוקה, תוכניות מסלול, תשתיות תעסוקה והחלטות ממשלה מקיפות. סוזן הייתה אמונה על מחקרים שליוו תוכניות לחברה הערבית ולנשים מעוטות משאבים, משלב הפיתוח ועד לקבלתן על ידי הממשלה. בנוסף לעבודתה במחקר, היא בעלת ניסיון בייעוץ לגופים חברתיים ועסקיים בתחום הפיתוח וההתאמה של תוכניות תעסוקה לאוכלוסיות מוחלשות. כמו כן הייתה מרצה בתחום שוק העבודה ביחידות לניהול קריירה במוסדות אקדמיים בירושלים ובאזור הדרום."
ליאור ז'ורנו חפץ,מנהלת מעוז דרום,"ליאור היא יו""ר עמותת תוצרת הארץ ועמיתה בבית ספר מנדל למנהיגות חינוכית. לפני כן הייתה מנכ""לית העמותה. העמותה מתמקדת בהקמת קהילות צעירים אקטיביסטיות בפריפריה הגיאו-חברתית של ישראל במטרה להוביל צעירים להתיישבות קהילתית בערי הפריפריה. במסגרת תפקידה הקודם הייתה אחראית על הובלה ויישום של אסטרטגיות פעולה, על הפעילות השוטפת ועל תהליכים עתידיים בארגון בשיתוף פעולה עם תשע רשויות מקומיות וחמישה מוסדות אקדמיים. קודם לכן ניהלה ליאור את כפרי הסטודנטים של עמותת איילים בעיר לוד."
שרון חצור,"סמנכ""ל מדיניות, קשרי חוץ ותכנון, משרד האנרגיה",שרון מנהלת את יחידת האסטרטגיה המדיניות והתכנון במשרד האנרגיה בשנה האחרונה. היא עובדת במשרד בשלוש וחצי השנים האחרונות בהם עסקה בניהול פרויקטים אסטרטגיים וניהול אגף מדיניות. לפני משרד הארנרגיה עבדה כשלוש וחצי שנים ברשות התחרות ביחידה הכלכלית ככלכלנית וכן ראש צוות כלכלנים.
עפאף חרזאללה,מנטורית ויועצת למנהלים ברשויות מקומיות,"עפאף היא סמנכ""לית עיריית באקה אל-גרבייה ומנהלת משאבי האנוש מאז שנת 2013. קודם לכן הייתה במשך שנתיים ממלאת מקום מנכ""ל העירייה ולפני כן הייתה במשך ארבע שנים עוזרת המנכ""ל. בעבר ניהלה עפאף את מחלקת החינוך בעירייה במשך שנה וחצי ועבדה כקצינת ביקור סדיר כ-13 שנים."
יואל חשין,"יו""ר, מייסד ובעלים של קרן ההשקעות 2B VC","יואל הוא היו""ר והמייסד של קבוצת 2B הכוללת את קרן ההשקעות 2B VC, עמותת 2B Friendly ו-2 B HUB- חלל עבודה משותף לחברי הקבוצה, חברות הפרוטפוליו וגופי השקעה והשפעה החולקים ערכים משותפים. לפני שהקים את 2B היה יואל עוזר הוראה בקורסים משפטיים שונים, ובהם תורת המשפט, משפט חוקתי-ציבורי ודיני תאגידים."
רבקה טאוב,ראשת החוג למדעי המחשב במכללה ירושלים,"רבקה היא ראשת החוג למדעי המחשב במכללה ירושלים. לפני כן הייתה מנכ""לית מכללת חמדת הדרום להכשרת מורים, הקימה וניהלה במשך חמש שנים את אגף החינוך במועצה האזורית חבל יבנה, הייתה מרצה באוניברסיטת בר-אילן ובמכללת אחווה בתחומי הוראת המדעים ועסקה במחקר בתחומי ה-STEM. בנוסף, רבקה ניהלה תוכנית להעשרה מדעית של בני נוער לתלמידי חטיבת ביניים ותיכון מתנ""ס נחל שורק ופיתחה כלים חינוכיים ממוחשבים חינוכיים."
יעל אברמן טאובין,"מנכ""לית Clear Sky","בעלת ניסיון בניהול, יזמות ופיתוח במגזר השלישי, העסקי והציבורי, אוהבת לפצח אתגרים מורכבים.
בעברה שימשה כמנכ""לית המועצה האזורית מטה יהודה, סמנכ""לית אלומה, מנהלת מעלה החמישה ומנהלת פיתוח עסקי ב""נס טכנולוגיות"".
כיום מנהלת ארגון שרותם את החדשנות הטכנולוגית לטובת שיפור בריאות הנפש בישראל."
גילה טאושטיין,מנהלת האגף לשירותים חברתיים בעיריית רמת גן,"את חייה המקצועיים התחילה גילה בעיר לוד כעובדת סוציאלית קהילתית. במהלך השנים עברה כמה תפקידי ניהול בשירותי הרווחה ומשרד החינוך בתחומי הסמים, המשפחות והנכויות. בנוסף, לימדה במכללת בית ברל סטודנטים במסלול קידום נוער. כיום היא מנהלת את האגף לשירותים חברתיים בעיריית רמת גן, המונה כ-300 עובדים ובעל היקף תקציב של למעלה מ-150 מיליון ₪. האגף נותן שירותים למשפחות, יחידים וקהילות במצבי משבר ומפעיל תוכניות מניעה ופיתוח תשתית של שירותי רווחה משמעותיים."
בניהו טבילה,"מנהל חינוכי, ישיבת משמר התורה וחבר סגל במכון מנדל למנהיגות","בניהו משמש כסמנכ""ל עמותת לשם, חבר סגל במכון מנדל. בתפקידו הקודם היה מפקח כולל עי''ס במחוז החרדי במשרד החינוך וכרפרנט לתוכניות המחוז בעי''ס בנים. תוכניות אלה כוללות מיזם להשלמת בגרויות לבוגרי ישיבות קטנות, תוכנית להאצת פתיחת ישיבות תיכוניות חרדיות ועוד. במהלך עבודתו יזם את פתיחתם של בתי הספר הראשונים בזרם החרדי-רשמי, ועל כך הוכר על ידי המשרד כעובד מצטיין. ניסיונו החינוכי של בניהו כולל בין היתר הוראה בבתי ספר ובמכללות להכשרת עובדי הוראה, ואת הקמתה וניהולה של ישיבת תורת חיים בצפת בשנים תשס''ז-תשע''א."
אורן טואיל,"מנכ""ל החברה העירונית לתרבות ופנאי באשדוד","אורן משמש כשבע שנים כמנכ""ל החברה העירונית לתרבות ופנאי באשדוד, האמונה על כל הפעילות הא-פורמלית בעיר הכוללת מרכזים קהילתיים, מוסדות תרבות ואומנות, תחומי הגיל הרך, הנוער, צרכים מיוחדים ופרויקטים קהילתיים וחברתיים וכיוצ""ב."
חסאן טואפרה,יועץ אסטרטגי,"החל מדצמבר 2020 חסאן הוא ראש הרשות לפיתוח כלכלי בחברה הערבית במשרד לשוויון חברתי. הרשות אמונה על קידום תוכניות שנתיות ורב שנתיות שמטרתן להביא לשגשוג כלכלי-חברתי בחברה הערבית ולצמצום פערים ושילוב בכלכלה הישראלית. בשנים 2020-2017 הוא שימש כסגן בכיר למנהל רשות החברות הממשלתיות וכמנהל יחידת כספים ובקרה ברשות וחבר הנהלת הרשות, ובמסגרת תפקידו היה אחראי על פיתוח התחום הפיננסי בחברות הממשלתיות, לרבות פיתוח עסקי, החדרת חדשנות, בקרות כספיות ותקציביות, הנפקות חוב והון וטיפול בנושאי רוחב שונים. לפני כן הוא שימש כרכז חשמל וחינוך ובמסגרת תפקידו שימש כנציג המדינה בחברות הממשלתיות וטיפל במכלול סוגיות הקשורות לשיפור האיתנות הפיננסית של החברות, להובלת מהלכי התייעלות, לקידום רפורמות ולשינוי מבני במטרה להפוך אותן לחברות נקיות, עסקיות ויעילות. הוא גם כיהן במעמד דירקטור באותן חברות. בעבר הוא עבד במחלקת תאגידים ברשות ניירות ערך ובמשרד רואי החשבון סומך חייקין KPMG. בשנים האחרונות חסאן גם מרצה בחוג לחשבונאות וכלכלה במכללת הדסה בירושלים."
יונתן בר סימן טוב,"סמנכ""ל כספים בחוגי סיירות ע""ש אורי מימון של קקל","יונתן מספק שירותי ייעוץ אסטרטגי וכלכלי לגופים שונים.

לפני כן כיהן יונתן כממונה מחוז מרכז במשרד הפנים. במסגרת תפקידו היה אחראי על ניהול רגולציה על רשויות מקומיות ופעל לפיתוח כלכלי מקומי. 

את תחילת דרכו המקצועית עשה באגף התקציבים במשרד האוצר, שם עשה סדרה של תפקידים, בין היתר מנהל צוות מאקרו, ומנהל צוות פנים ושלטון מקומי. 

לאורך הקרירה שלו כיהן בהנהלות של גופים ציבורים שונים: מועצת רשות המים, מוסדות לתכנון ובניה וחברות ממשלתיות."
נתנאל טויטו,"סמנכ״ל רשויות מקומיות בקרן רש""י","נתנאל הוא סמנכ״ל תחום הרשויות המקומיות בקרן רש""י ומתמקד שם בניהול והובלת מהלכי שינוי ברשויות המקומיות מתוך תפיסה הרואה ברשויות המקומיות מפתח לקידום מוביליות חברתית. הוא מתמחה בהובלת שינוי במרחב המקומי ובעל ניסיון עשיר בעולם המוניציפלי והחברתי עם רקע ביזמות חברתית וציבורית. בין יתר תפקידיו כיהן נתנאל כראש עיריית נצרת עילית  בפועל, כסגן ראש העירייה וכיו""ר החברה לפיתוח וועדת ת""וב בנצרת עילית, לצד הובלת מחקרים יישומים במגוון תחומי השלטון המקומי. בנוסף, הוביל יחד עם משרד הפנים ועם מעוז את ההקמה של תוכנית ""מקום"" והוא בוגר של תוכניות מנהיגות כמו שגרירי רוטשילד, תוכנית רבין למנהיגות והמכינה לשירות הציבורי."
פארס טויל,"סמנכ""ל ומנהל רישוי, בקרה ואכיפה במשרד החינוך והממונה על מעונות היום","פארס הוא סמנכ""ל ומנהל רישוי, בקרה ואכיפה במשרד החינוך. לפני כן היה מנהל אגף רישוי מוסדות חינוך מוכר שאינו רשמי במשרד החינוך משנת 2011. בנוסף, הוא אחראי על מוסדות ללימודי הפסיכומטרי והשפות  וחבר דירקטוריון במועצה לפיתוח העיר ירושלים. קודם לכן הוא שימש כמבקר רשויות מקומיות מטעם משרד הפנים. בשנים 2013 ו-2015 נבחר עם עובדי אגפו לצוות המצטיין של משרד החינוך. את שירותו הצבאי סיים פארס כסמ""ר בחיל מודיעין ביחידת 8200."
חגי טולדנו,מנהל אגף בכיר קשרי קהילה ברשות להתחדשות עירונית,"חגי הוא מנהל אגף בכיר קשרי קהילה ברשות להתחדשות עירונית. בתפקידו הקודם שימש כיועץ מנכ""ל משרד הבינוי והשיכון והיה אחראי על ייצוג המשרד בפורומים בין-משרדיים ומול גורמים חוץ-ממשלתיים, על ריכוז הכתיבה והעריכה של התייחסויות מקצועיות בנושאים שונים, על הובלת צוות חשיבה רב-מגזרי בנושא דיור בר-השגה ועל ניהול מעקב ובקרה אחר יישום החלטות השר והמנכ""ל. בשנים 2007-2009 שימש חגי כמנהל האדמיניסטרטיבי בבית המדרש חברותא של תלמידי האוניברסיטה העברית."
רועי בן טולילה,"מייסד ומנכ""ל רועי בן טולילה מנהיגות מגובה הלב.","רועי הוא מייסד ומנכ""ל רועי בן טולילה מנהיגות מגובה הלב. קודן לכן שימש כמייסד ומנכ""ל של חברת רועים פיתוח מנהיגות. במסגרת עבודתו הקודמת הרצה והנחה בסדנאות בנושא מנהיגות והובלה במגוון ארגונים במגזרים הפרטי, המוסדי, השלישי והביטחוני. בנוסף, הוא הקים ומנהל את תוכנית המנטורים של עמותת מגלן. רועי שיחק בחמש אליפויות אירופה כשחקן נבחרת ישראל בכדורסל בכיסאות גלגלים, והוא הקפטן והמייסד של קהילת הכדורסל בכיסאות גלגלים של בית הלוחם ירושלים. לצד פרויקטים חברתיים שהוא שותף בהובלתם, הוא מנחה סדנת מנהיגות שבמסגרתה מגיעים מפקדים, מחנכים ומנהלים לבית הלוחם ומשחקים יחד כדורסל בכיסאות גלגלים ובסיומה לוקחים עימם כלים יישומיים ממגרש הכדורסל למגרש של החיים."
גיא טופז,סגן מנהל המרכז הרפואי מאיר,"במסגרת תפקידי הנוכחי אני משמש כסגן מנהל המרכז הרפואי מאיר בכפר סבא. התמחיתי ברפואה פנימית ושימשתי במשך מספר שנים כרופא בכיר במחלקה הפנימית של בית החולים. בעבר הקמתי וניהלתי את מרכז החדשנות בבית החולים מאיר, וכן ניהלתי את תוכנית הסטאז' הרפואי במרכז. בנוסף, ייסדתי את תוכנית מרו""ם – תוכנית מנטורינג לסטאז'רים בבית החולים, שמטרתה לסייע ולתמוך במתמחים בשלבים הראשונים של דרכם המקצועית."
אברמי טורם,"מנכ""ל בצלאל אקדמיה לאמנות ועיצוב ירושלים","אברמי היה ראש הרשות לזכויות ניצולי השואה. קודם לכן  נציב שיוויון זכויות לאנשים עם מוגבלויות במשרד המשפטים. בעבר מנכ""ל עמותת 'בית הגלגלים'. ניהל מספר חברות במגזר הפרטי, בתפקידו האחרון במגזר הפרטי היה  סמנכ“ל בחברה למחקרי שוק ויעוץ שיווקי. בוגר קורס דירקטורים, היה חבר מועצה במועצת דרום השרון, מיוזמי הקמת התארגנות המנכ“לים של הארגונים החברתים במגזר השלישי – גוף מרכזי לייצוג עמותות  וחבר בשולחן העגול של משרד החינוך. את שרותו הצבאי סיים אברמי בחיל הנח“ל. גר באזור השרון. בוגר מינהל עסקים."
דן טיומקין,עצמאי - מעביר הרצאות וסדנאות בנושא חינוך במצבי סיכון וטראומה,"דן הוא עצמאי - מעביר הרצאות וסדנאות בנושא חינוך במצבי סיכון וטראומה. קודם לכן שימש כמנהל הדרכה ופיתוח ידע תחומי - תחום תעסוקת חרדים, מבוגרים ואנשים עם מגבלה ג'וינט ישראל תבת."
ורד טייטלבום,"מנהלת סיעוד, מרכז שיקומי גריאטרי בית רבקה, שירותי בריאות כללית","מנהלת הסיעוד של המרכז השיקומי גריאטרי בית רבקה , שירותי בריאות כללית משנת 2022. התחלתי את דרכי המקצועית בבית חולים בלינסון במחלקה פנימית, בה מילאתי שורה של תפקידים הכוללים הדרכה קלינית והוראת סטודנטים, ראש צוות וסגנית אחות אחראית. ב- 2011 התמנתה למנהלת הסיעוד של המחלקה לגריאטריה חריפה, ולאחר כחמש שנים, הצטרפה להנהלת הסיעוד כמנהלת סיעוד בחטיבה להתמחויות מיוחדות, ורכזת הדרכת מטופלים ושירות בביה""ח. במהלך השנים הובילה את קורס הטיפול בקשיש המאושפז מטעם הנהלה ראשית של שירותי בריאות כללית, וכיום חברה בוועדה מייעצת לתמהיל הכשרות בגריאטריה של משרד הבריאות. חברה בפורום הארצי של האחיות הראשיות בגריאטריה."
אלכסנדר טיקטינסקי,סגן מנהל בית החולים קפלן,"התמחות בכירורגיה כללית באוקראינה. עליה ב1998, גיוס לצה""ל ביוני 2000, התמחות בכירורגיה אורולוגית בבית החולים סורוקה. שירות צבאי מרופא גדודי עד רופא אוגדתי ושני תפקידי מטה רע""ן בריאות הצבא ושירותי רפואה.כעת בתפקיד מפקד משר""פ צל.
סגן מנהל בית החולים קפלן מזה שנתיים."
קארן טל,"מנכ""לית רשת עמל","קארן היא מנכ""לית רשת עמל, בעבר ייסדה ושימשה כמנכ""לית מיזם תובנות בחינוך, המסייע לבתי ספר בסיכון להפוך למובילים ולמעוררי השראה. קודם לכן היא ניהלה במשך שש שנים את קמפוס ביאליק רוגוזין' מהגן ועד כיתה י""ב, ובנוסף שימשה כמנהלת מרחבים ארצית ומנהלת תחום נערות בסיכון במיזם יניב. את שירותה הצבאי סיימה קארן כקצינת חינוך בחיל האוויר בדרגת סגן."
יאיר טל,"עצמאי, שירותי ייעוץ וניהול נדל""ן","יאיר הוא עצמאי, שירותי ייעוץ וניהול נדל""ן. בעברו שימש כמנכ""ל קרן הריט אקונה המחזיקה ומפעילה פרויקטים למגורים בשכירות ארוכת טווח ברחבי המדינה. לתפקידו הקודם הגיע לאחר שהיה ממקימי החברה הממשלתית דירה להשכיר וכיהן כמנכ""ל שלה במשך שנתיים וקודם לכן כסמנכ""ל הכספים שלה במשך ארבע שנים, ולואחר 13 שנים במשרד האוצר – שם כיהן כסגן החשב הכללי וניהל את חטיבת המשרדים החברתיים. במסגרת תפקידו הוא היה אחראי על מערכי הכספים במוסד לביטוח לאומי, במשרדי החינוך, הרווחה, הקליטה והבריאות, ובבתי החולים הממשלתיים, וגם ד היה אחראי על מערך התמיכות של הממשלה בגופי המגזר השלישי והוביל פרויקטים מרכזיים כגון גיבוש והובלת הסדר ההבראה של בית החולים הדסה ועוד."
איתי טמקין,סגן הממונה על התקציבים במשרד האוצר,איתי הוא סגן הממונה על התקציבים במשרד האוצר.
אלעד טנא,עורך ראשי ynet וידיעות אחרונות,"נשוי ואב לארבע בנות.
לפני כן היה ראש מערך ההסברה הלאומי בממשלת בנט. במשך שש שנים כיהן כסמנכ״ל תאגיד השידור, ייסד וניהל את חטיבת הדיגיטל האחראית על יצירת תוכן מקורי לרשת וכן על המוצרים - הפלטפורמות הדיגיטליות ותפעולן והפצת תוכני התאגיד. אלעד היה שותף להקמת ynet ובהמשך כיהן כראש דסק החדשות כחמש שנים, כמו כן ניהל באתר פרויקטים והקים את ערוץ היהדות. ב-2010 ייסד את המגזין מוצש ומאוחר יותר כיהן גם כסגן עורך מקור ראשון, כסגן עורך ראשי מעריב וכעורך ראשי אתר nrg."
זהבה טספאי,שותפה במיזם עיסקי חברתי SOLVIE,"זהבה היא שותפה במיזם עיסקי חברתי SOLVIE. קודם לכן שימשה כראש המשלחת הישראלית של הסוכנות היהודית ופדרציית ניו יורק ופעלה לחיזוק הקשר בין ישראל לבין קהילות ניו יורק רבתי בפרט, ויהודי התפוצות בכלל. בעבר ניהלה את מחלקת תוכניות בקרן לידידות העוסקת במתן מענה מותאם לאוכלוסיות מודרות משאבים, ופיתחה תוכנית בעלת מענה מותאם לנוער ולצעירים מהפריפריה החברתית והגיאוגרפית. היא ניהלה את תחום מהגרי העבודה בענף החקלאות במסגרת המרכז להגירה בינלאומית ולקליטה CIMI מיסוד ג'וינט ישראל, והקימה מוקד טלפוני, מרובה שפות, שנותן מענה לצורכיהם של מהגרי העבודה בשיתוף ארגון ההגירה הבינלאומי IOM ומשרדי ממשלה. במסגרת זו עסקה גם בלמידה ובפיתוח תשתית סטנדרטים בינלאומיים ובהתאמתה לישראל. לזהבה רקע מקצועי גם בעולם החינוך היהודי, והיא הייתה שליחה במסגרות הקיץ של הסוכנות היהודית, עבדה עם נוער בחו""ל ובישראל, והייתה מעורבת במיון ובהכשרה של מועמדים לשליחויות."
לוסיאן טצה-לאור,"ראש מחלקת הבריאות בחיל הרפואה צה""ל לשעבר","ד""ר לוסיאן טצה-לאור הוא ראש מחלקת הבריאות בחיל הרפואה צה""ל. בתפקידו הקודם היה עוזר למנהל בית החולים השיקומי המשולב שיבא, תל השומר. לפני כן היה ראש הענף הקליני במחלקת בריאות הנפש של צה""ל, רופא בכיר במרכז לבריאות הנפש גהה ויועץ פסיכיאטרי למרכז הרפואי רבין-בילינסון. קודם לכן שירת שלוש שנים כראש מדור פסיכיאטריה במחלקת בריאות הנפש של צה""ל. לפני כן, בשנים 2013-2008 שירת כפסיכיאטר במגוון תפקידים במחלקת בריאות הנפש של צה""ל, כגון פסיכיאטר בחיל האוויר והפסיכיאטר החילי של חיל המודיעין. בנוסף לעיסוק הקליני, משנת 2013 הוא מלמד בתוכנית לפסיכותרפיה באוניברסיטת תל אביב ובנט""ל (המרכז לנפגעי טראומה לאומית) ועוסק במחקר בתחום האובדנות ותגובות הקשורות לדחק. עניינו הפסיכותרפי הוא בתאוריות התייחסותיות ובנושאי מיניות ומגדר, וכן בהיבטים פוליטיים ומעמדיים בפסיכותרפיה. עיסוקיו המחקריים כוללים פסיכיאטריה צבאית, מניעה והערכה של אובדנות, וכן התערבויות מוקדמות לאחר חשיפה לטראומה. לוצ'י הוא מומחה בפסיכיאטריה. את התמחותו ביצע במרכז לבריאות הנפש גהה ואת הסטאז' ברפואה ביצע בבית החולים מאיר."
חוסין טרביה,"מנכ""ל איגוד ערים לאיכות הסביבה - אגן בית נטופה","חוסין הוא מייסד ומנכ""ל איגוד ערים לאיכות הסביבה - אגן בית נטופה, החל משנת 1993. האיגוד ממונה על הניהול הסביבתי ברשויות החברות באיגוד (סח'נין, עראבה, דיר חנא, עילבון, בועינה ונג'ידאת). הוא יזם וניהל פרויקטים בנושאי ביוב, השקיה בקולחים, קידום פתרונות סביבתיים לטיפול בזיהום אוויר, רישוי עסקים, מחזור פסולת, קרינה, רעש, חומרים מסוכנים, בנייה ירוקה ושימור אנרגיה, חינוך סביבתי והדרכה. כחלק מניהול מרכז החינוך והמחקר הסביבתי שמופעל באיגוד, חוסין יוזם ועוסק במחקר ובפיתוח סביבתי בשיתוף פעולה עם מוסדות מחקר ופיתוח מישראל ומהמדינות השכנות. הוא מרצה באוניברסיטת גורג' מיסון, ארצות הברית, בנושא קונפליקטים סביבתיים גיאופוליטיים, ובמכללת סח'נין להכשרת עובדי הוראה על בעיות גלובליות וקיימות, קונפליקטים בתכנון ואיכות סביבה ולמידה מבוססת מקום. בשנים האחרונות הוא מוביל תהליכי תכנון מקיים ושיתוף פעולה בין רשויות האיגוד ומשגב. בנוסף, חוסין יזם את הקמת המרכז לתכנון ופיתוח משותף בלב הגליל, שמקדם מיזמים בתחומי סביבה וקיימות, ניהול קונפליקטים ותכנון משותף בין סח'נין ומשגב כחלק מפתרון סוגיית האדמות ותחומי השיפוט ארוכת הימים."
יותם טרון,"OD Partner, וויקס","לפני תפקידו הנוכחי, יותם היה מנכ""ל שותף במכון לחינוך דמוקרטי - המקדם תרבות דמוקרטית באמצעות הובלת תהליכי דמוקרטיזציה של מוסדות וארגונים, הכשרת מנהיגות דמוקרטית ובניית רשת השפעה דמוקרטית. במסגרת תפקידו, הוא מנהל כ-120 עובדים שפועלים בכל רחבי הארץ בתוכניות ובפרויקטים שונים של המכון הדמוקרטי. קודם לכן, הוא היה שותף להקמה ולניהול של התוכנית חלוץ חינוכי וניהל את תוכנית הכשרת המורים החממה ליזמות חינוכית חברתית במכללת סמינר הקיבוצים. לפני כניסתו לעולם השינוי החברתי היה יותם טייס בחיל האוויר וניהל פרויקטים באפריקה."
דניאל טרוצקי,"סמנכ""ל רפואה המרכז הרפואי איכילוב","דניאל הוא סמנכ""ל רפואה באיכילוב, בעל מומחיות מוכרות ברפואה דחופה ובמנהל רפואי ובעל תואר שני בניהול מערכות בריאות MHA, מאוניברסיטת בר אילן. בוגר הפקולטה לרפואה בדברצן, הונגריה. סיים את התמחותו ברפואה דחופה במרכז הרפואי ע""ש שיבא - תל השומר. עד שנת 2024 שימש כסגן מנהלת המרכז הרפואי שמיר, ולפני כן שימש כמנהל המחלקה לרפואה דחופה ועוזר רפואי למנהלת בית החולים, המרכז הרפואי שמיר. מומחה ברפואה דחופה, בוגר מסלול ההתמחות בשיבא-תל השומר. לפני כן, משנת 2018 עד שנת 2020 ניהל את המחלקה לרפואה דחופה במרכז הרפואי סוראסקי -איכילוב. משנת 2018 ניהל את המחלקה לרפואה דחופה במרכז הרפואי סוראסקי-איכילוב. משנת 2017 ניהל את אגף מהלכים במחלקה לרפואה דחופה במרכז הרפואי סוראסקי-איכילוב. מבין תחומי העניין הקליניים והמחקריים שלו: מוסמך ברפואת צלילה, מצבי חירום רפואיים, קבלת החלטות, Point of care Ultrasound, שירותי רפואה דחופה בקדם בית החולים, סימולציה רפואית, תפעול רפואי ועוד. בנוסף, משמש כמזכיר ועד האיגוד הישראלי לרפואה דחופה. דניאל בוגר יחידה מיוחדת בשירות סדיר וקבע ופעיל במילואים."
יעקב טריפטו,"מנכ""ל חברת העובדים","עו""ד יעקב טריפטו הוא מנכ""ל חברת העובדים השיתופית הכללית בא""י בע""מ שהיא הזרוע הכלכלית של הסתדרות העובדים הכללית. במסגרת תפקידו הוא עוסק בניהול החברה ואחזקותיה כוללות בעיקר חברות כמו רשת הדיור המוגן ""משען"", הוצאת הספרים ""עם עובד"", חברת מרכזי התרבות והספורט (המת""ס), רשת החינוך ""עמל"" ועוד. חברת העובדים אף מנהלת את כלל המבנים והקרקעות של ההסתדרות ברחבי הארץ. כמו כן, החברה אחראית למינוי הדירקטורים בכל התאגידים שבשליטתה, בתיאום עם הנהגת ההסתדרות. עד ליוני 2019 שימש עו""ד יעקב טריפטו כמנכ""ל הסתדרות העובדים הכללית."
נעה טריקי,מנהלת אדמיניסטרטיבית של המכון הלאומי לחקר שירותי הבריאות ומדיניות הבריאות.,"נעה היא מנהלת אדמיניסטרטיבית של המכון הלאומי לחקר שירותי הבריאות ומדיניות הבריאות. לשעבר מנתחת מדיניות ב-OECD וראש מטה מנכ""ל משרד הבריאות. לפני כן הייתה עוזרת למנהל מגן ישראל (פרויקטור הקורונה) ומנהלת המחלקה למדיניות טכנולוגיות רפואיות במכבי שירותי בריאות. במסגרת תפקידה הייתה אחראית על הערכת טכנולוגיות רפואיות, קביעת מדיניות להכללת הטכנולוגיות, ריכוז עבודות ועדת הסל מטעם מכבי, וייצוג הקופה בוועדת המשנה לסל. בשנים 2008-2002 הייתה רוקחת מחוזית והובילה את מדיניות התרופות במחוז. קודם לכן הייתה מנהלת בתי מרקחת במכבי. במסגרת עשייתה החברתית הייתה נעה ממקימי הסניף הישראלי של ארגון ISPOR (International Society for Pharmacoeconomics and Outcomes Research), וכיהנה בעבר כיו""ר העמותה (ע""ר). במקביל, ובמשך כעשור, הובילה את הנהגת ההורים בתנועת הנוער שבמקום מגוריה."
קרן טרנר,"Chief operating partner, קרן וינטג'","במסגרת  עבודתה היא מקדמת תוכניות לפיתוח תשתיות תחבורתיות בהיקף של עשרות מיליארדי ₪ ופרויקטים כגון תשתיות כבישים עירוניים ובינעירוניים, רכבות ורכבות קלות פרויקטים של בטיחות ופרויקטים במגזר הלא יהודי. לפני תפקידה במשרד התחבורה היא שימשה בכמה תפקידים במשרד האוצר כשהאחרונים שבהם היו רכזת פנים ועובדים זרים ורכזת תחום התחבורה באגף התקציבים. בנוסף, שימשה קרן כחברת דירקטוריון מטעם שר האוצר בחברות רכבת ישראל ודואר ישראל."
יאיר טרצ'יצקי,"יו""ר ארגון העיתונאים לשעבר","יאיר מקדם פרויקטים שונים בתפר שבין עבודה מאורגנת, חברה אזרחית, פוליטיקה ותקשורת. לפני כן היה המייסד והעורך הראשי של התנועה לעיתונות ציבורית והמייסד והיו""ר של ארגון העיתונאים בישראל. יאיר כתב וערך בין היתר בהארץ, מעריב, ידיעות אחרונות וגלובס ובגלי צה""ל ולימד תקשורת ועיתונות באוניברסיטת חיפה, באוניברסיטת אריאל ובמכללת נתניה."
עוז יאיר,"מנהל אדמניסטרטיבי, מרכז רפואי העמק, כללית","מלאתי מגוון תפקידים ניהוליים בעולם התפעול, רכש ,לוגיסטיקה ואדמיניסטרציה, שותף בוועדות היגוי שונות של כללית. רוב שנות הניהול במרכז הרפואי כרמל, תפקיד אחרון כמנהל אדמניסטרטיבי.

באפריל האחרון מונתי למנהל אדמינסטרטיבי של מרכז רפואי העמק בכדי להוביל ולקדם ולהעצים תהליכי פיתוח, בינוי, הצטיידות והטמעת שיטות עבודה.
בוגר עתודה ניהולית בכירה של כללית.
בוגר תוכנית עתודה ניהולית כוכבים של כללית."
חאתם יאסין,"מנכ""ל עיריית עראבה לשעבר","בתפקידו האחרון שימש חאתם כמנכ""ל עיריית עראבה. במסגרת תפקידו הקודם היה ממונה על הניהול השוטף של המנגנון העירוני, על גיבוש מדיניות העירייה לבניית תוכניות עתידיות לפיתוח העיר, ועל ביצוען."
עובד יבין,מנהל דוראל אגרו מקבוצת דוראל,"עובד הוא מנהל דוראל אגרו מקבוצת דוראל. בתפקידו הקודם היה מנכ""ל רשות ניקוז ונחלים ירדן דרומי, האחראית על ניהול ועל הסדרת תשתיות ניקוז, שיקום ופיתוח נחלים, ניהול אינטגרטיבי של השטחים הפתוחים וחיבור הקהילות השונות לפרויקטים בתחומה. במסגרת תפקידו הקודם הוביל שינוי בתפיסת העבודה של הרשות ומשלב באופן מושכל קהילות בעלות תחומי עניין ואינטרסים מגוונים בדגש על חיבור נכון בין צורכי האדם לצורכי הטבע והסביבה תוך ראייה ארוכת טווח. במקביל, הוא מכהן כדירקטור בכמה ארגונים העוסקים בפיתוח חקלאי וקהילתי: בקיבוץ מירב, בכפר יחזקאל ובאל""צ. קרוב לשני עשורים עובד היה מעורב בתהליכי שינוי והתייעלות במושבים ובקיבוצים, במגזר העסקי והקהילתי."
מתן יגל,סגן הממונה על התקציבים במשרד האוצר,"מתן יגל הינו סגן הממונה על התקציבים במשרד האוצר. בתפקידו הקודם מתן היה רכז מקרקעין תכנון והגנ""ס באגף התקציבים במשרד האוצר. במסגרת תפקידו הוא אחראי מטעם משרד האוצר על תקצוב רשות מקרקעי ישראל, מנהל התכנון והמשרד להגנת הסביבה בסך של עשרות מיליארדי שקלים. כמו כן עוסק בתכנון הקצאת משאבים ובהובלת רפורמות שמטרתן הגדלת היצע הדיור וייעול השימוש במקרקעין. מתן משמש כדירקטור בחברת נמל אשדוד וחבר במועצה הארצית לתכנון ולבנייה. קודם לכן הוא ריכז את תחום המשפט והאכיפה, ובמסגרת תפקידו זה הוביל צעדים לצמצום השימוש במזומן והפחתת רגולציה בכבאות. קודם לעבודתו במשרד האוצר עבד במחלקה הכלכלית במשרד סומך חייקין."
מיכל יהודאי ידיד,"מנהלת המחלקה לתשתיות מידע ונתונים, מנהל האחיות- משרד הבריאות","מיכל החלה את תפקידה כמנהלת המחלקה לתשתיות מידע ונתונים במנהל האחיוּת בתחילת שנת 2022. לפני כן עבדה במשך כארבע שנים כמנהלת תחום הפיתוח המקצועי בהנהלת האחיוּת שבמרכז הרפואי שמיר. במסגרת תפקידה הייתה אחראית בין היתר על הפיתוח והכשירות המקצועית, מיצוי הפוטנציאל התפקודי והרחבת גבולות העשייה של האחיות והאחים. קודם לכן עבדה בביה""ס האקדמי לאחיוּת שמיר שם מילאה שלל תפקידי הוראה ריכוז תחומים והובלת פרויקטים. בתחילת דרכה המקצועית עבדה כאחות בקהילה. מיכל, אחות מוסמכת, מומחית במנהל ומדניות, בוגרת תואר ראשון ושני באוניברסיטה העברית בירושלים. במהלך שנות עבודתה סיימה קורס על בסיסי במניעת זיהומים, קורס מנהל ומנהיגות באחיוּת, הדרכה קלינית ושלל קורסים בתחומים כגון הנחיית קבוצות רב תרבותיות במערכת הבריאות ועוד. מיכל, בת קיבוץ מעלה החמישה, דור שלישי למייסדי הקיבוץ. לאורך כל השנים מתנדבת בקהילה ובמוסדות החינוך בכל הקשור לחוסן קהילתי, קידום בריאות, רווחה ותמיכה חברתית."
יוסי ידין,"סמנכ""ל מכירות גלובלי, חברת agora טכנולוגיות ניהול השקעות","יוסי הוא מנהל הפעילות העסקית של אירופה ואסיה בחברת JFROG. קודם לכן היה מנהל פעילות מגזר בנקאי בSAP- וסמנכ""ל חטיבת העסקים באירופה בניית מערכות. יש לו ניסיון מקצועי וניהולי של קרוב לשני עשורים בפיתוח עסקי ובניהול מכירות של פתרונות תוכנה לארגונים אזרחיים וביטחוניים בישראל, באירופה ובאפריקה, ובמסגרת תפקידו בנייס  הוא הוביל את קבוצת עסקי מוצרי הליבה של החברה בשווקים אלו. במהלך הקריירה שלו עבד עבור חברות טכנולוגיה מובילות במשק, ובהן HP, קומברס ונס טכנולוגיות. לצד פעילותו העסקית יוסי מעורב בפעילות חברתית - במסגרות תאגידיות של אחריות חברתית ובמסגרת פרויקטים פרטיים וקהילתיים תוך פיתוח שיתופי פעולה עם מוסדות שונים."
רותם ידלין,ראשת מועצה אזורית גזר,"רותם היא ראשת מועצה אזורית גזר מאז 2018. יו״ר ועדת חינוך של השלטון האזורי, חברת ועדת מנהל ״בונים מחדש״, חברת מועצה מייסדת ״המועצה לחינוך ממלכתי-עברי״, דירקטורית וחברת ועדת כספים בחברה במשק וכללה, דירקטורית ברשות העתיקות, דירקטורית ויו״ר ועדת ביקורת במט״ש איילון, חברת מועצה במכללת אחווה לחינוך. 
בשנים 2013-2016 כיהנה כמנכ""לית אוניברסיטה בעם - תוכנית חברתית ארצית בתחום הרווחה וחינוך מבוגרים.   לפני כן היא שימשה כיועצת בכירה למזכיר הממשלה במשרד ראש הממשלה, וקודם לכן כעורכת דין בשוק הפרטי. 
בוגרת תואר שני במינהל ציבורי בהארוורד ותואר ראשון במשפטים באוניברסיטת תל אביב. 
את שירותה הצבאי החלה רותם כחניכה בקורס טיס וסיימה כקצינת מבצעים בטייסת קרב בחיל האוויר."
נועם יהודאי,"מנהל מרכז רפואי צפון ע""ש פדה (פוריה)","נועם הוא מנהל מרכז רפואי צפון ע""ש פדה (פוריה). בתפקידו הקודם בין השנים 2022-2024 נועם כיהן כסגן מנהל מרכז רפואי צפון ע""ש פדה (פוריה). קודם לכן, בין השנים 2018-2022 שימש כסגן מנהל המרכז הרפואי בני ציון. לפני כן שימש נועם כרופא בכיר במחלקת אף אוזן גרון והיה אחראי על תחום אוטונוירולוגיה במרכז הרפואי בני ציון בחיפה. בעל מינוי של מרצה בכיר בפקולטה לרפואה ע""ש עזריאלי באוניברסיטת בר אילן. קודם לכן כיהן כמרצה בכיר בפקולטה לרפואה בטכניון ובחוג להפרעות בתקשורת באוניברסיטת חיפה, וזכה מספר פעמים בפרס המרצה המצטיין מטעם הפקולטה לרפואה בטכניון. לנועם תואר ד""ר לרפואה (MD) מטעם האוניברסיטה העברית בירושלים, ותואר מוסמך במנהל מערכות בריאות (MHA) מטעם אוניברסיטת בן גוריון בבאר שבע. במסגרת תכנית ענבר למד נועם לתואר מוסמך במנהל עסקים (MBA) עם התמחות בניהול מערכות בריאות, באוניברסיטת תל אביב. נועם מומחה ברפואת אף אוזן גרון - כירורגית ראש וצוואר. את התמחותו ביצע במרכז הרפואי בני ציון בחיפה. במסגרת תכנית ענבר, התמחה נועם במנהל רפואי בהתמחות משולבת בהנהלת המרכז הרפואי בני ציון והמרכז הרפואי רמב""ם. זאת ועוד, נועם הינו רב סרן במילואים. בתפקידו הצבאי האחרון שימש כראש תחום רפואת אא""ג של חיל הרפואה בצה""ל. במהלך שירותו הצבאי זכה בפרס ראש האגף הטכנולוגי-לוגיסטי בצה""ל בתחום הרפואה הצבאית. במסגרת עשייתו החברתית, נועם מרצה לתלמידים בתחום השמיעה, נזקי רעש ושיקום שמיעה."
אריאל בן יהודה,מנהל מחלקה א' במרכז לבריאות הנפש שלוותה בשירותי בריאות כללית,"ד""ר אריאל בן יהודה הוא מנהל מחלקת אשפוז פסיכיאטרית פעילה במרכז לבריאות הנפש שלוותה (שירותי בריאות כללית) משנת 2022. קודם לכן שימש כראש מחלקת בריאות הגוף והנפש בחיל הרפואה של צה""ל כאלוף משנה, בנוסף לתפקידים נוספים בצה""ל, חלקם במטה ורובם בשדה (עד קצין רפואה אוגדתי). במסגרת תפקידו האחרון אריאל היה אחראי על תחום קידום הבריאות, המיון הרפואי והתעסוקתי בצה""ל. בנוסף, כראש מערך בריאות הנפש, שימש כמנהל מחלקת ההתמחות בפסיכיאטריה בצה""ל, כראש בית הספר להכשרת קציני בריאות הנפש בצה""ל וכפסיכיאטר המחוזי לצה""ל. אריאל חבר במועצה הלאומית למניעת אובדנות ובמועצה הלאומית לברה""ן. מומחה בפסיכיאטריה מאז 2009. את התמחותו ביצע במרכז לבריאות הנפש שלוותה (שירותי בריאות כללית) ובמרפאה המרכזית לבריאות הנפש בצה""ל."
כרמית יוליס,"המשנה ליועץ המשפטי לממשלה, משפט אזרחי","כרמית היא המשנה ליועץ המשפטי לממשלה, משפט אזרחי. בעברה הייתה ראש אשכול נדל""ן, ייעוץ וחקיקה במשרד המשפטים. במסגרת תפקידה הקודם הייתה אמונה על הליכי הייעוץ המשפטי בכל הנוגע לסוגיות הכרוכות בענף הדיור והנדל""ן, ועל מלאכת החקיקה האינטנסיבית בתחומים אלו, כולל תכנון ובנייה, פיתוח תשתיות, התמודדות עם משבר הדיור, אכיפת דיני תכנון ובנייה, התחדשות עירונית, דיור ציבורי, דיני בתים משותפים וסוגיות של תכנון ובנייה ביהודה ושומרון. בנוסף, כרמית חברה במועצה הארצית לתכנון ולבנייה ובמועצת שמאי המקרקעין."
פתחי אבו יונס,"מנהל אגף הרווחה בעיריית סחנין, יו""ר ארגון מנהלי מחלקות רווחה ברשויות הערביות","פתחי הוא מנהל אגף הרווחה בעיריית סחנין ויו""ר ארגון מנהלי מחלקות רווחה ברשויות הערביות. במסגרת תפקידו הוא יוזם ומפתח רפורמות ותוכניות פרטניות וקהילתיות בסחנין, ביישובים הסובבים ובחברה הערבית בכלל. בעשור האחרון הוא גם חבר בוועדת התיאום בין מרכז השלטון המקומי למשרד הרווחה ושותף לקביעת מדיניות הרווחה במדינת ישראל. פתחי נבחר לציר באיגוד העובדים הסוציאליים בהסתדרות הכללית."
רוואידא יונס,גזברית המועצה המקומית כפר ברא,"רוואידא היא גזברית המועצה המקומית כפר ברא. קודם לכן שימשה כמנכ""לית המועצה המקומית ערערה במשך שמונה שנים. לרוואידא ניסיון רב בעבודה ברשויות מקומיות מטעם משרדי רו""ח, בביקורת דוחות כספיים, בהכנת דוחות כספיים ובשירותי ניהול והנהלת חשבונות."
קרן יוסט,פרקליטת מחוז ירושלים אזרחי,קרן היא עורכת דין המשמשת בתפקידי ניהול בכירים בפרקליטות המדינה. החל משנת 2016 ועד לאוגוסט 2020 כמנהלת המחלקה לעניינים מנהליים בפרקליטות מחוז תל אביב אזרחי החל משנת 2020 כמנהלת מחלקת מקרקעין בפרקליטות מחוז תל אביב אזרחי והחל מיולי 2023 כפרקליטת מחוז ירושלים אזרחי. בנוסף משמשת כמרצה מן החוץ בפקולטה למשפטים אוניברסיטת בר-אילן ומעבירה הרצאות לגופים שונים בשירות המדינה.
נדב בן יוסף,"מנהל מחלקת פיתוח עסקי, המרכז הרפואי שיבא",נדב הוא מנהל מחלקת פיתוח עסקי וסגן ראש מינהלת שיבא נגב במרכז הרפואי שיבא. לפני כן כיהן כראש אגף פיקוח על האשפוז במשרד הבריאות
מרי יוסף,"סמנכ""לית בכירה ניהול ההון האנושי משרד הרווחה והביטחון החברתי","החל מיום 1.1.2024, מרי היא סמנכ""לית בכירה (ניהול ההון האנושי) במשרד הרווחה והבטחון החברתי.

בתפקידה  הקודם היתה סגנית בכירה (הון אנושי ומינהל) במינהל לחינוך התיישבותי, פנימייתי ועליית הנוער (2020-2023). 

בשנים 2019- 2020 שימשה כמנהלת אגף משאבי אנוש במשרד העבודה, הרווחה והשירותים החברתיים. 

בשנים 2015-2019 הייתה מנהלת אגף משאבי אנוש במשרד המשפטים. מ-2009- 2015 הייתה מנהלת תחום ארגון ומינהל בפרקליטות המדינה במשרד המשפטים ועסקה בניהול, תכנון וארגון משאבי אנוש בפרקליטות המדינה על יחידותיה ברחבי הארץ. בשנים 2000-2009 היא כיהנה כמנהלת תחום משרדי הממשלה ויחידות הסמך בנציבות שירות המדינה ועסקה בהנחיה, בפ מרי כמרכזת בחינות ומכרזים בנציבות שירות המדינה ובמסגרת תפקידה הייתה אחראית על מבחנים אינדיבידואליים וקבוצתיים, ריכזה מרכזי הערכה והנחתה אותם."
משה מור יוסף,"משנה למנכ""ל משרד הפנים","משה מכהן כמשנה למנכ""ל משרד הפנים מחודש מרץ 2023. לפני כן, מינואר 2017 הוא ניהל את הרשות לפיתוח הנגב - רשות סטטוטורית שמובילה החלטות ממשלה ופרויקטים מחוללי שינוי בנגב באמצעות פיתוח כלכלי של תיירות, תרבות וחינוך בהיקפים תקציביים של מעל 100 מיליון ₪. לפני כן הוא ניהל את המרכז הקהילתי נווה יהונתן כולל שלוחות של המרכז הנותן שירותי תרבות לתושבי האזור ומעסיק עשרות עובדים. בעבר עסק בהוראה והיה מחנך כיתה, סגן מנהל ומנהל בית ספר, ושותף להקמת בית ספר לחינוך מיוחד המשלב."
יוני יוסף,"סגן ראש חטיבת רפואה, משרד הבריאות","רופא משפחה וסגן אלוף בצה""ל עם רקע עשיר בתפקידים קליניים, ניהוליים ופיקודיים בחיל הרפואה. בעל מחויבות עמוקה למצוינות מקצועית ובריאות הקהילה. בתפקידו האחרון כראש ענף מבצעים ורפואה אווירית הוביל את מוכנות מערך הרפואה בחיל האוויר לחירום  ואת הפינוי הרפואי המוטס. עסק בשיפור זמינות ואיכות שירותי הרפואה ובחוויית המטופל. יוני חבר הר""י, איגוד רופאי המשפחה וחבר בוועדה המארגנת של Exercise is Medicine – ISRAEL, ארגון שמטרתו לעודד ביצוע פעילות גופנית. בימים אלה יוני משמש כעוזרה של מנהלת חטיבת הרפואה במשרד הבריאות ומתמחה במנהל רפואי"
נסרין חדאד חאג' יחיא,שותפה מייסדת בחברת המחקר NAS ומנהלת מחלקת המחקר באלביאדר לפיתוח כלכלי חברתי,"נסרין היא שותפה בקרן פורטלנד ושותפה מייסדת בחברת הייעוץ NAS. לפני כן הייתה ראשת התוכנית ליחסי יהודים ערבים במכון הישראלי לדמוקרטיה. תחומי המחקר העיקריים שלה קשורים לשילוב המיעוט הערבי בשוק העבודה ובמערכת ההשכלה הגבוהה בישראל והחינוך הבלתי פורמלי. בשנים האחרונות עסקה נסרין בשילוב מורות ערביות בבתי ספר יהודיים - מיזם משותף של משרד ראש הממשלה, מכון מרחבים ומשרד החינוך."
אבי ילאו,"מנכ""ל עמותת הנני, אקטיביסט ויזם חברתי","אבי מכהן כמנכ""ל עמותת הנני, יו""ר מפלגת צדק, והוא אקטיביסט ויזם חברתי. לפני כן  ניהל את תחום הרישות בעמותת ""עולים ביחד"". לפני כן כיהן כמנכ""ל ארגון הל""ה - הוועד הציבורי למען שוויון בחינוך. במסגרת תפקידו היה אמון על ניהול שוטף ופיתוח של העמותה, לרבות ניהול הצוות ומשימותיו, גיוס משאבים, יצירת תכנים, תכנון וביצוע של תוכניות העמותה. לצד עבודתו הוא משמש כחבר ועד בארגון צפון אמריקה למען יהודי אתיופיה (נאקוג').  הוא גם חבר ב""מרחב השפעה"" – מסגרת פעולה למנכ""לי ארגונים חברתיים להובלת השפעה חברתית בשדה החברתי המשותף להם, וב""פורום חשיבה משותף למאבק בגזענות"" ובעוד  התארגנויות וולונטריות חברתיות, שמטרתן למגר את הגזענות, לשפר את החברה הישראלית ולקדם בה שינוי אמיתי."
שמואל ילמה,ראש תחום קהילה בג'וינט ישראל,"שמואל הוא ראש תחום קהילה בג'וינט ישראל. קודם לכן הוא שימש כראש היחידה לקהילה ומשפחה בג'וינט ישראל-אשלים ובמסגרת זו היה אחראי על פיתוח ועל ניהול ארצי של תוכניות קהילתיות כוללניות למען ילדים ובני נוער במצבי סיכון ובראשם תוכנית הדגל מוטב יחדיו הפועלת בשכונות עוני ומצוקה ברחבי הארץ. קודם לכן הוא שימש כראש תחום מסד קליטה - שותפות אסטרטגית לקליטת קבע של עולים, יזם את הקמת מרכזי הצעירים לגילאי 30-18 והיה המנהל הראשון של המיזם. את שירותו הצבאי עשה שמואל בחטיבת הצנחנים, נבחר לקצין מצטיין של חילות השדה וסיים בדרגת סגן בתפקיד ראש מדור סיור בבית ספר לסיור ומודיעין."
אליעזר יעקב,"מנכ""ל אשכול רשויות נגב מזרחי","אליעזר הוא המנכ""ל של אשכול רשויות נגב מזרחי. במסגרת תפקידו הוא אחראי ליצירה ולקידום של שיתופי פעולה המטייבים ומחדשים שירותים משמעותיים ברשויות האשכול, וזאת על בסיס ניצול היתרון לגודל והפעלה וניהול של כוח אדם מקצועי ואיכותי. לפני כן מילא מגוון תפקידים בכירים בשלטון המקומי, הן בתחומים הכלכליים-הפיננסיים כגזבר רשות, כמנכ""ל חכ""ל וכחשב מלווה, והן בתחומים החברתיים כיו""ר הנהלת מתנ""ס, כסגן ראש רשות וכחבר ועדה קרואה בעיר לוד. אליעזר היה גם חבר הנהלה ויו""ר דירקטוריון של חברה עסקית בתחום החקלאות."
רננה גומא יעקב,,"רננה היא מנהלת רשת בארגון מעוז. בעברה שימשה כיושבת ראש קיבוץ חולית ויועצת ארגונית בדגש על תהליכי בינוי קהילה. קודם לכן הייתה ראשת האגף האסטרטגי במועצה האזורית אשכול, הגדולה מבין מועצות עוטף עזה. במסגרת תפקידה הקודם עבדה בכפיפות לאגף מחלקות צמיחה דמוגרפית, פיתוח שטחים פתוחים, תכנון אסטרטגי, איגום משאבים ופיתוח עסקים ותיירות, העניקה ייעוץ לראש הרשות וריכזה את המעקב המשותף של רשויות העוטף אחר יישום החלטות ממשלה ייעודיות."
אילן בן יעקב,"VP Learning Experience  ב-MindCET, מרכז ליזמות טכנולוגית-חינוכית של מט""ח","אילן משמש כמנהל פדגוגי ב- MindCET - מרכז לחדשנות טכנולוגית-חינוכית מבית מט""ח. במסגרת זו הוא מרכז את EdTech ועוסק בליווי פדגוגי של חברות סטארטאפ בתחום הפעילות החינוכית של המרכז, שכוללת תוכנית ליזמות מורים, קהילות מורים מתנסים בטכנולוגיות, ליווי תהליכי חדשנות פדגוגית-טכנולוגית בבתי ספר ועוד. קודם לכן שימש כשליח חינוך והוראה בטורונטו, קנדה, ולפני כן עסק בפיתוח תוכניות לימודים במכון למורשת בן-גוריון ולימד יהדות במסגרות שונות. אילן הוא בוגר מחזור א' של ישיבת ההסדר בירוחם ושירת במסגרתה כלוחם בחטיבת גבעתי."
מרדכי יעקבזון,"מנכ""ל איגוד מוסדות הפטור","מרדכי הוא מנכ""ל איגוד מוסדות הפטור שהקים עם מנהלי תלמודי התורה המובילים במגזר החרדי. האיגוד כולל 220 תלמודי תורה במעמד פטור שבהם לומדים 60,000 תלמידים המהווים כ60% מכלל הבנים בגיל היסודי במגזר החרדי, נותן למנהלי המוסדות עזרה מקצועית בהתנהלות שוטפת ומייצג את מוסדות הפטור מול משרד החינוך ושאר משרדי הממשלה בתחומי הממשק שלהם. מרדכי גם מנהל מוסדות חינוך הכוללים גני ילדים, תלמודי תורה וישיבה."
אלי יעקבי,"מנכ""ל פרויקטים חינוכיים בעמותת יד אליעזר","אלי הוא מנכ""ל פרויקטים חינוכיים בעמותת יד אליעזר ובמסגרת תפקידו ממונה על ניהול מיזמים חינוכיים ברמה ארצית בתחום הפדגוגי, התקציבי והניהולי מול הרשויות המקומיות ומשרדי הממשלה. קודם לכן ניהל סניפים בעמותה, תפקיד שבמסגרתו הכשיר ופיקח על הפעילות. בשנים 2021-2013 כיהן (בהתנדבות) כיו""ר המִנהל הקהילתי בשכונת נווה יעקב בירושלים. בשנת 2006 נמנה עם מייסדי עמותת איחוד הצלה והוא חבר בהנהלה הארצית של הארגון. בשנת 2017 נמנה עם מייסדי עמותת ענ""ף - פעילים עבור הנוער במגזר החרדי."
חלי יעקבס,"מנכ""לית רמת הנדיב","מנכ""לית רמת הנדיב - עוסקת בתהליכי חינוך בניה ופיתוח חווית ביקור ומרכז מחקר שעוסק ביחסי אדם.טבע במגוון תחומי מחקר וידע מתוך חשיבה ומיקוד בתיקון היחסים השבורים בין האדם לטבע.

יו""ר התיירות והיקב בקיבוץ צובה, חברת הוועד המנהל של מדרשת הבנות בעין הנצי""ב, חברת ועדת ההיגוי של תכנית קיימא למנהיגות אקדמית ( הקרן לירושלים )

בעבר היתה מנכ""לית תאגיד התיירות של קיבוץ ניר דוד, יו""ר תיירות קיבוץ אורטל ודירקטורית באגודות שיתופיות.
עד לפני כעשור, בעלים בחברת בינה יתרה בע""מ, החברה עסקה בפיתוח עסקי בפריפריה באמצעות משרדי ממשלה, משרד הכלכלה, הקליטה והחקלאות.
התמחות בחיבורים עסקיים וחברתיים, זיקה לקפיטליזם קשוב וליצירת אימפקט באמצעות שיתופי פעולה בינתחומיים.

בעלת תואר שני במנהל עסקים ומערכות מידע, תואר שני נוסף בלימודי משפט, בוגרת לימודי תכנון במרחב הכפרי.
בעלת ניסיון בתכנון משאבי טבע ומאבקים סביבם."
יונית(יונה) יעקובוביץ,"סמנכל מו""פ וראש תחום חינוך ב""פנימה-פתרונות ישראלים""","יונית מכהנת כראש תחום חינוך ב""פנימה-פתרונות ישראלים"". בעבר ניהלה את חטיבת האיכות והשירותים החברתיים במכון מאירס-ג'וינט-ברוקדייל. קודם לכן שימשה כמנהלת היחידה לתוכניות לאומיות בחברה למתנ""סים - יחידה שכוללת את התוכניות הלאומיות הגדולות של משרד החינוך, כולל היל""ה, קרב, סל תרבות וחוג לכל ילד. לפני כן, מאז שנת 2014, היא הייתה מנכ""לית תוכנית קרב למעורבות בחינוך, שעוסקת בצמצום פערים במערכת החינוך באמצעות הפעלת שיעורי העשרה במסגרת יום הלימודים, ומשתתפים בה 290 אלף תלמידים מכל המגזרים ב-120 רשויות מקומיות. בעבר הקימה יונית בשיתוף הרב ד""ר דני טרופר את תוכנית אפיקים לקידום דתי-ערכי בתיכונים מקיפים דתיים, וניהלה אותה, וגם הקימה וניהלה את בית הספר השש-שנתי פלך ע""ש רות קורמן בקריית עקרון - מוסד פמיניסטי-אינטגרטיבי- אורתודוקסי לבנות."
מתן יפה,מנכ״ל קרן שורש וממובילי תנועת אל הדגל,"מתן משמש כמנכ""ל קרן שורש וחבר הנהלה בתיקון 2024. בעבר כיהן כמנכ""ל עמותת כוכבי המדבר, שאותה ייסד. עמותת כוכבי המדבר מפעילה תוכנית ראשונה מסוגה לפיתוח מנהיגות בקרב בני נוער בדואים והעצמתם. הארגון הוביל הקמה של כפר נוער ערבי ראשון בישראל אשר מהווה מרכז אזורי לפיתוח מנהיגות ומפעיל בית ספר על-אזורי ופנימייה. קודם לכן שימש כמנכ""ל מתחם התיירות האזורי הקילומטר ה-101 של כושי רימון ועסק בניהול, בפיתוח ובקידום המתחם. בעבר עבד כיזם נדל""ן עצמאי. במסגרת עשייתו החברתית שימש מתן כמרכז שבט יונתן בתנועת הצופים במבשרת ציון ובמסגרת תפקידו היה אחראי על פעילות של מאות חניכים בנושאי החיבור לקהילה."
אוראל יפרח,"סמנכ""ל נכסים מניבים, חברת פרשקובסקי ומנכ""ל חב' הבת פרשקובסקי ניהול מניבים","לאחר כמה שנים במשרד האוצר מונה אוראל לחבר הנהלה ולראש אגף שכירות ארוכת טווח בחברת דירה להשכיר – החברה הממשלתית לדיור ולהשכרה, המקדמת את הקמתן של אלפי יחידות דיור בשכירות ארוכת טווח ברחבי המדינה, ומובילה תכנון של עשרות אלפי יחידות דיור במסגרת תוכנית הדיור הלאומית. בתפקידו האחרון כיהן אוראל כמנהל תחום שיכון ומקרקעין באגף החשב הכללי והיה ממונה על תחום הנדל""ן. במסגרת זאת היה אחראי לניהול תקציבי חטיבת המקרקעין ומערכי הכספים במשרד השיכון, רמ""י, חברות הדיור הציבורי ועוד. בנוסף, היה אמון על גיבוש ויישום מודלים כלכליים ועל ביצוע המדיניות הממשלתית בתחומי השיכון והמקרקעין. כמו כן היה אוראל אחראי על מערך הלוואות המדינה והסיוע בדיור, כיהן כיו""ר הוועדה המיוחדת מכוח חוק הלוואות לדיור ומנהל קרן המע""מ הממשלתית, ושימש כדירקטור מטעם משרד האוצר בתאגידים בתחום הדיור. את שירותו הצבאי עשה אוראל בנח""ל כלוחם וכמפקד, וכיום הוא סמ""פ במילואים בדרגת סגן."
חיים יפרח,"הממונה על מחוז ירושלים, מנהל אגף בכיר לניהול ההון האנושי ברשומק ומ״מ מנכ״ל רשות האוכלוסין וההגירה","חיים הינו מנהל בכיר בשירות הציבורי בעל מומחיות ברשויות מקומיות, בתכנון ובנייה ובניהול הון אנושי בכלל גופי השלטון המקומי. כיום מכהן בלב עשיית משרד הפנים כממונה על מחוז ירושלים וכמנהל האגף הבכיר לניהול ההון האנושי ברשויות המקומיות.
בתפקידו כגורם המקצועי המרכזי בתחום, המקביל בתחומי אחריותו לנציב שירות המדינה עבור כלל עובדי השלטון המקומי, הוא מוביל את עיצוב המדיניות, הרגולציה ותנאי ההעסקה של רבבות עובדים ונבחרי ציבור. לצד זאת, הוא אמון על תכניות הדגל לפיתוח המנהיגות המקומית, בהן תכנית ""צוערים לשלטון המקומי"", וכן על ״מקומות״ - המרכז הלאומי לידע וניהול מוניצפאלי ותכניות התערבות לפיתוח וחדשנות ארגונית. 
ניסיונו העשיר כולל כהונה כממלא מקום מנכ""ל רשות האוכלוסין וההגירה, חברות בסגל ההנהלה הבכירה של משרד הפנים וחברות בדירקטוריון רשות הטבע והגנים. לאורך השנים הוביל ועדות תכנון סטטוטוריות. ניהול תקציבים ציבוריים וליווי רשויות מקומיות בהתמודדות עם אתגרים מוניציפליים מורכבים.
עשייתו מוקדשת לחיזוק המשילות המקומית, הטמעת חדשנות ארגונית ושיפור איכות השירות לתושב מתוך תפיסה של מצוינות ניהולית ומקצועית."
אברהם יצחק,מנהל רפואי באסותא באר שבע,"ד""ר אבי יצחק הוא מנהל בית החולים אסותא בבאר שבע. בתפקידו הקודם היה קצין רפואה ראשי, כבאות והצלה, אלוף משנה בצה""ל, ומאז שנת 2017 מפקד הרפואה של פיקוד הדרום בצה""ל. במסגרת תפקיד זה היה אחראי לכל נושא רפואת השגרה ורפואת החירום, לרבות טראומה, בפיקוד הדרום. לפני כן שירת כראש ענף רפואה מבצעית של צה""ל (לשעבר ענף טראומה) ובמסגרת זו היה ממונה על למידה רוחבית ואופקית מאירועי טראומה במסגרת הווב""אות (ועדת בקרת האיכות) של טראומה בשגרה ובחירום בצה""ל, על בניין כוח רפואי לקראת לחימה, על תיעוד רפואי ועל שיתופי פעולה בינלאומיים. בנוסף, היו באחריותו המלאה רפואת יחידות מיוחדות, מחקר ופיתוח. בשנים 2014-2012 היה אבי קצין הרפואה הראשי של אוגדת עזה. במסגרת תפקידו הוביל למידה של תחקירי אירועים בשגרה ובחירום, ביקורות ביחידות והכנתן למלחמה. כמו כן היה ממונה על הובלתן של יחידות רפואה שהשתתפו במבצעים עמוד ענן וצוק איתן, ועל הפעילות ההומניטרית בבית החולים לפצועים הסורים ברמת הגולן. קודם לכן היה אבי ראש מדור רפואה של פיקוד הדרום בצה""ל, רופא היחידה המיוחדת מגלן ורופא של גדוד 101 בחטיבת הצנחנים. ביום העצמאות ה-62 של מדינת ישראל הדליק אבי משואה בטקס המרכזי בהר הרצל. הוא מומחה בכירורגיה כללית, ואת התמחותו עשה במרכז הרפואי האוניברסיטאי סורוקה בבאר שבע."
מורן יצחקי,"מנכ""לית, מועצה אזורית תמר","מורן היא מנכ""לית מועצה אזורית תמר, מתמחה בהתוויית מדיניות, גיבוש אסטרטגיה והוצאתה לפועל תוך ניהול ציבורי באמצעות חדשנות מבוססת נתונים. קודם לכן שימשה כיועצת משפטית עם התמחות בתחום השלטון המקומי והציבורי. 
בנוסף מכהנת כחברת מליאת רשות ניקוז ים המלח, כחברת בורד ב""עיר מדינה"" מבית אנו באנו ליצירת שותפות בין הייטק לשלטון המקומי בישראל, וכן מכהנת כדירקטורית במספר דירקטוריונים (חברת מים וביוב מעיינות זוהר, חברת אפעה תשתיות איכות סביבה וחברת שחר תמר אנרגיה וסביבה)."
אורי יצקר,מנהל המערך הפסיכיאטרי לילדים ונוער זיו יו״ר האיגוד הישראלי לפסיכיאטריה של הילד והמתבגר,"ד""ר אורי יצקר הוא פסיכיאטר מבוגרים, ילדים ונוער, מנהל המחלקה הפסיכיאטרית לילדים ונוער במרכז הרפואי זיו ויו״ר נבחר של האיגוד הישראלי לפסיכיאטריה של הילד והמתבגר."
אהוד ירושלמי,מנכ״ל חברת SIT-Systematic Inventive Thinking. חבר מועצת הרשות השניה לטלוויזיה ורדיו. חבר וועד מנהל בקרן החדשה לקולנוע וטלוויזיה,"אודי מכהן כמנכ""ל SIT וחבר מועצת הרשות השניה לטלוויזיה ורדיו. בתפקידו הקודם כיהן כראש מטה גלי צה""ל, ובמסגרת תפקידו ניהל שש מחלקות, התווה מדיניות ואסטרטגיה, ניהל משברים וקידם פרויקטים משמעותיים כגון מעבר התחנה ללוד. קודם לכן שימש כיועץ ליו""ר רשות השירות ולפני כן עבד בקבוצת אריסון בשני תפקידים – מנהל שיווק ויועץ לדירקטור בבנק הפועלים. אודי היה אחראי על ההקמה והניהול של מערך השיווק, הפרסום והמיתוג במטה קבוצת אריסון וכן על ייזום שיתופי פעולה והתקשרויות עם גופים עסקיים. בסקטור החברתי שימש אודי כחבר בעל זכות הצבעה בוועדת התרומות של קרן אריסון ולקח חלק בכיר בהקמתו של פרויקט יום מעשים טובים, משלב התכנון והאסטרטגיה ועד למימוש בשטח ולמודעות הציבור לפרויקט."
אלה ירניצקי,"סמנכ""לית אנשים ופיתוח בגלובס","אלה משמשת כסמנכ""לית אנשים ופיתוח בגלובס. בעבר הייתה מנכ""לית החברה למתנ""סים, וסמנכ""לית מש""א. לפני כן, שימשה כסמנכ""לית מינהל ומשאבי אנוש ברשות מקרקעי ישראל, אשר עברה רפורמה מקיפה הכוללת שינוי ארגוני ומעבר למבנה חטיבתי ולתהליכי עבודה חדשים - ואלה הובילה תהליכים במסגרת רפורמה זו. קודם לכן, שימשה כעורכת דין בלשכה המשפטית במטה הרשות והרצתה באוניברסיטת בר-אילן ובאוניברסיטה הפתוחה בקורסים בתחומי מדעי המדינה ותקשורת המונים. את שירותה הצבאי סיימה אלה כמפקדת קורס חקרי מודיעין בחיל האוויר."
ענבל ירקוני,מנהלת מערך האחיות ואחראית תחום בריאות הנפש בחטיבת המרכזים הרפואיים הממשלתיים משרד הבריאות,"החל משנת 2018 משמשת ענבל כמנהלת אגף האחיות ותחום  בריאות הנפש הממשלתי, ניהול אגף האמון על האחיות ברשת האשפוז הממשלתית, המונה 25 מרכזים רפואיים ובמסגרתה מועסקים למעלה מ-20 אלף אנשי צוות סיעוד. ניהול והובלת מערך בריאות הנפש הממשלתי המהווה 86% ממערך האשפוז בבריאות הנפש במדינת ישראל.
בעלת ניסיון רב שנים בניהול סיעוד ותפעול בתי חולים במגזר הציבורי.
ניסיון רב בניהול בכיר, אסטרטגיה ותפעול בתפקידי מטה ושטח."
אילן ישורון,מנהל אגף בכיר חברה בדואית דרום,"משנת 1993 ועד לשנת 2016 שימש אילן בתפקידי שטח במנהלה לקידום הבדואים בנגב שבמנהל מקרקעי ישראל, האמונה על הטיפול בהסדרת התיישבות הבדואים בנגב. החל משנת 2007 הוא יו""ר המנהלה בפועל. בשנת 2009, עם הקמתה של הרשות להסדרת ההתיישבות הבדואית בנגב (במקומה של המנהלה), שימש כסמנכ""ל הרשות. משנת 2013 אילן הוא מנהל מרחב דרום בחטיבת שמירה על הקרקע של רשות מקרקעי ישראל."
יערה ישורון,"יזמית, מרצה וכותבת בתחום בריאות הנפש בילדים ונוער","יזמית, מרצה, כותבת בתחום בריאות הנפש בילדים ונוער ומשמשת כסגנית ראש מועצת מזכרת בתיה. בעבר היתה סמנכ""לית פיתוח ובינוי קהילה בעמותת ג'ינדאס, וקודם לכן שימשה כעובדת מעוז בצוות הרשת, וכמאתרת עמיתים לתכניות. כמו כן ניהלה בעבר את פורום המדרשות התורניות לבנות, פורום שמאגד כשלושים מדרשות שעוסקות בלימוד תורה המיועד לבנות לפני ואחרי שירות לאומי או צבאי. מכהנת כחברת מועצת מזכרת בתיה מאז אוקטובר 2013. לקראת בחירות 2018 הקימה את מיזם ""נבחרת"" בשיתוף חברות רשת, שמטרתו להכפיל את מספר חברות המועצה בבחירות המקומיות. ייסדה וניהלה את ארגון “הורים עובדים לשינוי” מאז 2008- ארגון הפועל למען איזון בין חופשות הילדים לחופשות ההורים. ניהלה את פורום הנשים של הבית היהודי במשך שלוש שנים. לפני כן הקימה עם שותפות רדיו אינטרנטי לילדים, ולפני כן ניהלה פרויקטים טכנולוגיים בקבוצת הארץ The Marker."
עמוס ישי,"סמנכ""ל בכיר במשרד הרווחה והביטחון החברתי, ראש מינהל של""מ - שיקום ליווי ומניעה",
עינת ישפה,מנהלת השירות הפסיכולוגי החינוכי בעיריית בני ברק,"עינת היא מנהלת השירות הפסיכולוגי החינוכי בעיריית בני ברק משנת 2015 ועובדת שם משנת 1994. לאורך השנים היא מילאה תפקידים רבים בשפ""ח, הן כפסיכולוגית חינוכית והן כרכזת וכמנהלת תחומים. בין היתר ריכזה את תחום לקויות הלמידה והדיאגנוסטיקה, תחום הפגיעות המיניות ואת אשכול גני החינוך המיוחד. כיום היא מדריכה פסיכולוגים מתמחים ומומחים בסוגיות מקצועיות הכרוכות בעבודתם, מרצה ומעבירה סדנאות מקצועיות במסגרת תוכנית החצר הפעילה של עמותת עזר מציון ובבית הספר לסיעוד שיינברון (איכילוב), וחברה בצוות צמרת של אגף שפ""י במשרד החינוך. בעבר הייתה עינת מדריכת כלות במסגרת פרויקט אחותי כלה של ארגון ""צוהר""."
אורנית בן ישר,"מנכ""לית עמותת מחשבה טובה","מאז 2013 אורנית היא מנכ""לית עמותת מחשבה טובה, הפועלת לצמצום הפער החברתי ולקידום מוביליות חברתית על ידי הנגשת טכנולוגיה, ואחראית על צוות 100 עובדים בפריסה ארצית רחבה. העמותה מפתחת, מפעילה ומובילה תוכניות טכנולוגיות ברחבי הארץ לאוכלוסיות מכלל החברה, בדגש על הפריפריה החברתית והגיאוגרפית של ישראל. קודם לכן שימשה אורנית כסמנכ""לית פיתוח ופרויקטים במחשבה טובה - תפקיד שכלל ניהול כלל צוות העובדים בעמותה, הובלת שותפויות עם הממשלה ופיתוח תוכניות חדשות בארגון. אורנית הצטרפה למחשבה טובה ב-2008 כרכזת המרכז הטכנולוגי של העמותה בירושלים וכרכזת המתנדבים בעמותה."
"עוז כ""ץ",יזם ויועץ אסטרטגי,"עוז הוא מנהל מינהל תעשיות במשרד הכלכלה. במסגרת תפקידו הוא אמון על פיתוח התעשייה, הטמעת חדשנות ושיפור הסביבה העסקית תוך התמחות בסקטורים נבחרים. לפני כן ניהל את מינהל אנרגיה וסביבה במשרד הכלכלה וקודם לכן שימש כמנהל תחום בכיר, אסטרטגיה ותכנון מדיניות במשרד הכלכלה. במסגרת תפקידו הוא היה אחראי על ריכוז מהלכים בין-משרדיים וחוצי משרד כגון התוכנית לפיתוח כלכלי-אזורי של הצפון, הגברת התחרות במשק, הקטנת יוקר המחיה והסרת חסמים בייבוא, התוכנית להגדלת הפריון במשק ועוד. בעבר שימש כמנהל תחום הייטק ותקשורת בחברת ייעוץ המתמחה במחקר בינלאומי וייעוץ אסטרטגי, כסמנכ""ל פיתוח עסקי בקרן ההשקעות הבינלאומית Galilea Group וכמנהל פיתוח עסקי בחברת Melta בניו יורק. בתחום החברתי עוז שימש כראש צוות בעמותת נובה, היה ממקימי עמותת ירושלם שמטרתה חיזוק מעמדה של ירושלים והקים את תנועת מש""ב – תנועה סטודנטיאלית לשינוי חברתי."
מרים כבהא,"משנה למנכ""ל מרכז אקורד - פסיכולוגיה חברתית לשינוי חברתי","בתפקידה האחרון שימשה מרים כנציבת שוויון ההזדמנויות בעבודה במשרד העבודה, הרווחה והשירותים החברתיים. קודם לכן, בשנים 2010-2015, היא הייתה נציבה אזורית בנציבות שוויון ההזדמנויות בעבודה במחוז חיפה והצפון במשרד הכלכלה. בשנים 2010-1999 היא שימשה כשותפה במשרד עורכי דין פרטי בחיפה וקודם לכן עבדה כעורכת דין במשרד עו""ד מאיר ברק בתחום דיני הנזיקין והביטוח ולפני כן ביצעה התמחות במשרד הוד, סוקול ושות' בחיפה."
נרימאן כבהא,"עוזרת מנכ""ל המרכז הרפואי מאיר","נרימאן היא עוזרת מנכ""ל המרכז הרפואי מאיר. לפני כן ניהלה את מדור רוקחות בתי חולים של שירותי בריאות כללית ובמסגרת תפקידה הייתה אחראית על קביעת המדיניות הארגונית והטמעתה, הסטנדרטיזציה של תהליכי עבודה, הפיתוח המקצועי של הרוקחים, פיתוח שיטות עבודה מתקדמות והבקרה על שירותי הרוקחות בבתי החולים. במסגרת תפקידה הקודם היתה שותפה לניהול תחום איכות ובטיחות הטיפול התרופתי ולקידום שימוש מושכל בתרופות בבתי החולים ואחראית על ייצוג ותיאום התחומים מול משרד הבריאות ושאר האגפים והחטיבות בהנהלת שירותי בריאות כללית. במקביל ומשנת 2015 הקימה וניהלה את צוות קידום המידע התרופתי בבתי החולים של שירותי בריאות כללית. בשנים 2015-2013 היא הייתה מנהלת פרויקט TREAT במרכז הרפואי רבין בפתח תקווה. בשנים 2014-2005 היא הייתה רוקחת קלינית בשירותי הרוקחות של בית חולים בילינסון, ובמקביל עבדה שם גם כרכזת וכסוקרת תחום ניהול ובטיחות טיפול תרופתי (M.M.U). בנוסף, נרימאן הייתה חברה בכמה ועדות מקצועיות של בית החולים."
דנה פיטליס כדורי,יועצת בכירה לראש האופוזיציה וראש הממשלה לשעבר יאיר לפיד,"דנה מתמחה בשנים האחרונות בעבודת הכנסת והממשלה, וכעשר שנים כיהנה כיועצת לח""כ יאיר לפיד בתפקידיו כשר האוצר, כיו""ר האופוזיציה, כשר החוץ וכראש הממשלה והייתה אחראית על התיאום הפוליטי בין מרכיבי הממשלה ועל עבודת הקואליציה בכנסת ובממשלה. דנה אמונה על גיבוש המצע של מפלגת יש עתיד והייתה חברה בכירה בצוות המשא ומתן שלה בהרכבת הממשלה ה-36."
קלי כהן,מנהל תוכנית מנדל למנהיגות נוער,"קלי משמש בימים אלה כמנהל תוכנית מנדל למנהיגות נוער במכון למנהיגות של קרן מנדל ישראל. קודם לכך שימש כמזכ""ל תנועת הצופים העבריים בישראל משנת 2015 ועד 2023. במסגרת תפקידו היה אחראי לפעילות העמותה ותנועת הנוער בהיבט החינוכי, התקציבי והתפעולי. טרם הגעתו לתנועה מילא קלי במשך 12 שנים מגוון תפקידים בסוכנות היהודית. הראשון שבהם היה שליח קהילתי בטולסה שבאוקלהומה, והאחרון שבהם היה מנהל קשרי קהילה צפ""א של הסוכנות (ראש המשלחת הסוכנותית בארצות הברית ובקנדה) את הקריירה המקצועית שלו התחיל קלי בתנועת הצופים, שם התקדם במסלול התפתחותי תנועתי – מדריך שכבה, מרכז שבט, רכז הדרכה הנהגתי, ומנהל מחלקת הדרכה. בתפקידי האחרון היה מנהל מרחב צפון (סמזכ""ל)."
סיגל כהן,מנהלת מחוז חיפה במשרד החינוך,"סיגל מכהנת כמנהלת מחוז בפועל משרד החינוך. לפני כן שימשה כמפקחת מחוז. במסגרת תפקידה הקודם הנחתה וליוותה את כלל המפקחים במחוז, הובילה את ת.""ע המחוזית תוך פיתוח והטמעת תרבות של הערכה, ליוותה את המנהלים החדשים במחוז וריכזה את הפיקוח המתכלל - פיתוח תפיסה מחוזית לתפקיד המפקח המתכלל, וחיזוק השותפויות עם הרשויות במחוז. בעבר שימשה כמפקחת כוללת על בתי ספר במחוז. כמו כן כיהנה כממונה על תכנית מרום - תוכנית העוסקת בקידום ושיפור התפקוד הבית ספרי, צמצום פערים ושיויון הזדמנויות. ב2011 הייתה הממונה על יישום תהליך מעבר בתי הספר לניהול עצמי. בתחילת דרכה הייתה מורה מחנכת, מדריכה ומנהלת בית ספר."
נטע כהן,"מנכ""ל Incubit Ventures וחבר צוות חדשנות באלביט מערכות","נטע הוא מנכ""ל אינקוביט וונצ'רס - חממת הייטק לטכנולוגיות אזרחיות של אלביט מערכות בשיתוף רשות החדשנות. אינקוביט השקיעה ב-20 סטארט-אפים ונמצאת בפארק ההייטק בבאר שבע. במשך 15 שנים לפני כן שימש בתפקיד מנכ""ל BGN Technologies, חברת הטכנולוגיות של אוניברסיטת בן-גוריון. במסגרת תפקידו הוביל מאות הסכמים למסחור טכנולוגיות עם חברות מהגדולות בעולם, הקמה של עשרות סטארט-אפים ויצירה של חממות טכנולוגיות ומאיצים. כמו כן הקים את תחום היזמות באוניברסיטת בן-גוריון ומעורב כבר שנים רבות בפיתוח פארק ההייטק בבאר שבע וביצירת אקו-סיסטם פעיל ותוסס. לפני כן שימש בתפקידי ניהול בחברות תרופות, מזון וחקלאות."
אורית כהן,"מהנדסת הועדה לתכו""ב יזרעאלים","אוּרית היא מהנדסת הוועדה לתכו""ב יזרעאלים ומנהלת את התכנון והבנייה במרחבי מועצה אזורית עמק יזרעאל, מועצה אזורית מגידו והרשויות המקומיות זרזיר וכעביה. כמו כן היא חברת ועד איגוד מהנדסי הערים הארצי, פועלת לפיתוח המגזר הכפרי בגליל ומקדמת מיזמים בתחום אנרגיות מתחדשות. לפני כן כיהנה כמהנדסת מועצה אזורית מרום הגליל. היא ניהלה במשך 16 שנים משרד תכנון פרטי במושב אמירים. אוּרית היא אדריכלית בוגרת הטכניון, בקרית תכן ויועצת נגישות למבנים, תשתיות וסביבה. חברת מושב אמירים השוכן במרום הגליל."
משה כהן,"עצמאי. יועץ בתחום האנרגיה וחשמל , ברמה מערכתית","משה הוא עצמאי. יועץ בתחום האנרגיה וחשמל, ברמה מערכתית. בתפקידו הקודם ניהל את מחוז ירושלים והנגב של חברת החשמל. במסגרת תפקידו הקודם היה אחראי על אספקת חשמל אמינה ורציפה 24/7 לכל הלקוחות במרחב, לרבות לקוחות ברשות הפלסטינית (יותר מ-300 אלף לקוחות, ללא חברות החשמל והלקוחות הפלסטינים). קודם לכן הקים וניהל את היחידה בחברת החשמל אשר עוסקת בהקמת מערך הסיבים האופטיים לצורך העברת מידע בפס רחב. לאחר סיום לימודיו האקדמיים התחיל משה את הקריירה המקצועית שלו בחברת החשמל ומילא בה תפקידים מגוונים בכל הדרגים."
ראומה גליסקו כהן,"מנכ""לית יעדים - החברה לפיתוח עסקי באר שבע","ראומה היא מנכ""לית יעדים - החברה לפיתוח עסקי באר שבע. בתפקידה הקודם הייתה סגנית מנהלת האגף לפיתוח ארגוני באגף משאבי אנוש בעיריית באר שבע, בו הקימה את המחלקה לפיתוח הון אנושי. את עבודתה בשירות הציבורי בעיריית באר שבע היא החלה כמנהלת לשכה של סגן ראש העיר לשעבר, רוביק דנילוביץ'. לאחר מכן הקימה את היחידה לפניות הציבור בלשכת ראש העיר לשעבר יעקב טרנר ובהמשך שימשה במשך עשר שנים כעוזרת של אבישג אבטובי, מנכ""לית העירייה, שם פיתחה את עיקר זהותה המקצועית."
נעמה פרי כהן,"מנהלת אגף טכנולוגיות, דיגיטל וחדשנות בחטיבת המרכזים הרפואיים הממשלתיים","נעמה היא מנהלת אגף טכנולוגיות, דיגיטל וחדשנות בחטיבת המרכזים הרפואיים הממשלתיים. האגף בראשותה אחראי על ייזום, פיתוח והטמעה של פרויקטי מחשוב ודיגיטל לרשת המרכזים הרפואיים הגדולה בישראל. באחריות האגף הובלת תחום הטכנולוגיה, החדשנות והסדרת תהליכי העבודה בין המרכזים הרפואיים. באגף פועלים אנשי טכנולוגיה, אנשי תהליכים ומומחים עסקיים בעולמות תפעוליים וקליניים, והוא אמון באופן רוחבי על כ25- בתי חולים ממשלתיים, נותן שירות לבתי חולים פרטיים ומקיים קשר ושיתופי פעולה עם גופים שונים כגון אקדמיה, מכוני מחקר וסטארט-אפים."
אורן כהן,"מנכ""ל חטיבת הזכיינות בשפיר הנדסה","אורן הוא מנכ""ל חטיבת הזכיינות בשפיר הנדסה. בתפקידו הקודם היה מנכ""ל כפיר - הרכבת הקלה בירושלים. לפני כן, שימש כראש מטה מנכ""ל משרד ראש הממשלה וקודם לכן כעוזר למנכ“ל משרד רה""מ. במסגרת תפקידו סייע בניהול עבודת המטה, בגיבוש מדיניות ובליווי תהליכים מרכזיים בתחומי ממשל וחברה. לפני כן שימש כיועץ בכיר למנכ""לית המשרד להגנת הסביבה בתחומי צמיחה ירוקה, תכנון, רגולציה, פיקוח ואכיפה וניהל את ממשקי העבודה של המשרד מול מזכירות הממשלה והכנסת. בנוסף, אורן חבר בפורום הצעירים של נשיא המדינה. את שירותו הצבאי סיים בתפקיד מדריך ומפקד בביה""ס לטיסה של חיל האוויר בדרגת סרן. במהלך שירותו ביצע תפקידים בכירים מבצעיים בטייסות חיל האוויר."
אלי כהן,"מנכ""ל המכללה האקדמית תל חי","אלי הוא מנכ""ל המכללה האקדמית תל חי. קודם לכן שימש כמנכ""ל עיריית קריית שמונה במשך קדנציה אחת עם ראש העיר הקודם ולפני כן היה ראש מינהל החינוך במועצה האזורית גלבוע. בשנת 2005 פרש מצה""ל בדרגת אלוף משנה אחרי למעלה מעשרים שנות שירות כשעיקר תפקידיו היו פיקודיים ביחידות חיל התותחנים (מקצין זוטר ועד למפקד אגד)."
אוהד כהן,"מנהל תכנון, הרשות לפיתוח ירושלים","אוהד הוא מ""מ מהנדסת עיריית בית שמש, ובעבר שימש כאדריכל העיר בית שמש. לפני כן שימש כסגן אדריכל מחוז ירושלים במשרד הבינוי והשיכון מאז שנת 2014. במסגרת התפקיד הוא ריכז תוכניות במגזר העירוני והיה אחראי לתכנון ולקידום תוכניות במרחב הכפרי ברחבי המחוז. לפני שהחל בעבודתו במשרד השיכון היה שכיר במשרדי אדריכלים מובילים באזור ירושלים כמתכנן וכמוביל תוכניות."
מרדכי אילרוב כהן,מפקח במינהל לחינוך התיישבותי,"מרדכי מכהן כמפקח במינהל לחינוך התיישבותי. בתפקידו הקודם הוא ניהל את הישיבה הריאלית אור מנחם חב""ד אשקלון ובמסגרת עבודתו קידם חזון של שילוב מקצועות קודש ומקצועות ליב""ה ברמה אקדמית גבוהה, פיתוח תוכניות לימוד ייחודיות ופיתוח מקצועי של סגלי ההוראה, והוביל את הישיבה לעלייה ניכרת באחוזי הזכאות במבחני הבגרות. בשנת תשע""ה הוא הקים מסלול טכנולוגי ללימודי י""ג-י""ד במקצועות ההנדסה לאוכלוסייה החרדית. בנוסף, הוא הקים קליניקת שיקום באומנות וטיפול קוגניטיבי רגשי ב-C.B.T, המתמקדת בשיקום ילדים ושואפת לגרום לכלל תלמידי ישראל להאמין בעצמם וביכולתם ליצור ולהגשים את חלומותיהם. מרדכי הוא יועץ לענייני משפחה ומקיים סדנאות ומעגלי שיח בתחומי המשפחה והחינוך. בצבא שירת כלוחם וכמפקד ביחידת הצנחנים."
רועי כהן,COO בחברת קזואר טכנולוגיות מתקדמות,"רועי הוא ראש מטה חברת קזואר טכנולוגיות מתקדמות. בתפקידו הקודם היה מנכ""ל המכון החרדי למחקרי מדיניות. לפני כן היה יועץ מנכ""ל משרד ראש הממשלה ובמסגרת תפקידו ליווה והוביל תהליכים בין-משרדיים בתחומים הכלכליים (מאקרו) והחברתיים. קודם לכן הוא שימש כמנהל תחום בכיר פרויקטים לאומיים ובמסגרת תפקידו סייע בניהול פעילויות ופרויקטים בעלי תועלת לאומית, בגיבוש מדיניות ובהובלת תהליכים וצוותי עבודה ממשלתיים. לפני שירותו במגזר הציבורי היה רועי הסמנכ""ל (מנהל החטיבה הפסיכומטרית) והמורה הבכיר בחברת היי-קיו. את שירותו הצבאי הוא סיים בדרגת סרן בתפקיד מפקד בית הספר לרפואה ימית."
לי-את כהן,סמנכ״ל תכנון ואסטרטגיה תנופה לצפון,"לי-את מכהנת כיום כסמנכ״ל תכנון ואסטרטגיה במִנהלת תנופה לצפון, האחראית על שיקום ופיתוח אזור קו העימות לאחר מלחמת חרבות ברזל. במסגרת תפקידה היא עוסקת בגיבוש תפיסה אסטרטגית, תיאום בין-משרדי וקידום מנועי צמיחה כלכליים וחברתיים לחיזוק חוסנו של הצפון.

קודם לכן שימשה כמנכ״לית משותפת ב־Einav Drying Technologies / עינב טכנולוגיות, חברה המייצרת ומייבאת מערכות ייבוש אוויר, שם הובילה פיתוח שווקים, בנייה ויישום תוכניות אסטרטגיות וניהול תקציבים בהיקפים משמעותיים. לפני כן כיהנה כמנכ״לית אשכול גליל מערבי והייתה אחראית להרחבת היצע השירותים באמצעות איגום משאבים, צמצום פערים בין רשויות וקידום מנועי צמיחה אזוריים.

את ניסיונה במגזרים השונים צברה גם בתפקידה כמנכ״לית עמותת בעצמי, בתפקידי ניהול במערכת הבנקאית, בניהול שותפויות במסגרת הסוכנות היהודית ובעבודתה כמנהלת מרכז קהילתי במועצה האזורית מעלה יוסף"
שירית אביטן כהן,כתבת מדינית ופרשנית פוליטית בישראל היום,"שירית היא כתבת מדינית ופרשנית פוליטית בעיתון ישראל היום. מאז שנת 2016 היא מסקרת את המערכת הפוליטית ואת הכנסת: בעיתון גלובס,  ככתבת חינוך ורווחה בעיתון מקור ראשון וכראש דסק באתר NRG מבית מעריב. מאז 2012 בלב העשייה התקשורתית מאחורי הקלעים בתפקידי עריכה ובקדמת הבמה כעיתונאית."
איתן כהן,"מנהל אגף בכיר תקציבים, משרד הפנים","מאז אפריל 2019 איתן מנהל את יחידת התקציבים במשרד הפנים. בתוקף תפקידו הוא אחראי על הכנת מודלים כלכליים להקצאות תקציביות לרשויות מקומיות, הובלת תהליכים לייעול תהליכי התקצוב והתשלום המשרדיים וקידום תהליכים דיגיטליים להגברת השקיפות. הוא מנהל פעילות תקציבית של יותר מ-10 מיליארד ₪. קודם לכן ניהל צוות בתחום הבקרה ופרויקטי הפיתוח המשרדיים והיה שותף לגיבוש וליישום מודל תוכניות ההמראה ולייעול מערך תוכניות ההבראה. טרם הצטרפותו למשרד, ניהל פרויקטים בתגלית-חוויה ישראלית, התמחה כיועץ כלכלי במשרד ראש הממשלה ועבד בתחום התקשורת האסטרטגית בוושינגטון,D.C."
כפיר כהן,"סמנכ""ל אשמורת","כפיר משמש כסמנכ""ל מכירות וקשרי לקוחות - One City. כפיר סיים את שירותי הצבאי כסמ""פ בצנחנים גדוד 202, ולאחר מכן עבד מספר שנים בתפקידי אבטחה בשירות הבטחון הכללי. כפיר עו״ד במקצועו, בעל תואר שני במשפטים עם התמחות במשפט ציבורי מאוניברסיטת תל אביב. בעבר כיהן כסמנכ""ל לרגולציה ומשפט במרכז השלטון המקומי במשך 7 שנים, ניהל את מערך העבודה בכנסת ומול משרדי הממשלה, ניהל את המינהל המוניציפאלי, את היחידה לאיכות הסביבה ואת מרכז הגישור של השלטון המקומי. כמו כן נבחר בשנת 2013 לראשות מועצת רובע מכבים רעות. כפיר כיהן כחבר במספר ועדות מייעצות לרשויות ממשלתיות. שימש דירקטור במפעל הפיס, דירקטור בקרן רום ובחברות ציבוריות נוספות . ממקימי קרן פיינשטיין לחלוקת מלגות הצטיינות למנכ""לי רשויות מקומיות. כיהן בשלוש השנים האחרונות כסמנכ״ל וואן סיטי, משמש בנוסף כחבר מועצת העיר מודיעין מכבים רעות."
שרון אוחיון כהן,"ראש ענף רפואה, צה""ל","החל משנת 2020 משמשת כראש ענף רפואה בצה""ל. בשנים 2016 עד 2018 היתה ראש מדור רפואת הכשרות בזרוע היבשה. שרון מומחית ברפואה פנימית. את ההתמחות ביצעה בבית חולים איכילוב, שם גם עשתה את הסטאז."
שרה כהן,מפקחת כוללת חינוך חרדי ומפקחת מתכללת העיר פתח תקוה,"שרה משמשת כמפקחת מתאמת חינוך מיוחד, מחוז חרדי, משרד החינוך. היא עוסקת בחינוך קרוב ל 30 שנה במגוון תפקידים, החל מהדרכה בתנועת נוער, חינוך כיתה, ריכוז שכבה, אבחון במרכזי אבחון ובריאות הנפש, מנחה ומדריכת סטודנטית לחינוך, ניהול ביה""ס יהודי בתפוצות. בעשור האחרון מפקחת כוללת במחוז החרדי וזוכת שני פרסי הצטיינות. האחד על קידום מודעות ופיתוח תכניות לאורח חיים בריא במערכת החינוך החרדית ופרס הצטיינות שני על ליווי והטמעת יישום התיקון לחוק החנ""מ, הכלה והשתלבות במחוז החרדי של משרד החינוך. בשנה האחרונה מוניתה למפקחת מתאמת חינוך מיוחד של המחוז החרדי."
רוחמה כהנמן,עצמאית: יזמית עסקית וחברתית ויועצת אסטרטגית,"רוחמה היא עצמאית: יזמית עסקית וחברתית ויועצת אסטרטגית. את משרד הפרסום הראשון שלה היא הקימה בגיל 20, ובמהלך השנים מגוון מיזוגים עם משרדים אחרים, ולקראת 2018 נכנסה כשותפה במשרד הפרסום הגדל במגזר הדתי והחרדי - גל אורן . במשך השנים היא ניצחה על פיתוח והשקת מותגים ועל בניית אסטרטגיות שיווקיות עבור חברות בתחומי המזון, הבריאות, המגזר השלישי, אופנה ולייף סטייל, תיירות ופנאי, חברות ציבוריות, גופים ואישים פוליטיים וייעצה לקמפיינים פוליטיים ארציים ומוניציפליים. רוחמה היא מומחית לעסקים בעלי אוריינטציה נשית וקהל לקוחות נשי."
אוריאל כזום,"סמנכ""ל קצבאות קיום, תעסוקה והגיל השלישי + הביטוח הלאומי","מופקד על מערך קצבאות קיום, תעסוקה והגיל השלישי. 
שותף בגיבוש וקידום המדיניות הקשורים במקבלי הקצבאות ואחראי על מתן השירות ומיצוי זכויות לאוכלוסיה זו. בזמן משבר הקורונה שימשתי כמנהל אגף גמלאות מחליפות שכר,והייתי אחראי על תשלום דמי האבטלה לכלל המובטלים ששהו בחל""ת.
לפני כן, מילאתי מספר תפקידי מטה בביטוח הלאומי והייתי שותף בהובלת מהלכים משמעותיים לצמצום בירוקרטיה ומעבר למיצוי זכויות פרואקטיבי."
מחמוד כיאל,מנכ״ל תמקין,"ד""ר מחמוד כיאל הוא מנכ״ל ״תמקין״ ארגון פיתוח כלכלי- חברתי לחברה הערבית בישראל.לפני כן שימש כמנכ""ל נורת'-מד וכיושב ראש נאדסופט, יזם בתחום הרפואה הדיגיטלית ורופא בהכשרתו. מחמוד מייסד ומנכ""ל חברת וויקואיה שמפתחת פלטפורמה לשיפור מניעת מחלות כרוניות בעזרת בינה מלאכותית. בעבר הקים וניהל את אתר וויב טיב - פורטל הרפואה הפופולרי ביותר בערבית עם יותר מ-30 מיליון משתמשים בחודש, שנמכר בשנת 2019. מחמוד חבר דירקטוריון בארגון MooNa שעוסק בקידום חינוך טכנולוגי בפריפריה, מרצה בתחום היזמות והרפואה הדיגיטלית, מייעץ ומלווה סטארט-אפים מהחברה הערבית ופעיל חברתי העוסק בקידום יזמות טכנולוגית בקרב צעירים ערבים."
שושי כחלון כידור,ראשת עיריית כפר יונה לשעבר,"בתפקידה האחרון שימשה שושי כראשת עיריית כפר יונה. קודם לכן היא שימשה במשך חמש שנים כחברת מועצת העיר במסגרת האופוזיציה. עד להשתלבותה במגזר הציבורי היא שירתה במשך 25 שנים בצה""ל בתפקידי פיקוד והדרכה והייתה המג""דית הראשונה בהכשרות הקצונה כאשר הוחלט על קורס איחוד לנשים ולגברים. במסגרת שירותה הצבאי רכשה את השכלתה בניהול מערכת קטנה - גדולה, על כל המשתמע מכך."
אפרת מייקין – כנפו,מנהלת הרשות לחוסן ושוויון חברתי ויועצת ראש העיר לקידום מעמד האשה בעיריית תל אביב- יפו,"אפרת היא מנהלת הרשות לחוסן ושוויון חברתי ויועצת ראש העיר לקידום מעמד האישה בעיריית תל אביב-יפו. שימשה בעבר כראש מטה מנכ""ל משרד העבודה, הרווחה והשירותים החברתיים והייתה אחראית על תיאום וריכוז עבודת המטה במשרד ושותפה בהתוויית מדיניות המשרד ויישומה. היא הובילה פרויקטים פנים-משרדיים ותוכניות ממשלתיות בין משרדי הממשלה, הרשויות המוניציפליות והמגזר השלישי בהיקפים גדולים. לפני כן עבדה כעוזרת אישית לבעלי חברת brack-capital - חברה בינלאומית הפעילה בתחומי הנדל""ן, ההשקעות, האנרגיה והטכנולוגיה ברחבי העולם. בעשור שקדם לכך עבדה כפרקליטה בפרקליטות מחוז מרכז (פלילי) בדרגת סגנית בכירה לפרקליטת מחוז המרכז וניהלה תיקים ופרשיות פליליות מורכבות. בנוסף, ייצגה את המדינה גם בעתירות מנהליות ושימשה כמנהלת תחום עתירות אסירים בפרקליטות מחוז המרכז. במסגרת שירותה הצבאי שימשה אפרת כסגנית וכמפקדת בסיס משטרה צבאית בית ליד, כקצינת אג""ם פיקוד מרכז וכקצינת קישור לצלב האדום."
ניר כספי,מנכ״ל ומייסד קפה לנדוור צפון אמריקה,"ניר הוא מנכ""ל ומייסד רשת בתי הקפה לנדוור בצפון אמריקה שאותה הוא מנהל בשותפות, ובנוסף הוא בעל המניות של חברת המדיה SMR וחלק מהנהלת מועדון הכדורסל הפועל ירושלים, שנרכש על ידי קבוצת רוכשים שמטרתם להפוך אותו לאחד מהמועדונים המובילים באירופה. לפני כן הוא היה משנה המנכ""ל של רשת הספרים סטימצקי. במהלך שירותו הצבאי בשייטת 13 ניר נפצע קשה בפעולה בדרום לבנון ולאחר שיקום ארוך הוא החליט להתנדב בארגוני תמיכה בפצועי צה""ל ובנכי צה""ל והוא מנחה קבוצות של לוחמים בשיקום. כמו כן הוא חבר בוועד המנהל של עמותת העטלף למען בוגרי השייטת."
עזמי כעביה,יועץ נשיא המדינה לענייני החברה הערבית,"עו""ד עזמי כעביה משמש כיועץ נשיא המדינה לענייני החברה הערבית. קודם לכן, שימש כמנהל מיצוי משאבים ופיתוח כלכלי במועצה מקומית בסמת טבעון במסגרת מיזם מוארד - שותפות בין המשרד לשוויון חברתי, משרד הפנים ואלכא ג'וינט ישראל. בתפקידו פועל ליישום ומיצוי המשאבים הקיימים והפוטנציאליים, בניית מנגנוני עבודה רשותיים, טיוב ממשקי העבודה עם משרדי ממשלה, גופים ממשלתיים וחברתיים, בנוסף אחראי לגיבוש ויישום תכנית לפיתוח כלכלי. בין השנים 2015-2019: עבד בכנסת בתפקיד יועץ פרלמנטרי. במסגרת תפקידו זה היה אחראי על נושאי: ייעוץ וחקיקה, דוברות ויחסי ציבור, קשר עם משרדי ממשלה, רשויות מקומיות וארגונים חברתיים."
איברהים אבו כף,"רופא מומחה ברפואת ילדים, מחוז דרום בשירותי בריאות כללית וחבר מועצה אזורית אלקסום מטעם היישוב אום בטין","החל משנת 2016 ד""ר איברהים אבו כף הוא רופא מומחה ברפואת ילדים, ומאז הוא גם משמש כממונה על יחידה במרכז בריאות הילד תל שבע. בנוסף, החל משנת 2018 הוא ממונה על מרפאת אום בטין בשירותי בריאות כללית. משנת 2017 איברהים מכהן כחבר המועצה האזורית אל קסום. הוא ממונה על תיק הבריאות במועצה ומנהל ועדות אחדות. כמו כן הוא חבר בוועדה לתכנון ובנייה מרחבית אבו בסמה. איברהים הוא פעיל חברתי ביישוב אום בטין בתחומים של רפואה מונעת והנגשת תשתיות, ושותף במיזם ממשלתי לקידום החינוך והתעסוקה ולפיתוח התשתיות. בנוסף, איברהים משמש כחבר סגל במרכז האוניברסיטאי סורוקה. הוא מומחה ברפואת ילדים וביצע את התמחותו במרכז הרפואי אוניברסיטאי סורוקה ואת הסטאז' ברפואה בבית החולים ברזילי."
ג'אליה אבו כף,סמנכלית אינתימאא-תחום בניית יכולות בינאביע,"ג'אליה היא מנהלת תחום הון אנושי ורשת אינתמא׳ בינאביע. קודם לכן הייתה ראש תחום פיתוח כלכלי בארגון ולפני כן שימשה כסגנית מנהל מרכז ריאן לקידום התעסוקה בחברה הבדואית בדרום, פרויקט המשותף למשרד הכלכלה ולג'וינט ישראל בניהול חברת אלפנאר. בעבר ניהלה ג'אליה את תחום הפרט בארגון, ועוד קודם לכן הייתה במשך שלוש שנים מנהלת תחום קהילה ועסקה בפיתוח מודל העבודה הקהילתית-תעסוקתית במרכזי ריאן."
נרית כץ,מנהלת אגף אקדמיזציה ולמידה דיגיטלית במזכירות הפדגוגית במשרד החינוך,"נרית היא מנהלת תחום דעת מתמטיקה על יסודי (מפמ""ר מתמטיקה עי""ס), אגף מדעים במזכירות הפדגוגית במשרד החינוך. בעבר עבדה כמורה למתמטיקה בתיכון וכמדריכה בית ספרית. במסגרת תפקידה היא אחראית על לימודי המתמטיקה בכיתות ז'-י""ב, כולל מבחני הבגרות במתמטיקה, מבחני המפמ""ר ומיצ""ב ח', ממונה על הפיתוח המקצועי ועל התוכניות במתמטיקה, ושותפה בתוכנית הלאומית במתמטיקה 5פי2  להרחבת מעגל המצוינות שהוביל נפתלי בנט בתפקידו כשר החינוך."
צחי כץ,"סמנכ""ל תכנון בחברת Extell","צחי הוא סמנכ""ל תכנון בחברת Extell ויו""ר איגוד מהנדסי ואדריכלי ערים בישראל. בשנים 2023-2012 שימש כמהנדס העיר מודיעין מכבים רעות והיה אחראי על הובלת תוכנית מתאר של העיר לשנת 2040 על פיתוח שכונות חדשות ומרכז העסקים (מע""ר, שימושים מעורבים) של העיר ועל פיתוח כלים ליצירת ודאות תכנונית בממשקים עם הסקטור הפרטי. בתפקידו כיו""ר איגוד מהנדסי ואדריכלי ערים בישראל הוא שותף לתהליכי חקיקה ורגולציה בשיתוף עם מרכז השלטון המקומי. בעבר שימש כמנהל אגף רישוי ופיקוח על הבנייה בעיריית ירושלים והיה נציג העירייה באונסקו בכל הקשור לאתרי מורשת עולמית ויזם אירוע בתים מבפנים בירושלים. קודם לכן עבד בשוק הפרטי כאדריכל מתכנן וכמנהל פרויקטים בירושלים ובאן ארבור מישיגן בארה""ב, ובמסגרת תפקידו תכנן וניהל פרויקטים הנדסיים, מולטי-דיסציפלינריים ועתירי תקציב."
יאיר כץ,"יו""ר ועד עובדי התעשייה האווירית - ארגון עובדי התעשייה האווירית","יאיר הוא יו""ר ועד עובדי התעשייה האווירית - ארגון עובדי התעשייה האווירית, לפני כן היה מזכיר הארגון. במסגרת תפקידו הקודם הוא ייצג את 15,000 עובדות ועובדי תע""א והבטיח את ביטחונם התעסוקתי ואת תנאי העבודה והרווחה שלהם. בין יתר תפקידיו הקודמים, הוא ניהל מו""מ קיבוציים תוך ראייה רחבה של מציאות שוק העבודה, דור העובדים החדש, תנאי השוק והתחרות, מצבה של תע""א ויצירת תנאי עבודה אטרקטיביים לעובדיה. בנוסף, יאיר ניהל את עשרות עובדי ארגון העובדים אשר נותנים שירות לעובדי החברה."
איליה כץ,סגן הממונה על התקציבים בנושאי תשתיות במשרד האוצר,"איליה משמש כרכז הסעת המונים ונמלים באגף התקציבים במשרד האוצר. במסגרת תפקידו אחראי לתקציב ולקידום של מגה פרויקטי תשתיות במטרופולינים השונים וכן לאסדרה כלכלית של ענף הנמלים הימים. קודם לכן שימש כרכז ורפרנט בצוות מאקרו באגף התקציבים, הצוות האמון על ריכוז תהליך הכנת תקציב המדינה וגיבוש התוכנית הכלכלית למשק. לפני תפקידיו באוצר, איליה שירת בכמה תפקידים במשרד הביטחון שהאחרון שבהם היה ראש מדור פרויקטי PPP ובו קידם את ההליך המכרזי של קריית התקשוב ועיר הבה""דים."
קרן כץ,"סגנית מנהל מחוז דרום, משרד הרווחה והבטחון החברתי","קרן היא סגנית מנהל מחוז דרום, משרד הרווחה והבטחון החברתי. קרן במקצועה מבקרת פנים ומנהלת סיכונים. למשרד הרווחה הגיעה בתפקיד מנהלת תחום תקצוב רשויות מקומיות במחוז דרום ושימשה בתפקיד זה מעל ל-10 שנים. בשנה האחרונה משמשת כסגנית מנהלת המחוז האמונה בין היתר על תחום החירום, על ניהול החלטות ממשלה ותכניות בינמשרדיות, עלתחום התכנון ועוד."
אהרן כריש,פיתוח הון אנושי ותהליכי למידה במציאות סבוכה,"אהרן שותף בהקמה של מיזם המכון הלאומי להכשרת צוותי חינוך וטיפול לילדים ונוער במצבי סיכון יחד עם עמותת IVN. בנוסף אהרן בונה ומנחה תהליכי למידה ופיתוח של הון אנושי לארגונים שונים. עם התמחות בעבודה עם צוותים ומובילים בחברה החרדית. 
בעבר אהרן ניהל את מיזם התעסוקה במעוז, שהוקם בשיתוף עם משרד העבודה והרווחה כדי לתת מענה לאתגרים בוערים בשוק העבודה הישראלי, יחד עם תוכנית העמיתים שמכשירה ומרשתת מנהיגות ומנהיגים ערכיים, מקצועיים וממלכתיים בעלי תפקידים בכירים. לפני כן שימש כמחנך, מנהל תיכון וסמנכ”ל לפיתוח ארגוני ואסטרטגיה ברשת החינוך אמי""ת. 
לאהרן תואר שני במנהל עסקים עם התמחות בניהול אינטגרטיבי מטעם האוניברסיטה העברית, ותואר ראשון ושני במשפטים, עם התמחות ביישוב סכסוכים וגישור, מטעם אוניברסיטת בר אילן. הוא נשוי לאלישבע ואבא לשמחה, רחל, נעה, צפנת, מייקי וניצן וסבא להללי וטוהר."
סוניה כרכבי,מנהלת מינהלת כרמל במחוז חיפה והגליל המערבי בשירותי בריאות כללית,"החל משנת 2016, משמשת סוניה כמנהלת מינהלת כרמל, במחוז חיפה וגליל מערבי של שירותי בריאות כללית. לפני זה ובמהלך חמש שנים, ניהלה את מרפאת הכללית בקריית מוצקין. בין השנים 2001-2009, עבדה כרופאת משפחה במרפאת הכללית בכפר אעבלין וניהלה את המרפאה. החל משנת 2004 ועד לתפקיד אחרון, הייתה חברה בסגל המחלקה לרפואת משפחה בחיפה, מדריכת מתמחים, ומדריכה קלינית מטעם  הטכניון. במסגרת עשייתה החברתית, שימשה סוניה כחברה בועד איגוד רופאי המשפחה הארצי בין השנים 2015-2018. לסוניה תואר ד""ר לרפואה (MD) בהצטיינות, מטעם הטכניון ותואר מוסמך בניהול מערכות בריאות בהצטיינות, מטעם אוניברסיטת חיפה. במסגרת תכנית ענבר, סיימה את לימודיה לתואר מוסמך במנהל עסקים (MBA) מטעם הפקולטה למנהל עסקים אוניברסיטת תל אביב והיא סיימה את תקופת ההתמחות במינהל רפואי. סוניה ממשיכה בעבודה קלינית כרופאת משפחה. את התמחותה ברפואת משפחה ביצעה במחלקה לרפואת משפחה בחיפה ואת הסטאג' ביצעה במרכז רפואי לגליל בנהריה."
מג'די כתאני,"מנכ""ל אלמשהדאוי קינג סטור","מאז 2013 מג'די הוא מנכ""ל אלמשהדאוי קינג סטור בע""מ - החברה הגדולה ביותר במגזר הערבי, המנהלת 15 חנויות מזון ומעסיקה כ-1,100 עובדים, וככל הנראה תהיה החברה הראשונה במגזר שתגיע להנפקה. תחום העניין המרכזי של מג'די הוא חקר הכלכלה ובמיוחד כלכלת המגזר הערבי והממשקים בינה לבין כלכלת כלל המדינה."
ארי לאודן,"סגן מנהלת ומנהל רפואי. ביה""ח השיקומי רעות ת""א.","ארי, פסיכיאטר ופסיכוגריאטר. סגן מנהלת ומנהל רפואי בביה""ח השיקומי רעות ת""א שנמצא ביד אליהו. מקום מרגש בו צוותים רב מקצועיים עושים קסמים בעבודה אינטרדיסיפלינרית בשיקום בני 18 עד 108 לאחר תאונות, מחלות פציעות, אירועים מוחיים ומצבים דורשי גמילה מהנשמה והנשמה ממושכת. כולל טיפול בטראומה משולבת פיזית ונפשית. בעבר ניהלתי את תחום בריאות הנפש בלאומית ולפני כן במחוז דרום במכבי. תקופה של הכנה מימוש והטמעה של הרפורמה בבריאות הנפש. ראיתי חשיבות רבה לפיתוח פסיכיאטריה בקהילה. מלמד שנים רבות פסיכיאטריה לסטודנטים באוניברסיטת בן גוריון. אוהב להרצות בנושא. 
לאחר שנים ארוכות בדרום חי כיום במרכז. מקבל בקליניקה בתל אביב, מבוגרים וגיל זיקנה.

אב לשלושה, סבא לנכדה מתוקה."
אבי לאופר,"סמנכ""ל שיווק ואסטרטגיה שטראוס ישראל","אבי מילא שורה של תפקידי שיווק, אסטרטגיה, פיתוח עסקי וניהול בקבוצת שטראוס, בהם מנהל אסטרטגיה במטה הקבוצה, מנהל פיתוח עסקי בשטראוס קפה, סמנכ""ל שיווק של מחלבת יטבתה ושל מחלבות שטראוס ובתפקידו האחרון כיהן כמנכ""ל חברת הקפה של שטראוס בישראל. היום, מכהן כסמנכ""ל שיווק ואסטרטגיה של שטראוס ישראל. לפני כן, עבד כ-5 שנים כיועץ אסטרטגי בחברת הייעוץ הבינלאומית ACCENTURE, במדריד ובתל אביב. גר בנס ציונה, נשוי באושר לנירית ואבא גאה ל-3 ילדים, דני, אילאי וקים."
איה לאור,שותפה אזימוט אפס. חברת שירותי ניהול אסטרטגיה ויישום,"איה מכהנת כמנהלת פרויקטים אסטרטגיים בחטיבת בתי החולים של שירותי בריאות כללית. בתפקידה הקודם כסמנכ""לית תפעול וייזום החברה הכלכלית בכפר סבא פיתחה יוזמות עסקיות בשילוב ראייה מוניציפלית. כסמנכ""לית עמותת תפוח עסקה בשילוב טכנולוגיה ועשייה חברתית לקידום החברה הישראלית. איה משלבת חשיבה עסקית וניהולית בעשייה ציבורית. היא הובילה ויזמה פרויקטים לאוריינות דיגיטלית בישראל ובאפריקה בשילוב המגזר העסקי, הציבורי והשלישי. בעבר עבדה בייעוץ תפעולי ואסטרטגי לחברות שונות במסגרת חברת הייעוץ תפן. כמו כן התנדבה כחברת הוועד המנהל בסדנא לידע ציבורי וכמנטורית בעמותת עולים ביחד."
מיכל לב,"מנכ""לית מובילות","מיכל היא מנכ""לית מובילות, הפועלת למימוש הפוטנציאל של נשים חרדיות ככוח מקדם בכלכלה ובחברה הישראלית תוך שימור זהותן. 
מובילות מקדמת תהליכי גיוון והכללה יישומיים בעולם העבודה, ופועלת תוך שיתוף פעולה עם מעסיקים מובילים במשק הישראלי לשילוב מיטבי של נשים חרדיות בתעסוקה איכותית, ובפרט בתפקידים מתקדמים. 
בשנה האחרונה הארגון החל לפעול לצמצום הקיטוב בישראל באמצעות פעולות משותפות של נשים ממגוון אוכלוסיות.
מיכל יועצת לחברות עסקיות ובאקדמיה בנושאי גיוון תעסוקתי וכשירות תרבותית, מרצה ומעבירה סדנאות הכנה לעולם העבודה והיכרות עם החברה החרדית לקהלי יעד מגוונים, וחברת ועד מנהל בעמותות שונות. היא מגיעה מעולם הפיננסים ועבדה בתחום ניהול סיכונים ורגולציה בבנק ובניהול קשרי לקוחות ומסחר בני""ע בבית השקעות."
איתן לבון,מנהל בית חולים השרון,"ד""ר איתן לבון הוא מומחה ברפואת משפחה ומינהל רפואי, מנובמבר 2024 מכהן כמנהל בית חולים השרון וסגן מנהל מרכז רפואי רבין. קודם לכן, כיהן כסגן מנהל המרכז הרפואי קפלן. שירת בצה""ל למעלה מעשרים שנה כרופא צבאי במגוון תפקידי טיפול, פיקוד והדרכה. בתקופת שירותו האחרונה הושאל להנהלת מכבי שירותי בריאות ושימש כמנהל תחום רפואה מותאמת אישית. איתן חבר בלשכה לאתיקה של ההסתדרות הרפואית. במשך כעשור היה חבר ועד האיגוד הישראלי לרפואת המשפחה, במהלכן אף שימש כמזכיר האיגוד, בנוסף פעיל בתחום מניעת אבחון וטיפול יתר."
מרים שטילמן לבזובסקי,Partner at Tal Ventures,"מרים היא שותפה בקרן הון סיכון Tal Ventures, המשקיעה בסטרטאפים בתחומים מגוונים, מייצגת את ישראל בתוכנית הקוואנטית האירופית, וחברה בקבוצת העבודה בתחום בפורום הכלכלי העולמי. חברה בועדות ממשלתיות בתחומי טק. דירקטורית ב-IATI - איגוד חברות הטכנולוגיה בישראל, ופעילה ביוזמות בנושאי חינוך STEM, ובהן אליפות הסייבר הישראלית, סודקות את תקרת הזכוכית ועוד."
גיל לביא,ראש אגף תכנון ואסטרטגיה בהנהלה הראשית בשירותי בריאות כללית,"ד""ר גיל לביא מכהן כראש אגף תכנון ואסטרטגיה בשירותי בריאות כללית. לפני כן כיהן כסגן מנהל המרכז הרפואי כרמל בחיפה ובמסגרת תפקידו היה אחראי על הניהול השוטף של בית החולים ועל מחלקות החטיבה הפנימית והמיון, וכן על תחום משק התרופות ובית המרקחת בביה""ח, על מניעת זיהומים ועל פעילות היחידה למחלות זיהומיות, על רשומה רפואית, ועל הקשר מול הקהילה וקופות החולים ותיירות מרפא. קודם לכן שימש כרופא בכיר בחטיבה הפנימית במרכז הרפואי כרמל. הוא שירת בצה""ל כעתודאי לרפואה בתפקידי פיקוד ומטה ביחידות שדה וביחידות חיל הרפואה, עד לשחרורו בשנת 2014 בדרגת רס""ן. התמחות רפואית: גיל מומחה ברפואה פנימית. את הסטאז' ברפואה ואת התמחותו ברפואה פנימית ביצע במרכז הרפואי כרמל."
ענת נחמיה לביא,"מנכל""ית שותפויות אדמונד דה רוטשילד","ענת היא מנכ""לית שותפויות אדמונד דה רוטשילד החל משנת 2019. בשנים 2017-2012 היא כיהנה כמנכ""לית הפורום הציבורי של כפרי הנוער והפנימיות בישראל ובמסגרת תפקידה ניהלה שותפות פילנתרופית בת 20 שותפים והובילה מיזמים לאומיים בשיתוף המדינה לקידום כפרי הנוער והפנימיות. בעבר שימשה כמנהלת ארגון הבוגרים ותוכניות הדוקטורט בקרן אייסף וריכזה את מיזם השולחן העגול המכונן לשיח בין מגזרי בהובלת משרד ראש הממשלה. במסגרת שליחות משפחתית היא התגוררה חמש שנים בטוקיו, שם יזמה והפעילה פרויקטים להפצת תרבות ישראל בקהילה המקומית. במסגרת עשייתה החברתית שימשה ענת כסמנכ""לית עמותת ציונות 2000 והקימה את תחום האחריות החברתית של המגזר העסקי בישראל. את דרכה המקצועית היא החלה כרכזת תוכנית לפיתוח מנהיגות צעירה בפרפריה מיסודה של הסוכנות היהודית."
מרים פינק לביא,"סגנית ראש חטיבת הרפואה, משרד הבריאות","סגנית ראש חטיבת הרפואה במשרד הבריאות, במסגרת התפקיד שותפה בהובלת תהליכים מרכזיים בעולם הבריאות הציבורית. פסיכיאטרית ילדים ונוער מומחית,  בתפקידים קודמים ניהול בכיר בקופת החולים והובלת תהליכים לאומיים. סיימה לימודי רפואה באוניברסיטת בן גוריון ובהמשך השלימה תכניות לימודים בבית הספר מנדל למנהיגות חינוכית, תכנית ענבר במעוז ותואר MBA. לאורך השנים עסקה בפיתוח שיטות לעיסוק בתהליכי ריפוי של המערכת הציבורית וחיבור בין מערכות על מנת להצליח לייצר תהליכי שינוי. בעולם החברתי, הובילה הקמת בית ספר משלב, יו""ר עמותת קרוב וניהול עמותת שכן טוב באר שבע. סיימה תקופות סטז' במשרד רוה""מ, ברשויות המקומיות ובמשרד החינוך. מומחית בפסיכיאטריה של הילד והמתבגר. את ההתמחות ביצעה במרכז הירושלמי לברה""נ."
עידו לבנה,גזבר מועצה אזורית אשכול,"עידו הוא גזבר מועצה אזורית אשכול, בעבר ניהל את אגף תכנון אסטרטגי בעיריית אשקלון. לפני כן הוא עסק בתחומי השיווק והעיתונות מספר שנים. לאחר מכן עבד בממשלה כסגן ממונה על מחוז ירושלים ולאחר מכן במחוז דרום ובמסגרת תפקידו סייע לרשויות לשפר את יכולותיהן לספק שירותים מיטיבים בדגש על רשויות הכוללות אוכלוסיות מגזריות. כמו כן הוא עבד במשרדי ממשלה נוספים, בוועדה מחוזית לתכנון ובנייה וכדירקטור ברשות לפיתוח הנגב. כיום הוא גם מוביל במחוז דרום את יישום החלטת הממשלה 2397 לאוכלוסייה הבדואית בהיקפים של 600 מיליון ₪"
רועי לבנון,"מנהל אגף אסטרטגיה וחדשנות, שירות התעסוקה הישראלי","רועי הוא מנהל אגף אסטרטגיה וחדשנות בשירות התעסוקה הישראלי מאז קיץ 2025. בעשור האחרון עבד בממשלה כמנהל אגף מדיניות טכנולוגיה ביחידת הCIO הממשלתית במערך הדיגיטל הלאומי, מנהל אגף חדשנות, מחקר ותעסוקה בתעשיית ההייטק במינהל תעסוקת אוכלוסיות במשרד העבודה ומנהל תחום אסטרטגיה במשרד לשוויון חברתי. לפני הממשלה עסק ביזמות חינוכית וחברתית בשדה הפורמלי והבלתי פורמלי. נשוי לצוף ואבא לאייר ולכרמל. תושב קרית שלום בתל אביב."
ליאור לבנשטיין,"מנהל אגף נשים ויולדות במרכז הרפואי לגליל ומשנה לדיקן לחינוך רפואי וראש ביה""ס לרפואה בפקולטה לרפואה בגליל ע""ש עזריאלי-בר אילן","ד""ר ליאור לבנשטיין הוא מנהל אגף נשים ויולדות במרכז הרפואי לגליל ומשנה לדיקן לחינוך רפואי וראש ביה""ס לרפואה בפקולטה לרפואה בגליל ע""ש עזריאלי-בר אילן. בתפקידו הקודם היה סגן מנהל המרכז הרפואי בני ציון. קודם לכן הוא התמחה כעוזר רפואי בהנהלת הקריה הרפואית רמב""ם בחיפה במסגרת התמחותו במינהל רפואי. לפי כן, שימש כמנהל היחידה המקצועית לגניקולוגיה ברמב”ם. במסגרת תפקידו היה ליאור אחראי על ניהול הפעילות הקלינית של היחידה האשפוזית, והפעילות הכירורגית של היחידה. לצד זאת עסק בניהול הפעילות המחקרית וההוראה ביחידה וכן בהכשרת המתמחים בגניקולוגיה. במקביל שימש ליאור במספר תפקידים נוספים: סגן מנהל אגף נשים ואחראי השירות האורוגניקולוגי בקריה הרפואית רמב”ם וכמנהל מרכז בריאות האישה בקופת חולים לאומית בקרית ביאליק. בנוסף, שימש כיועץ מחוז צפון לגינקולוגיה בקופת חולים לאומית. ליאור הינו פרופסור חבר קליני בפקולטה לרפואה של הטכניון ומכהן כויו”ר החוג לגינקולוגיה ומיילדות. במסגרת עשייתו החברתית היה ליאור חבר בוועדות שונות במועצה המדעית לרפואה, כגון בוועד למתן רישיון מומחה בתחום הגינקולוגיה, מיילדות ואורולוגיה, חבר במועצה המארגנת של וועדת החינוך של האיגוד לרפואת המין האירופי וחבר בוועדת החינוך של החברה האירופאית לכירורגיה רובוטית. התמחות רפואית: לליאור התמחות במנהל רפואי. כמו כן, ליאור מומחה לגניקולוגיה ומיילדות. את התמחותו ביצע בקריה הרפואית רמב”ם, ובהמשך נסע להתמחות-על למשך שלוש שנים בכירורגיה משקמת של רצפת האגן (אורוגינקולוגיה). את הסטאז’ ברפואה ביצע בבית החולים בני ציון."
לבנת לבנשטיין,מנהלת אגף לשירותים חברתיים באלעד,"לבנת היא מנהלת אגף לשירותים חברתיים באלעד, ממונה על מניעת הטרדות מיניות ברשות ויועצת של ראש העיר בנושא אזרחים וותיקיםֶ. היא בוגרת תואר שני קליני בעבודה סוציאלית, ניהלה תחום של צרכים מיוחדים, מרכז למשפחה ועו״ס לחוק הסעד מטעם עיריית מודיעין עילית."
טל לגזיאל,מייסד ומנהל קרן גידור אלגוריתמית,"טל הוא מייסד ומנהל קרן גידור אלגוריתמית, ובמסגרת עבודתו מוביל צוותי מחקר ופיתוח בתחומים טכנולוגיים ובניהול סיכונים מורכבים. לאחר שירות משמעותי בחיל האוויר כטייס קרב וכמדריך בבית הספר לטיסה, עבד טל בתור אנליסט ומנהל השקעות בקרן גידור בשוויץ, וקודם לכן שימש כיועץ בחושן-אליאב - חברה להנדסת מערכות המתמחה בתעשיות ביטחוניות."
אופיר להב,עצמאי ויזם באנגליה,"אופיר הוא עצמאי ויזם באנגליה. בעברו שימש כסמנכ""ל תכנון מדיניות תקציבים ומחקר, משרד העלייה והקליטה, לאחר שכיהן מס' שנים כמנהל אגף בכיר לתכנון מדיניות, תקצוב ומחקר במשרד. קודם לכן, שימש כמנהל אגף התקציבים במשרד העלייה והקליטה. אופיר גם כן עבד בלונדון ככלכלן בתפקיד רכישות ופיתוח עסקי בחברת ייזום ואחזקות נדל“ן. בנוסף, נבחר והתמחה בוועדה הכלכלית - חברתית 'EESC' בבריסל של האיחוד האירופי. לאחר סיום הלימודים, הדריך קבוצות ותלמידים בשכונות מצוקה בנושא חינוך פיננסי במסגרת פרויקטים שונים. את שרותו הצבאי סיים אופיר כקצין סיורים משותפים עם הרשות הפלשתינית בדרגת סגן."
הדס להב,"מנהלת התוכן והמדיניות של תנועת ""הרבעון הרביעי"", יועצת לאסטרטגיה תקשורתית ואסטרטגיית תוכן","אשת תקשורת בכירה ומנהלת מהלכי תוכן, בעלת חברה לייעוץ אסטרטגי-תקשורתי ו-Storytelling לסטרטאפים וארגונים. שותפה במספר מיזמים חברתיים - סטרטאפ חברתי-טכנולוגי להפחתת קיטוב ורעל ברשתות חברתיות, ויוזמה להכפלת מספר הנשים בראש רשויות מקומיות. הקימה וניהלה את יחידת ה-Storytelling של מעוז, במסגרתה הובילה את האסטרטגיה התקשורתית והשיווקית של הארגון. עד שנת 2018 שימשה בתפקידי ניהול בכירים בתקשורת - בתפקידה האחרונים כיהנה כסגנית עורך ""ידיעות אחרונות"" ומשנה לעורך ynet. מלמדת ומרצה על שימוש בתקשורת ובדעת קהל ככלי לשינוי חברתי במכללת ספיר ובמרכז להכשרת מנהלים באוניברסיטת רייכמן. בעלת תואר ראשון במשפטים ומדע המדינה מאוניברסיטת תל אביב, בעלת תואר שני בהצטיינות במשפטים מאוניברסיטת בר אילן."
סיון להבי,"סמנכ""ל תקציבים ובקרה מנהלת תקומה משרד ראש הממשלה","סיון הוא סמנכ""ל תקציבים ובקרה מנהלת תקומה משרד ראש הממשלה. בעברו שימש כמשנה למנכ""ל משרד הפנים, וכמנהל אגף תקציבים במשרד הפנים. לפני כן היה סגן מנהל המינהל לשלטון מקומי ומנהל האגף לפיתוח כלכלי במשרד הפנים. במסגרת תפקידו היה אחראי על מיסוי מוניציפלי (ארנונה), על מפת השלטון המקומי - שינויי גבולות וחלוקת הכנסות ועל אשכולות אזוריים - שיתופי פעולה מרחביים, תוכנית רשויות ערביות מצטיינות ותחום רישוי העסקים. הוא קידם רפורמות משמעותיות בתחומים אלה ובהן ריכוז הוועדה לשינויים מבניים בארנונה, הקמת הקרן לצמצום פערים, הקמת מערך הוועדות הגיאוגרפיות הקבועות, הקמת אשכולות אזוריים חדשים וקידום הרפורמה לרישוי עסקים דיפרנציאלי. קודם לכן שימש כרפרנט באגף התקציבים של משרד הפנים, כיהן כתקציבן השלטון המקומי והיה מופקד על תקציב שנתי של כ-5-מיליארד ₪. בשנים 2010-2009 היה סיון עוזרו הכלכלי של מנכ""ל משרד הפנים."
תום להד,"יו""ר חברת SupPlant וחברת Lynxight","תום הוא יו""ר חברת סופלנט. בתפקידו הקודם כיהן כשותף מנהל קרן בורסייט ולפני כן היה סמנכ""ל מעוז. בעבר הוא ייסד את תוכנית קריאת כיוון המכינה לשירות הציבורי ובמקביל שימש כמורה לתנ""ך בתיכון עיינות ירדן בגליל העליון והנחה וליווה תהליכי שינוי בבתי ספר בצפון מטעם המכון לחינוך דמוקרטי במסגרת תוכנית חלוץ חינוכי. תום הקים וניהל את השמיים אינם הגבול - תוכנית לקידום מנהיגות בתחום הציבורי, החינוכי והיזמי בקרב בוגרי חיל האוויר לאחר שחרורו משירותו הצבאי כטייס קרב."
מיכל להנר,"Investor Relations Director, Qumra Capital","מיכל הצטרפה Qumra Capital בשנת 2023 עם ניסיון רב ביחסי משקיעים ופיננסים שנצבר במגזר השלישי.
בתפקידה הקודם, כיהנה כסמנכ""לית כספים ותפעול במעוז, שם היא ניהלה את תחום פיתוח המשאבים והפיתוח הארגוני.
לפני הגעתה למעוז, הצטרפה לקורס הצוערים של משרד החוץ ולאחר סיומו עבדה באגף אמריקה הלטינית ומילאה את תפקיד המזכיר הראשון והקונסול בקוסטה ריקה ואת תפקיד המזכיר הראשון בקולומביה. בהמשך דרכה במשרד החוץ, עבדה באגף ארגונים בינלאומיים והתמקדה בזירה המולטילטרלית. לפני כן שימשה כקניינית במשלחת הרכש של משרד הביטחון בנציגות ישראל בניו יורק, שם הובילה את תחום הרכש של מערך התובלה של חיל האוויר. עם סיום תפקידה ושובה לארץ, הצטרפה לחברת נוקיה סימנס (NSN), מחלקת מיזוגים ורכישות, שם ניהלה תחומים מגוונים במסגרת מיזוג חברת הזנק ישראלית שנוקיה סימנס רכשה. בראשית דרכה המקצועית מיכל התמחתה אצל סגן הסנגור הארצי במשרד המשפטים.
מיכל היא עורכת דין בעלת תואר ראשון במשפטים מהאוניברסיטה העברית בירושלים."
אורי לוונטר-רוברטס,מנהל פיתוח בחברת ההפקה ג.ג זהר,"אורי הוא מפתח תוכן עסקי ב-ג.ג זהר בע""מ. לפני כן שימש כמנכ""ל המשרד הישראלי של UJA (הפדרציה היהודית של ניו יורק). במסגרת תפקידו היה אחראי על הובלת החשיבה האסטרטגית שמכוונת את ההקצאות הפילנתרופיות של הפדרציה בישראל בהיקף של כ-30 מיליון דולר בשנה. כמו כן הוא עסק בבניית מעמדה הציבורי של הפדרציה ובפיתוח שותפויות. את דרכו בארגון החל כמנהל תכנון אסטרטגי במטה הארגון בניו יורק, שם ניהל בין השאר את השקעות הפדרציה בנושא יוצאי אתיופיה, החברה החרדית והחברה הערבית בישראל. בעברו עבד אורי בתפקידים בכירים בעיתונות האלקטרונית והכתובה. הוא שימש כעורך משנה של המהדורה המרכזית של ערוץ 10 ושל תוכניות חדשות נוספות בערוץ ולפני כן כראש דסק במחלקת החדשות בעיתון הארץ. בשהותו בארצות הברית עסק אורי בעשייה חברתית, היה מעורב בארגון הקהילה הישראלית בניו יורק, והקים שלוחה פעילה ראשונה של עמותת יוצאי 8200 בחו""ל."
ליסה לוי,חברת סגל ואחראית התנסות מעשית בבי״ס מנדל למנהיגות חינוכית,"ליסה חברת סגל בבי״ס מנדל למנהיגות חינוכית ואחראית על ההתנסות המעשית של העמיתים. בנוסף היא  ראשת תחום יסודי בתוכנית ELA לפיתוח עתודה ניהולית ברשת דרכא. לפני כן עמדה בראש תחום עתודת מנהלים במכון אבני ראשה. במסגרת תפקידה זה הייתה אחראית על תהליכי האיתור, המיון וההכשרה לניהול של פרחי ניהול מרחבי הארץ. קודם לכן היא ניהלה במשך שמונה שנים את בית הספר הניסויי יחד מודיעין, המשלב ילדים מאורחות חיים יהודיים מגוונים - דתיים, חילוניים וכל מה שביניהם על הרצף - תוך חתירה לחינוך לזהות יהודית ציונית ובניית מרחב ציבורי משותף. ביה""ס פעל כחלק מקהילת יחד הדוגלת בתפיסה קהילתית וחינוכית רחבה, ובמסגרת קמפוס משלב הכולל גנים, בית ספר יסודי, תיכון ובית ספר גוונים לחינוך מיוחד. קודם לכן לימדה ליסה בבית ספר יהודי בניו יורק ובראשית דרכה המקצועית עסקה במשך כעשר שנים בעריכת דין."
אינסה גולדנברג לוי,"היועצת המשפטית בחברת נמל אשדוד בע""מ","אינסה היא היועצת המשפטית של החברה הממשלתית נמל אשדוד בע""מ. עורכת דין בעלת ותק של מעל 20 שנים, מתמחה במשפט מינהלי-ציבורי, ומובילה את תחום היזמות השלטונית במקרקעין עירוניים/ציבוריים. כיהנה עד לאחרונה כיועצת המשפטית של עיריית ראשון לציון, העיר הרביעית באוכלוסייתה בישראל, ובמסגרת תפקידה הייתה אחראית על כלל השירותים המשפטיים שמוענקים לעירייה במגוון רחב של נושאים, לרבות מקרקעין, תכנון ובנייה, מיסוי מוניציפלי ותשלומי חובה, חוזים מכרזים והתקשרויות, משפט מינהלי, תביעה ואכיפה עירונית, דיני עבודה ומשמעת ועוד. קודם לכן, במשך כ-16 שנים, כיהנה אינסה כשותפה מנהלת ומייסדת של משרד עורכי דין עפר שפיר ושות' - משרד בוטיק שמתמחה בתחום השלטון המקומי ומעניק שירותים לעשרות רשויות מקומיות, וכעו""ד בשירות השלטון המקומי, התאגידים המוניציפליים, החברות הממשלתיות וגופים ציבוריים נוספים."
רות קנולר לוי,"ראשת אגף תכנים, תוכניות הדרכה והשתלמויות במינהל חברה ונוער במשרד החינוך","רות היא ראשת אגף תכנים, תוכניות הדרכה והשתלמויות במינהל חברה ונוער במשרד החינוך החל משנת 2018. במסגרת תפקידה היא מנהלת 18 מרכזי הדרכה במחוזות ובמטה כמרכזי למידה ופיתוח. בנוסף, היא מייסדת ומנהלת את תוכנית הצוערים לחינוך הבלתי פורמלי לרשויות מקומיות פריפריאליות במסגרת עתודות לישראל, שותפות של משרד החינוך ועמותת שותפויות רוטשילד הפועלת מטעם קרן אדמונד דה רוטשילד. כמו כן רות מובילה את פיתוח המאגר הלאומי לשעת חינוך ואת תוכנית הלימודים החברתית במסגרת הפיתוח לתכנים חברתיים, ואחראית על הכשרת בעלי תפקידים ומנהלים בכירים בחינוך החברתי, על המעורבות החברתית, על ההכנה לצה""ל ועל המנהיגות הצעירה במשרד החינוך, וגם מובילה את התוכנית האסטרטגית של המינהל והחינוך הבלתי פורמלי."
ציונה לוי,מנהלת אגף א׳ שפות במזכירות הפדגוגית במשרד החינוך,"ד״ר ציונה לוי היא מנהלת אגף א’ שפות במזכירות הפדגוגית במשרד החינוך בישראל, שם היא מובילה את עיצוב מדיניות הוראת השפות ברמה הלאומית והטמעת תוכניות לקידום הוראת 14 שפות במערכת החינוך, הכוללות שפות ליבה (עברית וערבית, הנלמדות כשפות אם או כשפות נוספות בהתאם למגזר ואנגלית), שפות חובה (צרפתית וערבית לבתי ספר עבריים) ושפות בחירה (ספרדית, איטלקית, רוסית, סינית, גרמנית, יידיש ואמהרית). 

ציונה פיתחה והובילה את התוכנית הלאומית לקידום האנגלית, שמטרתה לשפר את רמת האנגלית של תלמידי ישראל ולהתאים אותה לסטנדרטים בינלאומיים. במסגרת זו:

• תוכנית הלימודים באנגלית עודכנה כדי להתאים להמסגרת האירופית המשותפת לשפות (CEFR), וכך להבטיח שהכישורים הנרכשים יהיו רלוונטיים ברמה הגלובלית.

• הושם דגש על פיתוח מיומנויות אוריינות ושימוש באנגלית כשפה תקשורתית, עם דגש על השפה הדבורה.

• שולבו מתודות הערכה חדשניות שמתמקדות בתהליך הלמידה וכן שולבה טכנולוגיה בהוראה ובהערכה של שפה דבורה. במסגרת זו פותחו סביבות למידה דיגיטליות ללימוד שפות, כולל פלטפורמות אינטראקטיביות וסימולציות שיח.  

ציונה מחויבת להעצמת המורים ולהתמקצעותם. במסגרת זו היא ייסדה 68 קהילות למידה מקצועיות למורים ברחבי ישראל, המתמקדות בשיפור ההוראה, פיתוח שיח מקצועי ושיפור האנגלית הדבורה של המורים עצמם.

הקריירה שלה בתחום החינוך החלה בהוראת אנגלית, ובהמשך שימשה מדריכה מחוזית, מנחה במרכז להכשרת מורים, וכן הובילה את תחום האנגלית ברשת החינוך אורט. היא בעלת דוקטורט בתחום מבחני שפה מאוניברסיטת תל אביב, ופרסמה מאמרים בינלאומיים בנושאי הערכה דינמית, אוריינות ושימוש בהערכה לשיפור הלמידה.

המטרה המרכזית של ציונה היא לפתח שותפויות אסטרטגיות לקידום הוראת שפות בישראל ולחזק את הקשר בין מערכת החינוך לצרכים האקדמיים והתעסוקתיים של המאה ה-21."
מאיה הופמן לוי,מנהלת מרכז הפיתוח של Dell Technologies בבאר שבע,"מאיה היא מנהלת מרכז הפיתוח של Dell Technologies בבאר שבע. לפני כן שימש כמנכ""לית מרכז הפיתוח של Dell EMC בבאר שבע משנת 2013 והחלה את דרכה ב- EMC ישראל בשנת 2011. במסגרת תפקידה הקודם הייתה אחראית על ניהול הפעילות של Dell EMC בנגב, על הרחבת פעילותה, על העמקת הקשרים עם אוניברסיטת בן-גוריון, על תמיכה בפיתוח הקהילה באזור הדרום ועל ביסוס היכולות ארוכות הטווח של החברה בנגב. מאיה היא אשת משאבי אנוש והחלה את דרכה המקצועית במסגרת שירותה הצבאי כמאבחנת מחקר בממד""ה. בהמשך מילאה תפקידים כגון דירקטורית משאבי אנוש בחברת Atlantium Technologie, מנכ""לית חברת ++See ומנהלת משאבי אנוש בחברת Compugen."
גדי לוי,"יזם ויועץ אסטרטגי בתחום הבריאות | מלווה ארגונים בהובלת שינוי, פיתוח שירותים וצמיחה.","בעשרים השנים האחרונות כיהן גדי במגוון תפקידי ניהול ופיתוח מערכות בריאות במגזר הציבורי והפרטי. בין היתר, כמשנה ליו״ר צבר רפואה - בית חולים בבית,  כמנהל השיווק והפיתוח העסקי של המרכז הרפואי רבין (ביה""ח בילינסון וביה""ח השרון), מנהל כלל השירותים שמחוץ לסל בביה""ח בילינסון, סמנכ""ל שיווק ופיתוח עסקי של בית החולים הרצליה מדיקל סנטר, סמנכ”ל בקבוצת עמל ומעבר, ומנכ""ל רשת ת.ל.מ - רשת ארצית לטיפול פסיכולוגי ומערך בריאות הנפש"
אלי לוי,"סמנכ""ל כלכלה ופיתוח וסגן ראש חטיבה המרכזים הרפואיים הממשלתיים, משרד הבריאות","החל משנת 2019 משמש בתפקיד מנהל אגף תקצוב ותמחור בחטיבת המרכזים הרפואיים הממשלתיים, במשרד הבריאות. במסגרת תפקידו  אחראי על לגיבוש סטנדרטים והנחיות מקצועיות מחייבות בתחומים הכלכליים ובהוצאת תכניות עבודה תקציביות למרכזים הרפואיים. בנוסף אחראי על ייצוג בתי החולים התחומים הרגולטורים בין היתר תמחור פרוצדורות, כללי התחשבנות בין מרכזים רפואיים  לקופות חולים, מודל תקצוב ועוד. לפני כן עבד 4 שנים במשרד הכלכלה בתפקיד מנהל תחום ביקורת ביצוע השקעות במשרד הכלכלה ועוד קודם לכן בשנים 2012-2015 עשה סטאג' בראיית חשבון והיה רו""ח מבקר בפירמת  BDO  זיו האפט ושות'."
ניר לוינגר,"מנכ""ל הפעילות בישראל (CBC) של קבוצת קוקה-קולה","ניר הוא מנכ""ל הפעילות בישראל של קבוצת קוקה-קולה. הוא בעל ניסיון רב בניהול אנשים, בהובלת תהליכים בתחום המכירות ובעיסוק נרחב בבניית אסטרטגיה עסקית, שיווקית ומסחרית בסביבה קמעונאית."
יצחק מלאכי לוינגר,מקדם את תחום יהדות התפוצות,"יצחק עוסק בקידום נושא יהדות התפוצות. לפני כן שימש כראש המועצה המקומית קריית ארבע ובמסגרת תפקידו היה אחראי על ניהול ותפקוד תקין של הרשות כולל נושאי תכנון ובנייה והובלת תוכניות לפיתוחה. קודם לכן היה מנכ""ל המרכז החינוכי במדרשת חברון ולפני כן ניהל את האגודה השיתופית שבות רחל ועסק בליווי והקמת היישוב משלביו הראשונים. יצחק עבד כשליח הסוכנות היהודית בכמה מדינות בברית המועצות, ובמסגרת הסוכנות היהודית גם עסק בקליטת עולי מבצע שלמה מאתיופיה, תוך ליווי והכשרת צוות ההדרכה שסייע להם להיקלט בארץ."
רבקה לויפר,"סמנכ""לית כלכלה ופיננסים ברשות החשמל","רבקה מכהנת כסמנכ""לית כלכלה ופיננסים ברשות החשמל. זאת לאחר מספר תפקידים באגף התקציבים במשרד האוצר בתחומים שונים - תכנון ומקרקעין, רווחה, ביטוח לאומי וקליטת עלייה."
עדי לויתן,"מנכ""לית אנלייט, חברה גלובלית מובילה בתחום האנרגיות המתחדשות","עדי מכהנת כמנכ""לית חברת אנלייט, שחקנית מובילה ובולטת בתחום האנרגיות המתחדשות בארץ ובעולם. היא מביאה עמה יותר משני עשורים של ניסיון ניהולי בכיר בחברות גלובליות. לפני הצטרפותה לאנלייט כיהנה בתפקידי הנהלה בכירים בחברת 3M, שנמנתה עם חברות ה-Fortune 100. בתפקידה האחרון ב־3M כיהנה כמנכ״לית חטיבה. קודם לכן הייתה שותפה בחברת הייעוץ מקינזי בה עבדה 15 שנים בסין, בישראל ובארצות הברית.

לעדי תואר ראשון בהצטיינות יתרה בכלכלה ובלימודי מזרח אסיה מהאוניברסיטה העברית בירושלים, וכן דיפלומה בלימודי השפה הסינית מאוניברסיטת בייג'ינג ומאוניברסיטת צ'ינגחואה. בצעירותה עבדה עדי עם קבוצות בני נוער יהודים מהתפוצות."
עמנואל (מנו) פיקאר לויתן,"מנהלת האחיות, הדסה עין כרם","התחלתי את מסעי המקצועי כאחות במחלקת אונקולוגיה ילדים בביה""ח הדסה. במקביל הרציתי בבית הספר לסיעוד באוניברסיטה העברית. את התפקיד הניהולי הראשון עשיתי כאחות ראשית במחלקת ילדים, במסגרת זו הקמתי את אשפוז יום ילדים.
בהמשך  עסקתי בניהול  רוחבי של ביה״ח כאחות מנהלת תורנית.
במשך חמש שנים ניהלתי את הסיעוד בבית החולים השיקומי לילדים אלי""ן,
ובשנים האחרונות אני מובילה את הסיעוד בהדסה עין כרם."
רחל לוצאטי,ראש מערך אישורי תרופות ורופאה אחראית לאישורים ומידע בכללית,"ד""ר רחל לוצאטי היא ראש מערך אישורי תרופות ורופאה אחראית לאישורים ומידע בכללית. קודם לכן שימשה כרופאה אחראית במוקד סיוע לאישורים רפואיים במחוז צפון של שירותי בריאות כללית. בתפקידה הקודם היא הובילה תהליכי שירות וקידום בריאות של שירותי בריאות כללית במחוז חיפה. במסגרת תפקידה כמנהלת המרפאות של הכללית בחיפה היא אחראית על בניית תוכניות עבודה ועל הובלת תהליכים ארגוניים תוך ליכוד הצוות ורתימתו לקידום בריאות המטופלים. כמו כן היא חלק ממערך החירום ביישוב שהיא מתגוררת בו. בשנים 2012-2005 היא הייתה רופאת משפחה ומנהלת מרפאה של שירותי בריאות כללית בכרמיאל שנתנה שירותי רפואה ראשונית ורפואה יועצת, ועל ניהול מרפאה זו ועל הובלת תהליכי בריאות נוספים בעיר קיבלה פרס מצוינות בניהול ממנכ""ל הכללית. קודם לכן הייתה רופאת משפחה במרפאה של שירותי בריאות כללית בנהריה. במסגרת עשייתה החברתית היא הקימה קבוצות ברשתות החברתיות לשיתוף ולסיוע הדדי קהילתי והשתתפה בפעילות בקהילת החדשנות של החברה לפיתוח חיפה -.Bewellhaifa, בשנים 2012-2001 היא הדריכה בבתי ספר שונים בנושאים כגון חינוך מיני, נזקי עישון ועוד ובמקביל הדריכה עולים חדשים מבני המנשה במעון הקליטה שלהם והעניקה להם טיפול רפואי. כמו כן היא הייתה רופאה של חיילי צד""ל ובני משפחותיהם עד שעברו לבתי הקבע שלהם. רחל היא בוגרת בית הספר לרפואה של הדסה עין כרם ומומחית ברפואת משפחה מטעם הטכניון. את הסטאז' ברפואה עשתה במרכז הרפואי זיו בצפת."
עינב לוק,מנהלת אגף בכיר שירות פסיכולוגי ייעוצי במשרד החינוך,"עינב היא מנהלת אגף בכיר שירות פסיכולוגי ייעוצי במשרד החינוך. בתפקידה הקודם היא כיהנה כמנהלת אגף תוכניות סיוע ומניעה – גם הוא במסגרת זו ושם היא הובילה פיתוח של תוכניות מערכתיות לקידום רווחה נפשית ולצמצום התנהגויות סיכון במערכת החינוך. התוכניות הנ""ל עוסקות באקלים מיטבי, בצמצום אלימות ובריונות, בקידום מיניות בריאה, במניעת פגיעה מינית בקרב ילדים ומתבגרים, במניעת שימוש לרעה בסמים, אלכוהול וטבק, בקידום התנהלות מיטבית ברשת ובמניעת פגיעה מקוונת, בכישורי חיים ובקידום שותפות הורים ומערכת החינוך. לפני כן היא הייתה מנהלת היחידה לקידום אקלים מיטבי וצמצום אלימות בשפ""י ובמסגרת זאת הייתה אחראית על פיתוח התוכנית המערכתית המופעלת בישראל בתחומי האקלים, האלימות וההתמודדות עם בעיות התנהגות תוך יצירת התאמות תרבותיות ומגזריות והתאמה למציאות המשתנה. את דרכה החלה עינב כיועצת חינוכית בבית ספר יסודי בבאר שבע, ובהמשך הייתה מדריכה במחוז דרום לקידום אקלים מיטבי ולצמצום אלימות ושם הובילה תהליכים רשותיים והדריכה בתי ספר רבים בכל שלבי החינוך הממלכתי ובחברה הבדואית."
לימור לוריא,"סמנכ""לית וראשת אגף שיקום במשרד הביטחון","לימור היא סמנכ""לית וראשת אגף שיקום נכים במשרד הביטחון. בתפקידה הקודם שימשה כיועצת מקצועית לשר העבודה, הרווחה והשירותים החברתיים. לפני כן שימשה כסגנית ראש מינהל הגמלאות ומנהלת אגף נכות המוסד בביטוח לאומי. קודם לכן שימשה כמנהלת אגף א' נכות במוסד לביטוח לאומי, והייתה מופקדת על מערך הקצבאות לבעלי נכויות. בנוסף, הייתה שותפה בגיבוש מדיניות בכל הנוגע להליכי חקיקה הקשורים במקבלי הקצבאות ותנאי זכאותם ואחראית על השירות הניתן לבעלי נכויות בכל הארץ. בין השנים 2005-2009 שימשה לימור כיועצת סמנכ""ל קצבאות במוסד לביטוח לאומי. בארבע השנים שקדמו לכך עבדה לימור כעוזרת מנכ""ל המוסד לביטוח לאומי. בשנים 1994-2000 שימשה לימור כמזכירת מועצת הביטוח הלאומי, המהווה את דירקטוריון המוסד לביטוח הלאומי ובמקביל עבדה כמתרגלת בחוג ליחסים בינלאומיים באוניברסיטה העברית."
חנן לזימי,"סגן בכיר לממונה על השכר והסכמי עבודה, משרד האוצר",משמש כיום כסגן הממונה על השכר במשרד האוצר. אחראי על יחסי העבודה והסכמי השכר במשרדי הממשלה וכן על נושאי מאקרו של אגף השכר. עובד במשרד האוצר כ-9 שנים
נדב לחמן לזר,"מנהל מינהל פיתוח כלכלי בשלטון המקומי, משרד הפנים","נדב משמש כמנהל מינהל פיתוח כלכלי בשלטון המקומי, במשרד הפנים. בעבר שימש כמנהל מחוז מרכז במשרד הבינוי והשיכון, מנהל אגף בכיר נכסים וחברות וכיועץ בכיר למנכ""ל המשרד, עבד כעוזר למנכ""לית המכון למנהיגות וממשל (אלכא) בג'וינט ישראל, וכיהן כיו""ר ומנכ""ל אגודת הסטודנטים למדעי הטבע בגבעת רם, וכסגן יו""ר אגודת הסטודנטים של האוניברסיטה העברית. משרת במילואים כמפקד תא תכנון בחטיבת שריון בדרגת סא""ל."
אסף ליברמן,מגיש בטלוויזיה וברדיו כאן בתאגיד השידור הישראלי,"אסף הוא עיתונאי, מגיש תוכנית הרדיו קלמן-ליברמן בכאן רשת ב', המשדרת מדי בוקר לכ-500 אלף מאזינים, עוסקת באקטואליה היומיומית בישראל ובעולם ומארחת את קובעי המדיניות בארץ: פוליטיקאים, כלכלנים, גורמי ביטחון ועוד. במקביל, הוא מגיש בכאן 11 בטלוויזיה את תוכנית התחקירים זמן אמת ואת התוכנית הפוליטית השבועית ""הכל פוליטי"". בעבר מילא תפקידים עיתונאיים וניהוליים בגלי צה""ל, ביניהם מגיש יומן הבוקר של התחנה וסגן ראש מחלקת החדשות. כיום אסף גם מרצה לעיתונאות באוניברסיטת אריאל ומשדר מוזיקה בתחנת הרדיו כאן 88."
אלישבע ליוש,מהנדסת העיר קריית מלאכי,"אלישבע היא מנהלת תכנון ביצוע בחטיבת המבנים במוריה - חברה לפיתוח ירושלים. בתפקידה הקודם כיהנה כמהנדסת מועצה מקומית אורנית, וקודם לכן הייתה מהנדסת העיר ומנהלת אגף הנדסה בעיריית מודיעין עילית ושימשה כחברת דירקטוריון בחברה הכלכלית של העיר מודיעין עילית. מתוקף תפקידה הייתה אחראית על כל התחום הפיזי בעיר ברמת התכנון, הסטטוטוריקה, התחזוקה ופיתוח העיר"
שמואל ליטוב,בעלים של חברת א.ש.ל לייעוץ אסטרטגי וניהול פרויקטים ומנכל תאגיד ליבוא עובדים זרים לבנייה,"לצד עיסוקו בחברות פרטיות, שמואל מכהן כיום כיו""ר הדירקטוריון של החברה הממשלתית לשיקום מצוקי הים התיכון, בנוסף, כחבר בדירקטוריונים ציבוריים וביניהם-  קופת חולים מאוחדת, סגן יו""ר קק""ל, בניני האומה, הרשות לניירות ערך.
בתפקידו האחרון שימש שמואל כמנכ""ל עיריית בני ברק בין השנים 2019-2024. בתחילת דרכו המקצועית עבד כיועץ מקצועי ליו""ר ועדת הכספים ח""כ משה גפני במסגרת תפקידו ריכז את קשריו עם משרדי ממשלה וכיהן כחבר בוועדה בראשות השופטת שרה פריש לקביעת קריטריונים למתן הכרה למוסדות ציבור לפי סעיף 46 לפקודת מס הכנסה. לאחר מכן הוא היה ראש אגף בכיר פריפריה חברתית במשרד לפיתוח המגב והגליל. במקביל, כיהן שמואל כחבר מועצה ממונה ביישוב מג'דל שמס ברמת הגולן."
נעה ליטמנוביץ,"סמנכ״לית כספים, Baromar","נעה היא ראשת אגף בכיר כלכלה ברשות לתחבורה ציבורית. לפני כן הייתה ראשת יחידת אסטרטגיה באגף התקציבים במשרד האוצר ובמסגרת תפקידה שימשה כיועצת לממונה על התקציבים. כמו כן היא פעלה כיועצת הבכירה למנכ""ל משרד האנרגיה ובמסגרת זו הייתה אחראית עלן נושאי ליבה של המשרד ובהם פיתוח משק הגז הטבעי ותכנון אסטרטגי של משק האנרגיה. קודם לכן עבדה נעה ככלכלנית במועצה הלאומית לכלכלה במשרד ראש הממשלה, שם עסקה בנושאי דיור ואנרגיה."
גילי לייבושור,מנהלת יוזמת אורחא - בשביל צמיחה רגשית וחברתית בישראל,"גילי היא פסיכולוגית קלינית, עוסקת בפיתוח תחום הלמידה הרגשית-חברתית בישראל. מנהלת כיום את יוזמת ה SEL אשר שואפת לחזק את המוביליות החברתית של ילדים ונוער מאוכלוסיות מוחלשות באמצעות פיתוח, הפצה והטמעה של ידע, מודלים ומנגנונים מבוססי ראיות מההקשר הישראלי המשפרים את היכולת של ילדים וילדות לווסת רגשות, להתמודד עם אתגרים וכשלונות ולבנות מערכות יחסים אפקטיביות - במערכת החינוך הפורמלית והבלתי פורמלית. גילי חברה בועדת ההיגוי הבינלאומית של ארגון קרנגה (KARANGA-The Global Alliance for SEL). בעבר חברת צוות מו""פ באבני ראשה, בו עסקה בפיתוח תהליכי פיתוח מקצועי למנהיגות בית ספרית השאובים מעולמות ה SEL והתמיכה בצרכים פסיכולוגיים של צוותים חינוכיים ומנהיגות חינוכית. תרגמה וערכה את ""המדריך הבית ספרי להטמעה של למידה רגשית-חברתית"" והיתה אחת הכותבת של המאמר ""ניהול מצמיח: כיצד מצמיחים צוות חינוכי שמרגיש במיטבו ומתפקד היטב"". קודם לכן, גילי עבדה בשפ""ח קרית גת בו הקימה את המרכז הטיפולי וכמו כן, מתוך התמחותה בעבודה עם טראומה עבדה במרכז החוסן שבמועצה האזורית חוף אשקלון."
מאהר אבו ליל,גזבר המועצה המקומית עין מאהל,"מאהר הוא גזבר המועצה המקומית עין מאהל משנת 2014. את התמחותו עבר במשרד של רו""ח אברהם קטן בירושלים, ובשנים 2003-2002 המשיך את ההתמחות במשרד רו""ח אימאן זועבי בנצרת. בשנים 2008-2003 הוא היה מנהל כספים וחשב שכר בחברת תנורגז תעשיות בטבריה. בשנים 2013-2010 היה מנהל כספים במפעל תמנע מוליכים באזור התעשייה תרדיון. בשנים 2013-2010 ליווה עסקים כחונך מטעם משרד התמ""ת, ובהמשך ערך ביקורות מטעם משרד הפנים במועצה מקומית שעב דרך משרדו של רו""ח ויסמן דוד. בשנים 2013-2003 שימש כרו""ח עצמאי בעל משרד לראיית חשבון בעין מאהל ועסק בייצוג לקוחות מול רשויות המס, הגשת דוחות לעצמאיים ולחברות, ביקורת דוחות כספיים לחברות ולעמותות וליווי עסקים מול בנקים. בשנת 2020 היה חונך עסקי מטעם משרד התעשייה, המסחר והתעסוקה."
דליה לין,מנהלת מנהל החינוך בעיריית תל אביב - יפו,"דליה היא מנכלי""ת מועצת גני תקווה. בעברה ניהלה את אגף החינוך בעיריית רמת גן, ובמסגרת תפקידה הייתה ממונה על כל מערכת החינוך בעיר, כולל תחום הצעירים והספורט. קודם לכן הייתה מנהלת בית ספר תיכון ברעננה ומפקחת כוללת במשרד החינוך. את עבודתה במערכת החינוך החלה דליה בתיכון בליך ברמת גן כמורה לאזרחות, כמחנכת וכסגנית מנהל התיכון."
יעל לינדנברג,"סגנית הממונה על התקציבים, אגף התקציבים משרד האוצר","מאז מרץ 2023 רכזת צוות הבריאות באגף התקציבים. במסגרת התפקיד אחראי מטעם משרד האוצר על תקצוב משרד ומערכת הבריאות בסך של עשרות מיליארדי שקלים. לצד זאת, מובילה תהליכה חקיקה ונויים מבניים בתחומים אלה. בנוסף, משמשת כדירקטורית בחברת רכבת ישראל. בתפקידה הקודם יעל היתה רכזת השיכון והדתות באגף התקיבים ורפרנטית בצוות התעסוקה."
שי לינדנר,"סמנכ""ל כספים בקבוצת שפיר","שי הוא סמנכ""ל כספים בקבוצת שפיר. בתפקידו הקודם היה מנהל זכיינות תחבורה בחברת שפיר הנדסה ומנכ""ל של כביש 6, כביש 16 ורכבת קלה ירושלים. לפני כן היה יועץ כלכלי לשר הכלכלה והתעשייה, ובמסגרת תפקידו עסק בין השאר בעידוד השקעות, בחדשנות ובעסקים קטנים ובינוניים. בעבר מילא מגוון תפקידים בחברת פז נפט במשך שבע שנים."
מולי לינדר,מנהל המרכז הרפואי שער מנשה,"ד""ר מולי לינדר הוא מנהל המרכז הרפואי לבריאות הנפש שער מנשה החל משנת 2026. קודם לכן ניהל במשך חמש שנים מחלקה פסיכיאטרית פתוחה ומערך לטיפול בנפגעי/ות טראומה מינית ועבד כסגן מנהל בבית החולים. לפני כן עבד 11 שנים בבית החולים הפסיכיאטרי לב השרון, שם התמחה ובהמשך עבד כרופא בכיר. הוא חבר סגל וראש החוג לפסיכיאטריה בפקולטה לרפואה של הטכניון ופעיל מאוד בתחום הוראת סטודנטים לרפואה ומתמחים. בעבר הוא כיהן כמה קדנציות כחבר ועד איגוד הפסיכיאטריה בהר""י, ובועד היפ""ם – האיגוד לקידום מניעה, אבחון וטיפול בטראומה מינית. מולי הוא מומחה בפסיכיאטריה ובמינהל רפואי – ובתחום זה התמחה בשער מנשה, בהלל יפה ובחטיבת המרכזים הרפואיים הממשלתיים במשרד הבריאות. את הסטאז' עשה בבית החולים מאיר."
רוני לינדר,עורכת מוסף סוף השבוע של TheMarker,"רוני היא עורכת מוסף סוף השבוע של העיתון הכלכלי TheMarjer. לפני כן הייתה כתבת ובעלת טור בנושא כלכלת בריאות בעיתון TheMarker משנת 2008, וכן כתבת מגזין ותחקירים בכירה ופרשנית. היא ייסדה את תחום סיקור כלכלת הבריאות בעיתון, והיא כותבת כתבות עומק ותחקירים על מערכת הבריאות בדגש על כלכלת בריאות ומדיניות בריאות. קודם לכן עבדה בעיתון TheMarker ככתבת צרכנות וערכה כתבות תחקיר בנושאים כגון בנק הדם הטבורי, יוקר המחיה וחשיפת עוולות צרכניות. בשנים שקדמו לכך שימשה כעוזרת מנכ""לית וסגנית דוברת המועצה הישראלית לצרכנות. בשנת 2011 הייתה חברה בקבוצה המייסדת של ארגון העיתונאים ושימשה כחברת מזכירות הארגון וכחברה במועצת העיתונות מטעם הארגון."
אילאיל שחר ליס,"משנה למנכ""ל חטיבת החדשות בתאגיד השידור כאן, וחברה במועצת העיתונות","אילאיל היא משנה למנכ""ל חטיבת החדשות בתאגיד השידור כאן. בעברה עבדה כראש מחלקת החדשות בגלי צה”ל ובמסגרת תפקידה הייתה אחראית על מהדורות החדשות שמשודרות בתחנה, על תוכניות האקטואליה ועל הכתבים – החיילים והאזרחים. עוד היא משמשת כפרשנית מדינית של גלי צה""ל תפקיד שמילאה יותר מעשור, ובמסגרתו התלוותה לעיתים לנסיעות ראש הממשלה לחו""”ל."
אודי ליפשיץ,מנכ״ל bluED,"אודי הוא יזם ומנכ""ל ארגון bluED  אשר לוקח השראה מעקרונות ה״אזורים הכחולים בעולם״ אזורים בהם חיים באריכות ימים ובאיכות חיים גבוה ומביא אותם לעולמות החינוך הטיפול והשיקום .במשך  25 השנים האחרונות הקים וניהל ארגוני חינוך וטיפול גדולים  בעלי היקפים גדולים של עובדים ותקציבים. הוא הוביל במשך השנים פרויקטים רבים בתחום החינוך המיוחד, יזם הקמה של מסגרות ייחודיות ופיתח מודל עבודה ייחודי להתפתחות אישית של תלמידים עם צרכים מיוחדים כולל יישומים טכנולוגיים. לאודי ניסיון רב בהובלת צוותי ניהול וחינוך ופיתוחם, ולאחרונה היה ממובילי המאבק להכנסת בתי הספר המוכרים שאינם רשמיים בחינוך המיוחד לרפורמת אופק חדש."
מיכל ליפשיץ,"ראש ענף תעצומות, מערך בריאות הנפש, צה״ל","מיכל היא פסיכיאטרית מומחית ופסיכותרפיסטית. משמשת כראש הענף הקליני במערך בריאות הנפש מאז 2022. במסגרת תפקידה אחראית על קביעת המדיניות בתחום בריאות הנפש בצה״ל, הכשרת קציני בריאות נפש ובקרה עליהם, ניהול סיכונים ומניעת אובדנות. לפני כן ביצעה שורת תפקידים במערך, האחרון שבהם היה ראש מדור פסיכיאטריה. למדה רפואה כעתודאית באונ׳ בן-גוריון בנגב והתמחתה במרכז לבריאות הנפש שלוותה. במסגרת שירותה בחיל הרפואה אחרי לימודיה שימשה כרופאה גדודית וחטיבתית במערך ההגנה האוירית בחיל האויר. במקביל להתמחותה בפסיכיאטריה שימשה כמפקדת פלוגת רפואה מרחבית בפיקוד הדרום."
משה לכיש,"מנהל מחלקת נוער, מרכז לבריאות הנפש- באר שבע","מנהל את מחלקת הנוער במרכז לבריאות הנפש בבאר שבע. קודם לכן אחראי על מרפאת ילדים ונוער, על מרכז מילשטיין לטיפול בטראומה בילדים ונוער ועל מערך הייעוצים בילדים במרכז הרפואי האוניברסיטאי סורוקה. בוגר בית ספר לרפואה באוניברסיטת בן גוריון ומומחה בפסיכיאטריה של הילד והמתבגר. חבר סגל הוראה ומדריך קליני בבית ספר לרפואה בבן גוריון. פעיל בתחום הוראת סטודנטים לרפואה ומתמחים ובמשך תקופה ארוכה הייתי ממרכזי קורס הבאלינט לסטודנטים. חבר ועד חוג הבאלינט הישראלי."
חנה ללוש,מנהלת האגף לחינוך יסודי משרד החינוך,"חנה מנהלת את האגף לחינוך יסודי, במסגרת תפקידה אחראית על בתי הספר היסודים במשרד החינוך. לאורך כל הקריירה המקצועית שלה, ביצעה חנה תפקידים רבים ומגוונים החל ממחנכת כיתה ביסודי, מחנכת ומדריכה בבתי הספר העל יסודיים , סגנית במתי״א אשדוד ומנהלת בית ספר יסודי ממלכתי שזר באשדוד. ב-11 השנים האחרונות חנה שמשה בתפקיד מפקחת כוללת בתי ספר יסודים במחוז דרום ומרכזת את גיל היסודי במחוז."
שורי למברגר,מפקחת ארצית בפתחיה - מוסדות לחינוך מיוחד,"שורי היא מפקחת ארצית בפתחיה - מוסדות לחינוך מיוחד. במסגרת תפקידה היא מובילה כ-260 אנשי צוות, מתווה מודלים מתקדמים של חינוך ובונה תוכניות לימודיות. בין השאר היא עובדת מול ממשקים כגון משרד החינוך, עיריות, שפ""ח ועוד."
אבי לנגבהיים,שותף ומנהל החטיבה הציבורית בחברת הייעוץ OD CONSULTING,"אבי משמש כשותף ומנהל החטיבה הציבורית בחברת הייעוץ OD CONSULTING. בתפקידו הקודם ניהל את מפעם גליל מערבי, זרוע השטח של משרד הפנים להדרכה ופיתוח ארגוני. במסגרת תפקיד זה היה אמון על ליווי 65 רשויות במרחב המפעם, שרבות מתוכן משויכות לחברה הערבית והדרוזית ומלוות בתהליכי שינוי ארגוני משמעותיים בהיקפי תקציב של מעל 90 מיליון ₪. בנוסף, כמפעם מתמחה הוביל ברמה הארצית יחד עם משרד הפנים את פיתוח התורה וההטמעה של עולם התכנון השנתי ברשויות המקומיות ותחומי ידע נוספים כגון צעירים יחד משרד הנגב והגליל ורישוי עסקים ואכיפה. קודם לכן כיהן במשך שש שנים כמנהל פרויקט ארצי בקרן קציר מיסודה של קרן רש""י והיה אמון על ליווי והשמה של 3,000 מלגאים במעל 32 מוסדות אקדמיים בארץ תוך ניהול השותפות עם מוסדות אלו ועם קרן עורק הומניטי. בנוסף, כיהן כשלוש שנים כמנחה מקצועי בג'וינט אלכא בתחום התנדבות הנוער בתקופת מלחמת לבנון השנייה. טרם לכן, כסטודנט, התגורר בקריית שמונה והיה שותף להקמת כפרי סטודנטים מטעם עמותת איילים בקריית שמונה, עכו ונווה אור. העשייה החברתית והציבורית ככלל, ולמען הפריפריה החברתית והגיאוגרפית ותושביה בפרט, ניצבת עבורו כשליחות וכמשימת על."
שלומית לנדס,ראש חטיבת החקירות במשטרת ישראל,"שלומית היא אחראית על תחום החקירות ביחידה הארצית למאבק בפשיעה כלכלית במשטרת ישראל. במסגרת תפקידה היא אחראית על מפלגי חקירות בתחומי המקרקעין, התשתיות, המשאבים הלאומיים, תאונות עבודה, עבירות כלכליות, שחיתות ציבורית ועוד ומפקדת על כ-150 חוקרים. קודם לכן שימשה כסגנית ראש היחידה הארצית לחקירות הונאה (יאח""ה) העוסקת בחקירת שחיתות ציבורית בדרגים הגבוהים במדינה. במהלך שנות שירותה במשטרה שימשה שלומית בתפקידי מטה שונים והייתה שותפה בגיבוש מדיניות חקירות ומודיעין ובקידום תהליכים וחקיקה שנועדו לשפר את עבודת המשטרה  למען הציבור."
קמילה מילנר לנדסקינד,"מנהלת אגף ללימודים קדם, חוץ והמשך אקדמיים במכללה האקדמית ספיר","קמילה החלה את דרכה בספיר כאחראית על תחום העולים במשרד הדיקן. ייסדה וניהלה את היחידה למעורבות חברתית במכללה האקדמית ספיר. כחלק מתחומי אחריותה הובילה וקידמה שותפות בין המכללה לבין מרחב הנגב המערבי תוך קידום תפיסה חברתית קהילתית וערכית. כיהנה כמ""מ מנכ""לית שותפה של עמותת תוצרת הארץ - ארגון הבונה ומפתח קהילות חיים של צעירים בפריפריה הגיאו-חברתית של ישראל. כיום בנוסף לתפקידה מכהנת כממונה מוסדית על מיזם ""תקווה ישראלית באקדמיה"" ואחראית על נושאי גיוון, שותפות והכלה בספיר."
ארית אנסבכר לנזמן,"יו""ר בת עמי (שירות לאומי) וסופרוייזר הנחיה במעוז","ארית מכהנת כיו""ר פעיל של ארגון 'בת עמי', שירות לאומי ואזרחי. לפני כן, ניהלה במשך חמש שנים את מיזם 'אדוות' במעוז - מיזם משותף למשרד החינוך וארגון מעוז המכשיר את המנהיגות הבכירה במערכת החינוך, ומאיץ שינויים במערכת. ארית הגיעה למעוז לאחר 15 שנה בתפקידי ניהול והנחייה במגזר השלישי. שימשה כסמנכ”ל עמותה לשיקום שמיעה של תינוקות ופעוטות חירשים. במקביל לעבודתה לאורך השנים, היא מייעצת ומלווה מנהלי קהילות, מנהלי בתי”ס וצוותים חינוכיים בתהליכי שינוי. ארית בעלת תואר שני במדיניות ציבורית מהאוני' העברית. היא מתגוררת במושב גיתית, מושב חקלאי בבקעת הירדן בו צומחת קהילה משותפת לחילונים ודתיים. חברת מועצה ופעילה חברתית. נשואה לאריאל, ואם לשישה ילדים נהדרים"
ענת חנה לנקסנר,מנהלת המינהל לשלטון מקומי במשרד הפנים,"ענת חנה מכהנת כממונה מחוז מרכז במשרד הפנים. בתחום המחוז 52 רשויות מאליכין בצפון וגן יבנה בדרום 2.5 מיליון תושבים. לפני כניסתה לתפקיד שימשה כגזברית בעיריית כרמיאל 19 שנה. היא חברה במועצת איגוד הגזברים. בוגרת תואר ראשון בכלכלה ומנהל עסקים מטעם אוני בר אילן (מצטיינת דיקאן) ותואר שני בכלכלה בהצטיינות (עם תזה) מטעם אוני חיפה והטכניון (מסלול משולב). מאמנת מוסמכת מטעם לשכת המאמנים ובוגרת NLP פרקטישינייר, מאמנת אישית ומובילה סדנאות להתפתחות אישית ועסקית בהתנדבות. מובילת תוכן ומרצה בבית הספר הפיננסי ברחובות - ניהול תוכניות עבודה אסטרטגיות מקושרות תקציב ועוד. בנבחרת הדירקטורים לשנת 2022 ומציירת כשנותר זמן ."
נועה לפלר,דירקטור מדיניות ציבורית וקשרי ממשל Google,"נועה היא דירקטור מדיניות ציבורית וקשרי ממשל Google ישראל, תורכיה, רוסיה, מרכז אסיה והקווקז. קודם לכן היא ניהלה את תחום המחקר והפיתוח והייתה ראש המטה ברשות השנייה לטלוויזיה ורדיו. כמו כן היא הייתה ממקימי מרכז המחקר והמידע של הכנסת."
שושנה לרנר,מנהלת אגף יזמות וכלכלה בעיריית בני ברק,"שושנה היא מנהלת אגף יזמות וכלכלה בעיריית בני ברק. במסגרת תפקידה היא מקדמת פרויקטים לפיתוח העיר ולהעלאת חוסנה הפיננסי, יוזמת ומנהלת נכסים מניבים ואחראית על חוקי עזר, קידום אזור התעסוקה בעיר, שיפור רמת השירות לתושב ועל הובלת תוכניות חדשניות ונושאים בעלי אימפקט חברתי. קודם לכן היא שימשה כמשנה למנהל אגף תקציבים בעיריית בני ברק, ובמסגרת זו ניהלה את מערך תקציבי העירייה שוטף ופיתוח בהיקף של כ-2 מיליארד ₪ ואת הבקרה התקציבית הכלל-עירונית המשמרת את הישגי תוכנית ההבראה, שביישומה לקחה חלק מרכזי. בנוסף, היא חברת ועדת היגוי גזברות העירייה וחברת ועדות השקעות, רכש, פיתוח ארגוני ועוד, וחברת הנהלה בפורום המקצועי של הרשויות החרדיות. בעבר כיהנה שושנה כדירקטורית בחכ""ל בית שמש."
דפנה מאור,לשעבר מנהלת אגף בכיר לעידוד תעסוקת הורים במשרד העבודה,"דפנה היא מנהלת אגף בכיר לעידוד תעסוקת הורים במשרד העבודה. בתפקידה הקודם שימשה כמנהלת המטה לשילוב אנשים עם מוגבלות במשרד הכלכלה והתעשייה ובמקביל הייתה נציגת ציבור ומגשרת בבית הדין האזורי לעבודה בנצרת. לפני כן עבדה כיועצת עבור המוסד לביטוח לאומי לנושא הקמת מרכז תעסוקה לאנשים עם מוגבלות. קודם לכן שימשה כמנהלת תפעולית בפרויקטים בתחום התעסוקה במשרד התמ""ת ובמשרד האוצר, בעיקר בפרויקט ויסקונסין, וגם הקימה וניהלה את מרכז התעסוקה של פרויקט מהל""ב (ויסקונסין), והייתה חברה בכירה בהנהלת חברת אג'נס ישראל. בשנים שלפני כן ניהלה את המרכז להכוון תעסוקתי לעולים בחיפה והצפון. במסגרת פעילותה הציבורית-התנדבותית הייתה חברה בוועד המנהל הממונה בהקמת היישוב הקהילתי שמשית, שם היא משמשת משנת 2102 כראש דוברות והסברה בצוות החירום היישובי. בעברה הייתה חברת מליאת במועצה האזורית עמק ישראל. במשך שנים רבות עבדה דפנה כמתורגמנית סימולטנית לשפת הסימנים, הכשירה מתורגמנים ולימדה את שפת הסימנים."
יפעת לוי מאייר,"סמנכ""לית משאבי אנוש במסלול האקדמי המכללה למינהל","יפעת היא סמנכ""לית משאבי אנוש במסלול האקדמי במכללה למינהל. לפני כן כיהנה כסמנכ""לית משאבי אנוש ברכבת ישראל והייתה אחראית על מדיניות משאבי האנוש בארגון, הכוללת את התכנון והאפיון של המבנה הארגוני, את מדיניות הגיוס, את ניהול מחזור חיי העובד בארגון כולל תנאי ההעסקה, ואת מדיניות ההדרכה והפיתוח של תוכניות הלימודים, והייתה אחראית על הרווחה, על מערכת יחסי העבודה ועל הפעילות עם ארגון העובדים ונציגיו. קודם לכן הייתה במשך תשע שנים מנהלת אגף משאבי האנוש ברכבת וסגנית המנהלת, ובשנים האחרונות מילאה שם תפקידים שונים במשאבי אנוש. בעבר שימשה יפעת כעורכת דין בלשכה המשפטית של הרכבת ובפרקליטות מחוז תל אביב (אזרחי)."
ענת לידור מאיר,"מנהלת האגף לגיל הרך במינהל החינוך בעיריית ת""א-יפו לשעבר","ענת היא מנהלת האגף לגיל הרך במינהל החינוך בעיריית ת""א-יפו. בתפקידה הקודם שימשה במשך כארבע שנים מנהלת ומנחה של תוכניות לפיתוח מקצועי של צוותי חינוך והוראה ביחידת התוכן במכון ברנקו וייס, ולפני כן, במשך תשע שנים, ניהלה והנחתה במסגרת המכון תוכניות חינוכיות לבני נוער מהפריפריה החינוכית והגיאוגרפית. את דרכה החינוכית החלה ענת בחינוך הבלתי פורמלי בתנועת הנוער מכבי צעיר, שם ריכזה סניפים, קורסי הדרכה, משלחות ועוד. כסטודנטית עבדה במשך שנתיים בבית ילדים שהוצאו מביתם, לאחר מכן הדריכה שלוש שנים בפנימייה של בית הספר למדעים ולאומנויות בירושלים ובהמשך ריכזה מרכז למידה בדרום תל אביב במסגרת עמותת צבע."
איילה מאיר,מנהלת התכנית הלאומית 360 לילדים ונוער בסיכון,"כיום חניכה בתכנית לבכירים בשרות המדינה תואר שני במדעי המדינה ולימודי בטחון לאומי, המכללה לבטחון לאומי מב""ל. מטעם משרד הרווחה.

עד 9.24 אילה שימשה כמנהלת אגף בכיר, משפחה ילדים ונוער בקהילה במשרד הרווחה והבטחון החברתי. לפני כן הייתה מנהלת השירות לרווחת הפרט והמשפחה במשרד הרווחה והשירותים החברתיים. בעבר שימשה איילה כמפקחת ארצית לטיפול באלימות במשפחה בקהילה בשירות לרווחת הפרט והמשפחה במשרד הרווחה והשירותים החברתיים. בנוסף, שימשה כעובדת סוציאלית תעסוקתית בהנהלת בתי המשפט, במחלקת רווחה במחוז ירושלים. איילה עשתה שירות לאומי כעובדת נוער וקהילה במושב מחסיה במועצה אזורית מטה יהודה."
ארנון מאיר,"סמנכ""ל ידע, אסטרטגיה והובלת שינוי","ארנון הוא סמנכ""ל הידע, האסטרטגיה והובלת השינוי במעוז, אחראי על עיצוב האסטרטגיה הארגונית וליווי תהליכי התכנון והיישום שלה.
בתפקידו הקודם שימש ארנון כמנהל מערך היישום וקשרי הממשל במכון הישראלי לדמוקרטיה.
את תחילת דרכו המקצועית החל ככתב פרלמנטרי בערוץ הראשון, שם הכיר וסיקר מקרוב את תהליכי קבלת החלטות ומהלכים שונים בישראל. 
ארנון הינו חבר רשת (מקום א'), בעל תואר ראשון במדעי החברה מהאוניברסיטה הפתוחה ובמנהל עסקים מאוניברסיטת אריאל.
נשוי לאתי ואב לרוני, אביה, קרני ושיר"
אליהו מאירי,ממובילי תנועת אל הדגל,"אליהו הוא ממייסדי ומובילי תנועת אל הדגל. תנועה פוליטית חדשה. היה מנהל אגף החינוך בטבריה. לפני כן היה מנכ""ל אשכול הרשויות כנרת עמקים ושקד על הקמתו ובמסגרת תפקידו היה אחראי על יצירת חיבור בין 15 רשויות האשכול ופיתוח שירותים אזוריים ומנועי צמיחה כלכלים וחברתיים. קודם לכן היה יועץ אסטרטגי לערים בתחום החינוך. בעבר ניהל בתי ספר תיכוניים ובהם בית הספר הניסויי אורט במעלה בטבריה, שבו פיתח את תפיסת החינוך לקריירה, והקים את בית הספר לנוער בסיכון ברנקו וייס גולן. אליהו משרת גם כסמח""ט שריון במילואים."
וליד מג'אדלה,מנהל אגף החינוך בעיריית באקה אל גרבייה,"וליד נולד בבאקה אל גרבייה וסיים שם את לימודיו התיכוניים. בשנת 1991 סיים אל לימודיו האקדמיים באוניברסיטת בן גוריון בפקולטה להנדסת מכונות ובאותה שנה החל לעבוד כמורה וכרכז המגמה הטכנולוגית בתיכון באקה. בשנת 1997 הוא התמנה לנהל את בית הספר ונשא בתפקיד עד שנת 2007, שבה החל לנהל את אגף החינוך בעירייה. במסגרת תפקידו וליד אחראי על כל מערך החינוך - גילאי 18-3 בחינוך הרגיל וגילאי 21-3 בחינוך המיוחד. מערכת החינוך בבאקה משגשגת ומותאמת להתפתחות הטכנולוגית בעולם."
חגית מגן,סמנכ״לית שכר והסכמי עבודה במרכז השלטון המקומי,"מאז שנת 2000 חגית עוסקת בתחום יחסי העבודה, ומשנת 2017 היא ראש מינהל שכר והסכמי עבודה במרכז השלטון המקומי. במסגרת תפקידה היא מייצגת את הרשויות המקומיות כגוף מעסיקים במו""מ מול האיגודים המקצועיים, חותמת בשמם על הסכמים קיבוציים ומשמשת כנציגת המעסיקים בוועדות סטטוטוריות ומעין שיפוטיות כגון ועדות פריטטיות. חגית הקימה את המחלקה לתנאי שירות במרכז השלטון המקומי, שמהר מאד הפכה לאבן שואבת עבור משרדי הממשלה והרשויות המקומיות כמקור ידע מוסמך."
נוי קדם מדמון,"לשעבר ראש מערך התקשורת והאחריות התאגידית,  תנובה","נוי שימשה בעבר כמנהלת התקשורת והאחריות התאגידית של קבוצת תנובה. מעל עשרים שנה פעילה בתחום התקשורת, בניהול תדמיות של ארגונים גדולים, לרבות ניהול מוניטין עסקי, בייעוץ אסטרטגי ובניהול משברים תקשורתיים. לפני תנובה שימשה במשך חמש שנים וחצי כסמנכ""ל תקשורת והסברה וכחברת הנהלה בדואר ישראל – שאליו היא הגיעה על מנת לטפל בבנייה מחדש של אמון בעלי העניין בדואר לאחר שהחברה עברה משבר עסקי עצום. נוי צמחה במגזר העסקי, וקודם לדואר הייתה במשך יותר מעשור ראש אגף דוברות וחברת הנהלה בחברת פלאפון תקשורת מקבוצת בזק ולפני כן מילאה תפקידי ייעוץ אסטרטגי."
אחמד מואסי,"מנהל תחום חברה ערבית בקרן אדמונד דה רוטשילד, ניהול פרויקטים","אחמד מנהל תחום חברה ערבית בקרן אדמונד דה רוטשילד ומנהל פרויקטים. הוא התחיל את דרכו בקרן בתפקיד רכז חברה ערבית בתוכנית שגרירי רוטשילד, ומאז הוא מפתח, מקדם ומוביל מטעם הקרן תוכניות חברתיות העוסקות בקידום ההשכלה הגבוהה והיזמות החברתית בקרב צעירים מהפריפריה הגיאוגרפית-חברתית בישראל, בדגש על החברה הערבית. לפני שהשתלב בקרן מילא אחמד מגוון תפקידים בשלושת המגזרים, ואלה העיקריים שבהם: ייעוץ לחברות ישראליות בתחום המסחר עם מדינות ערב ועבודה בתחום התקשורת במסגרת קול ישראל בערבית ועיתון אלסינארה."
לארה מובאריכי,"ראש אגף החינוך הערבי במנהל חינוך ירושלים (מנח""י) בעיריית ירושלים","לארה התחילה את דרכה המקצועית במערכת החינוך של מזרח ירושלים. היא עבדה שנה כמורה לחינוך מיוחד וניהלה בית ספר לילדים עם שיתוק מוחי במשך שש שנים. לאחר מכן התקדמה לתפקיד סגנית הממונה על החינוך הערבי בעיריית ירושלים, וכיהנה בתפקיד זה שבע שנים, ובשנת 2010 התמנתה לתפקיד הממונה על מערכת החינוך של מזרח ירושלים. כששודרגה המחלקה לחינוך ערבי לאגף, שודרג בהתאם תפקידה של לארה לראש אגף החינוך הערבי. כנציגת העירייה, היא מכהנת כחברת דירקטוריון בחברת החשמל מזרח ירושלים, בתיאטרון ירושלים ובמפעלי ביוב וטיהור ירושלים."
אחמד מוהנא,מנכ״ל קודרה - רשת התורמים הערבים,"אחמד משמש כמנכ""ל קודרה - רשת התורמים הערבים. בתפקידו הקודם היה מנכ""ל עמותת אמאנינא, הפועלת לקידום התנדבות, אקטיביזם ומעורבות חברתית בחברה הערבית. קודם לכן היה יועץ פרלמנטרי של חבר הכנסת אחמד טיבי. בד בבד היה מתרגל ועוזר הוראה בקורסי משפט וחינוך."
נדאל מוהנא,"מנהל מערך אוזן גרון, ניתוחי ראש צוואר, פה ולסתות ובריאות הפה. ראש רשות המחקר במרכז הרפואי ת""א (סוראסקי)","פרופ' נדאל מוהנא משמש כמנהל המערך לאף אוזן גרון, ניתוחי ראש-צוואר, פה ולסתות במרכז רפואי תל אביב ע""ש סוראסקי (איכילוב) משנת 2021.  בנוסף מנהל את המרכז הבינתחומי לכירורגיה ואונקולוגיה בראש וצוואר. בשנת 2017 הקים את המעבדה למחקר בסיסי לחקר סרטן ראש וצוואר. במעבדה  מחקר פורה, חדשני ופורץ דרך. במעבדה עובדים ולומדים מתמחים רבים וסטודנטים לתארים מתקדמים. לפני כן ובין השנים 2016-2021 שימש כמנהל היחידה לכירורגיה של ראש צוואר.  
את הכשרתו  בתחום כירורגיה אונקולוגית ומשחזרת של  ראש צוואר  , רכש פרופ' מוהנא במרכז רפואי מוביל באוניברסיטת טורונטו קנדה .  עדיין משמש  כחבר מדעי במכון המחקר המסונף לבית החולים האונקולוגי המסונף לאוניברסיטת טורונטו.
פרופ' מוהנא מעורב במחקר בינלאומי בשיתוף פעולה עם המרכזים המובילים בעולם העוסק בפיתוח טכנולוגיות חדשות לשימוש בניתוחי ראש צוואר, בעיקר שימוש בננו חלקיקים וננוטכנולוגיה ."
אחמד שייח מוחמד,"מנכ""ל אגודת הגליל","אחמד מכהן כמנכ""ל אגודת הגליל – האגודה הערבית הארצית למחקר ושירותי בריאות – שפועלת למען קידום צמיחה כלכלית וחברתית של החברה הערבית בארץ. קודם לכן הוא ניהל במשך עשר שנים את ריכאז - מכון למחקר חברתי כלכלי, המשמש כבסיס לתכנון אסטרטגי עבור החברה הערבית. המכון פעל מתוך החברה ועבורה ופרסם מידע באופן תקופתי. לפני עבודתו באגודת הגליל אחמד הקים חברת הזנק לפיתוח תוכנה בתחום הדפוס הדיגיטלי וקודם לכן עבד בחברות הייטק בפיתוח תוכנות."
אסי מויאל,"סמנכ""ל מכירות ושותפים Qlik Israel","אסי מכהן כסמנכ״ל מכירות ושותפים בחברת Qlik Israel העוסקת בתחום הדאטה והאנליטיקה. לפני כן שימש כסמנכ""ל בחברת eTeacher - חברה גלובלית ללימודי אונליין במגוון תחומים. במסגרת תפקידו היה אחראי על הפעילות העסקית והמקצועית של בתי הספר וכן על הפיתוח העסקי, כולל לקוחות B2B. לפני eTeacher  היה סמנכ""ל חטיבת הדיגיטל ופיתוח בנס טכנולוגיות.  קודם לכן מילא תפקידי מפתח בתקשורת ובהייטק ובהם סמנכ""ל לקוחות עסקיים בהוט ומנהל קבוצת התקשורת והתעשייה במיקרוסופט ישראל, וכן כמה תפקידי ניהול של יחידות מכירה ושירות בהוט ובסלקום. בעברו עבד כמאבטח במוסדות ממלכתיים בחו""ל וכמאבטח מטוסים."
חיים מויאל,מנהל האגף לחינוך ילדים ונוער בסיכון במשרד החינוך,"חיים משמש כמנהל האגף לחינוך ילדים ונוער בסיכון במשרד החינוך. במסגרת תפקידו הוא אחראי על מדיניות המשרד בכל הנוגע לנוער בסיכון, באמצעות שש מחלקות האגף: המחלקה לביקור סדיר - האחראית על כלל הקב""סים במדינה; המחלקה לכיתות ותוכניות שח""ר- האחראית על כיתות מב""ר ואתגר, תל""ם ומל""א; המחלקה לקידום נוער - האחראית על תוכנית היל""ה ועל מרכזי קידום נוער ברחבי הארץ;, המחלקה לרווחה חינוכית, קהילה והורות- האחראית על מרכזי נוער, מועדוניות, תוכניות לגיל הרך ועוד; המחלקה למסגרות מיוחדות - האחראית על המחטי""ם (מרכזי חינוך טכנולוגיים), מפתנים ומוסדות חסות הנוער והכלא; ומחלקת מו""פ - האחראית על כלל ההשתלמויות באגף, מחקרים ושנתון - מניתוק לשילוב. לפני כן שימש חיים כמפקח מסגרות מיוחדות באגף. כיום הוא משמש כמרצה במכללת דוד ילין (בחל""ת) במגמה לחינוך מיוחד ובמגמה לטיפול בעזרת בעלי חיים."
יפעת פרץ מולינס,מנהלת אגף הכספים והשכר במרכז הרפואי שמיר,"יפעת היא רואת חשבון ומנהלת אגף הכספים והשכר במרכז הרפואי שמיר, חברת הנהלה ואחראית על תכנון, פיקוח ובקרה על תקציב בית החולים, ועל עריכת הדוחות הכספיים שלו.  קודם לכן שימשה במשך 14 שנים כתקציבאית של בית החולים."
חוה מונדרוביץ,מנהלת אגף בכיר רישוי עסקים במשרד הפנים לשעבר,"מאז שנת 2016 חוה מנהלת את תחום רישוי עסקים במשרד הפנים. במסגרת תפקידה היא אחראית על התוויית מדיניות, קידום חקיקה והובלה של רפורמת הרישוי הדיפרנציאלי, שנועדה להקל משמעותית על תהליך קבלת הרישיון לעסקים קטנים ובינוניים תוך הסתמכות על הצהרות ותצהירים של בעלי העסקים. במקביל לכך היא נדרשת להתמודד עם האתגר של הטמעת הרפורמה ושינויי החקיקה בקרב הרשויות המקומיות, כמי שמנפיקות בפועל את הרישיונות לעסקים. לפני כן כיהנה חוה בתפקיד מנהלת תחום בכיר במינהל אזורי תעשייה במשרד הכלכלה, שבמסגרתו קידמה תוכנית אב לאזורי תעשייה תוך עדיפות לאזורי פיתוח ושאיפה להקמת אזורי תעשייה המשותפים לכמה רשויות מקומיות."
אריה מונק,"מנכ""ל עמותת בית חם","אריה הוא יזם חברתי בעל תואר ראשון בהוראת חינוך מיוחד ותואר שני במנהל עסקים בהתמחות מנהל מערכות בריאות. 
משנת 2003 אריה משמש כמנכ""ל עמותת בית חם לטיפול ושיקום נפגעי נפש ואוכלוסיות הסובלות ממוגבלויות שונות. בעבר פעל בשדה החינוך ושימש כמורה וכרכז חברתי בבית ספר יסודי וכקצין ביקור סדיר. כיזם חברתי עשה מהפכה באוכלוסייה החרדית בכל הקשור בטיפול ובשיקום נפגעי נפש, נפגעות ונפגעי טראומה מינית, תוך מלחמה מתמדת בסטיגמה ובהשתקה הכרוכות בנושאים אלו והקים במסגרת בית חם מגוון שירותים לטיפול ושיקום.
כמו כן, אריה פעל רבות בחקיקה ובמחקר, ואף ליווה את הרפורמה בבריאות הנפש כנציג של שר הבריאות.
אריה זוכה פרס זוסמן (ג׳וינט) לשנת 2022 על המהפך שעשה בתחום בריאות הנפש בציבור הדתי."
סוזנה מוסטובוי,סגנית מנהל בית החולים ברזילי,"ד""ר סוזנה מוסטובוי היא סגנית מנהל בית החולים ברזילי מאז שנת 2022. החל משנת 2019 היא עוזרת  רפואית של מנהל המרכז לבריאות הנפש באר יעקב בנס ציונה בנושאים של איכות הטיפול וטיפולי יום פסיכיאטריים וממונה על המתמחים. משנת 2016 היא ניהלה שם את המחלקה הפסיכיאטרית לנשים, וקודם לכן הייתה שבע שנים רופאה בכירה באותו מרכז. במקביל, מאז שנת 2015 היא מכהנת שם כיושבת ראש ועדת התמחות במרכז בריאות הנפש, וגם חברת האיגוד הפסיכיאטרי וחברה בפורום השוויון המגדרי בבית החולים. כמו כן היא קידמה פרויקט שלCase Management במחלקה ובבית החולים. סוזנה היא מומחית בפסיכיאטריה כללית. את התמחותה ביצעה במרכז בריאות הנפש באר יעקב ואת הסטאז' ביצעה בבית חולים ברזילי. כיום היא מתמחה במינהל רפואי במשרד הבריאות."
סלימה מוסטפא-סלימאן,סגנית ראש הרשות לפיתוח כלכלי בחברה הערבית וראשת אגף בכיר רשויות מקומיות,"סלימה היא מנהלת תחום פיתוח אזורי ברשות לפיתוח כלכלי של המיעוטים במשרד ראש הממשלה משנת 2010, ובמשרד לשוויון חברתי משנת 2015. במסגרת תפקידה היא שותפה בגיבוש החלטות ממשלה ובקידום כלים ממשלתיים לפיתוח כלכלי וחברתי של האוכלוסייה הערבית, ואחראית ליישום תוכניות אלה ברשויות המקומיות. בעבר הייתה מנהלת הקמה ומנהלת כללית של בית דרך חיים בנצרת מקבוצת ""כללית"", ומנתחת מדעי בריאות ב ""מיו-קליניק"" במינסוטה, ארצות הברית – שם התמקדה בעריכת מחקרים בתחום קבלת החלטות כלכליות במערכת הבריאות."
פאתן דראושה מועד,"מובילה תהליך הפיתוח המקצועי של תומכות חינוך, משרד החינוך- מינהל עובדי הוראה","פאתן היא מובילה בין-אגפית לחברה הערבית בג'וינט ישראל. במסגרת תפקידה היא מקדמת את תחומי פיתוח הידע והתוכן המקצועי הקשור לחברה הערבית בישראל , אחראית על ייזום, תכנון, פיתוח תוכניות וגיבוש אסטרטגיה מותאמת לחברה הערבית, ניהול שותפויות פנים-ארגוניים בין האגפים השונים וניהול שותפויות עם משרדי הממשלה והחברה אזרחית ומקדמת תהליכי תכנון אסטרטגי בחינוך."
אבי מוצפי,"מנכ""ל איטונג","אבי הוא מנכ""ל חטיבת התעשיות אליקים בן ארי. לפני כן כיהן אבי כמנכ""ל חטיבת התעשיות בסולל בונה וכדירקטור בכמה חברות בנות. זה 20 שנה הוא עובד בחברות ציבוריות מהמובילות במשק, שותף בהובלת תהליכי מיזוג ורכישה של חברות.  בעל ניסיון רב בבניה ויישום של תוכנית אסטרטגית , תוכניות עבודה , מערכות בקרה ליעדים ומדדים ליישום תוכניות העבודה ."
ריקי מור,מנהלת קשרי לקוחות ואחריות תאגידית במקורות,"ריקי היא מנהלת קשרי לקוחות ואחריות תאגידית מרחב ציבורי, בחברת המים מקורות. בתפקידה הקודם במקורות הייתה מנהלת מפעל השפד""ן ומערכת השבת הקולחים, ובמסגרת זו הייתה אחראית על ניהול התפעול והאחזקה, כוח האדם, קידום תהליכים ותקצוב. קודם לכן ניהלה פרויקטים של תשתית, ובין היתר את פרויקט קליטת המים המותפלים ממתקן התפלה שורק למערכת אספקת המים הארצית. את דרכה החלה ריקי כמהנדסת מתכננת במשרד תכנון."
גיא מור,"סמנכ""ל רשות הרגולציה","גיא הוא סמנכ""ל ברשות הרגולציה, שם הוא מלווה משרדי ממשלה ומוביל רפורמות רוחב. בתפקידו הקודם כיהן כרמ""ח (סמנכ""ל) חקיקה ורגולציה בכבאות והצלה לישראל, שם היה אחראי לקביעת הוראות בטיחות באש במבנים, בעסקים ובתשתיות. קודם לכן שימש כמנהל יחידת מדיניות הרגולציה במשרד החקלאות. גיא הוא מומחה למדיניות רגולציה ולניהול סיכונים וחיבר את המדריך הממשלתי לניהול סיכונים ברגולציה ובמדיניות ציבורית. בשנת 2021 חיבר את דוח מור שעליו מבוסס חוק עקרונות האסדרה. מפתח כלי מדיניות ומרצה באקדמיה, בתוכניות הכשרה ובכנסים בארץ ובחו""ל. מפרסם את הבלוג והפודקאסט ""הרגולטור""."
אורדית מור,מנהלת משאבי אנוש המרכז הרפואי העמק,"מנהלת משאבי אנוש וחברת הנהלה במרכז רפואי העמק משנת 2017
משמשת כמנטוריט בכניסה לתפקידי ניהול בכירים בכללית.
קודם לכן ובמשך 5 שנים היתה ממונת פרט ושכר וסגנית מנהלת משאבי אנוש.
לפני  כן ,בשנת 2004 התקבלה  לשירותי בריאות כללית כעתודה ניהולית והחל משנת 2006-2012  עבדה בתפקידי ניהול אדמנסטרטבי במרפאות מקצועיות וראשוניות בקהילה. כמו גם, היתה מרצה פנים ארגונית לתהליכי מתן שירות."
יפה מור-ישר,"מנכ""לית מסר טכנולוגיות מידע בע""מ ומייסדת ושותפה בתלמידאטה-מעטפת טכנופדגוגית לניהול מסגרות חינוך וקהילה","יפה היא מנכ""לית מסר טכנולוגיות מידע בע""מ. בעברה בין השנים 2013-2022 הייתה מפקחת מחוז במחוז העיר ירושלים (מנח""י) במשרד החינוך. במסגרת תפקידה הקודם הייתה אחראית על כל הפיקוח בעיר ירושלים בכל רצפי הגיל, בממלכתי יהודי וערבי ובממלכתי דתי, בהיבטי פדגוגיה, תקציב ומינהל. כמו כן, הובילה את יישום החלטת ממשלה 3790, תכנית החומש למזרח ירושלים עם משרדי ממשלה נוספים ועיריית ירושלים. עד לשנת 2017 שימשה בד בבד כממלאת מקום סגנית פדגוגית מנהל מחוז חרדי, והייתה שותפה בהקמת המחוז החרדי במשרד החינוך. היא זכתה בפרס עובד מצטיין על הישגים מיוחדים במשרד. קודם לכן שימשה יפה בתפקיד מנהלת בית ספר, ואחר כך עבדה כמפקחת ביקור סדיר."
יהודה מורגנשטרן,"מנכ""ל משרד הבינוי והשיכון","יהודה הוא מנכ""ל משרד הבינוי והשיכון. בתפקידו הקודם שימש כמ""מ מנכ""ל החברה הכלכלית לבני ברק, העוסקת בניהול פרויקטים ואדמיניסטרציה מוניציפלית ופועלת לפיתוח ולהשבחה של הנדל""ן בעיר - בדיור, במסחר, במשרדים ובתשתיות. הוא ייסד את חברת תלם, העוסקת באסטרטגיה ובבניית מודלים בני קיימא לקהילה החרדית בתחומי הכלכלה, החינוך והחברה. כמו כן הוא עמית במוסד שמואל נאמן למחקרי מדיניות לאומית בטכניון וכתב, בין היתר, את דוח לימודי אמ""מ (אנגלית, מתמטיקה, מחשבים) ופיתוח מצוינות במערכות החינוך החרדי. יהודה הוא גם מרצה ופעיל חברתי בפיתוח כלכלי של הקהילה החרדית ובשיח בין-מגזרי."
מרים עווד מורד,חוקרת במכון הישראלי לדמוקרטיה ובלקסידל,"מרים עובדת כחוקרת בתכנית למדיניות חינוך לדמוקרטיה במכון הישראלי לדמוקרטיה וזאת בנוסף לניהול מחקרי החברה הערבית בלקסידל (חברת ייעוץ ומחקר בינלאומית). 
לפני כן, עבדה כאחראית על החומש באגף ההכשרה האקדמית במשרד החינוך. בעברה עבדה בארגון חותם המקדם שוויון הזדמנויות בבתי הספר בכלל החברה הישראלית. עד שנת 2019 הייתה אחראית על החינוך במעגל הקינים הערביים בתנועת הנוער העובד והלומד ואף ריכזה את הקהילה הערבית בתנועת דרור ישראל. במסגרת זו הייתה אחראית על תהליכי ההתחנכות של למעלה מ15 אלף חניכים מכיתות ד' עד שירות לאומי-אזרחי בנוסף להכשרות לרכזי הקנים ורכזי המחוזות. מרים הובילה תהליכים חינוכיים מעמיקים וארוכי טווח בניסיון לייצר דיאלוג בין אוכלוסיות שונות ומגוונות הן בחברה הישראלית בכלל ובחברה הערבית בפרט. מרים פיתחה זרם חינוכי ייחודי לנוער הערבי: נוער אשר גאה בהיסטוריה שלו ורואה בזהות הפלסטינית והישראלית שלו מקור כוח להובלת דיאלוג אנושי יותר בין שני העמים. מערכי הפעולות וחוברות הדרכה הכתובות בערבית ושואבות השראה מהתרבות הערבית ורואות בדתות מקור השראה ולא סמכות כשהסמכות העליונה היא שוויון ערכו של כל אדם ללא הבדל של דת, מין, מגדר, לאום, עם או נטייה מינית."
מרב מורד,"יו״ר הועדה המקומית לתכנון ובנייה, נגב מערבי","מרב היא יו״ר הועדה המקומית לתכנון ולבנייה, נגב מערבי. הועדה מופקדת על תכנון,רישוי בניה ושימוש, במבנים ובקרקעות בתחום השיפוט של הרשויות: מוא״ז שער הנגב,אשכול, מרחבים ושדות נגב. בנוסף מרב חברה בוועד המנהל של עמותת מסל״ן. קודם לכן שמשה כמנהלת אגף תכנון באשכול הנגב המזרחי. במסגרת תפקידה היא מקדמת פיילוט של פיתוח רובד תכנוני הפועל מלמטה למעלה המנוהל על ידי הרשויות החברות באיגוד הערים. האגף מקדם תוכנית אב אזורית בשיתוף משרד השיכון ותוכנית אב לשטחים הגליליים בשיתוף רמ""י, משרד החקלאות ורשות הניקוז שקמה בשור במטרה להוביל לשותפויות, הסכמות ושגשוג אזורי. בשיתוף משרד ירושלים ומורשת, האגף מקדם גם תוכנית לפיתוח מורשת מרחבית לפני כן היא ניהלה את מחלקת התכנון של עיריית באר שבע ובמסגרת עבודתה הייתה אחראית על ייזום, קידום וליווי של תוכניות בניין עיר ותוכניות אב, ועל עריכת מסמכי מדיניות בנושאים כמו: הקמת שכונות מגורים, התחדשות עירונית, עיצוב המרחב הציבורי והסביבה העירונית, תחבורה ושבילי אופניים, תעסוקה, מסחר וליבה עירונית, שימור, עיצוב והקמת מבני ציבור, בנייה ירוקה ותכנון בר קיימא, תמ""א 38 ובחינת ההשלכות של תוכניות מתאר אזוריות וארציות על הפיתוח העירוני והמטרופוליני ועוד. מרב הייתה נציגת הוועדה המקומית והעירייה בפורומים שונים ברמה מקומית וארצית ובעבר הרצתה ביחידה ללימודי חוץ במכללת ספיר במסגרת בית הספר לאומנויות. היום מרצה בבית הספר לאדריכלות באר שבע."
נטע סיזל מורחי,"מזכ""לית תנועת הנוער של האיחוד החקלאי","נטע היא אשת חינוך ומנהלת בתנועת הנוער האיחוד החקלאי אשר פועלת במרחב הכפרי בישראל ומחנכת לחיי קהילה וחברה יהודית ציונית ודמוקרטית. בתפקידיה הקודמים כיהנה כמנהלת תחום הפיתוח הפדגוגי והחינוכי של תנועת הנוער ומנהלת מחלקת ההגשמה הכוללת את מסגרות שנת השירות וגרעיני הנח""ל. חברה בהנהלת מועצת תנועות הנוער בישראל, בוגרת התוכנית למנהיגות נוער במכון מנדל ומדריכת מסעות בני נוער לפולין."
סיגל מורן,"מנכ""לית קרן הביתה לחזוק החינוך בעוטף ובגליל","סיגל היא יועצת עצמאית. בעברה הייתה פרוייקטורית מטעם קרנות פילנטרופיות לבניית תוכנית לרשויות הערביות, מתגוררת בקיבוץ בית קמה. עד 2018 כיהנה ראש המועצה האזורית בני שמעון ובעשור שקדם לו הקימה וניהלה את היחידה האסטרטגית ואת אגף הקהילה במועצה. בנוסף כיהנה כיו""ר אזור התעסוקה עידן הנגב (מיזם משותף לרהט, להבים ובני שמעון) וכיו""ר אשכול נגב מערבי. לאחר סיום התפקיד עבדה כעצמאית בליווי וייעוץ לראשי רשויות חדשים ובמספר ארגונים, חלקם במגזר הבדואי בנגב וכמנטורית בכירה במעוז. בין השנים 2019 -2021 כיהנה כמנכ""לית מכון ברנקו וייס, ובין בשנים 2021-2023 כיהנה כמנכ""לית משרד הרווחה והביטחון החברתי.
מיוני 2024 מנכלית קרן הביתה, קרן פילנטרופית-חברתית שמטרתה לסייע לקהילות בעוטף ובגליל לחזק ולפתח את מערכות החינוך, כמרכיב מרכזי בצמיחה דמוגרפית."
בסימה מזאוי,"מנהלת תכנון- רק""ל ""נופית"" מחיפה לנצרת","בסימה היא יועצת קרקע ותכן מבנה מסעות - מנהלת קבוצת תכנון ושותפה לשעבר בחברת ארם מהנדסים. בימים אלו, בסימה מנהלת התכנון בפרויקט הרכבת הקלה ""נופית"" מחיפה לנצרת- דנה הנדסה.
בסימה פעילה חברתית והינה חלק ממספר מעגלים לקידום החינוך והתרבות בנצרת. 
בסימה חברה בעמותת ״עאידה״ לריקודי בלט מודרני וקלסי בנצרת. היתה פעילה בוועדי הורים לאורך שנים וארגנה פעילויות תרבותיות בהשתתפות מאות מההורים והתלמידים בבית ספר בפוסטי בנצרת והייתה ממובילי המחאה של בתי הספר הכניסייתיים ב- 2017."
"אלישבע מזי""א","יועצת לתחום צמיחה דמוגרפית במסגרת מיזם משותף של ג׳וינט-אלכ״א ומנהלת תנופה לצפון , הבונה את תכנית הצמיחה לצפון","ביצעה תפקידי ניהול שונים בזירה הירושלמית , ובתחומי החברה והתרבות - ביניהם מנכ״ל תיאטרון החאן , מנהלת המינהלת ליהדות ישראלית , וקודם לכן כיהנה כעשור כמנכ""לית עמותת ׳רוח חדשה׳ אשר עסקה בחיזוק ומשיכה של אוכלוסיה צעירה וחזקה לעיר באמצעות מערך של פרויקטים חדשניים. כיהנה בעבר גם כראש מטה מנכ״ל במשרד האוצר, וכן התנדבה לאורך השנים ביוזמות וועדים מנהלים רבים. בעלת תואר ראשון ושני באוניברסיטה העברית בירושלים."
דודי מזרחי,מנהל אגף תקציבים במשרד החינוך,"משנת 2011 דודי הוא מנהל אגף תקציבים של משרד החינוך - סגן לסמנכ""ל כלכלה ותקציבים. בנוסף, הוא משמש כיו""ר ועדת המכרזים המרכזית של המשרד, חבר דירקטוריון במועצת מרכז זלמן שזר לחקר תולדות העם היהודי ויו""ר ועדת כספים, וחבר דירקטוריון במועצה להסדר ההימורים בספורט. קודם לתפקידיו הנוכחיים הוא שימש כיועץ למנכ""ל משרד החינוך ד""ר שמשון שושני בתחומי כלכלה ותקציבים, מכרזים ותהליכי רכש. הוא היה ראש ענף במטה לקידום השקעות זרות במינהל סחר חוץ של משרד התעשייה, המסחר והתעסוקה, ובשנת 2008 נבחר ביחד עם חמישה חברי צוות לצוות המצטיין של משרד התמ""ת. את שירותו הצבאי סיים דודי כמש""ק שלישות במערך המילואים של חטיבה 310, אוגדה 720."
מיכל טביביאן מזרחי,ראש מרכז מנור מבית יוזמת המאה,"מיכל טביביאן-מזרחי, מתגוררת בכפר סבא, נשואה ואם לארבעה, ראש מרכז מנור מבית יוזמת המאה ומרצה בביה""ס פדרמן למדיניות ציבורית באוניברסיטה העברית.

בימים אלו עומדת מיכל בראש מרכז מנור, מכון מדיניות (do-tank) הפועל מול מקבלי החלטות ברשות המבצעת, המחוקקת וברשויות המקומיות כדי לקדם מדיניות, ובמקביל פועל ליצירת בסיס תמיכה רחב ע""י הנגשת הרעיונות והפתרונות לציבור הרחב.

בין השנים 2014-2021 כיהנה כסמנכ""לית אסטרטגיה ותכנון במשרד החינוך. מיכל הקימה את היחידה אשר אמונה על קידום תהליכי חשיבה אסטרטגית ותכנון ארוך טווח במערכת החינוך, ובין היתר הובילה את גיבוש האסטרטגיה הפדגוגית  2030 (דמות הבוגר), את עיצוב תהליכי אוטונומיה וגמישות במערכת ואת תהליכי התכנון השנתיים של משרד החינוך, בנוסף הקימה מיכל רשת תוכניות עתודה למערכת החינוך.

בין השנים 2008-2014 כיהנה מיכל כראש תחום בכירה באגף לממשל וחברה (תכנון מדיניות) במשרד ראש הממשלה בו פעלה לקידום רפורמות בעבודת הממשלה, ולפיתוח תורת התכנון הממשלתית ומעגל התכנון השנתי. בתקופה זו היתה שותפה לעיצוב מדיניות בתחומים שונים וביניהם: ועדת גרמן לחיזוק מערכת הבריאות, בחינת העלאת בני הפאלשמורה הרפורמה בנציבות שירות המדינה ובנושא קידום נשים בשירות המדינה.

בין השנים 2002-2008 עבדה כחוקרת בכירה במרכז המחקר והמידע של הכנסת, שם הייתה שותפה בעיצוב תהליכי חקיקה ומדיניות תוך התמחות בנושאים בתחומי עבודה, בריאות וממשל.

מיכל בעלת תואר דוקטור במסגרת החוג לסוציולוגיה ואנתרופולוגיה באוניברסיטה העברית."
הגר מזרחי,ראש חטיבת הרפואה במשרד הבריאות,"ד""ר הגר מזרחי היא ראש חטיבת הרפואה במשרד הבריאות. לפני כן הייתה סגנית מנהל המרכז הרפואי על שם ברוך פדה פוריה ובתקופת הגלים הראשון והשני של הקורונה ניהלה את המרכז הרפואי. במסגרת התמחותה במינהל רפואי הייתה ממונה על בטיחות הטיפול בהנהלת המרכז הרפואי וקודם לכן שימשה כרופאה בכירה ומומחית לכירורגיה כללית בבית החולים וניהלה את מכלול העבודה במחלקה. בעבר היא הייתה רופאה בכירה ומומחית לכירורגיה כללית בבית החולים העמק בעפולה. התמחות רפואית: היא מומחית במנהל רפואי ובעלת תואר MBA בתחום מאוניברסיטת תל אביב, והיא מומחית בכירורגיה כללית. את התמחותה ביצעה בבית החולים העמק ובנוסף, עברה הכשרה בת שנתיים באנגליה, שם התמחתה בניתוחים לפרוסקופיים ולמדה באוניברסיטת קנט. את הסטאז׳ הרפואה עברה הגר במרכז הרפואי העמק."
מנחם מזרחי,מנהל אגף בכיר ארגון מוסדות חינוך,"מנחם הוא מנהל אגף בכיר ארגון מוסדות חינוך. מנחם עובד במשרד החינוך כ-30 שנים. היחידות בהן עבד: חשבות המשרד, ס.יו""ר המזכירות הפדגוגית, מינהל כלכלה ותקציבים וכעת באגף אמח""י. משמש כיו""ר הועדה לבתי ספר קטנים ובודדים בישוב, יו""ר ועדת הכרה, יו""ר ועדת מכרזים מרכזית, חבר בועדה להגנה משפטית לעובדי מדינה, חבר מועצת המרכז להנצחת זכרו של מנחם בגין, חבר בועדה העליונה לפתיחת מוסדות חינוך על יסודים."
מחמוד מחאג'נה,מנהל אגף חינוך בעיריית אום אל פחם,"משנת 1998 מחמוד הוא מנהל אגף חינוך בעיריית אום אל פחם. במסגרת תפקידו הוא אחראי על כלל העשייה בתחום החינוך בתוך הרשות: גיבוש ועיצוב המדיניות של מערכת החינוך ברוח המדיניות העירונית ובהלימה עם הנחיות משרד החינוך, וניהול המערך החינוכי ברשות על מנת להוציאה לפועל. בשנים 1997-1994 הוא עסק במחקר בתחום הכימיה הטוקסיקולוגית כפוסט-דוקטורנט במעבדתו של פרופ' ג'ון קסידה באוניברסיטת קליפורניה בברקלי בארה""ב. קודם לכן עבד כמורה עוזר בכימיה אורגנית במהלך לימודי הדוקטורט שלו בבית הספר לרוקחות באוניברסיטה העברית."
מוסטפא מחאג'נה,רואה חשבון ובעלים של משרד ECONEXT. מנהל מעוף אזור ואדי ערה - סוכנות לעסקים קטנים ובינוניים - משרד הכלכלה,"מאז שנת 2014 מוסטפא הוא מנהל סניף מעוף באום אל פחם, ומשנת 2017 הוא גם ראש תחום מימון בארגון. מוסטפא הוא רואה חשבון, בוגר אוניברסיטת תל אביב מגמת חשבונאות ניהול וכלכלה. הוא התחיל את הקריירה שלו במשרד ארנסט יאנג במחלקת ביקורת ולאחר מכן במחלקה הכלכלית. בתוקף תפקידו הנוכחי מקיים שיתופי פעולה עם מועצות מקומיות במסגרת פרויקט פיתוח כלכלי אזורי של משרד הכלכלה, כמו הקמת פורמים ייעודיים לאזור של המועצה: פורום בעלי עסקים מקומיים, פרום תיירות וכו'. בנוסף מוסטפא מנהל מתחם שער העיר באום אל פחם (מתחם מסחרי ושירותי בריאות)."
סמיר מחאמיד,ראש עיריית אום אל פחם,"סמיר הוא ראש עיריית אום אל פחם, עיר המונה כ-57 אלף תושבים. במסגרת תפקידו הוא מנהל את ענייני העיר, ומתאים את המדיניות הממשלתית לצרכים המקומיים ואחראי על ביצוע שוטף ותקין של מטלות העירייה, על מתן שירותים חיוניים לתושבי העיר ועל יצירת שיפור תמידי באיכות החיים של התושבים. בעברו סמיר שימש כמורה, כמחנך, כסגן מנהל בית ספר, כמנהל בית ספר, כמרצה באקדמיה וכמלווה מנהלים."
איתמר מטיאש,ראש המועצה האזורית עמק המעיינות,"איתמר הוא ראש המועצה האזורית עמק המעיינות. בתפקידו הקודם היה מנהל אגף קהילה במועצה אזורית עמק המעיינות. בתפקיד זה היה באחריות ישירה על שירותי הרווחה, המתנ""ס, תחום הכלכלה והתעסוקה, פיתוח קהילתי, פיתוח ותכנון צמיחת יישובים, תקציבי הוועדים וצמיחה דמוגרפית. בנוסף, היחידה האסטרטגית אשר אמונה על ניתוח החלטות ממשלה וקידום תוכניות אסטרטגיות של המועצה מנוהלת תחתיו. האגף בראשותו פיתח מערכת תכנון צמיחה מקיימת ליישובים שמבצעת חיזוי דמוגרפי ייחודי תוך הצלבתו עם נתוני התשתיות הפיזיות כדי לקדם קבלת החלטות מקומיות ואזוריות. בתחום הקהילה, האגף פיתח מודל איתנות קהילתית שמהווה כלי עבודה אפקטיבי לחיזוק חוסנן של הקהילות בשגרה ובחרום. בעבר ניהל עמותה גדולה שפעלה בכל הארץ והפעילה מוסדות טיפוליים לנוער עובר חוק, מרכזים לטיפול משפחתי בפוגעים ונפגעי תקיפות מיניות."
ירון מטס,סטודנט במכללת דוד ילין לתואר שני בחינוך+ תעודת הוראה על יסודי מתמטיקה,"עד שנת 2023 קצין בדרגת תת ניצב במשטרה, בציר בניין הכח. תפקידים אחרונים - ראש חטיבת התכנון באג""ת וסגן ראש האגף ללחימה בפשיעה בחברה הערבית. בשנים 2023-2024 מתמחה במשפטים בלשכה המשפטית של משרד העבודה וקבלת תעודת עורך דין. משנת 2025 סטודנט לתואר שני M.Teach במכללת דוד ילין  ולימודים לקבלת תעודת הוראה ללימודי המתמטיקה/פיזיקה בעל יסודי . מגשר מטעם משרד המשפטים ומתמחה בגישור בין דורי ומשפחה. שותף לצוות לבניית תפקיד מגשר ארגוני ."
רחל מטר-סקופסקי,מנהלת המחלקה הפלילית בפרקליטות המדינה,"רחל היא מנהלת המחלקה הפלילית בפרקליטות המדינה. בתפקידה הקודם היא שימשה כמנהלת המחלקה לעיכוב הליכים במשרד המשפטים ובמקביל הייתה חברה בצוות ההיגוי הפלילי בפרקליטות המדינה. בעבר היא כיהנה כממונה על המבת""ן (מבקר תלונות נחקרים על ידי שירות הביטחון הכללי) ולאחרונה שבה למלא תפקיד זה. רחל הייתה חלק ממשלחת שליוותה עדות של עד מטעם שירות הביטחון הכללי במשפט תקדימי בארצות הברית והשתתפה בכנסים ובאירועים משמעותיים כגון סמינר בשטרסבורג מטעם האו""ם על ניהול משפטי טרור. רחל עשתה שירות לאומי בבית המשפט המחוזי בירושלים."
ביאן מטרי,מנכ״ל מועצה מקומית ג׳סר א-זרקא,"ביאן מכהן כיום כמנכ”ל המועצה המקומית ג’סר א-זרקא, ואמון על יישום החלטת הממשלה הייעודית ליישוב בהיקף של כ-400 מיליון ש”ח. קודם לכן, שימש כמנכ”ל עיריית טמרה בשנים 2020–2024, וניהל תקציבים בסדרי גודל של מעל 250 מיליון ש”ח לשנה ותקציבי פיתוח בהיקף של מעל 500 מיליון ש”ח.
במהלך השנים 2015–2020 שימש כיועץ ועוזר בכיר לראש עיריית טמרה, הוביל פרויקטים תקשורתיים ויוזמות עירוניות רבות. בעבר, בין השנים 2008–2015, פעל כמנהל בכיר במגזר העסקי בחברות תקשורת ושיווק בתחום הסלולר."
גבירה מילווארם,"מנכ""לית תמך","גבירה היא מנתחת מערכות ב-DNA בהכשרתה ואינטגרטורית בנשמתה. בעלת ניסיון של שלושה עשורים בתכנון וביישום של מערכות מידע: בממשלה ובסקטור הפרטי, בארץ ובחו""ל, בפיתוח, אפיון, ניהול ופרודקט. אחרי שמונה שנות התנדבות בארגון, נכנסה במאי 2019 לתפקיד מנכ""לית של עמותת תמך, המקדמת תעסוקה לנשים חרדיות."
אבי מיליקובסקי,"ממונה על ענייני בג""צים בפרקליטות המדינה במשרד המשפטים","אבי מכהן כפרקליט בכיר במחלקת הבג""צים. במסגרת תפקידו הוא מייצג את רשויות המדינה בפני בית המשפט העליון, בעתירות לבג""ץ ובהליכים נוספים. הוא מוביל את הטיפול בעתירות עקרוניות העוסקות בסוגיות חוקתיות, רגולטוריות, ביטחוניות, כלכליות ועוד. בין היתר, נמצאות בטיפולו עתירות בעניין חוק שירות ביטחון (""גיוס בחורי ישיבות""), עתירות לחשיפת תמלילי ישיבות הממשלה שעסקו במשבר הקורונה ועוד. הוא הצטרף למחלקת הבג""צים בשנת 2012. קודם לכן עסק בעריכת דין בתחום הליטיגציה המסחרית במשרד ארדינסט, בן נתן ושות', ובמשרד יגאל ארנון ושות'. בעברו התמחה בבית המשפט העליון תחת פיקוח כבוד המשנה לנשיא מישאל חשין וכבוד הנשיא אהרן ברק."
אירית מילנר,"מפקחת על הייעוץ בחינוך הממלכתי במחוז דרום, משרד החינוך","*התחלתי לפני 30 שנה כיועצת חינוכית בבתי""ס  בדרום-הייתי אמונה על רווחתם של התלמידים והמורים בהיבט פרטני ומערכתי, הנחיית המורים   בהתאם לצרכים ולשלבים ההתפתחותיים ועל טיפול באירועים חריגים.
*בהמשך עבדתי כמדריכה מחוזית בתחום קידום אקלים ומניעת אלימות -הדרכתי צוותי ניהול של בתי""ס במיפוי צרכים ובניית תוכנית עבודה  מערכתית. כן העברתי הכשרות  ליועצות המחוז.
*בהמשך הדרכתי במטה בשפ""י - בניית הפיתוח המקצועי למדריכים ,כתיבת מסמכי מדיניות, תוכניות ומענה למשבר.
*ב8 השנים האחרונות אני מפקחת על הייעוץ בחינוך הממלכתי בדרום. אני אמונה  על כ100 יועצות בכל שלבי הגיל ,ברשויות העוטף וברשויות נוספות .
 אני אחראית על קליטה ושיבוץ  היועצות ועל הכשרתן המקצועית  .אני מובילה צוות מדריכות תחומים  ,בנייה של צוותי למידה , בניית מתווה מקצועי מותאם, ליווי היועצות בבתיה""ס  ויצירת תשתיות עם שותפי תפקיד.
בשנה האחרונה ליוויתי את יועצות הדרום שפונו וחוו אובדן וליוו מורים ותלמידים במעגלי פגיעה רבים. בניתי מודלים מותאמים לתמיכה וליווי מקצועי, למיפוי הצרכים ובניית מענים במרכזי הפינוי , בבתי""ס עורפיים ובקליטת קהילות ."
תהילה מימון,"מנכ""לית המועצה המקומית תל מונד","תהילה היא מנכ""לית המועצה המקומית תל מונד וחברת מועצת העיר כפר סבא. בתפקידה הקודם היא ניהלה את החברה הכלכלית בתל מונד, וקודם לכן ניהלה את המינהלת להתחדשות עירונית בעיריית יבנה. עד שנת 2018 עבדה תהילה במגזר העסקי כסמנכ""לית פיתוח עסקי ואחראית על התחום הכלכלי בחברת אמבר מקבוצת גרנות, כסמנכ""לית כספים וחשבת באבוקדו גרנות מקבוצת גרנות ובליווי פיננסי של חברות ותאגידים בתוכניות אסטרטגיות, הערכות שווי וכדומה."
גלית שניידר מימרן,גזברית עיריית רמת גן,"גלית היא רואת חשבון ומכהנת כגזברית עיריית רמת גן. במסגרת עבודתה במגזר המוניציפלי, הייתה גם סגנית גזבר ומנהלת אגף הכנסות בעיריית כפר סבא – שם הייתה ממונה על תחום ההכנסות, כולל הובלת פרויקטים ארוכי טווח לשימור ולשיפור חוסנה הכלכלי של הרשות. בנוסף, כיהנה כדירקטורית בחברה הכלכלית ובתאגיד הביוב האזורי. כגזברית עיריית רמת גן יש לה אחריות כוללת על הניהול הכספי והפיננסי של העירייה: מצד ההכנסות, הכולל ארנונה, היטלים, הכנסות ממשלה וכו', ו צד ההוצאות והבקרה התקציבית, וגם על דוחות כספיים, תזרים המזומנים, השקעות, נכסים ותשלומים, בקרת שכר על 2,500 עובדי עירייה וניהול של כמאה עובדים. בעבר הייתה במשך שמונה שנים סמנכ""לית כספים בחברת פז גז אילון מקבוצת פז, ובמסגרת תפקידה עסקה רבות בתהליכי מיזוג בין חברות בקבוצה, ולפני כן ניהלה את היחידה הכלכלית בחברת הנדל”ן המניב אמות השקעות. את שירותה הצבאי עשתה גלית בחיל המודיעין."
אבי מימרן,"איש תקשורת, שדר רדיו קול חי, מנכ""ל עמותת מסוגלים לילדים עם אוטיזם","איש תקשורת, מגיש ""המהדורה המרכזית"" ברדיו קול חי - התוכנית המואזנת ביותר במגזר החרדי. ממייסדי תחנת הרדיו קול ברמה ב-2008. פועל לקידום ולסיוע לילדים ולאנשים עם מוגבלות במגזר החרדי. מקים בית הספר החרדי הראשון לילדים אוטיסטים בירושלים, מייסד ומנהל את עמותת מסוגלים."
שירה מרילי מירוויס,רבנית קהילת 'שירת התמר',"הרבנית שירה מרילי מירוויס הינה רבנית של קהילת שירת התמר באפרת. היא בוגרת המכון למנהיגות הלכתית של מדרשת לינדנבאום; מוסמכת בנושאי שבת, נידה, אבלות, חופה וקידושין, ברכות ואיסור והיתר. כיום לומדת בכולל הלכה בתוכנית המשך, בלימודי 'גישור הלכתי'.  שירה מונתה לראש המועצה הדתית של אפרת, תפקיד אותו מילאה במשך שנה. שירה עמיתה בארגון 'רבני בית הלל' ולוקחת חלק פעיל באתר ״משיבת נפש״ במענה לשאלות הלכתיות .  בוגרת תכנית מנדל למנהיגות בתרבות יהודית. מלמדת הלכה במסגרות שונות ומשיבה לשאלות הלכתיות."
אסנת מירון,מובילת רעיון הסרנדיפיטי בישראל,"מומחית ברישות חברתי החוקרת שנים רבות את רעיון הסרנדיפיטי ומובילה קהילה גדולה סביב הנושא בישראל. באפריל 2025 סיימה את 13 שנותיה בארגון מעוז כמנהלת חדשנות וחברת הנהלה. 
אסנת החלה את דרכה המקצועית בתפקידי הפקה שונים בטלוויזיה: הקמת חדשות ערוץ 2, הפקת התכנית ‘אולפן שישי’ והייתה המפיקה הראשית של התכנית ‘עובדה’ עם אילנה דיין. היא הייתה חברה בצוות ההקמה של ערוץ 10 וחדשות 10, מנהלת הפקה ותפעול של ערוץ התכלת וחברת אור מדיה. כמו כן, אסנת הייתה המפיקה האחראית של אירועי ‘כעת מחר’- חגיגות יום הולדת 80 לשמעון פרס. היא בוגרת תכנית ‘גוונים’- למנהיגות יהודית פלורליסטית והתכנית למנהיגות צעירה ישראל- גרמניה של קרן ברטלסמן. בהמשך להשתתפותה הפעילה בתוכנית של קרן ברטלסמן, החלה לעבוד בשנת 2006 כמנהלת פרויקטים עבור הקרן ובמשך 8 שנים ניהלה עבורה את הפעילות והסמינרים בארץ. כמו כן, ניהלה את פורום ‘אופק ישראלי’ של תכנית המנהיגות ישראל-גרמניה.
אסנת היתה שותפה בצוות ההקמה של ארגון מעוז וניהלה את תכנית עמיתי מעוז במשך שנתיים ובמקביל הקימה את רשת מעוז וניהלה את הרשת כשלוש שנים. בשנים 2017-2022 הקימה וניהלה את תחום 'התהודה' במעוז. במסגרת תפקידה זה היתה אחראית על הרחבת מעגלי האימפקט של הארגון ויצירת אקוסיסטם רחב ורתום לפעילויות מעוז במערכות השונות. בשנתיים וחצי האחרונות במעוז ניהלה את החדשנות הארגונית, פיתחה מודל ניהול תהליכי חדשנות וליוותה תהליכים רבים. 
אסנת בעלת תואר ראשון בהצטיינות, במסלול דו-חוגי בפקולטה למדעי הרוח באוניברסיטה העברית בירושלים. אסנת היא אמא לשלושה ילדים, ילידת ירושלים וכיום גרה ברמת השרון. בזמנה הפנוי אוהבת לקרוא ספרי עיון, לשלב בין ניה לפילטיס, לפגוש אנשים זרים, לטייל בעולם ולהמשיך לחקור את קסם הסרנדיפיטי (מדע האקראיות הטובה)."
נעמה מירן,מנהלת קרן גנדיר,"נעמה היא מנהלת קרן גנדיר החל משנת 2019. הקרן מקדמת את תחום הצעירים בישראל, בדגש על תעסוקה איכותית והשתתפות אזרחית רחבה של צעירים ממגוון הקבוצות והאוכלוסיות בחברה, פועלת לקידום שותפויות בין-מגזריות ונמצאת בשותפויות עם משרדי ממשלה. לפני כן עבדה נעמה כמנהלת תוכניות בקרן רוטשילד קיסריה. בפרק הראשון של חייה המקצועיים היא עבדה כפסיכולוגית ארגונית של מנכ""לים והנהלות בארגונים מובילים במשק וכמרצה באוניברסיטת בן-גוריון ואוניברסיטת תל אביב."
ביתיה מלאך,מנהלת מרכז מחוניים לתלמידים חרדיים בנחל שורק,"משנת 2014 ביתיה מנהלת את בית הספר הממלכתי חרדי בנות ירושלים. במסגרת תפקידה היא בונה תוכניות המותאמות לבנות החרדיות ומשלבות בין לימודי קודש ברמה גבוהה לבין לימודי חול, כולל טכנולוגיה המותאמת לאורח החיים החרדי. קודם לכן עבדה כמנהלת בגני חינוך מיוחד ובהדרכת גננות בחינוך המיוחד מטעם משרד החינוך. בכובעה השני התנדבה ביתיה בארגון אם הבנים במערך התמיכה לאימהות ולמשפחות חד-הוריות."
הדס מלדה-מצרי,"מומחית ברפואת משפחה, מנהלת יחידת סגל רופאים, כללית מחוז דרום","MD אוניברסיטת בן גוריון במסגרת עתודה אקדמאית של צה""ל, סר""ן במילואים בהתנדבות ,  מומחית ברפואת משפחה, סגל בכיר במחלקה לרפואת משפחה, מנהלת פיתוח סגל רפואי בכללית מחוז דרום
אקטיביסטית ומרצה בתחומים של אי שיוויון בבריאות ונגישות להשכלה גבוהה בפריפרייה החברתית והגאוגרפית. מובילה (וממייסדי) את הפורום לקידום בריאות יוצאי אתיופיה."
ליאת מלכה,"מנהלת תחום מנהיגות והשפעה, מיזם תמה",
חגית מלכה-הרטף,"מנהלת אגף תכנון ומדיניות, באגף בכיר אסטרטגיה ותכנון במשרד החינוך","ב- 8.10.2024 חגית החלה את תפקידה כמנהלת אגף תכנון ומדיניות ובמסגרתו מובילה את תכנית העבודה המשרדית ויישומה. עבדה 17 שנה ברשות הארצית למדידה והערכה בחינוך (ראמ""ה). במסגרת תפקידה היא מובילה את הטמעת תפקיד רכז ההערכה הבית-ספרי בכלל בתי הספר בארץ, מרכזת את פיתוח הכלים להערכת עובדי הוראה ושותפה בפיתוח מודל ההערכה ויישומו. חגית צברה ניסיון רב בהערכת תוכניות ופרויקטים בחינוך, בין היתר בתוכנית קרב למעורבות בחינוך, במשרד החינוך, בקרן אבי חי ועוד."
ספי מלכיאור,"מנהלת מיזם חינוך, מעוז","ספי היא מנהלת מיזם חינוך במעוז. בעבר ניהלה את אגף החינוך והמתנ""ס במועצה האזורית רמת הנגב. במסגרת תפקידה היא אחראית על החינוך הפורמלי והבלתי פורמלי, על העשרה, על התרבות והפנאי של קבוצות האוכלוסייה השונות ועל הבינוי הקהילתי במועצה. בין שאר התפקידים שמילאה בעבר היא הייתה מנהלת פיתוח ארגוני ויועצת ארגונית בשירותי בריאות כללית ובמקביל לימדה סוציולוגיה ארגונית במכללה האקדמית אחוה ובאוניברסיטת בן גוריון. לפני כן היא עבדה בפיתוח תוכניות לימודים ובהדרכה באגף לחינוך קדם-יסודי במשרד החינוך, בטלוויזיה החינוכית ובחברה להגנת הטבע."
אבישי מלכיאל,אחראי תחום רפואת נשים בחטיבת הרפואה בלאומית שירותי בריאות,"ד""ר אבישי מלכיאל הוא אחראי תחום רפואת נשים, חטיבת הרפואה, לאומית שירותי בריאות. התמחות רפואית: לימודי רפואה באוניברסיטה העברית בירושלים, התמחות ביילוד וגינקולוגיה במרכז הרפואי שערי צדק. לימודים אקדמיים נוספים: תואר ראשון בתוכנית אמירים ובחוג למחשבת ישראל מהאוניברסיטה העברית בירושלים, תואר שני במנהל עסקים מאוניברסיטת תל אביב."
שרון מלמד,מנהלת מינהל השירותים החברתיים בעיריית תל אביב-יפו,"שרון היא מנהלת מינהל השירותים החברתיים בעיריית תל-אביב-יפו, האחראי על תחום הרווחה ובריאות הציבור בעיר. במסגרת תפקידה היא מתמודדת עם אתגרים הקשורים לתחום הגיל הרך, הזִקנה ואנשים עם מוגבלויות ופועלת לשילוב עולמות דיגיטליים כדי לתת מענה לאוכלוסיית העיר. לפני כן היא מילאה תפקידים מגוונים במינהל, בדגש על פיתוח שירותים ותשתיות מקצועיות. עבודת התזה שלה מתמקדת בהטמעת שינויים ארגוניים במחלקות רווחה. שרון ריכזה את הטיפול בנפגעות הכת של גואל רצון והייתה חלק מצוות ארצי לקביעת מדיניות הטיפול בנפגעי כיתות."
אילת כהן מלקמן,לשעבר היועצת המשפטית למשרד החינוך,אילת היא היועצת המשפטית למשרד החינוך.
מאור ממן,מנהל מרכז רפואי העמק,"ד""ר מאור ממן הוא מנהל מרכז רפואי העמק. בתפקידו הקודם היה סגן מנהל המרכז הרפואי רבין בפתח תקווה ובנוסף שימש כרופא בכיר, כמנתח וכאחראי מרפאת שרירנים במחלקת הנשים. לפני כן הוא עבד שם כעוזר למנהל וכאחראי על טכנולוגיות רפואיות וציוד רפואי בבית החולים. במסגרת תפקידיו הקודמים הוא היה טיוטור ראשי והדריך עשרות סטודנטים, ובמקביל, מאז שנת 2016 הוא מרכז את קורס לימודי ההמשך של החוג ליילוד וגינקולוגיה בפקולטה לרפואה באוניברסיטת תל אביב. בנוסף, הוא נבחר לחבר ועד האיגוד הישראלי למיילדות וגינקולוגיה ואחראי לניירות העמדה של האיגוד. הוא קיבל תעודת הצטיינות בהוראת סטודנטים מהפקולטה לרפואה באוניברסיטת תל אביב. במסגרת עשייתו החברתית הוא נמנה עם צוות בית חולים שדה שהקים צה""ל בפיליפינים בנובמבר 2013 לאחר סופת ההוריקן שפקדה את המדינה. בעבר היה רכז חונכים של פרויקט פר""ח בטכניון בחיפה. מאור הוא רב סרן במילואים, מפקד גדוד הרפואה המטכ""לי, ובמסגרת זו מפקד על יותר מ-300 חיילי מילואים. הוא מומחה ברפואת נשים. את התמחותו עשה במרכז הרפואי רבין ואת הסטאז' עשה בבית חולים בילינסון."
ניצן ממרוד,סמנכ״ל קבוצת נחמיאס ייזום ובנייה,"כל חיי עסקתי בניהול ותפעול מערכות גדולות, תקציבים משאבים וכ״א. פרשתי אלוף משנה מהצבא."
יריב מן,"סמנכ""ל בכיר, ראש המינהל לאזרחים ותיקים במשרד הרווחה והביטחון החברתי","יריב הוא סמנכ""ל בכיר, ראש מינהל אזרחים ותיקים במשרד הרווחה והביטחון החברתי. יריב הוביל את הקמת המינהל לאזרחים ותיקים ופיתח עם צוות המינהל שירותים ותכניות עבור האזרחים הוותיקים בישראל. יחד עם הנהלת המשרד פעל להכפלת בסיס התקציב של המינהל, קידום מבנה ארגוני הכולל הקמת אגף תכנון מדיניות. המינהל מקדם את גישת השייכות החברתית, דחיקת התלות וכן מניעת מצבי סיכון בקרב הוותיקים. יריב הוביל את המהלך לביזור סמכויות תכנון ותקצוב לשלטון המקומי ובנוסף ייצג את מדינת ישראל במגוון פורומים בין לאומיים כולל האו""ם.
בעבר הוא ניהל את האגף לפיתוח כלכלי וחברתי בחברה הבדואית בנגב במשרד החקלאות ובמסגרת זו היה שותף בהובלת המהלכים המקצועיים לגיבוש ויישום החלטת הממשלה 2397 בגובה 3.2 מיליארד ₪ לפיתוח כלכלי וחברתי ביישובי החברה הבדואית בנגב. בנוסף, הוא קידם מהלכי מדיניות לשיפור איכות החיים בנגב כגון הקמת שותפויות בין מגזרים והשוואת מענים ממשלתיים לרשויות המקומיות. כמו כן הוא שימש יועץ מקצועי בכיר לשלושה  מנכ""לים במשרד הרווחה והיה שותף בקידום מדיניות חברתית כגון המאבק בהתנגדות למגורי אנשים עם צרכים מיוחדים בקהילה והקמת קרן הסיוע לעמותות. בעבר היה מנהל תחום באגף לתכנון מדיניות במשרד ראש הממשלה וראש צוות אנליסטים במכון ראות. ליריב תואר ראשון בהצטיינות במדע המדינה וגיאוגרפיה, תואר שני במדע המדינה ותואר שני במדיניות ציבורית במגמת מנהיגות מהאוניברסיטה העברית."
נבילה מנאע,ממונה על פרויקטים מערכתיים,"נבילה היא ממונה על פרויקטים מערכתיים. בעבר הייתה סגנית מנהל אגף החינוך הערבי במינהל החינוך בעיריית ירושלים וממונה על מערכת החינוך במזרח העיר. במסגרת תפקידה הקודם הייתה שותפה בניהול מערכת חינוך מהמורכבות והגדולות בארץ ולוקחת חלק בצמיחה ובחדשנות במערכת בתחום ההשכלה הגבוהה, בפיתוח מצוינות, בהתאמת המערכת למאה ה-21, בצמצום הנשירה ועוד. במשך עשרים שנה היא עוסקת בייעוץ וליווי מנהלים בתחום החינוך. היא ליוותה מנהלי ארגונים באמצעות המשרד שהקימה ""משורה - مشورة"", בנתה אסטרטגיית עבודה בהתאם לחזון ולייעוד הארגון והובילה אותו ליציבות ארגונית וכלכלית. לנבילה תואר ראשון בחינוך ותואר שני בניהול מלכ""רים מהאוניברסיטה העברית."
ספי מנדלוביץ,"משנה למנכ""ל משרד הבריאות","ד""ר ספי מנדלוביץ' הוא משנה למנכ""ל משרד הבריאות ורופא בכיר במחלקה לרפואה דחופה ילדים במרכז הרפואי שערי צדק. בעבר שימש כסמנכ״ל רפואה בשערי צדק. כמו כן הוא מייסד תוכנית ענבר לעתודה ניהולית במערכת הבריאות ומשמש כמ""מ יו""ר הוועד המנהל של התוכנית"
אברהם מנלה,"מנכ""ל חברת קדישא ת""א יפו ויו""ר מד""א","אברהם משמש כמנכ""ל חברת קדישא ת""א יפו ויו""ר מד""א. במסגרת התפקיד אברהם אחראי על תפעול ופיתוח בתי עלמין קיימים, הכשרת ופיתוח בתי עלמין חדשים, שטחי קבורה ומתן שירותי קבורה לכשליש מהנפטרים היהודיים במדינת ישראל. במקביל, משמש אברהם כיו“ר חברת עזרה ובצרון - חברת בת של עיריית ת“א יפו המהווה זרוע הבניה וביצוע הפרויקטים שלה. אברהם קידם תהליך ארגוני שהביא לייצוב כלכלי של החברה, אשר נחשבת כיום למובילה בתחום. בנוסף, משמש כחבר דירקטוריון של מגן דוד אדום בישראל."
צ'יקו (ז'ק) מנשה,סמנכ״ל Start-Up Nation Central,"צ'יקו הוא מנכ׳׳ל אסיף - מרכז לתרבות אוכל בישראל. כמו כן משמש סמנכ""ל תפעולי ב-Start-Up Nation Central - עמותה המקדמת את תעשיית ההייטק בישראל. קודם לכן היה עיתונאי, תחילה ברשת ב' ככתב לענייני משטרה ובהמשך ככתב חדשות בחברת החדשות של ערוץ 2 וככתב מדיני בחדשות 10. בשנת 2015 מונה למנהל רשת ב', ולאחר סגירת רשות השידור מונה למשנה למנכ''ל החדשות בתאגיד השידור כאן ברדיו, בטלוויזיה ובדיגיטל."
חולוד אבו זראקי (מסאלחה),"מנכ""לית עמותת אעלאם","חולוד מסאלחה, עיתונאית מכפר דבוריה, עוסקת בתחום העיתונות מעל שני עשורים. היא התחילה את הקריירה שלה כחוקרת בתחום התקשורת לאחר שסיימה את לימודיה באוניברסיטה העברית בתקשורת ומדעי המדינה – שם חקרה את אופן סיקור הערבים בתקשורת הישראלית בשפה העברית ואופן סיקור הנשים יחד עם פרופ' אמל גמאל. בהמשך עבדה כעורכת באתר בוקרא ומשנת 2009 היא מנהלת ועורכת ראשית של האתר. משנת 2017 היא מנהלת את מרכז אעלאם - המרכז הערבי לחירויות המדיה והמחקר. במרכז היא מנהלת צוות של 10 פקידים ו-16 פרויקטים הכוללים: סרטים דוקומנטריים, ליווי נשים המתמודדות לבחירות ופוליטיקה, הכשרת עיתונאים צעירים בשיתוף עם אתר Ynet, חינוך לצריכה תקשורתית ביקורתית בבתי הספר, ניטור התקשורת הישראלית והכנת דוחות ומחקרים בעניין. מסאלחה חברת מזכירות בארגון העיתונאים בישראל, חברת מזכירות בארגון IFEX העולמי, וחברת מזכירות בארגון Ifj."
מלאכ מסאלחה,מנהלת שותפויות ופיתוח עסקי - ארגון Hive,"מלאכ היא מנהלת שותפויות ופיתוח עסקי בארגון Hive. לפני כן עבדה במעוז, בתחילה ניהלה במשך חמש שנים את יחידת האיתור והמיון, שבה משבצים את הנבחרים לתוכניות ההכשרה בתחומי הבריאות, החינוך, התעסוקה והשלטון המקומי. בתפקידה האחרון במעוז היא הייתה מנהלת מיזם תעסוקה - שותפות עם זרוע העבודה במשרד הכלכלה. לפני כן עבדה כחמש שנים כמנהלת מרכז קריירה בעמותת קוו משווה הפועלת לקידום השתלבותם של אקדמאים ערביים בשוק העסקים הישראלי.
למלאכ ניסיון של מעל עשור בתחומי התעסוקה, הובלת תהליכים, בניית פרויקטים וניהולם, ניהול צוות ויצירת שותפויות – כל זאת מתוך היכרות מעמיקה עם אוכלוסיות מגוונות בחברה הישראלית."
סלוא מסארוה,"חברה בעמותת אלסיואר, בונה ומלווה תכניות לעובדי הרשויות ותכניות  לשיתוף הקהילה בתכניות והחלטות ברשות ובניית מאגרי מידע",
ראיד מסארוה,מפקח כולל במשרד החינוך,"ראיד הוא מפקח כולל במשרד החינוך ומייצג את משרד החינוך באיחוד האמירויות. לפני כן הוא ניהל את אגף החינוך בעיר טייבה והוביל שם את המעבר למבנה שש-שנתי במערכת החינוך העל-יסודי, ניהל את בית הספר הטכנולוגי עתיד לוד וניהל בית ספר שש-שנתי ברשת ברנקו וייס. ראיד זכה בפרס חינוך בתחום יזמות חינוכית, הוביל פרויקט שיגור ננו לוויין לחלל במרכז למדעים בהרצליה, עבד עם נוער בסיכון ויזם את תוכנית נשר לפיתוח כישורים אישיים ולמניעת נשירה במערכת החינוך ."
סוניה מסעוד,רואת חשבון ויועצת עסקית ופיננסית,"סוניה היא רואת חשבון ויועצת עסקית ופיננסית, דירקטורית ומנהלת משרד נצרת בדלויט ודירקטורית מטעם הציבור בחברה ממשלתית ובעמותה עירונית ברמלה. יש לה ניסיון של עשור ומחצה בליווי ובייעוץ בנושאי חשבונאות ודיווח כספי, במתן שירותי ביקורת ובמתן תכנונים ופתרונות לבעיות מס לחברות ציבוריות ולחברות פרטיות גדולות בעיקר במגזר הנדל""ן, התעשייה והשילוח, ובמתן שירותי ביקורת פנימית לגופים גדולים. סוניה עומדת בראש צוות רואי חשבון ומתמחים המספקים שירותים לחברות מובילות במשק הישראלי. בעבר הייתה אחראית ביקורת תחום העמותות והמלכ""רים."
יואב מעוז,"מנכ""ל עמותת ידידי עתידים","יואב מכהן כמנכ""ל עמותת ידידי עתידים וכחבר בוועד המנהל של עמותת דורשי טוב. בתפקידו הקודם הוא ניהל בעמותת ידידי עתידים את התוכנית צוערים לשלטון המקומי - הפועלת לשיפור השלטון המקומי בפריפריה החברתית והגיאוגרפית באמצעות טיפוח והכשרת קבוצת מנהיגות לניהול מקצועי בתחומים המוניציפליים, ואת התוכנית צוערים לניהול תשתיות תחבורה -. המכשירה מהנדסי תחבורה מקצועיים ואיכותיים שישתלבו במשרד התחבורה ובחברות-הבת הממשלתיות. קודם לכן, הוא ניהל את עמותת דורשי טוב, המקדמת התנדבות בפריפריה החברתית והגיאוגרפית למען עתיד טוב יותר של נוער וצעירים, ובד בבד לימד בבית הספר דמוקרטי בעמק בנהלל. יואב הוא רס""ן במילואים, ושירת בקבע קרוב לעשור. בין לבין הוא יצא לשליחות של הסוכנות היהודית בקייפטאון, דרום אפריקה."
ענאן מעלוף,מתכנן ערים ותחבורה,"ענאן הוא מנהל מערך פיתוח התחבורה הציבורית ביישובי החברה הערבית ברשות לתחבורה ציבורית במשרד התחבורה. במסגרת תפקידו הוא מוביל את פיתוח התשתיות הנדרשות להרחבת רשת התחבורה הציבורית ביישובים הערביים וייעולה לצד הטמעת כלי העבודה הנדרשים לתפעול ולתכנות השירות ברשויות המקומיות. בשנים 2013-2012 הוא שימש כעוזרו של ראש עיריית נצרת ובשנים 2018-2015 היה ראש לשכתו ויועצו של חבר הכנסת איימן עודה. בנוסף, עבד ענאן כחוקר וכמתכנן ערים עבור המרכז הערבי לתכנון אלטרנטיבי."
כפיר מצוינים,סמנכ״ל רגולציה וקשרי ממשל במרכז השלטון המקומי,"מספטמבר 2023 מכהן כפיר כסמנכ״ל רגולציה וקשרי ממשל במרכז השלטון המקומי. במסגרת תפקידו ממונה כפיר על מינהל משפט וכנסת, מינהל ביטחון וחירום, מינהל כלכלה ומינהל סביבה, וכן אמון על הקשר שבין השלטון המקומי לכנסת ולממשלה בתחומים הנ״ל. לפני כן שימש כפיר כמנהל צוות שלטון מקומי באגף פנים תכנון ופיתוח במשרד ראש הממשלה. במסגרת תפקידו במשרד רה״מ עמד כפיר בראש הוועדה הממשלתית לביזור סמכויות ולהפחתת הנטל הרגולטורי על השלטון המקומי, מכוחה הוביל עבודת מטה לגיבוש המלצות לביזור כ-50 ממשקים בין הממשלה לשלטון המקומי. בנוסף הוביל את מדיניות הממשלה בעניין אזורי עדיפות לאומית. קודם לכן ביצע כפיר מספר תפקידים בשירות הציבורי: מנהל כלכלת רכש במשרד הביטחון, מנהל תקציב מינהל התכנון ותקציבן רשויות מקומיות במינהל השלטון המקומי במשרד הפנים. בעבר היה כפיר בעלים של עסק פרטי לשירותי מסירות והגשות משפטיות."
מיכל מקל,"מנהלת בית חולים רמב""ם, הקריה הרפואית לבריאות האדם","ד""ר מיכל מקל היא סגנית מנהל בית חולים רמב""ם החל משנת 2017. בשנים הראשונות בתפקידה היא הייתה ראש מינהלת איכות ובטיחות הטיפול בבית החולים, וכיום היא אחראית על תחום הרופאים ועל פיתוח תחומי רפואה בבית החולים. היא בעלת התמחות בכירורגיה כללית מבית חולים רמב""ם עם התמקצעות בכירורגיה אנדוקרינית מבית החולים מסצ'וסטס ג'נרל הוספיטל והארוורד, בוסטון, ארה""ב. את התמחותה במינהל רפואי השלימה גם כן בבית חולים רמב""ם ובחטיבת המרכזים הרפואיים הממשלתיים. מיכל משמשת עד היום ככירורגית פעילה העוסקת בתחום התמקצעותה ומשלבת פעילות קלינית עם התפקיד הניהולי."
רן מרגליות,"מנכ""ל עמותת ברטלי - נוער בתנועה","רן הוא מנכ""ל ומייסד עמותת ברטלי - נוער בתנועה, אשר מפעילה ארגון נוער חינוכי המשתמש ברכיבת אופני שטח ככלי להעצמה ולגישור על פערים חברתיים בין בני נוער מרקעים שונים. במסגרת תפקידו הוא מוביל הקמת רשת ארצית של מרכזי רכיבה חינוכיים לנוער ועסק חברתי המציע הזדמנויות תעסוקה לבוגרי התוכניות החינוכיות. קודם לכן ייסד וניהל במשך ארבע שנים את קבוצת רכיבת אופני הכביש הישראלית המקצוענית ISRAEL CYCLING ACADEMY, ניהל פעילות תקציבית שנתית של יותר מ-50 מיליון ₪ והוביל את פרויקט הבאת מרוץ הג'ירו דה איטליה לישראל בשנת 2018. בעבר היה רוכב אופני כביש מקצועני, הישראלי הראשון שהתחרה בדרג הבינלאומי הבכיר של ענף מרוצי האופניים."
רחל (רחלי) מרום,יועצת לפיתוח כלכלי ויזמות,"רחלי היא יועצת לפיתוח כלכלי ויזמות. בעבר שימשה כמנכ""לית עיריית רמת גן. קודם לכן הייתה מנכ""לית החברה העירונית של עיריית באר שבע, ובמסגרת זו ניהלה ופיתחה את אזורי התעשייה בעיר, לרבות פארק ההייטק, קידמה יזמים טכנולוגיים, ניהלה את  השווקים העירוניים בעיר והובילה את ההתחדשות של השוק העירוני - פרויקט דגל חברתי-כלכלי."
אורלי פרידמן מרטון,פעילה חברתית ועוסקת בתחומי גוף-נפש,"כיום אורלי פעילה חברתית. לפני כן, משנת 2007, שימשה אורלי כיועצת המשפטית ומנהלת אחריות תאגידית במיקרוסופט ישראל. במסגרת התפקיד בנתה והובילה תוכנית אחריות תאגידית, שאותה הוציאה אל הפועל באמצעות יצירת שיתופי פעולה תלת מגזריים ברמה לאומית. קודם לכן עבדה כעורכת דין במשרד עצמאי - במשרד עורכי הדין ניידרמן-פיינקלשטיין ובמשרד עורכי הדין דן כהן, שפיגלמן, ברק, זמיר ושות', שבו גם ביצעה את התמחותה. בנוסף, עבדה אורלי כעוזרת מחקר בתחום המשפטי. בסקטור החברתי חברה אורלי בוועדה הלאומית לצמצום הפער הדיגיטלי. במקביל, היא חברת ועד מנהל בעמותת תפוח וחברה בוועדה הבין-משרדית ליום הלאומי לאינטרנט פתוח. בנוסף, היא משמשת כמשקיפה בהנהלת פרויקט מחשב לכל ילד."
איציק מרמלשטיין,"מנכ""ל אשטרום אנרגיה מתחדשת וזכיינות","איציק הוא מנכ""ל פעילות האנרגיה המתחדשת של אשטרום. הוא עובד במשרד האוצר מאז שנת 2012 במגוון תפקידים. היה יו""ר ועדות המכרזים הבין-משרדיות להתפלה ולאנרגיה סולרית, שמוציאות לפועל פרויקטי תשתית רחבי היקף בשיתופי פעולה בין המגזר הציבורי לפרטי. בנוסף, היה אחראי לפעילות האגף במשקי המים, החשמל, הגז והדלק, בין היתר מול חברות ממשלתיות ופרטיות, בהובלת הסדרי מימון, נכסים ועוד. בטרם עבד במשרד האוצר היה שליח מטעם הסוכנות היהודית באוסטרליה ובאנגליה והדריך טיולים ברחבי הארץ."
ויסאם מרעי,פסיכולוגית ראשית במחוז דרום בשירותי בריאות כללית,"ויסאם היא הפסיכולוגית הראשית במחוז דרום בשירותי בריאות כללית. הייתה מדריכה קלינית במחלקה הפסיכיאטרית בסורוקה. בשנים 2014-2011 הייתה מדריכה קלינית ביחידה להפרעות אכילה בסורוקה ובמקביל עבדה בשירות הפסיכולוגי החינוכי בבאר שבע. בשנים 2007-2002 היא הייתה פסיכולוגית מחוזית במשרד החינוך ובשנים 2003-2000 ניהלה את השירות הפסיכולוגי החינוכי בערערה בנגב. בד בבד, בשנים 2006-1998 עבדה כפסיכולוגית קלינית במרכז לבריאות הנפש בבאר שבע. לצד עיסוקיה אלה הייתה רכזת התוכנית לתואר שני בפסיכולוגיה חינוכית לחברה הערבית בשנים 017-2016), ומרצה מן החוץ בתוכנית לפסיכולוגיה חינוכית בשנים 017-2002). ויסאם היא מומחית בהדרכה בפסיכולוגיה קלינית ומומחית בפסיכולוגיה חינוכית. את התמחותה בהדרכה קלינית ביצעה במחלקה הפסיכיאטרית בסורוקה, את התמחותה בפסיכולוגיה קלינית - במרכז לבריאות הנפש בבאר שבע, ואת התמחותה בפסיכולוגיה חינוכית - בשירות הפסיכולוגי החינוכי בבאר שבע."
שמואל מרציאנו,"ניצב, מזכיר ביטחוני במשרד לביטחון לאומי","מפקד בכיר במשטרת ישראל, דרגת תת ניצב, ניסיון רבל בכלל תחומי המשטרה השונים, לרבות לחימה בפשיעה, פיקוד על אירועים גדולים ומורכבים, הפרות סדר, בטחון אישי וציבורי, רישוי אירועים ועסקים. מוביל תוכניות פיתוח, הצטיינות ומנהיגות.   מאוד מאמין בפשטות ושיתופי פעולה כבסיס איתן לכל מערכת יחסים ולכל תהליך בכל תחום."
אבי מרקדו,עצמאי,"ד""ר אבי מרקדו הוא עצמאי. קודם לכן החל משנת 2021 שימש כמנהל מוצר בחברת Diagnostic Robotics. בתפקידו הקודם היה סגן המנהלת הרפואית של מחוז מרכז במכבי שירותי בריאות במסגרת התמחותו במנהל רפואי. קודם לכן, בשנים 2017-2015 שימש אבי כמנהל רפואי של מרחב יפו במכבי שירותי בריאות והיה אחראי בין היתר על הניהול הרפואי הכולל ועל פיתוח שירותים רפואיים. לפני כן שימש כמומחה ברפואת המשפחה במרחב יפו, ומעבר לתפקידו כרופא משפחה השתתף בתור רופא ב""מחלקה בקהילה"" - צוות ייחודי המעניק טיפול מוגבר לחולים מורכבים שהשתחררו מטיפול. במהלך לימודיו נטל חלק בפרויקט מדערו""ם בכפר החינוכי ניצנה וכן בהדרכת תלמידים מהמגזר הבדואי בפרויקט ניצני רפואה בבאר שבע ובאופקים. התמחות רפואית: אבי מומחה ברפואת המשפחה. את התמחותו ביצע במחלקה לרפואת המשפחה של מכבי שירותי בריאות עם סבבים במחלקות פנימית, ילדים ורפואה דחופה במרכז הרפואי תל אביב ע""ש סוראסקי (איכילוב) ובמרכז לבריאות הנפש שלוותה. על שלבי א' ו-ב' קיבל ציון לשבח ""מעל ומעבר"". את הסטאז' ברפואה ביצע במרכז הרפואי ע""ש ברזילי ובמהלכו נבחר כסטאז'ר מצטיין."
עינבל משש,"מנכ""לית שירות התעסוקה","עינבל משמשת כראש מינהל עובדים זרים, במסגרת תפקיד זה אמונה על הסדרת העסקת עובדים זרים ופלסטינים בענפי משק רבים ובפרויקטים לאומיים, על כלל היבטיו. עמדה בראש צוות בינמשרדי לבחינת שינוי שיטת העסקה בענף הסיעוד ובראש צוות מיוחד למניעת ניצול ביחס לעובדים פלסטינים. מובילה את נושא יישום הסכמים בלטראליים לגיוס כח אדם מיומן ממדינות שונות וחברת הנהלת הרשות. בתפקידיה הקודמים הייתה אחראית על טיפול בתופעת ההסתננות לישראל ושותפה להקמה וניהול מרכז השהייה למסתננים בנגב, וכן שימשה בתפקיד מטה בתחום ניהול אסטרטגי ויועצת מנכ""ל לקידום נשים."
טל הראל מתתיהו,"סגנית המפקח על הבנקים ומנהלת אגף טכנולוגיה, חדשנות וסייבר, בנק ישראל","טל היא סגנית המפקח על הבנקים ומנהלת אגף טכנולוגיה חדשנות וסייבר בבנק ישראל. 
במסגרת תפקידה טל אחראית על הובלת מדיניות הפיקוח, האכיפה והאסדרה בנושאי טכנולוגיה, סייבר וחדשנות, בבנקים ובחברות כרטיסי האשראי, הובלת תהליכים שיש בהם כדי להתאים את הבנקאות לסביבה המשתנה באופן פרואקטיבי וצופה פני עתיד, הסרת חסמים שיש בהם כדי לאפשר שילוב טכנולוגיות מתקדמות באופן אחראי, זיהוי וניתוח סיכונים בתחום זה והגדרת דרישות לגידורם, וכן וקידום תהליכים להגברת התחרות לטובת לקוחות המערכת הבנקאית."
שלמה נאמן,"מנכ""ל עתידנו","שלמה הוא מנכ""ל עתידנו. בעבר שימש כראש המועצה האזורית גוש עציון. בגיל 17 עלה לארץ מבירוביג'ן – בירת המחוז היהודי האוטונומי שבבריה""מ לשעבר, והוא בוגר ישיבת הסדר הר עציון וסרן במילואים. רוב חייו המקצועיים עסק בחינוך יהודי-ציוני בקהילות יהודיות בעולם: במשך שלוש שנים הוא היה בשליחות משפחתית בקייב שבאוקראינה מטעם הסוכנות היהודית ובנוסף, הקים וניהל ארגון של חינוך לעלייה – מדרשה ציונית שפעלה בישראל ובמדינות של ברית המועצות לשעבר ותרמה לעליית מאות צעירים לארץ. כמו כן שלמה שימש כיועץ מקצועי בכיר לשר זאב אלקין במשרדי הקליטה, הגנת הסבבה וירושלים ומורשת."
חליל נאתכו,מנהל אדמיניסטרטיבי בית החולים א.מ.מ.ס נצרת,"מיוני 2025 משמש חליל כמנהל האדמיניסטרטיבי של ארגון ה-EMMS Nazareth המפעיל את בית החולים נצרת, בית ספר האקדמאי לסיעוד, מיזם התיירות - כפר נצרת ותכנית המתנדבים Serve Nazareth. 

קודם לכן, שימש חליל במשך כ-11 שנה כמנכ""ל המועצה המקומית כפר כמא. במסגרת תפקידו הוביל את המועצה להישג חסר תקדים כאשר היישוב הוכר כאחד מכפרי התיירות הטובים בעולם על ידי ארגון התיירות העולמית (UNTWO) של האו""ם לשנת 2022. קודם לתפקידו כמנכ""ל המועצה, שירת חליל כ-12 שנה בצה""ל והשתחרר בדרגת רס""ן. את מרבית תפקידיו בצה""ל עשה בתפקידי פיקוד והדרכה, כאשר בתפקידיו האחרונים שימש כסגן מפקדת מגמת ההשכלה בצה""ל וכמפקד בסיס גדנ""ע צלמון.

לחליל תואר ראשון במדעי המדינה מטעם מכללת עמק יזרעאל, תואר שני במדעי החברה והרוח מטעם אוניברסיטת חיפה.
בנוסף, חליל הינו בוגר קורס דירקטורים ונושאי משרה בכירה מטעם אוניברסיטת ת""א ובוגר תכנית ""מובילים דיגיטליים""."
יוני נבו,יזם טכנולוגי-חברתי,"יוני הינו יזם טכנולוגי-חברתי, המוביל כיום את הטכנולוגיה בתנועת ההמונים ""הרבעון הרביעי"" העוסקת בשיקום האמון בחברה הישראלית. בנוסף, יוני עוסק במציאת טכנולוגיות להקטנת הקיטוב ברשתות החברתיות ובקידום שירות אזרחי טכנולוגי. בתפקידו הקודם שימש כמנכ""ל Sweetch Health, אותה הוביל להיות אחת מ-150 החברות המבטיחות בעולם הבריאות ולעסקאות עם ענקי הפארמה בעולם, תוך גיוס של עשרות מליוני דולרים. יוני הגיע לSweetch כחלק ממיזוג עם צוות H3 Health, מיזם מהפכני בתחום הבריאות של חולים כרוניים, אותו הקים עם חברי רשת אחרים. לפני כן ייסד וניהל את הסטארטאפ Cimagine, ביסס אותו כמוביל טכנולוגי בתחום המציאות הרבודה, חתם חוזים עם הקמעונאים הגדולים בעולם, ומכר את החברה ל- Snapchat. לאחר הרכישה הקים וניהל את מרכז הפיתוח בישראל, האחראי על טכנולוגיה בה משתמשים מדי יום מעל 100 מיליון איש ברחבי העולם. בעבר שימש בתפקידים בכירים בחברות הייטק גדולות בארץ ובחו״ל, ושירת שנים רבות כקצין בקבע ובמילואים.

יוני מתגורר בשמשית, נשוי ואב לארבעה. בעל תואר שני במנהל עסקים ותואר ראשון במדעי המחשב, שניהם מאוניברסיטת תל-אביב, וכן מוכשר כמגשר ומאמן."
יעל ישראלי – נבו,יועצת למשרד הבריאות להסכם הרופאים ותכנון כוח אדם,"יעל היא יועצת למשרד הבריאות לעניין הסכם הרופאים. בתפקידה הקודם הייתה סגנית בכירה ליועמ""ש במשרד החינוך להסכמים ודיני עבודה. בשנים 2010-2020 שימשה כממונה בלשכה המשפטית באגף השכר והסכמי העבודה במשרד האוצר והייתה אחראית על צוות שעסק במערכת הבריאות, בשלטון המקומי, בחברות ממשלתיות, בתאגידים, בשוויון מגדרי ועוד. בשנים 2010-2005 שימשה כפרקליטה בפרקליטות מחוז ירושלים (אזרחי) ועסקה במשפט מנהלי, בדיני עבודה ונזיקין, בחוזים ובליטיגציה. בשנים 2003-2001 עשתה יעל טרום התמחות והתמחות במחלקה הפלילית והאזרחית בפרקליטות המדינה במחוז ירושלים ובבית המשפט העליון אצל השופטת מרים נאור."
זיו נבו,מנהל הנדסת תוכנה גלובלי באינטל,"זיו מנהל הנדסת תוכנה גלובלי באינטל. החל משנת 1998 משמש זיו בתפקידים שונים באינטל: משנת 2012 הוא מנהל אזורי ישראל ואסיה של Flex הנדסת תוכנה ומנהל צוותים שעוסקים בשיפור במהירות התנועה של קבוצות המוצרים בחברה מאז 2015 הוא גם מנהל משותף למערכות מידע אינטל ישראל (CIO). בשנים 2012-2005 הוא היה מנהל מחלקת מערכות מידע באינטל ישראל ולפני כן שימש כמוביל צוות פלטפורמות ואינטגרציה, עסק בניתוח מערכות וניהל פרויקטים בקבוצת מערכות מידע של משאבי אנוש וכספים. בשנים 2009-2008 שימש כמרצה במכללת סמי שמעון להנדסה ובמקביל כיהן כחבר הוועד המנהל של עמותת מעיין החינוך הדמוקרטי שייסד - עמותה שפועלת לשינוי חברתי באמצעות מתן כלים פרקטיים והגברת מודעות ומסוגלות חברתית. משנת 2012 הוא יזם ושותף של תוכנית סינרגיה ומתנדב בה, וגם כחבר הוועד המנהל של עמותת ערכים בספורט, המנצלת את פלטפורמות הספורט הקיימות להובלת שינוי חברתי. במקביל, משנת 2010 הוא יוזם ומוביל את החממה לחדשנות של IT ישראל וארגונים גלובליים ומשמש כמדריך וכמאמן מנהלים ומובילים גלובליים. זיו זכה פעמיים בפרס האיכות IQA וקיבל כמה פעמים את התואר מדריך מצטיין."
שירה נבון,"סמנכ""לית אסטרטגיה ושיווק באוניברסיטת תל אביב","שירה היא סמנכ""לית אסטרטגיה ושיווק באוניברסיטת תל אביב. בעבר ניהלה את יחידת סגנית הנשיא לאסטרטגיה באוניברסיטת חיפה. במסגרת תפקידה הקודם הייתה אחראית על הובלת תהליכים אסטרטגיים בארגון ובעיקר על בניית תוכנית רב שנתית ועל בניית תוכנית עבודה ליישומה. כמו כן, הייתה אחראית על הובלת מהלכים לפיתוח האוניברסיטה, על קיום קשרי ממשל ועוד."
מירי נבון,מנהלת מחוז דרום משרד החינוך,"מירי היא סגנית בכירה למנהלת המינהל הפדגוגי במשרד החינוך. במסגרת תפקידה היא מובילה את רפורמת ההכלה וההשתלבות במערכת החינוך ואחראית על יישומה, ובין השאר אחראית גם על חוק החינוך המיוחד החדש, על הובלת שנת ה-70, על היערכות פתיחת שנה במערכת החינוך, על הוראה איכותית ועל התמונה החינוכית ועוד. מירי צמחה במערכת החינוך. היא החלה את דרכה כמורה, בהמשך הקימה את חטיבת הביניים של התיכון לאומנויות בירושלים וניהלה את בית ספר אריאל. בשנת 2011 החלה לעבוד במטה משרד החינוך בשורת תפקידים: מתאמת פעולות המינהל הפדגוגי, מובילת רפורמת אופק חדש, ראש מטה מנכ""לית משרד החינוך, סגנית מנהל המינהל הפדגוגי וממלאת מקום מנהל המינהל הפדגוגי עד שהתמנתה לתפקידה הנוכחי."
אלון נבט,סגן מנהלת בית חולים בילינסון,"ד""ר אלון נבט הוא סגן מנהל בית החולים בילינסון של שירותי בריאות כללית. בתפקידו הקודם היה סגן מנהל המרכז הרפואי הלל יפה. במקביל לתפקידי הניהול הוא עובד כרופא ילדים. התמחות רפואית: אלון התמחה ברפואת ילדים וברפואה דחופה במרכז שניידר לרפואת ילדים. את התמחותו במינהל רפואי ביצע במרכז הרפואי הלל יפה."
מנחם נדלר,מנהל האגף למחוננים ולמצטיינים במינהל הפדגוגי במשרד החינוך,"מנחם הוא מנהל האגף למחוננים ולמצטיינים במשרד החינוך משנת 2014. במסגרת תפקידו הוא מוביל את מדיניות המשרד בתהליכי איתור מחוננים ומצטיינים בישראל, טיפוח החמישון העליון של התלמידים במערכת החינוך ובניית תוכניות מותאמות לאוכלוסיית היעד. בשנות ניהולו הרחיב האגף את היקף פעילותו והכניס שינויים מהותיים במתן מענים לתלמידים המחוננים והמצטיינים במסגרות הייחודיות ובמערכת ההטרוגנית. הוא עובד במערכת החינוך משנת 1992 – תחילה כמורה לאלקטרוניקה ומחשבים, מחנך כיתה, רכז שכבה ורכז מקצוע, ובהמשך כמנהל בית ספר למחוננים ולמצטיינים בכרמיאל. במקביל, שימש כמרצה לאלקטרוניקה במכללת אורט בראודה להנדסה וכמנחה לסטודנטים הלומדים לתעודת הוראה בתחום. בשנת 2012 מונה לתפקיד מפקח במחוז צפון לתחום בתי ספר בניהול עצמי ולהובלת תחום המחוננים והמצטיינים במחוז."
ראני נוגידאת,חשב בכיר ברשות המטרו וממ סגן חשב בכיר במשרד הפנים,"ראני הוא חשב בכיר ברשות המטרו וממ סגן חשב בכיר במשרד הפנים. במסגרת תפקידו הוא שותף בניהול יחידת הכספים במשרד ובניהול וביצוע תקציב המשרד, אשר כולל תמיכה, תקצוב ומימון הפעילות ברשויות המקומיות. בעבר כיהן בתפקידים ניהוליים באגף החשב הכללי במשרד האוצר, כגון כסגן חשב במשרד החקלאות והשירותים הווטרינריים וכרכז וכרפרנט בתחומי הפנים והסביבה. בעבר עסק ראני בתחום הבנקאות."
אילנה נולמן,"גמלאית, כותבת, שרה ותתא עם זמן לנכדים","בתפקידה האחרון הייתה מנכ""לית המינהל לחינוך התיישבותי, פנימייתי ועליית הנוער. לפני כן ניהלה את אגף החינוך באריאל והובילה בעיר תוכנית חינוכית חדשנית בשם גרמ""ר (ע”ש גרדנר, רנזולי, מיטרה ורובינסון). בעברה גם ניהלה גם את קמפוס התיכון הישראלי למדעים ולאמנויות (יאסא) בירושלים - תיכון ארצי-פנימייתי לתלמידים מחוננים ומצטיינים. קודם לכן הקימה וניהלה את חטיבת הביניים היובל באריאל, ובמהלך תפקידה ביהס זכה בשני פרסי חינוך – ממשרד החינוך וממכון משואה. מתמחה בתחום חינוך למצוינות ומצוינות בחינוך. בשנת 2000 הייתה מההוגים, הכותבים והמובילים של תוכנית עוז לתמורה - הרפורמה במערכת העל-יסודית."
רוני בן נון,מהנדסת העיר צפת,"רוני היא מהנדסת העיר צפת. רוני הגיעה מהמגזר הפרטי לאחר שהקימה וניהלה משרד אדריכלות שפעל במשך 12 שנים. במקביל שימשה כמרצה במרכז הבניה הישראלי, הנחתה סטודנטים לעיצוב פנים מטעם מכללת 'אולטימה' והייתה עוזרת הוראה ומנחת סטודנטים בפקולטה לארכיטקטורה בטכניון. החל משנת 2019 כיהנה כמהנדסת המועצה ומהנדסת הוועדה המקומית לתכנון ובניה במועצה האזורית עמק הירדן. עסקה בפיתוח חופי הכנרת, פיתוח מורד הירדן, שמירה על השטחים הפתוחים ושטחי החקלאות הרבים, הרחבות ישובים וקידום והובלה של תכנית אב אסטרטגית לפיתוח המועצה. החל מנובמבר 2024 מכהנת המהנדסת העיר צפת."
זיוה דוידי נוקראי,מנהלת אגף שיפור פני העיר עיריית ירושלים,"זיוה היא מנהלת בשלטון המקומי באגפי המטה בתחומי תקציבים (סגנית מנהל אגף תקציבים), משאבי אנוש (ממונה על ארגןן ותקינה, מנהלת אשכול כספים משאבי אנוש) ומיחשוב (ממונה על בקרת איכות ותקציב אגף מחישוב). תפקידים אשר הקנו לה ידע והיכרות מעמיקה עם פעילות העירונית ומנהלת אגף שפ""ע, תפקיד שטח מאתגר ומעשיר, שירות ישיר לתושב."
שרי נוריאל,"מנכ""לית עמותת ציונות 2000","שרי היא מנכ""לית ציונות 2000. במסגרת תפקידה היא אחראית על ניהול כל ענייני העמותה, על הניהול השוטף של צוות העובדים והמטה ועל הפיתוח האסטרטגי. לפני כן שימשה בתפקיד סמנכ""לית העמותה. קודם לכן היא הייתה מנהלת לימודי תעודה בתרבויות – המרכז ללימודים גיאוגרפים, ולפני כן הייתה מנהלת הדרכה בתנועת הצופים בישראל ושליחה ורכזת הדרכה של התנועה בצפון אמריקה. את דרכה המקצועית בתחום ההדרכה החלה כרכזת הדרכה בתנועת הצופים בהנהגת דן-רמת גן וכרכזת חוגי סיור ופרויקטים בקרן הקיימת לישראל. בסקטור החברתי הייתה שרי פעילה כחברה בעמותת נשים בתמונה – לקידום נשים יוצרות בעולם הקולנוע, והתנדבה בכמה ועדות במחלקה לקשרי חוץ של תנועת הצופים."
יריב נורנברג,מנהל שותפויות אזורי ופרויקטים אסטרטגיים בבנק יוליוס בר,"יריב הוא מנהל שותפויות אזורי ופרויקטים אסטרטגיים בבנק יוליוס בר השוויצרי. לפני כן הוא שימש בתפקידי ניהול בחברות בטר פלייס ואמדוקס. בשנים 2007-2005 הוא מילא תפקידים שונים בבנק העולמי, באו""ם ובמרכז של נשיא ארה""ב לשעבר ג'ימי קרטר. בנוסף לתפקידו הנוכחי, הוא חבר בוועדים המנהלים של מכון ברנקו וייס ושל העמותות בוגרי 8200, קולות וזיכרון מתחדש, וחבר בחבר הנאמנים של האוניברסיטה העברית ובוועדת ההיגוי של הזרוע הדיפלומטית של הקונגרס היהודי העולמי. יריב שירת למעלה מעשור במגוון תפקידים פיקודיים ומבצעיים בצה""ל ואת שירותו הצבאי סיים כמפקד מערך מרכזי במסלול חמ""ן תלפיות וכיום משמש כמג""ד במילואים."
ראיד נחלה,VP Product-CoffeeSai,"ראיד הוא סמנכ""ל פיתוח עסקי בינלאומי בקפה נח'לה של סובחי נחלה ובניו בע""מ. במסגרת תפקידו הוא אחראי על המכירות ועל השיווק ביותר משמונה מדינות ועל רכישות הקפה מרחבי העולם. ראיד הוא מומחה לשיווק דיגיטלי וטועם קפה מוסמך."
איריס נחמיה,"מנכ""לית חברת ייעוץ  B Orion Strategies המתמחה באסטרטגיה, ניהול וממשל וחברת סגל בקרן מנדל","איריס היא יזמית ציבורית מומחית לתכנון אסטרטגי וניהול תהליכי שינוי בממשלה ובארגונים עסקיים, וודוקטורית למנהל עסקים במחקר מאקרו כלכלי ובדגש על תעשיית ההייטק בישראל. לאיריס ניסיון של כשני עשורים בחיבור בין אסטרטגיה, אנשים וביצועים. בתפקידה הקודם הקימה וניהלה את מינהלת תעסוקה והכשרות מקצועיות במשרד האוצר, שפעלה כסטארט-אפ בתוך הסביבה הממשלתית בעיצומו של משבר הקורונה. לפני כן כיהנה כסמנכ""לית וראש אגף לתכנון אסטרטגי ומדיניות בנציבות שירות המדינה, והובילה עם צוותה מהלכים ויוזמות פורצות דרך שאפשרו צמיחה וחדשנות ומקסום חיבורים מכלל הסקטורים באקוסיסטם, למשל: ייזום פורום הון אנושי לאומי והאצה של תוכנית טרנספורמציה דיגיטלית בשירות המדינה, האצלה וביזור סמכויות, גיבוש מתווה הערכת תפקוד עובדים, תוכנית עץ הדעת לגיבוש מדיניות, תוכנית ממשקים להסדרת שיתופי הפעולה, תוכנית ניהול מידע וידע ארגוני, יזום ויישום תוכנית אסטרטגית לגיוון תעסוקתי ושוויון מגדרי, יזום תוכנית עבודה מרחוק בשירות המדינה ועוד. כל זאת על מנת לנצל טוב יותר משאבים ולהעניק שירותים מצוינים לאזרחים בעידן של שינויים מואצים. איריס שימשה כחוקרת וכמרצה באוניברסיטת בן גוריון ובמכללת ספיר בתחומי ניהול אסטרטגי, התנהגות ארגונית מאקרו והובלת מהלכי שינוי. כיום היא מרצה באוניברסיטה בנושא מו""מ ושיתופי פעולה חוצי גבולות וארגונים. בנוסף לתוכנית מעוז, היא בוגרת תוכנית המנהיגות הבכירה של ווקסנר והמדרשה הלאומית למנהיגות. בתחום החברתי, ליוותה איריס בני נוער בהתנדבות כמנחה בפרויקט יזמים צעירים. בנוסף, הייתה חברה בארגון רוטראקט – ארגון צעירי הרוטרי הפועל למען הקהילה."
דבורה (דבי) נידרברג,"מייסדת ומנכ""לית  Hidden Sparks - ניצוצות חבויים ומנהלת קרן רוהר","דבורה היא מייסדת ומנכ""לית Hidden Sparks - ניצוצות חבויים ומנהלת קרן רוהר - תנועה שמטרתה להכשיר ולהדריך מורים לעבוד עם ילדים בעלי צרכים לימודיים שונים כדי שיוכלו לממש את הפוטנציאל הלימודי שלהם בבית הספר. לאחר ההכשרה הראשונית התוכנית בונה את היכולות המקצועיות של צוות המורים באמצעות מאמן (coach) המגיע לבית הספר בכל שבוע. “Hidden Sparks” זכתה בפרס Covenant למצוינות בחינוך, ו-Slingshot הכיר בתרומתה לחדשנות בחינוך. היא אחראית לפיתוח התוכנית, לשותפויות, לתכנון אסטרטגי, לגיוס משאבים ולהנהלת צוותים, ובנוסף,  עוזרת לנהל את קרן ג'ורג רוהר ומפקחת על מענקים עבור הכשרה תעסוקתית לקהילות חרדיות בניו יורק. קודם לכן הייתה דבי מנהלת ביצוע של קרן משפחת Nash, וכן ייסדה מוזיאון ילדים יהודי אינטראקטיבי בניו יורק והייתה היו""ר שלו."
דורית ניצן,יועצת עסקית ואסטרטגית להובלת ויישום תהליכי שינוי מורכבים וצמיחה,דורית היא יועצת עסקית ואסטרטגית להובלת ויישום תהליכי שינוי מורכבים וצמיחה. בתפקידה הקודם הייתה ראש מערך פיתוח עסקים בחטיבה הבנקאית בבנק לאומי. בתפקיד לפניו כיהנה כראש אגף אשראי ופיתוח עסקי במערך המסחרי בבנק לאומי ומילאה תפקידי ניהול ביחידות שונות בבנק.
אברהים נסאסרה,"מייסד ויו""ר מרכז תמר מייסד ויו""ר קבוצת תמאם יוזמות","בשנת 2015 ייסד אברהים את מרכז תמר, שבו הוא משמש כיו”ר. אברהים ייסד גם את קבוצת תמאם יוזמות, וגם שם הוא משמש כיו""ר. קודם לכן, בשנים 2013–2015 , החזיק בתיק החינוך של המועצה המקומית לקיה. בד בבד, בשנת 2011 הקים את מפעל נזיד תעשיות מזון בע""מ המוביל שינוי במטרה לקדם תעסוקת נשים בדואיות, ומשמש כיו""ר החברה עד היום. בשנת 2002 הקים את חברת מטיילי להב בע""מ שעוסקת בהסעות ושימש כמנכ""לה."
עבד אלעזיז נסאסרה,ראש מועצת כסיפה,"העבד הוא ראש מועצת כסיפה מאז שנת 2018. קודם לכן, במשך עשרים שנה, הוא שימש כעורך דין והיה בעלים של משרד פרטי, שבו ייצג בין השאר תיקי חדלות פירעון, משפחה ונדל""ן."
סלאח נסאר,"מנכ""ל מיאהקום – תאגיד כפרי גליל תחתון","סלאח הוא מנכ""ל מיאהקום – תאגיד כפרי גליל תחתון. יש לו ניסיון רב כמשפטן וכעורך דין בדיני השלטון המקומי בדגש על תכנון ובנייה, דיני עבודה, רישוי עסקים וחוקי עזר עירוניים. כמו כן הוא ניהל תיקים רבים ומגוונים הן כמייצג מועצות מקומיות והן כנגד המועצות, סיפק מגוון שירותים בתחום הרשויות המקומיות כולל מתן ליווי משפטי מקיף וייצג גופים מוניציפליים בעניינים שונים מחוקי התכנון והבנייה. בנוסף, טיפל בענייני תביעות והוצאה לפועל תוך מתן מענה מקיף ללקוחות כולל שירותים נוטריוניים."
עמית נצר,מנהל מרחב צפון בחטיבה להתיישבות,"עמית מנהל מרחב צפון משנת 2021. הוא אחראי על פיתוח המרחב הכפרי בדגש על צמיחה דמוגרפית, תכנון אסטרטגי, פיתוח כלכלי, חברתי. מקדם שיתופי פעולה עם מועצות אזוריות, ישובים וגורמים אזוריים. ייזום והובלת פרויקטים בעלי השפעה אזורית ומרחבית. שותף בהנהלות ובצוותי היגוי מגוונים. מוביל תוכנית לקליטת 2,000 משפחות ביישובי גבול הצפון."
חיים נרגסי,היועץ המשפטי לעיריית ירושלים לעניינים פליליים וראש התביעה העירונית,"חיים הוא ראש התביעה העירונית וסגן היועץ המשפטי של עיריית ירושלים משנת 2014. במסגרת תפקידו הוא אחראי על כלל מערך האכיפה הפלילית בעיר, שהיא בעלת מורכבות ורגישות לאומית ובינלאומית רבות. במסגרת עבודתו הוא קידם מודלים חדשניים ופורצי דרך בתחום האכיפה הכלכלית והאכיפה המשולבת, ויזם הפקת ניוזלטר משפטי עירוני בשם תביענט ואת המיזם תביעה למען הקהילה. בשנת 2010 נבחר לראש צוות בתביעה העירונית והוביל תהליכי מפתח בתחומים רבים הנוגעים לאכיפה, לקידום ולייעול תהליכי רישוי עסקים ורישוי בנייה. כמו כן ניהל חיים תיקים משפטיים מורכבים ומשמעותיים שהביאו לחידוש פסיקתי."
מעין נשר,"יועצת בתחומי הכלכלה, התחבורה הציבורית וההתחדשות העירונית","מעין היא יועצת בתחומי הכלכלה, התחבורה הציבורית וההתחדשות העירונית. לפני כן ניהלה את אגף התקציבים של נתיבי איילון ועבדה באגף התקציבים באוצר כרפרנטית חקלאות וכרכזת שיכון. בנוסף, היא פרסמה מחקר מטעם מכון ירושלים על המשמעות הכלכלית של העדר הסדר מקרקעין במזרח ירושלים והייתה חברה בתנועת ה-YIMBY הראשונה בארץ ""כן בתל אביב""."
טל נשרי,סגנית היועצת המשפטית למשרד הבריאות,"החל משנת 2012 טל עובדת בלשכה המשפטית של משרד הבריאות וכיום מכהנת כסגנית היועצת המשפטית למשרד הבריאות. בין שאר תפקידיה, עסקה בנושאים כגון זכויות המטופל, טיפול רפואי בקטינים, שחפת ואיידס, הפסקות היריון, אפוטרופסות וכשרות משפטית לעניינים רפואיים, תיירות מרפא ועוד. החל משנת 2019 הייתה ראש צוות ביטוח בריאות ממלכתי בלשכה המשפטית ובמסגרת זו העניקה ייעוץ משפטי שוטף, לרבות קידום הליכי חקיקה וגיבוש מדיניות בנושאי מאקרו של מערכת הבריאות הציבורית - קופות חולים ובתי חולים, חוק ביטוח בריאות ממלכתי והתקנות שלפיו, חוקי ההתחשבנות (קאפ), ליווי משפטי של הוועדה הציבורית להרחבת סל שירותי הבריאות, תקצוב מערכת הבריאות, מבחני תמיכה ואוכלוסיות מיוחדות (אחמ""שים, חסרי מעמד), כעת טל היא סגנית היועצת המשפטית למשרד הבריאות. טל חברה בוועדות ציבוריות ובין-משרדיות בנושאי מערכת הבריאות הציבורית, ובהן הצוות להסדרת התחרות בין קופות החולים, צוות בין-משרדי לעניין טיפול רפואי לחסרי מעמד וועדת היגוי אי שוויון בבריאות תוכנית העשור."
מירב בן נתן,מנהלת בית הספר האקדמי לסיעוד במרכז הרפואי הלל יפה,"החל משנת 2010 מירב מנהלת את בית הספר האקדמי לסיעוד על שם פט מתיוס במרכז הרפואי הלל יפה בחדרה. כמו כן היאפרופ חבר קליני  בחוג לסיעוד באוניברסיטת תל אביב; יו""ר פורום הלב - פורום מנהלות בתי הספר לסיעוד בארץ; חברה במגוון ועדות לקביעת מדיניות, ובהן ועדת מנכ""ל משרד הבריאות בנושא אלימות במשפחה וועדת אלימות במרכז הרפואי הלל יפה; יו""ר תת-ועדת הלסינקי של המרכז הרפואי הלל יפה; ועורכת ''גוף ידע'' - כתב עת למחקר בסיעוד. בשנים 2011-2018 היא הייתה יו""ר העמותה הישראלית למחקר בסיעוד. מירב פרסמה עד היום יותר ממאה ועשר מאמרים מדעיים בכתבי עת בינלאומיים."
ניצן בן נתן,"מנהל אגף בכיר לתמיכות ומתקני ספורט, משרד התרבות והספורט לשעבר","ניצן משמש כמנהל אגף בכיר לתמיכות ומתקני ספורט, משרד התרבות והספורט. עובד מ-2012 במשרד התרבות והספורט. בשנים 2019-2022 כמנהל אגף מתקני ספורט והחל מנובמבר 2022 מנהל אגף בכיר לתמיכות ומתקני ספורט, מנהל את כל תהליכי התמיכות בספורט של המשרד. חבר במועצת התאגיד של מכון וינגייט. חבר במועצת הכבלים והלווין. לשעבר חבר במועצה למניעת אלימות בספורט."
שי נתן,"מנכ""ל עיריית אלעד לשעבר","שי הוא מנכ""ל עיריית אלעד. לאחר שחרורו מהצבא נכנס לעולם העסקי בחברה משפחתית ליבוא מוצרי חשמל ביתיים, שם צמח עד לתפקיד מנכ""ל. משנת 2008 כיהן כ- 11 שנים כמשנה לראש העיר וחבר מועצה בעיר אלעד. בין השנים 2016-2019 כיהן כראש מטה סגן שר הביטחון באחת התקופות המרתקות בחייו, בשלוש שנים האחרונות  מכהן כמנכ""ל עיריית אלעד."
יעקב ישראל נתניהו,"מנכ""ל עיריית אור עקיבא","יעקב הוא מנכ""ל עיריית אור עקיבא החל ב-2023. קודם לכן שימש כראש הרשות לתחבורה ציבורית במשרד התחבורה. היה ממקימיה הראשונים של העיר חריש כמנכ״ל העירייה בין השנים 2015-2021. כיהן כראש המטה המקצועי לשר, במשרד התקשורת ובמשרד הפנים. יעקב הגיע לעשיה הציבורית לאחר כמעט 20 שנה בתעשיית ההיי טק, בין השאר הקים חברת סטארט אפ בתחום שירותים מבוססי מיקום. יעקב ניהל במשך 12 שנה בחטיבת הטכנולוגיות של חברת התקשורת אורנג׳, ועסק בפיתוח מערכות ושירותים ללקוחות החברה. יעקב מוסמך בינלאומי בניהול פרויקטים, ושימש סגן נשיא בלשכה לניהול פרויקטים בישראל למעלה מעשור"
מוחמד סאלח,משנה למנכל ובעלים ברשת מזון קינג סטור,"מוחמד הוא משנה למנכ''ל של אלמשהדאוי קינג סטור - חברה של עשרים חנויות מזון, 1,500 עובדים ומחזור פעילות של כמיליארד אלף ₪. במסגרת תפקידו, הוא אחראי על תחום תפעול המחלקה שבה כ-1,100 עובדים. קודם לכן הוא היה משנה למנכ''ל אחראי על משאבי האנוש ולפני זה שימש כמנכ''ל של חברת הסלולר של הקבוצה - שותף פעיל בחברת הסלולר ובהכנסת מקצוע מוסדי (הפנקס) כמשקיעים בחברת קינג סטור. למוחמד היכרות מצוינת עם עולם הקמעונאות בכלל וקמעונאות המזון בפרט, ובקיאות רבה בכלכלה של החברה הערבית, והוא מוביל בחברה המשפחתית את ההנפקה של חברת קינג סטור."
אסתר סאסי,סמנכ״לית ומנהלת מינהל עובדי הוראה,"אתי היא סמנ״כלית ומנהלת מינהל עובדי הוראה - הכשרה התמחות ופיתוח מקצועי במשרד החינוך לפני כן שימשה כסגנית בכירה למנהלת המנה""פ. לפני כן ניהלה את האגף לחינוך יסודי במשרד החינוך ובמסגרת תפקידה זה הייתה אחראית על בתי הספר היסודיים במערכת החינוך בישראל. קודם לכן ניהלה את מינהלת בתי הספר בניהול עצמי במשרד החינוך. בתחילת דרכה הייתה מורה וסגנית מנהלת, ואף ניהלה שני בתי ספר: הדר השרון במועצה האזורית לב השרון, ותומר רחל בעיר מעלה אדומים."
אמיר סבהט,ראש מינהלת התחדשות עירונית בעיריית ראשון לציון,"אמיר הוא ראש המינהלת העירונית להתחדשות עירונית בעיריית ראשון לציון. 
היה בין מייסדי JERWAY להשקעות אימפקט בסאב-סהרה, ולפני כן היה מנהל כספים ופיתוח עסקי אזור אפריקה בחברת ביומדיקל ישראלית מובילה, רואה חשבון ומנהל צוות במשרד רו""ח קוסט, פורר גבאי את קסירר- נציגות ישראלית של פירמת Ernst & Young הגלובלית ונבחר לעובד המצטיין לשנת הכספים 2013-2012 ולאחד מ-40 הצעירים המבטיחים מתחת לגיל 40 בעיתון דה מרקר. הוא ניהל תיקי השקעות, כספים והנהלת חשבונות בבית ההשקעות כלל - פיננסים בטוחה. 
החל משנת 2013 חבר בפורום צעירי בית הנשיא - פורום לחיבור אמיתי, בלתי אמצעי ונטול גינונים בין הציבור לנשיאי המדינה ובהרכבו משקף את המגוון בחרה הישראלית. 
משנת 2011 מתנדב אמיר בצוות פעילים המקדם שיפור בהשתלבות יוצאי אתיופיה במדינת ישראל, יוזם ומנהל מגעים עם מוסדות שלטון שונים לטיוב חברתי-כלכלי ליוצאי אתיופיה. 
בנוסף, שימש אמיר כאחד מיוזמי ומפעילי המיזם ההתנדבותי אח בוגר - ליווי לוחמים יוצאי אתיופיה לשירות משמעותי ופיקודי בשיתוף תנועת אחריי! ועמותת עולים ביחד."
איציק סבטו,ראש מערך אסטרטגיה וחדשנות במוסד לביטוח לאומי,"איציק הוא מנהל אסטרטגיה, חדשנות ודיגיטל בביטוח הלאומי. קודם לכן הוביל את קרנות הביטוח הלאומי להשקעות חברתיות לאוכלוסיות בסיכון בהיקף כספי של חצי מיליארד ₪ כל שנה. כמו כן הקים את מערך ניהול הסיכונים וכיהן כמנהל הסיכונים הראשי של הביטוח הלאומי וכיועץ בכיר למנכ""ל בנושאי תכנון מדיניות ורגולציה. איציק שותף לרפורמות משמעותיות בעולם הרווחה והביטחון הסוציאלי."
שלי סבן,מנכ״לית החברה לניהול קופת הפנסיה של הסוכנות היהודית לא״י בע״מ,"שלי היא מנכ״לית החברה לניהול קופת הפנסיה של הסוכנות היהודית לא״י בע״מ, וזאת אחרי שלוש שנים בתפקיד סמנכ״לית הכספים בחברה. לפני כן היא ניהלה את מחלקת ביטוח החיים ברשות שוק ההון, ביטוח וחיסכון ובמסגרת תפקידה היא פיקחה על חברות הביטוח ועל הגופים הפנסיוניים בכל הנוגע לזכויות מבוטחים ולכספיהם. בין היתר, הובילה חקיקה ורגולציה בתחום החיסכון הפנסיוני לחיזוק מעמד המבוטחים והחוסכים."
אלישבע סבתו,"סמנכ""לית רשויות, ארגונים וקהילה - משרד העלייה והקליטה","אלישבע היא סמנכ""לית רשויות, ארגונים וקהילה במשרד העלייה והקליטה. החטיבה בניהולה אחראית על תחומי חינוך, שפה ורווחה לעולים, וכן על תמיכה בארגונים ועל תחום הקליטה ברשויות המקומיות. 
הקימה את רשות הצעירים הממשלתית וניהלה אותה בשנים 2016-2024. בשנים אלה הובילה רשות הצעירים הקמת כ-150 מרכזי צעירים, והפיכתם ליחידות של הרשויות המקומיות. כיום פועלות כ-200 יחידות צעירים רשותיות בכל חלקי הארץ ומגזרי החברה, ומהוות פלטפורמה מערכתית לייצוג, הכוון והנגשת מענים לצעירים (18-35). על גבי פלטפורמה זו מפעילה רשות הצעירים מעני עומק ביחס לאוכלוסיות או משימות לאומיות שונות, כגון תכניות לצעירי חבל התקומה, תכניות לצעירי קו העימות בצפון ותכניות לתמיכה במשפחות משרתי מילואים. 
את עבודתה בממשלה החלה אלישבע בתכנית ""צוערים לשירות המדינה"".
לפני כניסתה לממשלה עבדה במגזר השלישי עם בני נוער וצעירים בתפקידי הנחיה, ריכוז וניהול, בין היתר כמנחה חינוכית במכון ברנקו וייס, כמנהלת מפעל מוגן, כרכזת קהילת צעירים מתמודדי נפש וכרכזת תכנית הכוון לסטודנטיות עולות."
מיקי סגל,"מנכ""ל אונווגו Mission critical conversational AI","מיקי הוא מנכ""ל אונווגו Mission critical conversational AI. לפני כן, היה מנכ""ל חברת רבטק - בית תוכנה שיצר מודל חדשני בחברה החרדית: אברכים המשלבים לימודי תורה עם עבודה ופיתוח של קריירה כמפתחי תוכנה. בנוסף, הוא ממקימי רשת Openvalley ליזמים ולסטרטאפים בצפון הארץ. קודם לכן שימש מיקי בתפקידים ניהוליים בחברת אמדוקס בארץ ובחו""ל, ובין היתר ניהל את סניף החברה בנצרת והיה שותף להקמתו."
עידית סגל,סגנית מנהלת המרכז הרפואי שמיר,"ד""ר עידית סגל היא סגנית מנהלת המרכז הרפואי שמיר. בתפקידה האחרון, החל משנת 2016 שימשה סגנית ראש חטיבת הרפואה במשרד הבריאות. קודם לכן, שימשה כעוזרת רפואית לראש מנהל רפואה במשרד הבריאות. בין השנים 2011-2015 שימשה עידית כרופאה בכירה של היחידה לגסטרואנטרולוגיה ילדים במרכז הרפואי וולפסון בחולון. במקביל שימשה כרופאת ילדים של לאומית שירותי בריאות בקרית גת וכרופאה יועצת גסטרואנטרולוגיה ילדים של לאומית שירותי בריאות בדרום. קודם לכן, בין השנים 2008-2010 שימשה כרופאה בכירה של היחידה לגסטרואנטרולוגיה ילדים במרכז הרפואי הדסה עין כרם בירושלים וכרופאת ילדים וכיועצת בגסטרואנטרולוגיה ילדים במכבי. עידית היא בוגרת בית הספר לרפואה באוניברסיטת תל אביב, מומחית ברפואת ילדים מבית החולים הדסה, מומחית בגסטרואנטרולוגיה ילדים מבית החולים לילדים בוונקובר, קנדה ומומחית במנהל רפואי."
נעה סגל,"סמנכלי""ת לתקצוב ותיאום תשתיות במשרד התחבורה","נעה עומדת בראש יחידת תקציבי הפיתוח ובראש יחידת תיאום תשתיות במשרד התחבורה. במהלך העשור האחרון שבו היא עובדת במגזר הציבורי, פעלה במגוון תפקידים: קידמה צדק חלוקתי בין רשויות מקומיות בישראל כשעמדה בראש אגף תכנון מפת השלטון המקומי במשרד הפנים. קודם לכן ניהלה את אגף רשויות מקומיות במשרד התחבורה ובמסגרת תפקיד זה שינתה את תפיסת השירות של המשרד כלפי הרשויות המקומיות, הגדילה את התקציבים לסדר גודל שנתי של מיליארד ₪, והפכה את האגף לשער הכניסה לרשויות המקומיות אל משרד התחבורה על כל רבדיו וגופיו. בתפקידה הראשון הייתה מנהלת תחום תקציבי פיתוח תשתיות, ניהלה תקציב בהיקף של 6 מיליארד ₪ וקידמה רפורמות בתחומי בטיחות בדרכים ונגישות לדיור ותעסוקה. נעה היא בוגרת מחזור א' של התוכנית צוערים לשירות המדינה ולפני שהצטרפה למגזר הציבורי עבדה בארגונים לצמצום פערים בחברה הישראלית: ניהלה מרכז ב""מחשבה טובה"", הדריכה ב""אופנים"", והתנדבה כראש צוות בעמותת פעמונים. כיום היא מתנדבת כדירקטורית חברתית בעמותת נשים לגופן, כמדריכת כלכלה במכינת עלמה וכקצינת ארגון ושיטות בפיקוד מרכז במסגרת שירות המילואים."
אבינעם סגל-אלעד,"שותף, משרדי עורכי דין פירון, מחלקת רגולציה וניהול משברים","אבינעם הוא ראש אשכול משטרי, ייעוץ וחקיקה במשרד המשפטים. האשכול שבראשותו אחראי למתן ייעוץ שוטף למשרדי הממשלה וכן לקידום יוזמות חקיקה במגוון תחומים: חינוך והשכלה גבוהה, בתי משפט והשוואת חקיקה בין הדין הישראלי לדין החל באזור יהודה ושומרון. קודם לכן היה אבינעם במשך יותר מעשור פרקליט במחלקת הבג""צים בפרקליטות המדינה, ובמסגרת זו ייצג את המדינה בעתירות המוגשות נגדה לבית המשפט העליון. בין הנושאים שטיפל בהם היו עתירות בנושאי פינוי מאחזים, דת ומדינה וכן עתירות בנושאים ביטחוניים רגישים."
ג'ני סגלוביץ,"מנהלת האחיוּת המרכז לברה""ן שער מנשה","החל מאוגוסט 2024 ג'ני הינה מנהלת האחיוּת של המרכז לבריאות הנפש שער מנשה. קודם לכן עבדה במשך 20 שנה במרכז לברה""ן לב השרון, בתפקידי פיקוח קליני, הדרכה, איכות הטיפול ומחקר, כאשר בחמש שנים האחרונות היתה בתפקיד סגנית מנהלת האחיוּת. בנוסף, החל משנת 2019,  ג'ני הינה סמנכ""ל העמותה לסיעוד פסיכיאטרי בישראל."
שירה שפרכר סגלוביץ',אדריכלית העיר בת ים,"שירה היא אדריכלית העיר בת ים ומנהלת אגף התכנון בעירייה. במסגרת תפקידה היא מובילה את התכנון בעיר החל משלב האסטרטגיה ומסמכי המדיניות, דרך תכנון סטטוטורי (תוכניות בניין עיר) ועד לשלב העיצוב האדריכלי של מתחמי פינוי בינוי והתחדשות המרחב הציבורי. לפני כן היא ניהלה את מחלקת התכנון הסטטוטורי בבת ים, והובילה צוותי תכנון של תוכניות התחדשות עירונית בהיקפים משמעותיים. בעבר הייתה שירה אחת מעורכות כתב העת בלוק לאמנות ואדריכלות, ומאז שנת 2010 היא מלמדת במחלקה לארכיטקטורה בבצלאל."
אורי סובוביץ,מנכ״ל רומח,"אורי משמש כמנכ״ל של חברת רומח העוסקת במחקר ומודיעין. לפני כן עבד כשותף ב-OurCrowd, קרן הון הסיכון הפעילה ביותר בישראל. הקרן מושקעת נכון ל-2023 במעל 400 חברות סטארט-אפ, רובן ישראליות, 43 קרנות ושש חממות טכנולוגיות (מתוכן בשלוש חממות אורי משמש חבר בורד וחבר בוועדת ההשקעות). אורי הוציא לאור את הספר ""יש בתוכנו שמיים"" שנמכרו ממנו כבר למעלה מ 10,000 עותקים. לפני כן, שימש כראש המטה של המדען הראשי וכחבר בורד ברשות החדשנות, וכנציג משרד הכלכלה בוועדת הפטורים והמיזוגים ברשות להגבלים עסקיים. קודם לכן, עבד אורי ככלכלן בבנק ישראל, שם ניתח בפני הנגיד/ה והוועדה המוניטרית את השווקים הפיננסיים והמצב המאקרו כלכלי בעולם וייעץ להם במסגרת החלטות הריבית החודשיות. במקביל, שימש כמרצה לכלכלה באוניברסיטת אריאל ובמכון לב. כמו כן העביר  שיעורים וסדנאות בנושא מידות הנפש בראי היהדות במסגרת עמותת פנימה."
אורלי גבישי סוטו,"מנכ""לית מכללת אורנים","אורלי היא מנכ""לית מכללת אורנים. בתפקידה הקודם כמנכ""לית רשות ניקוז ונחלים גליל מערבי תכללה את צורכי המרחב בתחומי הניקוז והנחלים מתוך ראייה אגנית ותפיסה של ריבוי שימושים לתועלת הציבור, כולל תוכנית ההגנה על נהריה מפני שיטפונות. במקביל, היא מכהנת כדירקטורית בארגונים עסקיים. לפני כן ניהלה את העסקים של קיבוץ חניתה, כיהנה כוועד ממונה באדמית וכיו""ר האגודה הקהילתית בחניתה, ועבדה בתפקידי ניהול שונים בתעשייה בתחומי התפעול והכספים. אורלי היא ממובילות המאבק להטבות המס ליישובי הגדר בגליל המערבי, שבעקבותיו עודכנו מתווה הטבות המס ואופן חישוב המדד הפריפריאלי הארצי."
שלי סויסה,אחות מוסמכת מחלקה אונקולוגית סורוקה וחברת מועצת ירוחם,"שלי היא יועצת בכירה ליו""ר ועדת פיתוח הנגב והגליל, בתפקידה הקודם הייתה ראשת מטה השר לנושאים אזרחיים במשרד הביטחון. קודם לכן היא הייתה יועצת לח""כ מיכאל ביטון, יועצת למנכ""ל משרד הבינוי ומנכ""לית המועצה המקומית ירוחם. בשנים 2016-2011 היא כיהנה כמנכ""לית עמותת צעירים בירוחם ובמסגרת זו פעלה בין השאר לפיתוח ולהפעלה של עשרות תוכניות עבור מאות צעירים בגילאי 35-18, להקמת מכינה קדם-צבאית בירוחם ולפתיחת שלוחה אקדמית של האוניברסיטה הפתוחה במסלול ייחודי לנשים. במקביל, במהלך השנים 2008-2016 עסקה שלי בחינוך והייתה חברת הנהלת התיכון הממלכתי בירוחם, ומילאה תפקידים שונים בבית הספר: ריכוז והובלה של כיתת חינוך בפרויקט אומץ, ריכוז התחום החברתי-ערכי, ריכוז מגמת פסיכולוגיה והגשה לבגרות בהיקף של 5 יחידות לימוד."
עדינה יאנג סויסה,"משנה למנכ""ל ומנהלת אגף חברה, אשכול רשויות הנגב המערבי","ב9 שנים האחרונות עובדת באשכול נגב מערבי כמשנה למנכ""ל ומנהלת אגף חברה )חינוך, רווחה, תעסוקה, בריאות ותרבות(. במסגרת תפקידי אנחנו מקדמים פיתוח שירותים ומענים אזוריים המהווים יתרון וערך מוסף עבור הרשויות. כל תהליכי העבודה אותם אני מובילה הם של שותפויות מורכבות רב מגזריים. בשנה האחרונה לאחר אירועי ה7.10 והפגיעה הקשה שחווה המרחב שלנו הוחלט לקדם מהלך רחב של רווחה נפשית ששם לו למטה להתגייס למאמץ הלאומי של צמצום תחלואה נפשית קשה ומתן מענים חדשניים למניעת פוסט טראומה והגדלת סל מעני החוסן של תושבי הנגב המערבי."
אינה סולטנוביץ'-דוד,"מנהלת תחום דאטה ובינה מלאכותית בחשב הכללי, משרד האוצר","אינה היא מנהלת טרנספורמציה דיגיטלית, חדשנות ודאטה במשרד העבודה במערך הדיגיטל הלאומי. לפני כן הובילה בג'וינט ישראל-תבת פיתוח, יישום והטמעה של תוכניות חדשניות בתעסוקה כמו סטארטר להכשרה בחניכות וטאלנט דיגיטלי, בשותפות עם משרד העבודה וחברות מובילות במשק. קודם כן הייתה אינה נציבה אזורית ונציבה ארצית בנציבות שוויון הזדמנויות בעבודה במשרד הכלכלה. במסגרת זאת יזמה והובילה את הפרויקט שוות ערך לשכר שווה בשיתוף האיחוד האירופי וארגונים חברתיים, הייתה חברה בוועדת שטאובר לקידום נשים בשירות המדינה, ניהלה תיקים משפטיים תקדימיים ופעלה ליצירת גיוון תעסוקתי. בעבר עבדה כעורכת דין במגזר הפרטי והתמחתה במשפט מסחרי ודיני עבודה. בנוסף, אינה היא מנטורית ליזמים חברתיים בכוורת - ההאב החברתי של ג'וינט ישראל וקרנות הביטוח הלאומי, הייתה חברת בית הדין המשמעתי של לשכת עורכי הדין והתנדבה בארגוני נשים."
ריזאן סח'ניני,סגנית המנהל במרכז רפואי צפון (פוריה),"מומחית ברפואת ילדים
מומחית במנהל רפואי
תואר שני בניהול עסקים
ניסיון בניהול בכיר בקהילה : בתפקיד האחרון מנהלת רפואית מחוזית במכבי שירותי בריאות
ניסיון בניהול בכיר בבי""ח : סגנית מנהל מרכז רפואי צפון
רופאת ילדים עצמאית במכבי שירותי בריאות"
ירון סחר,מנהל המרכז הרפואי שיקומי לווינשטיין,"ד""ר ירון סחר הוא מנהל אגף השיקום במשרד הבריאות. קודם לכן ניהל את המחלקה לשיקום חבלות ראש בבית החולים לוינשטיין ולפני כן עבד שם כמומחה ברפואת שיקום במחלקה לשיקום מוחי. כמו כן היה יו""ר ועד האיגוד לרפואה פיזיקלית ושיקום בהסתדרות הרפואית בישראל. הוא פעיל שנים רבות בוועד האיגוד לרפואה פיזיקלית ושיקום - כחבר, כמזכיר ומשנת 2017 כיו""ר הוועד, ובמסגרת זו היה שותף פעיל בעיצוב תוכנית ההתמחות הנוכחית במקצוע, עמד בראש הוועדה המדעית בכנסים שונים, והשתתף בפעילויות מקצועיות במסגרת האיגוד וההסתדרות הרפואית. בנוסף, כיהן בתפקיד יו""ר ועד הרופאים בבית החולים. ירון מומחה ברפואה פיזיקלית ושיקום. את התמחותו ביצע בבית החולים לוינשטיין ואת הסטאז' בבית החולים בילינסון."
אורנה מיטמיגר סטי,מנהלת אגף רכש מכרזים והתקשרויות במשרד החינוך,"אורנה מנהלת את אגף רכש מכרזים והתקשרויות במשרד החינוך. במסגרת התפקיד היא ממונה על תהליכי הרכש המשרדיים, על תפעולם ועל גיבוש מדיניות הרכש של המשרד. בתפקידה הקודם עבדה באגף לחינוך על-יסודי בתפקידי מינהל שונים, ובהם ניהול וביצוע תקציב האגף, חברות בצוות הניהול, ארגון כנסים והשתלמויות ועוד."
אמיר סטרוגו,מייסד אגודת ידידים בינלאומית לאחריי,"אמיר הוא מנכ""ל עמותת אחריי! המפתחת תחושת מסוגלות ואחריות אישית וחברתית בקרב בני נוער וצעירים מכלל גוני החברה הישראלית. בעזרת הרוח, האנשים, ומגוון כלים, אחריי שואפת לקידום חברה דמוקרטית סולידרית ושוחרת שלום. לפני כן ביצע אמיר תפקידים נוספים בארגון, ביניהם מדריך נוער בירושלים, מנהל פרויקט וסמנכ""ל."
אשרף אבו סיאם,"עו""ד עצמאי","אשרף הוא בעל משרד עו""ד עצמאי בבאר שבע, בעל ותק של מעל שבע שנים בתחום, בוגר התמחות בפרקליטות הפלילית בבאר שבע, ועוסק בתחומים הפלילי, התעבורה וחדלות פירעון. בעבר עסק בניהול בארגונים חברתיים בעיקר כסמנכ""ל קהילה בכוכבי המדבר, ובייסוד המרכז הקהילתי מתנ""ס לקיה ובניהולו."
עמיחי סיבוני,"הבעלים של As אסטרטגיה - משרד לייעוץ אסטרטגי, קשרי ממשל ופרויקטים","עמיחי הוא הבעלים של As אסטרטגיה - משרד לייעוץ אסטרטגי, קשרי ממשל ופרויקטים. קודם לכן הוא שימש כיועץ לנפתלי בנט בתפקידיו כשר החינוך שר הכלכלה ושר הדתות במסגרת תפקידיו היה אחראי על הובלת תהליכים אסטרטגיים ועל קביעת מדיניות ארוכת טווח במשרד על כל אגפיו כמו הסדרת התקצוב והתמיכה של המדינה ושל משרד החינוך בתנועת כפרי הסטודנטים, ובייזום ובביצוע פרויקטים ברמה הלאומית במנהלי המשרד השונים. עמיחי המתגורר בשכונת עתיקות באשקלון, שבה נולד וגדל, הקים בה מסגרות התנדבויותיות מתוך תחושת אחריות חברתית."
גל סידס,"מנכ""לית משותפת בחברת משה סידס ובנו בע""מ","גל היא מנכ""לית משותפת בחברת משה סידס ובנו בע""מ - יבואנית ומשווקת מובילה של מוצרי צריכה. משנת 2003 היא משמשת בתפקידים שונים בחברה זו, ובתפקידה הקודם, סמנכ""לית, הייתה אחראית על תחום הפיתוח העסקי, הרגולציה, תכנון המלאי והאסטרטגיה השיווקית. משנת 2016 משמשת גל כחברת נשיאות בלשכת המסחר וסגנית יו""ר ענף המזון וגם כנציגת לשכת המסחר בדירקטוריון מכון התקנים. משנת 2019 היא גם חברת ההנהלה המצומצמת של לשכת המסחר תל אביב והמרכז."
ריקי סיטון,מנהלת פרויקט חברותא איילת השחר,"ריקי מנהלת את פרויקט חברותא נשים משנת 2008 ומנחה קבוצות בין-מגזריות. בשנים 2005–2012 הקימה גני ילדים ברחבי הארץ וניהלה אותם, ובשנים 2002–2008 הקימה והפעילה בתים חמים ומועדוניות נוער ביפו, ברמלה ובלוד. בשנים 2015-2014 הייתה מרצה במכללה ירושלים והנחתה קורס בכתיבה אקדמית וקורסים נוספים. בעבר הייתה ריקי מורה מקצועית ומחנכת (מ""מ) בבתי הספר נתיב אור בחדרה, ורש""י בתל אביב, ואחר כך מזכירת יעץ במחלקת השתלמויות של מכללת תלפיות תל אביב."
יפעת סיטרואן,"סמנכ""לית אסטרטגיה ותכנון מדיניות במשרד העבודה","יפעת היא סמנכ""לית אסטרטגיה תכנון מדיניות ומחקר במשרד העבודה.
במסגרת תפקידה מנהלת פרויקטים אסטרטגיים רוחביים, ביניהם: הקמה וניהול של אתר עבודאטה, אתר שמנגיש נתונים על שוק העבודה והלימודים בישראל עבור הציבור הרחב. 
מנהלת פרויקטים בתחומי חינוך ותעסוקה וכישורי שוק העבודה ומנהלת את תהליכי הרגולציה והמחקר במשרד. 
בתפקידה הקודם כמנהלת מדיניות רגולציה ותוכניות עבודה במשרד התקשורת, קידמה את הרפורמה בייבוא ציוד אלחוטי והייתה שותפה בוועדת השידורים. 
בתחילת דרכה המקצועית בשירות המדינה עבדה יפעת באגף שוק ההון במשרד האוצר, שם עסקה בתחום ביקורות והסדרה של תחום חיסכון ארוך טווח ופיקוח מבוסס סיכונים על חברות ביטוח וחברות מנהלות של קופות גמל ופנסיה."
ארי סינגר,מנהל חברת מסחר בתחום היהלומים,"ארי הוא קצין מילואים והבעלים והמנהל של חברת מסחר בתחום היהלומים. לפני הקמת חברת המסחר עבד כמתכנת בחברת מוטורולה. ארי הוא אלוף משנה במילואים שהחל את דרכו בחיל השריון ושירת כמ""מ במלחמת שלום הגליל, כקצין מטה באוגדה משוריינת במלחמת לבנון השנייה ולאחר מכן התמנה למח""ט. כיום משמש כסגן מפקד אוגדה."
אסי סיקורל,מנהל המחלקה לרפואת המשפחה ומנהל חדשנות מחוז דרום בשירותי בריאות כללית,"ד""ר אסי סיקורל הוא רופא כפר, מנהל יחידת החדשנות במחוז דרום בשירותי בריאות כללית, חבר מזכירות ארצית בהסתדרות הרפואית. מאז שנת 2005 שימש כרופא כפר של שירותי בריאות כללית במרפאות כפר ברמת הנגב. במסגרת תפקידו ניהל צוות של שירותי הבריאות ברמה האזורית והקהילתית. בד בבד, ועד לשנת 2009, היה רופא מרכזי קליטה לעולים מאתיופיה. משנת 2012 היה המנהל הרפואי של פרויקט מרשם מידע באגף רפואה מקוונת בהנהלה הראשית של שירותי בריאות כללית. במסגרת תפקידו היה אחראי לניהול צוות הכותבים ולכתיבת תוכן רפואי לקהל הרחב. לפני סיום חוק לימודיו היה אח בבית החולים סורוקה בבאר שבע, וכן חונך ומלווה של יתומי צה""ל ומשפחות שכולות מטעם אגף השיקום במשרד הביטחון. במסגרת עשייתו החברתית-ציבורית אסי מייצג כיום את התארגנות רופאי הכפר בארגון הרופאים ובהסתדרות הרפואית וחבר במזכירות הארצית של ארגון הרופאים. הוא כותב בלוג מוביל בנושאי רפואת קהילה, פריפריה ובריאות, והיה שותף להקמה ולניהול של רשת מקצועית בת 400 חברים לרופאי משפחה. הוא היה רופא יחידת החילוץ הר הנגב, השתתף במשלחות לחילוץ ולסיוע לאחר אסונות בינלאומיים, הקים וניהל מוקד רפואי התנדבותי בכפר בדואי בנגב. הוא מלמד באוניברסיטת בן גוריון ומדריך במרפאותיו מתמחים ברפואת המשפחה. אסי הוא רב סרן במילואים ושירת כרופא גדודי בחטיבת צנחנים וחי""ר עד שנת 2016. נבחר למצטיין מנכ""ל שירותי בריאות כללית בשנת 2012. הוא מומחה ברפואת משפחה. את התמחותו עשה בשירותי בריאות כללית, מחוז דרום, ואת הסטאז' ברפואה עשה במרכז הרפואי האוניברסיטאי סורוקה באר שבע."
יונית סירקין,"Chief Business Officer, embARC Ventures","יונית היא משקיעה בסטארטאפים בתחום הבריאות דרך embARC Ventures ומייעצת לחברה לחדשנות מוניציפאלית שבונה פתרונות למוניציפאליות בארץ ובחו״ל. בעבר כיהנה כמנכ""לית MassChallenge ישראל. בתפקיד זה היא מגדילה את הגישה לכלי החדשנות בישראל על ידי חברות סטארט-אפ מקומיות וגלובליות ומחברת בין חברות פוטנציאליות גדולות לתאגידים גלובליים מובילים, לפילנתרופים ולבעלי עניין. לפני כן עבדה בתחום הפיתוח הכלכלי בארצות הברית ובישראל, במגזר הפרטי והציבורי. בעבר היא ייסדה את קרן ההון סיכון מונסקייפ ונצ'רס וכיהנה כסמנכ""לית לפיתוח כלכלי במשרד ראש העיר מייקל בלומברג בניו יורק וכדוברת החברה לפיתוח כלכלי בניו יורק. בשנת 2014 נמנתה יונית עם הצעירים המבטיחים ברשימת ""40 תחת 40"" של מגזין TheMarker."
שאדן סלאמה-יוסף,מנהלת המחלקה לרפואה דחופה במרכז הרפואי הדסה הר הצופים,"ד""ר שאדן סלאמה-יוסף היא מנהלת המחלקה לרפואה דחופה בבית החולים הדסה הר הצופים. במסגרת תפקידה היא מנהלת אירועים רבי נפגעים (אר""ן), סיפקה מענים רפואיים תוך כדי שיפוץ והרחבת המחלקה והקמת אגפים חדשים לחדרי הלם וטראומה ואגף טיפול במהלכים והתאמה דינאמית של תהליכי עבודה חדשים. בנוסף, היא משמשת כאחראית ההוראה והובילה את המחלקה להצטיינות בהוראה קלינית, ובעצמה זכתה כמה פעמים בפרס מורה מצטיינת בפקולטה לרפואה. כמו כן היא חברה בוועדות מגוונות בבית החולים ובפקולטה לרפואה כגון ועדות החייאה מוסדית, אקרדיטציה, חדשנות והוראה. במישור הארצי היא חברה בוועדת אר""ן הארצית וחברה באיגוד הארצי לרפואה דחופה. שאדן למדה רפואה באוניברסיטה העברית והתמחתה ברפואה פנימית בהדסה כולל תת התמחות ברפואה דחופה. בהמשך סיימה תואר שני במינהל מערכות בריאות מהאוניברסיטה העברית בהצטיינות יתרה."
אלי סלומון,"ראש תחום תשתיות והשקעות ציבוריות ותחום חברה חרדית, ג'וינט תבת","אלי הוא ראש תחום חברה חרדית בג'וינת תבת. לפני כן שימש כרמ""ט מנכ""ל בעיריית בני ברק. קודם לכן כיהן בתפקיד סמנכ""ל טק בריבוע הפועלת להגברת ייצוג אוכלוסיות בעלות נוכחות חסרה בעולם ההייטק ומפעילה את תוכנית קמא-טק לקידום חרדים בהייטק. במסגרת תפקידו הוביל בין היתר שת""פ לצד גופים הפועלים לשילוב ערבים ויצאי אתיופיה בתעשיית ההייטק מול הממשלה. את דרכו המקצועית החל בהקמת סוכנות דיגיטל, הראשונה במגזר החרדי, שסיפקה שירותים למגוון לקוחות מהגדולים במשק. בנוסף, קידם במהלך השנים באופן התנדבותי פרויקטים העוסקים בשיח בין-מגזרי בחברה היהודית בישראל ובמיתון השיח התקשורתי בסיקור המגזר החרדי."
יעל סלומון,"סמנכלית תשתיות, מינהל התכנון","יעל משמשת כסמנכ""לית תשתיות במינהל התכנון. בעברה שימשה כמתכננת מחוז מרכז בפועל וכמנהלת אגף בכיר תכנון מטרו במינהל התכנון במשרד הפנים. במסגרת תפקידה קידמה את התכנון של מערכת מסילות המטרו העתידים לחבר את כלל מטרופולין תל אביב ואת תכנון המרחב העירוני הסובב את תחנות המטרו. קודם לכן שימשה בתפקיד סגנית מתכננת הוועדה למתחמים מועדפים לדיור במינהל התכנון, ובמסגרת זו הייתה אחראית על קידום מתחמי מגורים הכוללים אלפי יח""ד וכלל התשתיות הנדרשות לפיתוחן. בעבר ניהלה את תחום תכנון ארוך טווח, תפקיד אשר כלל קידום תוכניות ומסמכי מדיניות כוללים לטווח הארוך."
צחי סלוצקי,סגן מנהל המרכז הרפואי סורוקה,"ד""ר צחי סלוצקי הוא סגן מנהל המרכז הרפואי סורוקה. בתפקידו הקודם היה סגן מנהל בכיר במלר""ד בסורוקה, ולפני כן כיהן שם כמ""מ מנהל מחלקה פנימית ב'. הוא סיים סטאז' התמחות בפנימית וכן התמחות-על ברפואה דחופה במרכז הרפואי האוניברסיטאי סורוקה - בב""ש. במהלך הדרך תיפקד כרופא בכיר במחלקה פנימית ב' וכן רופא בכיר במלר""ד. צחי הוא חבר ועד האיגוד לרופא דחופה, מרצה ומרכז קורסים שונים בפקולטה לרפואה בבן גוריון וחבר בועדת שנה.  כמו כן הוא רופא מילואים פעיל בגדוד חי""ר באוגדת עזה."
נארימאן סלימאן,ראש תחום תעסוקה בחברה הערבית בארגון בעצמי ומנהלת תוכנית ריאן במשרד העבודה,"לנארימאן תואר ראשון בשירותי אנוש. היא ראש תחום תעסוקה בחברה הערבית בארגון בעצמי ומנהלת תוכנית ריאן במשרד העבודה. היא מנהלת תוכניות תעסוקה מאז שנת 2005 - ניהלה את אורות תעסוקה - תוכנית ממשלתית לצמצום האבטלה והתלות בגמלה, הובילה את תוכנית אשת חיל בחברה למתנ""סים - תוכנית לעידוד אימהות ערביות ללא השכלה וניסיון תעסוקתי לשילוב בתעסוקה, ובמסגרת תפקידה קידמה את התוכנית עד לפריסה ארצית של 45 יישובים בחברה הערבית. מאז שנת 2013 היא עובדת בארגון בעצמי שבו קודמה לחברת הנהלה ולראש תחום תעסוקת ערבים, ובנוסף היא מנהלת תוכנית ריאן - תוכנית ממשלתית המפעילה תשעה מרכזי הכוון תעסוקתי המעודדים את האוכלוסייה הערבית להשתלב בתעסוקה ולקבל הזדמנות לרכישת כלים והכשרות מקצועיות לשיפור איכות החיים."
אורסאן סלמאן,מנכ״ל רק״ל נופית,"אורסאן הוא סמנכ""ל הכספים בקבוצת עפיפי מנכ""ל הרכבלית משנת 2015. לפני כן היה סגן חשב משרד התחבורה במשך שלוש שנים וחצי ושימש כחשב הכללי במשך חמש שנים. רו''ח בהשכלתו ובעל תואר שני במנהל עסקים."
יפעת סלע,"יו""ר תנועת אמונה - נשים דתיות ציוניות","יפעת היא יו""ר אמונה, תנועת האישה הדתית לאומית. בעברה הייתה סגנית בכירה אסטרטגיה והון אנושי ברשות החברות הממשלתיות. יפעת החלה את דרכה המקצועית באגף ההדרכה של החברה להגנת הטבע, שם שירתה כמורה חיילת וכמדריכת טיולים. היא עבדה בחברה להגנת הטבע קרוב לעשור, ובשנת 2000 הגיעה לעמותת אלומה. יפעת והארגון “גדלו” יחד. בעשור האחרון הארגון מלווה מדי שנה עשרות אלפי צעירות וצעירים בפריפריה החברתית-גאוגרפית בקבלת ההחלטות בצמתים שבין התיכון לשירות, בין השירות להשכלה הגבוהה ובמעבר מההשכלה הגבוהה לתעסוקה ראשונה. הארגון מעודד את הצעירים ללקיחת אחריות ולהצטרפות למעגלי העשייה ולמוקדי ההשפעה בחברה הישראלית."
שרית סלע,יועצת לקיימות וחדשנות ומנהלת פרויקטים סביבתיים,"שרית היא יועצת לקיימות וחדשנות ומנהלת פרויקטים סביבתיים העוסקים בממשקים שבין קיימות ורשויות מקומיות. עד שנת 2022 היא ניהלה את אגף קיימות וחדשנות בעיריית כפר סבא ובמסגרת תפקידה הובילה תהליכי הטמעה של מדיניות סביבתית אחראית בתחומי פסולת ואנרגיה בשילוב פיתוח והוצאה לפועל של פיילוטים חדשניים בתחום. בנוסף, היא קידמה תהליכי הטמעה של ערכי הקיימות במסגרות החינוך והקהילה בעיר. לפני כן היא ניהלה את יחידת הצעירים של עיריית תל-אביב-יפו, הנותנת מענה ל-120 אלף צעירים (גילאי 18–35) החיים בעיר ובמסגרת תפקידה הייתה אחראית על פיתוח מענים מותאמים לקהל היעד באמצעות פיתוח מדיניות והפעלת רשת של חמישה מרכזי צעירים בשיטות הפעלה חדשניות. שרית הצטרפה ליחידת הצעירים בשלבי ההקמה המוקדמים ומילאה בה תפקידים אחדים בטרם החלה לנהל את היחידה כולה. קודם לכן עבדה בכמה ארגונים במגזר השלישי והייתה שותפה בהובלה של מגוון תוכניות לאוכלוסיות מוחלשות, ביזמות עסקית לנשים במצוקה ובליווי צעירים בפריפריה חברתית-גיאוגרפית."
רויטל קארין סלע,"מנהלת צוות השקעות וסחר, אגף הכלכלן הראשי, משרד האוצר","רויטל היא מנהלת צוות השקעות וסחר, אגף הכלכלן הראשי, משרד האוצר. קודם לכן שימשה כמנהלת תחום בכיר קשרים בינלאומיים בסוכנות החלל הישראלית. בעבר הקימה את תחום קשרי חוץ במטה הממונה על זרוע העבודה על מנת לתמוך בביצוע יעדי הזרוע באמצעות יצירת קשרי עבודה וקידום חילופי ידע ומומחיות עם מדינות וארגונים בינלאומיים. במסגרת תפקידיה במטה ניהלה גם את התקשרות המשרד עם ג'וינט-ישראל תב""ת (תנופה בתעסוקה) לטובת פיתוח תוכניות לקידום תעסוקת אוכלוסיות ייחודיות ולמוכנות לשינויים בשוק העבודה. קודם לכן היא עבדה במינהל סחר חוץ במשרד הכלכלה ושם קידמה משאים ומתנים על הסכמי סחר בשירותים מול שותפות הסחר של ישראל ובארגון הסחר העולמי. לפני כן רויטל הייתה יועצת אסטרטגית לחברות ולמלכ""רים בנושאי רגולציה בחברת תארא."
אודט סלע,המדענית הראשית במשרד החינוך,"ד""ר אודט סלע היא המדענית הראשית של משרד החינוך (בפועל). מתוקף תפקידה היא משמשת כיועצת מדעית לשרה, למנכ""לית ולבעלי התפקידים במשרד. בנוסף, היא אחראית לייזום, בקרה ותפעול הפעילות המחקרית המלווה את פעילות המשרד ולהנגשה של הידע המחקרי ולשילובו בתוך תהליכים אסטרטגיים במשרד. קודם לתפקיד זה, כיהנה בלשכת המדען הראשי כמנהלת תחום ייעוץ מדעי והייתה אמונה על יצירת פלטפורמות שונות לקיום דיאלוג בין חוקרים לקובעי מדיניות. אודט הגיעה ללשכת המדען אחרי עשור כמנהלת תחום ההערכה ביחידת הבוגרים של קרן מנדל, שם גם שימשה כיועצת לבוגרי מנדל בהבניה והטמעה של תהליכי הערכה בארגוניהם."
הגר סלקטר,"ראש צוות שלטון מקומי, ייעוץ וחקיקה, משרד המשפטים","הגר ממונה על דיני השלטון המקומי במחלקה למשפט ציבורי-מינהלי בייעוץ וחקיקה, משרד המשפטים. במסגרת תפקידה מעניקה ייעוץ משפטי ומלווה את החקיקה ואת קביעת המדיניות הממשלתית והרגולציה בתחום השלטון המקומי. מובילה את פורום היועצים המשפטיים לרשויות המקומיות במשרד המשפטים, ומשמשת כנציגת היועצת המשפטית לממשלה בוועדה הבינמשרדית לביזור סמכויות לשלטון המקומי. בעברה שימשה כמובילת ניהול של מחלקתה, טיפלה בתחום רישוי העסקים, והיתה משפטנית מובילה של רפורמת רישוי העסקים הדיפרנציאלי. כן שימשה כחברת צוות פיתוח תהליכי עבודה בייעוץ המשפטי לממשלה; כנציגת משרד המשפטים בוועדה הציבורית המייעצת בתחום צער בעלי החיים ובמועצה לניסויים בבעלי חיים. בעלת תואר ראשון במשפטים, בהצטיינות יתרה, ותואר שני במשפטים (עם התמחות במשפט מינהלי) בהצטיינות, שניהם מהאוניברסיטה העברית. זוכת פרס ע""ש אריה (פפה) פלדמן על הצטיינות בלימודים, בעשייה חברתית ובכישרון אמנותי."
טלי סמני,"פסיכולוגית קלינית, אקטיביסטית ויועצת למנהלים וארגונים","טלי משמשת כמנהלת אסטרטגיה והקמה של מעוז דרום.
בתפקידה הקודם ניהלה רשת מעוז והייתה אחראית על תהליך המעבר לרשת, הגדלת ההון החברתי של חברי הרשת, ליווי חברי הרשת ובניית אמון ביניהם, מוצרי הרשת ומדידתה.
טלי הינה פסיכולוגית קלינית בעלת קליניקה פרטית, ו
אקטיביסטית, בעלת תואר ראשון ושני מאוניברסיטת ת""א והנה דוקטורנטית לפסיכולוגיה בבן גוריון.
טלי בעלת ניסיון בליווי תהליכי מיון, מדידה והערכה. היא חוקרת, מלמדת במגמה הקלינית במכללת אחוה, מרצה ומנחה סדנאות בתחומים מגוונים וביניהם נושא הרב תרבותיות עליו גם כתבה ופרסמה מאמרים בתחום התעסוקה והטיפול. היא כתבה את ספר הילדים 'הצבע של אמי' ומנחה בשותפות את בפודקאסט 'לא שקטות' של כאן 11.
לפני הגעתה למעוז, טלי שימשה כמנהלת תחום קהילה יהודית במתנ""ס שיקגו בלוד, הקימה מרכז טיפולי לגיל הרך בשכונה ופיתחה מענים לתושבים מהגיל הרך ועד קשישים.

טלי היא פעילה חברתית בקהילה האתיופית ומתנדבת בקבוצת יוצאי אתיופיה במקצועות בריאות הנפש (קבוצת סנה לבונה) ובפורום בריאות יוצאי אתיופיה. בכלל זה גם מנהלת קבוצת הפייסבוק שעוסקת בבריאות הנפש בקרב יוצאי אתיופיה. היא חברת וועד של מרכז אקורד, עמותת הנני ומרכז ווסטה- צגה. טלי נבחרה כאחת מ-40 הצעירים והצעירות המבטיחים של עיתון דה-מרקר לשנת 2018."
שיפי סננס,"מנכ""לית עמותת מפעלות שמחה","שיפי היא מנכ""לית עמותת מפעלות שמחה - מוסדות לימוד לכ-600 בנות חרדיות, בעיקר ממוצא מזרחי. במסגרת תפקידה היא יוזמת פרויקטים לקידום הבנות על מנת שתגענה למקצועות ראויים במקומות עבודה המעניקים פרנסה מכובדת."
רותי סספורטס,"סמנכ""לית תפעול רפואי באיכילוב - המרכז הרפואי ת""א ע""ש סוראסקי","רותי היא סמנכ""לית תפעול רפואי בבית החולים איכילוב משנת 2012 ובנוסף, משמשת כדירקטורית בוועד המנהל של תאגיד הבריאות של איכלוב. לפני כן הייתה Clinical Research Associate –Forsightlabs Vision5, Menlo Park, California, ובמסגרת תפקידה ניהלה אתרים פריקליניים ואתרים קליניים ואת מערך המידע של הניסויים הקליניים. בשנים 2008-2004 היא הייתה מנהלת מערך חדרי ניתוח, בשנים 2003 -2002 שימשה כאחות אחראית במחלקת ניתוחי חזה ולב ובשנים 2003-1995 הייתה אחות אחראית ביחידה לטיפול נמרץ ילדים. קודם לכן עבדה כאחות צוות במחלקת כירורגיית לב וחזה."
אכלאס סעדאלדין,מנהלת מרכז בריאות האשה כרמיאל בשירותי בריאות כללית,"החל משנת 2016 משמשת ד""ר אכלאס דקה סעדאלדין כמנהלת מרכז בריאות האישה של שירותי בריאות כללית בכרמיאל ומנהלת את יחידת היריון בסיכון גבוה במרכז. קודם לכן, בשנים -20182016 עבדה כרופאה בכירה בבית חולים בני ציון בחיפה במקביל לעבודתה בכללית. בשנים 2016-2012 עבדה כרופאה בכירה בבי""ח האיטלקי בנצרת ואחראית על יחידת היריון בסיכון גבוה במחלקה, ולפני כן עבדה כרופאת נשים מומחית בעיר טמרה. בנוסף לעבודתה הקלינית אכלאס מדריכה קלינית לסטודנטים מטעם בית הספר לרפואה - שלוחת אוניברסיטת בר אילן בצפת. היא מומחית ברפואת נשים ומיילדות מאז 2005. את ההתמחות ביצעה בבית חולים בני ציון בחיפה ואת הסטאז' לרפואה ביצעה בבית החוליםלגליל המערבי - נהריה."
רסול סעדה,"מנכ""ל אל בייאדר","רסול הוא מנכ""ל אל בייאדר. בתפקידו הקודם ניהל את מיזם ממלכתיות של מעוז. רסול הוא עורך דין, וסגן יו”ר ועד עורכי הדין הצעירים בלשכת עורכי הדין. בעבר ניהל את מיזם קהילות בטוחות ביוזמת קרן אברהם המתמקד במאבק בפשיעה ובאלימות ובסוגיות השיטור ביישובים הערביים, עמד בראש המדור לקידום סטודנטים ערבים בהתאחדות הסטודנטים, היה חבר בוועדת הוות""ת להנגשת ההשכלה הגבוהה לחברה הערבית, שימש כרכז קשרי ממשל מטעם עמותת סיכוי והיה עמית בתוכנית דרך של קרן ברל כצנלסון. בשנת 2017 נבחר על ידי העיתון ידיעות אחרונות לאחד מחמישים המשפיעים בתחום החברתי."
סאמי סעדי,"רואה חשבון, משנה למנכ""ל מרכז אלראזי ומייסד שותף של ארגון צופן מרכזי טכנולוגיה","סאמי הוא מייסד ומנכ""ל שותף של ארגון צופן מרכזי טכנולוגיה עילית בע""מ (חל""צ). במסגרת תפקידו הוא אחראי על בנייה והובלה של פרויקטים בתחום ההון האנושי בחברה הערבית, בקרב תלמידי תיכון, סטודנטים באקדמיה ובוגרים מתחומי ההייטק. במקביל, סאמי עובד כרואה חשבון עצמאי ונותן שירותי ביקורת וניהול חשבונות."
וסאם סעדי,"מנהל מיזם ""תשכיל"" - ליווי רשויות בחברה הערבית מכון ברנקו וייס","וסאם התחיל את דרכו כמורה לפסיכולוגיה בחטיבה העליונה, התמחה בעבודה עם נוער בסיכון, בנה ויישם תוכניות לצמצום פערים לימודיים ולהכנה לבחינות בגרות. בשנים האחרונות, במסגרת תפקידו כמנהל תחום חברה ערבית במכון ברנקו וייס, הוא מנחה פדגוגי לבתי ספר, יועץ פדגוגי למערכות חינוכיות עירוניות ויוזם תוכניות לשיפור מערכת החינוך בחברה הערבית."
ג'דעאן ספדי,מנהל מחוז צפון ברשות לביטחון קהילתי במשרד לביטחון לאומי,"ג'דעאן הוא סגן ניצב בדימוס במשטרת ישראל, שירת 25 שנה במשטרת ישראל במשמר הגבול עד 2010, בתפקידו האחרון היה קצין אג""ם ירושלים. הוא עבר את מסלולי הפיקוד מרמת סמל עד רמת קצין בכיר, כולל קורס פו""ם קצר וארוך. .בשנת 2010 התמנה לתפקיד מנהל החברה הערבית בתוכנית עיר ללא אלימות במשרד הבט""פ ומיסדת את התוכנית ברשויות החברה הערבית עד 2018 - אז בוצע רה-ארגון חדש במשרד הבט""פ והוקמה הרשות לביטחון קהילתי על ידי איחוד כלל תוכניות המניעה - על""א, מצילה והרשות למלחמה בסמים ואלכוהול. עד לאחרונה ניהלת את מחוז חוף וכיום הוא מנהל מחוז צפון ברשות לביטחון קהילתי."
אסנת ספורטה,יועצת אסטרטגית ומנהלת פרויקטים בחינוך,"אסנת מלווה רשויות, מנהלים בכירים וארגוני חינוך בתהליכי שינוי והתחדשות. כמו כן, מנהלת פרויקטים בתחום החינוך עבור רשויות וארגונים במגזר הציבורי והפרטי.

בתפקידיה הקודמים כיהנה כסמנכ""ל עיריית חדרה, כמנהלת אגף החינוך בעיריית חולון, כמרצה במסלול לתואר שני במדיניות חינוך, כמנהלת מחקר בתי-הספר הניסויים באוניברסיטת תל-אביב וכמנהלת בית-ספר.

במסגרת פעילותה הציבורית כיהנה כחברת מועצת העיר כפר-סבא וכחברה בוועדות הכספים, התכנון והבנייה, החינוך והביקורת.

נשואה ואמא ל-3 בנות."
מעין ספיבק,יועצת לתחומי פיתוח כלכלי ומנהלת פרויקטים לתהליכי יישום,"מעין היא מנכ""לית עיריית הרצליה. לפני כן שימשה כסמנכ""לית כספים ברשות לפיתוח ירושלים. בתפקידה הקודם הייתה סמנכ""לית הרשות לפיתוח ירושלים. קודם לכן שימשה במשרד האוצר כאחראית על תקציבי משרד הפנים, הנגב והגליל ומשרד ירושלים ומורשת, וכמרכזת מטעם אגף התקציבים של תוכניות החומש לחברה הערבית בישראל. במסגרת זו הייתה אחראית בין השאר על תקציב משרד הפנים והשלטון המקומי, על התוויית האסטרטגיה הכלכלית בנוגע לשלטון המקומי בישראל ועל תוכניות החומש לחברה הערבית."
שרית ספיר,"מנהלת שרות תכניות טיפול משפחה וילד, משרד הרווחה והביטחון החברתי","עבודה במחלקות לשרותים חברתיים כעו""ס נוער וצעירים, עו""ס משפחות ועו""ס חוק נוער. עבודה כמפקחת מחוזית ילד ונוער. ממונה על אגף משפחה וילד בקהילה - ניהול 30 עו""ס בתחומי חוק נוער, סדרי דין, אומנה, נפגעי עבירה וקהילה. כיום מנהלת שרות תכניות טיפול - קביעת מדינות ופיתוח מודלים ומסגרות טיפול בקהילה עבור משפחות וילדים."
אהרון ספראי,"מנכ""ל j.b.h (אברטק)","משנת 2011 משמש אהרן כמנהל מיזם אברטק-רבטק שהוא ממייסדיו. זהו מיזם להכשרת חרדים ושילובם בתעשיית ההייטק תוך שמירה על לימוד תורה ועל ניהול אורח חיים רוחני ותורני. במסגרת תפקידו הוא עוסק בניהול עובדים, גיוס פילנתרופי ועבודה מול גופים מוניציפליים ומוסדות ממשלתיים. קודם לכן שימש כמנהל מוסדות מדרש אליהו וניהל את לשכת רב העיר אלעד. משנת 2005 אהרון עוסק בפעילות התנדבותית בקופת העיר."
לירון ניסן ספרד,רילוקיישן,"לירון משמש כיועמ""ש מחוז ירושלים, משרד החינוך. את התמחותו ביצע במחלקת הבג""צים בפרקליטות המדינה. לאחר הסמכתו לעריכת דין, הצטרף בשנת 2014 ללשכת הייעוץ המשפטי במשרד החינוך. כמו כן לירון שימש כמורה לאזרחות בתיכון."
חני סקאל,דיאטנית ראשית בלאומית שירותי בריאות,"חני היא דיאטנית ראשית בלאומית שירותי בריאות. משנת 1996 היא עוסקת בתחום של הפרעות אכילה. היא הייתה דיאטנית קלינית בבית חולים ציבורי בבואנוס איירס, ניהלה את מערך התזונה של בית החולים הסיעודי הוד אדומים, הקימה את מרכז פימייל - מוסד ראשון לטיפול בהפרעות אכילה למגזר החרדי בירושלים, והייתה דיאטנית מחוזית ירושלים בלאומית שירותי בריאות. כמו כן ניהלה פורום דיאטניות חרדיות, שימשה כמרצה בישיבת אש התורה והייתה חברה בקהילת רפואה מרחוק. חני, ילידת ארצות הברית, היא בעלת תואר ראשון  מהפקולטה לרפואה בבואנוס איירס, תואר ראשון בחינוך לגיל הרך, תואר שני בסוכרת ותואר שני בניהול מערכות בריאות, והיא תומכת הנקה."
אבי כהן סקלי,מנכ״ל משרד התפוצות והמאבק באנטישמיות,"אבי הוא מנכ״ל משרד התפוצות והמאבק באנטישמיות וכמ""מ מנכ""ל משרד המודיעין. בתפקידו הקודם שימש כמנכ""ל המשרד לירושלים ומורשת ולפני כן כמנכ''ל המשרד לשוויון חברתי. הוא מונה לראש מינהל אזורי פיתוח במשרד הכלכלה ובשנים האחרונות שימש כראש אגף בכיר לפיתוח וקשרי ממשל במשרד ראש הממשלה במסגרת מטה היישום להסדרת התיישבות הבדואים בנגב. בנוסף, משמש אבי כיועץ כלכלי למנכ""ל משרד ראש הממשלה בדגש על תחומי הביטחון במסגרת האגף הכלכלי בלשכת המנכ""ל. את שירותו הצבאי סיים אבי כקצין בגדוד שריון."
זאב סקלר,"מנכ""ל תלם","זאב הוא בעלים-שותף ומנכ""ל תלם. חברת ייעוץ וניהול ופרויקטים שמתמחה בקידום מוביליות כלכלית-חברתית בחברה החרדית. תלם מתמחה ביזום, תכנון, הובלה וניהול של תהליכים אסטרטגיים, תכנון מדיניות ותוכניות עבודה בתחומי כלכלה וחברה עבור משרדי ממשלה, רשויות מקומיות וגופים ציבוריים ועסקיים. תלם מספקת כיום שירותים, בין היתר, עבור משרד ראש הממשלה, האוצר, תוכנית החומש לביא, משרד ההתיישבות, רשות השירות הלאומי-אזרחי, המועצה הלאומית לכלכלה, הטכניון, האוניברסיטה הפתוחה וב 27 רשויות מקומיות, זאת לצד מיזמים טכנולוגיים כגון מרחב הלמידה המקוון אשכולות. 

זאב פעיל בנושא שילוב וקידום חרדים בכלכלה ובחברה בישראל והיה שותף להקמה ולניהול של מגוון מיזמים בתחום."
טליה סקר,"מנהלת היחידה לאשפוז בית פסיכיאטרי לנוער, מנהלת שותפה במרכז התערבות במשבר וסגנית מנהל מרפאת ילדים ונוער, מרכז לבריאות הנפש שלוותה","אני מומחית בפסיכיאטריה של הילד והמתבגר, בוגרת תואר שני במנהל עסקים בחדשנות ברפואה אוניברסיטת רייכמן ובוגרת תכנית הליבה ללימודי פסיכותרפיה באוניברסיטת ת״א. כיום עובדת במרפאות ילדים ונוער בשלוותה וממלאת מס׳ תפקידים. הקמתי את אשפוז הבית הפסיכיאטרי לנוער הראשון בארץ, תכנית היברדית (וידאו וביקורי בית) שמטרתה להפחית אשפוזים ולאפשר טיפול בסביבה הטבעית של הנער/ה ומשפחתם. בנוסף, אני מנהלת שותפה במרכז להתערבות במשבר, מרכז שהוקם במסגרת תכנית משותפת של איגוד הפסיכיאטריה של הילד והמתבגר ושל משרד הבריאות. כמו כן, אני סגנית בפועל של מנהל המרפאה ושותפה לחשיבה ניהולית ואסטרטגית של המרפאה וניהול הצוות ומטופלים."
נסרין סקר-דקסה,"עצמאית,עובדת בתחום ייעוץ בסוגיות התכנון והבנייה בחברה הערבית","נסרין היא מהנדסת המועצה המקומית דלית אל-כרמל משנת 2014. במסגרת תפקידה היא מנהלת את אגף ההנדסה במועצה, הכולל מחלקת תשתיות כולל מים וביוב ומחלקת תחזוקה ורישוי עסקים, וממונה על התכנון ביישוב, מתוכנית מתאר ועד לתוכנית בניין עיר, תכנון מבני ציבור משותפים, ביצוע פרויקטים הנדסיים של הקמה ושיפוץ מבני ציבור, שיקום ופיתוח כבישים ותשתיות. בתפקידה הקודם הייתה נסרין ראש צוות תכנון במשרד מוביל בתחום תכנון כבישים ותשתיות."
נזאר סרחאן,מנהל אגף חינוך במע'אר,"נזאר הוא מנהל אגף החינוך במע'אר. בעברו היה פקיד נכות כללית במוסד לביטוח לאומי בנצרת, מדריך קידום נוער, מנהל השכלה ביחידה לקידום נוער מע'אר, מנהל מרכז לימודי שדה בחברה להגנת הטבע, פרויקטור במחלקת חינוך במע'אר, מנחה השכלה מחוזי בתחום היל""ה - קידום נוער ומנהל תוכנית עיר ללא אלימות במע'אר."
אריג' סרחאן,"יועצת ומנהלת פרויקטים בתחום התכנון והבנייה בסרחאן הנדסה בע""מ","אריג' היא יועצת ומנהלת פרויקטים בתחום התכנון והבנייה בסרחאן הנדסה בע""מ. לפני כן הייתה מהנדסת המועצה המקומית בכפר מג'ד אלכרום עד סוף 2021. קודם לכן הייתה מרצה במכללה הארצית להנדסאים ורכזת מגמת האדריכלות בה, ובמקביל הייתה שותפה של בן זוגה בחברת סרחאן הנדסה – חברה לתכנון וביצוע פרויקטים. המעבר מהסקטור הפרטי לציבורי מקורו ברצונה לחולל שינוי אמיתי ביישוב. היא פעילה באשכול בית הכרם וחברה בפורומים שונים כמו פורום אשכולות אזוריים ופורום מומחים לאזוריות בישראל, מתוך אמונה שמחשבה אזורית היא כלי לייעול תהליכים ולמינוף כלכלי-חברתי. אריג' פיתחה מודל ייחודי לקידום תכנון על קרקע פרטית בחברה הערבית, שבזכותו זכתה באות המשפיעים על התכנון בישראל לשנת 2021 של איגוד המתכננים. היא החליטה לייצר מההצלחה הזו הצלחות נוספות - משלב קידום התכנון ועד מימושו, ולכן חזרה לסקטור הפרטי ומלווה את מעוז במידול וסקיילינג למודל שיצרה תוך התעסקות גם בתכנון, ברישום, במימוש ובשימוש בטכנולוגיה ככלי לבניית אמון. בנוסף, היא עובדת כיועצת וכמנהלת פרויקטים של תכנון מול רשויות מקומיות ומשרדי ממשלה, בעיקר משרד השיכון מחוז חיפה ומחוז צפון. כמו כן, אריג' ליוותה את יישום החלטת ממשלה 1804 של ג'סר אלזרקא לקידום תוכניות עבודה מול משרדי הממשלה המבוססות על סעיפי ההחלטה."
יובל סרי,"נציג הסוכנות היהודית בצפון-מזרח ארה""ב","יובל הוא נציג הסוכנות היהודית בצפון-מזרח ארה""ב ואחראי על כל פעילות הסוכנות היהודית ב11 המדינות הכלולות באזור זה. בעבר יובל הקים וניהל את אגף א תחומי בחירה ורב תחומי (תבו""ר) במשרד החינוך. האגף כולל את תחומי הבחירה המוגברים בתחומי הרוח והחברה, מקצועות הזהות והשייכות ביסודי ונושאים חוצי תחומים במערכת החינוך. לפני כן, ב-2016, מונה יובל לתפקיד מנהל תחום הדעת הראשון של תרבות יהודית-ישראלית - תחום דעת חובה חדש במערכת החינוך הממלכתית-יהודית העוסק בזהות יהודית-ישראלית. יובל עסק בהקמתו, בעיצוב מדיניותו, בהובלתו ובהטמעתו בהצלחה רבה תוך פיתוח תוכניות ייחודיות ומקוריות להכשרת מאות מנהלים ואלפי מורים ותלמידים. לפני כן חינך כיתות, ריכז שכבות ולימד מחשבת ישראל, תנ""ך ופיזיקה בתיכון. כמו כן עסק בתחומי התקשורת והפוליקה: היה בעל טור קבוע באתר ynet, הגיש פינת חינוך בטלוויזיה והיה שותף בהקמת התנועה הירוקה - מפלגה סביבתית-חברתית. 
יובל הוא קצין חי""ר במילואים בדרגת רס""ן ובעל תואר ראשון בפיזיקה וכימיה ותואר שני בפילוסופיה יהודית בהצטיינות."
עודה אבו סריחאן,גזבר המועצה המקומית שגב שלום,"עודה הוא גזבר המועצה המקומית שגב שלום וחבר הנהלה באג'יק מכון הנגב. הוא בעל ניסיון עשיר בניהול המערך הכספי בשלטון המקומי, במימון ציבורי, בכלכלה מוניציפלית בניהול משאבים ובפיתוח חברתי-כלכלי. כמו כן הוא מילא מגוון תפקידים ברשויות מקומיות בנגב, ובכלל זה פירוק המערך הכספי במועצה אזורית משוש והקמת המערך הכספי בשלוש מועצות מקומיות חדשות (כסיפה, ערערה בנגב ושגב שלום), בפירוק ועדת התכנון והבנייה שמעונים ב' ובהקמת ועדת התכנון והבנייה נגב מזרחי. בנוסף, הוא חבר מועצת איגוד הגזברים, חבר ועדת ההדרכה באיגוד ובוועדות מקצועיות ופורומים בתחום ההתנהלות והפיתוח הכלכלי בשלטון מקומי, חבר בוועדת השנתון הסטטיסטי לבדואים באוניברסיטת בן-גוריון ויועץ בהתנדבות בפורמים ציבוריים מובילים – בנגב בפרט וברמה הארצית בכלל."
תאופיק סתאוי,"רואה חשבון, שותף בכיר משרד סתאוי את איוב רו״ח","22 שנים בשלטון המקומי, מתוכם 8 שנים גזבר עיריית מעאר שהובלתי אותה בתקופת המעבר לעיר"
ריאד אבו עאבד,מנהל השירות הפסיכולוגי במועצה המקומית חורה,"ריאד הוא מנהל השירות הפסיכולוגי-חינוכי במועצה המקומית חורה מאז שנת 2012. במסגרת תפקידו הוא ממונה על הצוות של השפ""ח, על בניית תוכנית עבודה שנתית ועל יישום המדיניות של שפ""י במרחב היישובי. בנוסף, הוא ממלא מקום של מנהל אגף החינוך ביישוב, ואחראי על תחומי החינוך המיוחד והחירום. קודם לכן היה ריאד פסיכולוג חינוכי בחורה ובעיריית רהט."
שאדי עאזם,סגן בכיר (אכיפה) לממונה על השכר באגף השכר והסכמי העבודה במשרד האוצר,"שאדי הוא סגן בכיר (אכיפה) לממונה על השכר באגף השכר והסכמי העבודה במשרד האוצר. בעבר היה מנהל יחידת האכיפה באגף השכר והסכמי העבודה במשרד האוצר. במסגרת תפקידו הקודם היה אחראי על הטיפול בחריגות השכר בגופים מתוקצבים ונתמכים (800 גופים כגון רשויות מקומיות, חברות ממשלתיות, אוניברסיטאות ומכללות, קופות חולים ועוד, ומקדם תהליכי חדשנות לייעול עבודת האכיפה ושיתופי פעולה עם גופי פיקוח שונים ועוד. לפני כן שאדי היה סגן מנהלת היחידה ובמסגרת תפקידו הוביל הסכמים קיבוציים והסכמות מול ארגוני עובדים והנהלות של גופים שונים."
עבד עאסלה,סמנכ״ל כספים ותפעול במעוז,"עבד הוא סמנכ״ל כספים ותפעול במעוז ואחרי על ניהול יחידת הכספים, התפעול, הרכש ואבטחת המידע. קודם לכן שימש כמנהל שותפויות ופיתוח אסטרטגי בארגון מעוז. הוא הצטרף למעוז ביולי 2023 ובתפקידו האחרון שימש כמנכ""ל בפועל של קבוצת ראות, סמנכ״ל כספים וראש תחום חברתי כלכלי. לעבד ניסיון עשיר בניהול והובלת פיתוח אסטרטגי; פיתוח עסקי; בניית ותחזוק שותפויות; חשיבה ותכנון אסטרטגי; מחקר וכתיבת מסמכי מדיניות; פיתוח מדדים ומדידת השפעה של ארגונים חברתיים; הובלת תהליכי שינוי ופיתוח כלכליים וחברתיים מורכבים ורתימת שחקנים בשדה. לצד זאת, עבד מגיע עם ניסיון רחב בהכשרת, פיתוח וטיפוח הון אנושי, ניהול כספים ובניהול ותפעול ארגוני חברה אזרחית."
עבאס עבאס,"מנכ""ל אלמנארה – עמותה לקידום אנשים עם מוגבלות (ע""ר)","עבאס הוא מנכ""ל עמותת אלמנארה (מגדלור בעברית) ומייסדה מאז שנת 2005. חזון העמותה הוא לחולל שינוי בחברה ובמעמד האנשים עם מוגבלויות, להעצימם ולקדם את השתלבותם בהשכלה ובכלכלה על מנת שיתרמו לחברה ברוח ערכי מצוינות, שוויון והידברות. במסגרת תפקידו הוא מוביל את אלמנארה להגשמת פרויקטים ברוח זו וגם בקירוב לבבות בין ערבים ויהודים."
ענאן עבאסי,סגן מנהל המרכז הרפואי העמק,"ד""ר ענאן עבאסי הוא סגן מנהל המרכז הרפואי העמק. בתפקידו הקודם שימש כסגן מנהל המרכז הרפואי זיו, ולפני כן שימש כעוזר רפואי למנהל המרכז הרפואי ברוך פדה בפוריה. במסגרת התמחותו במנהל רפואי היה עוזר רפואי בהנהלת המרכז הרפואי זיו ולפני כן עבד בבית החולים הצרפתי בנצרת - תחילה כסגן מנהל מחלקת עיניים, ולאחר מכן כמנהל המחלקה. במקביל, הוא שימש כמנהל שירות גנטיקת עיניים בבית החולים בני ציון. בשנים האחרונות הוא חבר הוועד של איגוד רופאי העיניים בישראל וחבר הקונסורציום הארצי למיפוי מחלות רשתית תורשתיות. במסגרת עשייתו החברתית הוא משמש כחבר ועד החברה לקידום בריאות האוכלוסייה הערבית בארץ - חברה בת של ההסתדרות הרפואית בישראל ולפני כן היה יו""ר עמותת אקדימד הפועלת לקידום בריאות, הכוונה מקצועית והעלאת מודעות בקרב האוכלוסייה הערבית בישראל. ענאן מומחה במנהל רפואי וברפואת עיניים עם התמחות בגנטיקת עיניים ובמחלות וניתוחי מקטע קדמי של העין שבה השתלם בבית החולים רוטשילד בפריז. את התמחותו הבסיסית בעיניים ביצע במחלקת עיניים במרכז הרפואי בני ציון ואת הסטאז' ברפואה ביצע במרכז הרפואי רמב""ם."
הדס עבדת,מנהלת המרכז למנהיגות בפארק נאות קדומים,"הדס היא מנהלת המרכז למנהיגות בפארק נאות קדומים. לפני כן הייתה מאמנת להשגת מטרות אישיות-מקצועיות. בתפקידה הקודם ניהלה את מפעם השפלה - מערכת מקצועית שתפקידה לקדם ולפתח את המצוינות הארגונית ואת המקצועיות ברשויות המקומיות, ובמסגרת תפקידה הייתה אחראית על ליווי רשויות מקומיות מתקשות ועל סיוע להתפתחותן ולצמיחתן, על בניית מערך פיתוח מקצועי לבעלי תפקידים ברשויות, ועל הפקת פרסומים מקצועיים המגדירים קווים מנחים לניהול תהליכים בפעילות הרשות המקומית. קודם לכן עבדה בשמורת הטבע התנ""כית נאות קדומים ועסקה בפיתוח ובקידום תוכניות חווייתיות לקהלים שונים. את דרכה המקצועית התחילה הדס במוזיאון לתולדות ראשון לציון."
סאמי עדוי,מנהל מחלקת החינוך במועצה המקומית טורעאן,"סאמי מנהל את מחלקת החינוך במועצה המקומית טורעאן. במסגרת תפקידו הוא אחראי על מערכת החינוך היישובית בטורעאן, מתווה את מדיניות החינוך בקהילה, מגבש ומבצע מיזמים ופרויקטים חינוכיים מהגיל הרך ועד לכיתה י""ב, ומתכלל את העבודה בין החינוך הפורמלי לחינוך הבלתי פורמלי."
נאיף עואד,מרצה בכיר וחוקר במכללה האקדמית סכנין,"נאיף הוא מרצה בכיר במכללה האקדמית סכנין, חוקר בתחומי חינוך מדעי-טכנולוגי, מנהל מרכז הסימולציה בחינוך, מוביל דיגיטלי ואחראי על היחידה לחדשנות בהוראה. במסגרת תפקידיו הוא מוביל פרויקטים משמעותיים להטמעת STEM, שילוב טכנולוגיות ופדגוגיות עדכניות, וגם מלווה אנשי חינוך בהטמעת תהליכי חדשנות. הוא פעיל בקידום החינוך המדעי-טכנולוגי בחברה הערבית ופועל לצמצום הפער הדיגיטלי בקרב האוכלוסייה. לנאיף היכרות מעמיקה עם מערכת החינוך, ניסיון של 14 שנים כרכז המגמה להנדסת תוכנה בבית ספר תיכון והובלה של תוכניות העשרה בחטיבות הביניים. הוא פרסם יותר מ-15 מאמרים בז'ורנאלים אקדמיים מובילים והשתתף בעשרות כנסים בינלאומיים ומקומיים."
שלומי עוזיאל,"מנכ""ל Quai.MD","שלומי הוא מנכ""ל - Quai.MD סטארט-אפ בתחום הרפואה הדיגיטלית ובמקביל עוסק בקידום גיוון תעסוקתי בתעשיית ההייטק. הוא בעל יותר מעשרים שנות ניסיון בפיתוח ובניהול מערכות תוכנה מורכבות למהנדסי חומרה, מתוכן שלוש שנים כמנהל קבוצת פיתוח בבוסטון. בעבר היה VP R&D בחברת קיידנס ומנהל מרכז הפיתוח של קיידנס בישראל."
רונן יצחק עזריה,בעל חברת יעוץ ויזמות עצמאית,"מנכל עיריית רמלה עיר מאתגרת רב תרבותית ומעורבת . 
סיימתי 25 שנות שירות בצהל בדרגת סא״ל.  
מזה כ- 5 שנים  מנכל עריית רמלה שנמצאת בתנופת פיתוח אדירה."
ערין ספדי – עטילה,"ראשת אשכול ביטחון ואוכלוסין, ייעוץ וחקיקה משרד המשפטים","ערין היא הממונה על ענייני הבג""צים במחלקת הבג""צים בפרקליטות המדינה, שם היא פרקליטה מאז שנת 2009.  במסגרת תפקידה היא מייצגת את הממשלה בעתירות המוגשות נגדה לבג""ץ, מובילה את הטיפול בתחומי הכלכלה, חלוקת משאבי ציבור, ביטחון, מגפת הקורונה, בחירות לכנסת ולרשויות המקומיות, מהגרי עבודה, שוויון בין המינים, עתירות חוקתיות בתחומים אלה ועוד. בשנים 2009-2006 שימשהי כיועצת משפטית לוועדה לבדיקת מינויים לפי חוק החברות הממשלתיות והייתה שותפה ליישום חובת הייצוג ההולם לנשים ולבני האוכלוסייה הערבית בדירקטוריונים של החברות הממשלתיות וגופים נוספים. במקביל, כיהנה כחברה בצוות בין-משרדי לבחינה מגדרית של תקציב המדינה. ערין נכללת ברשימת 40 הצעירים המבטיחים של מגזין דה-מרקר לשנת 2019 בקטגוריה של משרתי ציבור."
חליל עיד,Head of HP Graphics Experience Center & AI lead,"לחליל ניסיון של מעל 17 שנה בעולמות ההנדסה, התפעול, הייצור והמוצר בחברת HP Indigo. הוא ניהל מחלקות הנדסה, מפעלים ופרויקטים של מאות מיליוני שקלים, ובהמשך הוביל את חטיבות הייצור בישראל עם מעל 300 עובדים ושיתוף פעולה עם צוותים בסינגפור.

מה עכשיו:
בשלוש השנים האחרונות חליל עבר לתפקידי לקוח, פיתוח עסקי, מכירות וביזנס. הוא עבר עם משפחתו לארצות הברית ומוביל את מרכז HP Graphics Experience Center. בנוסף, הוא מנהל את מיזם Mindscale, שמטרתו לחזק את יכולות החברה והפרט הערבי בתחומי הבינה המלאכותית (AI)."
חולוד עיוטי,מנכ״לית קרן בוסתן,"בשנה וחצי האחרונות מכהנת כמנכ״לית קרן בוסתן שתומכת בארגונים המקדמים חברה משותפת בתחומים חינוך, תעסוקה, שוויון ובריאות. בעבר הובילה את ארגון פרזנטנס כמנכ״לית משותפת אחרי שצמחה שם מתפקיד רכזת תכניות. מגיעה מרקע של יזמות חברתית כאשר התפקיד הגדול הראשון שלה היה במרכז פרס לשלום כמנהלת תכניות חינוך לשלום. בעלת תואר ראשון בממשל וחברה, תואר שני במנהל עסקים ותואר שני במזרח תיכון."
לאמעי עיסא,מנהל אגף חינוך - עיריית כפר קאסם,"לאמעי משמש כמנהל אגף חינוך - עיריית כפר קאסם. בשנים 1994-1997 עבד כמורה למתמטיקה ורכז שכבה בבי""ס חט""ב אלראזי ברהט (משרד החינוך מחוז הדרום ). בין השנים 1997-2001 שימש כמורה למתמטיקה ורכז חינוך חברתי בבית ספר תיכון מקיף כפר קאסם.  בשנים 2001-2004 היה מורה למתמטיקה וסגן מנהל בבית ספר תיכון טכנולוגי כפר קאסם. לאחר מכן, בשנים 2004-2009 כיהן כמנהל בי""ס מח""ט תיכון טכנולוגי טומשין כפר קאסם. בהמשך בשנים 2010-2015 היה מנהל בי""ס חט""ב בית צפאפא (משרד החינוך מחוז ירושלים ). בתפקידו הבא בשנים 2015-2016 שימש כמנהל מחלקת חינוך במועצה מקומית ג'לג'וליה ומרצה במכללת אלקאסמי להנדסה. בשנים 2016-2019 כיהן כמנהל בי""ס תיכון מקיף אלהודא ברמלה . 2019- 2022 מנהל אגף החינוך בעיריית כפר קאסם – עד היום ."
מיסא עליאן,"אחות מחוזית במחוז ירושלים, במשרד הרווחה והבטחון החברתי","מיסא היא אחות מחוזית במשרד הרווחה והבטחון החברתי. מיסא שימשה כמנהלת סיעוד במנהלת מזרח ירושלים בשירותי בריאות כללית משנת 2017 עד 2024. לפני כן שימשה כמנהלת סיעוד במרפאת לב תלפיות, מרפאת אבו גוש ומרפאת עין נקובה במשך 12 שנים. במהלך שנים אלה גם שימשה כמדריכה קלינית לסטודנטים לסיעוד מבתי ספר שונים. בעבר הייתה חברת ועדת קידום בשירותי בריאות כללית וכיום היא חברת ועדת החברה הערבית בקופה."
אמיר עלימי,סגן מנהל בית חולים נצרת ״אנגלי״,"אמיר הוא רופא ילדים מומחה, מכהן כעת כעוזר למנהל בית החולים נצרת ״אנגלי״, ואחראי על מערך הקורונה בבית החולים הכולל אשפוזים, רפואה דחופה, מעבדה ואפידמיולגיה. בנוסף הוא אחראי על המתמחים לרפואה במוסד ועל הסקטור הפארא - רפואי. זאת ועוד אמיר אחראי תחום כללית מושלם ושיתוף פעולה עם ב״ח הרצליה מדיקל סנטר N-HMC, ועובד כרופא עצמאי ברפואת ילדים במכבי שירותי בריאות בנצרת. לאמיר תואר ד”ר לרפואה (MD) מהטכניון והוא מומחה לרפואת ילדים, את ההתמחות ביצע בבית חולים רמ״בם חיפה."
ופאא אבו עמאר,מנהלת מחלקת הנוער במועצה אזורית אלקסום,"מנהלת מחלקת הנוער במועצה אזורית אלקסום ולפני זה ניהלה את המחלקה לחינוך בלתי פורמאלי במועצה מקומית לקיה, עובדת בתחום החינוך כ 14 שנה."
סלימאן עמור,"מנכ""ל שותף, אג'יק מכון הנגב","סלימאן הוא מנכ""ל הארגון אג'יק לשינוי חברתי - המרכז הערבי יהודי להעצמה, לשוויון ולשיתוף. מאז שהחל לעבוד בו בשנת 2006 הוא מילא שורה של תפקידים, האחרון שבהם - סמנכ""ל הארגון ומנהל הפרויקטים. במסגרת תפקידו הוא אחראי על תקציב הארגון, על תוכניתו האסטרטגית, על ניהול כל הפרויקטים שלו בתוך ישראל ועל הרחבת הפעילות לצפון הארץ ולמרכזה. הוא יזם והקים את ארגון הנוער של אג'יק ומשמש גם כמנכ""ל שלו. הארגון, שחברים בו אלפי חניכים ומאות מדריכים, הוכר על ידי משרד החינוך ומקבל ממנו תקציב חלקי.  קודם לכן עבד סלימאן במגוון תפקידים במשרד החינוך - כמורה, כמחנך וכרכז מקצוע."
דלית פורת בן עמי,מנהלת היחידה לרפואת הפה וחברת הנהלה במרכז רפואי צפון,"דלית היא מנהלת היחידה לרפואת הפה במרכז רפואי צפון החל משנת 2015. משנת 2016 היא גם אחראית בו על הסטאז'. ומאז 2021 חברה בהנהלה הרפואית של המרכז - מרכזת את תחום האיכות והאקרדיטציה, וכמו כן מרצה קלינית בפקולטה לרפואה ע""ש עזריאלי באוניברסיטת בר-אילן. לפני כן ריכזה את תחום רפואת הפה במרכז הרפואי זיו במשך חמש שנים. עוד קודם לכן עבדה בתחום רפואת הפה והשיניים בשיבא וב-UAB, ברמינגהם, אלבמה. דלית בוגרת בי""ס לרפואת שיניים עם התמחות ברפואת הפה באוניברסיטת תל אביב."
חנן עמיאור,"מבקר תקשורת, מנהל תוכן, סופר","חנן הוא עורך אתר ביקורת התקשורת קאמרה / פרספקטיבה. הוא החל את דרכו בתקשורת ככתב מקומונים בירושלים והמשיך במגזין התקשורת העין השביעית. משם עבר לתפקיד דובר משרד החינוך, ובהמשך היה יועץ התקשורת של השר להגנת הסביבה גדעון עזרא ז""ל. לאחר מכן שימש כמנהל ההדרכה של עמותת אור ירוק, ובהמשך עבר לאתר פרספקטיבה – מקום עבודתו הנוכחי. במקביל, כבר מעל לעשור, חנן כותב נאומים לאישי ציבור ולאחרונה פרסם את ספרו הראשון ""הסדנה להנדסת תודעה""."
דרור עמיר,"Group Director of Product Management, Taboola","עבד במשך קרוב לשני עשורים ב-ynet, בשורה של תפקידי עריכה - כולל שנתיים וחצי כעורך הראשי של האתר - ולאחר מכן שימש במשך שנתיים כסמנכ״ל מוצר. ב-2025 עזב את ynet והצטרף לחברות טאבולה, שם הוא עובד על פיתוח מוצרים טכנולוגיים לגופי תקשורת"
כאמל אל עמראני,מנהל אגף חינוך וקהילה במועצה מקומית שגב שלום,"מתחילת 2021 כאמל הוא מנהל אגף חינוך וקהילה במועצה המקומית שגב שלום, ופועל לקידום ופיתוח המערך החינוכי ברשות וקידום חדשנות ויזמות חינוכית. בעבר הוא ניהל את היחידה לקידום נוער ברשות שנתנה מענה לבני הנוער בסיכון באמצעות השלמת השכלה, הפחתת התנהגויות בסיכון, הכנה לעולם התעסוקה, העצמה ומנהיגות, התנדבות ותרומה לקהילה. בשנת 2017 הוא הצטרף לרשת אורט כמחנך ומורה לשפה הערבית וכרכז התפתחות אישית ומעורבות חברתית. בשנים 2016-2013 - ניהל את החממה/פנימייה למנהיגות בכוכבי המדבר לטיפוח דור חדש של מנהיגות בקרב החברה הערבית בנגב. בתחילת דרכו המקצועית בשנת 2000 היה כאמל מורה לשפה הערבית, רכז מקצוע, רכז קהילתי, רכז מעורבות קהילתית ומורה חונך לסטודנטים להוראה בבית הספר היסודי אלמוסתקבל בשגב שלום."
אורלי עמרם,אחות מפקחת מחוזית בלשכת בריאות מחוז אשקלון במשרד הבריאות,"אורלי היא  אחות מפקחת מחוזית בלשכת בריאות מחוז אשקלון במשרד הבריאות. לפני כן ניהלה את תחום הסיעוד בשירותי בריאות הציבור במחוז אשקלון. מאז סיום בית הספר לסיעוד היא מילאה תפקידים רבים במערך. חברה בוועדות מחוזיות וארציות, שביניהן ועדת הנקה ארצית. היא בעלת קורס על בסיסי בבריאות הציבור והקהילה, יועצת הנקה מורשית ו- IBCLC במהלך שני העשורים האחרונים אורלי פיתחתי את תחום ייעוץ ההנקה בארץ."
רדא ענאבוסי,"שותף במשרד עורכי הדין ""ענאבסה ושות'","רדא הוא שותף בחברת עורכי הדין ענאבסה ושות' ומשמש כיועץ המשפטי של איגוד רופאי השיניים הערבים בישראל. בעבר הוא שימש כדירקטור בחברה הממשלתית לתיירות, כחבר דירקטוריון רשות נחל הירקון, כחבר הנהלת האופרה הישראלית וכחבר מועצת קופת חולים כללית. בשנת 2018 היה רדא חבר בצוות החשיבה להסדרת המרחב הציבורי בישראל בראשות פרופ' מנחם מאוטנר ופרופ' רות גביזון. בשנת 2012 הוא היה עמית בתוכנית לטיפוח מנהיגות לדמוקרטיה מטעם משרד החוץ האמריקאי. בשנים 2015-2011 הוא שימש כחבר המועצה הארצית של לשכת עורכי הדין וכסגן יו""ר הוועדה המייעצת לבחירת שופטים של הלשכה ובשנים 2011-2007 שימש כסגן יו""ר ועדת פרקליטות בלשכת עורכי הדין. בשנים 2013-2005 הוא כיהן כפרקליט בכיר בפרקליטות המדינה במחוז מרכז ועסק בניהול תיקי פשיעה חמורה ועתירות מנהליות. בשנים 2001-2005 שימש רדא כחבר מייסד בתוכנית הזמנה לאוניברסיטה של אוניברסיטת תל אביב ומרכז רבין לחקר ישראל, שעסקה בעידוד בני נוער מקרב המגזר הערבי ועולים חדשים להשתלב בלימודים גבוהים."
דאוד עפאן,"סגן מזכ""ל רע""מ","סגן מזכ""ל ברע""מ רשימת האיחוד הערבי כרגע , בעבר עמדתי בראש עמותת אלקלם - עמותה למען סטודנטים ערביים , וכיועץ פרלמנטארי לח""כ מנסור עבאס . העבודה שלי כרגע ארגונית מקצועית כך שתאפשר להצמיח ולהעצים הארגון וגם להגדיל אותו מספרית ומקצועית ."
עלא עפיפי,"סמנכ""ל פיתוח עסקי בקבוצת עפיפי","עלא הוא סמנכ""ל פיתוח עסקי בקבוצת עפיפי משנת 2020. במסגרת תפקידו הוא אחראי על הרחבת הפעילות ועל יצירת הזדמנויות עסקיות בארץ ובחו""ל בתחומי פעילות הקבוצה - תחבורה ולוגיסטיקה, תיירות ומלונאות, ייבוא ומסחר ונדל""ן. קודם לכן הוא ניהל את נזרין טורס – חברה המשתייכת לקבוצת עפיפי. לעלא ניסיון רב שנים בתיירות בכלל ובתיירות הנכנסת בפרט, והוא חבר הנהלה בלשכת מארגני תיירות נכנסת לישראל."
מוחמד אבו עשיבה,"סמנכ""ל תחום שלטון מקומי וכספים בינאביע","מוחמד הוא מנכ""ל ארגון בודור ללימודי עברית דבורה בחברה ערבית. לפני כן שימש כמנכ""ל חברת עתיר ומנהל פיתוח תוכניות בקבוצת תמאם. קודם לכן כן עבד במרכזי ריאן בדרום הארץ כרכז קשרי מעסיקים, ולאחר שנה קודם לתפקיד מנהל מרכז אלקסום. הוא הקים וניהל את מרכז ריאן במועצה האזורית אלקסום במשך שלוש שנים וחצי והפך למנהל תוכנית ריאן דרום, המונה תשעה מרכזים ברחבי היישובים הבדואיים בדרום. קודם לכן עבד מוחמד במשך ארבע שנים במשרד הביטחון בתפקיד מרכז/יועץ בנושאי השכלה ותעסוקה לחיילים משוחררים ולבנות שירות אזרחי במחוז דרום, ולפני כן עבד במינהל האוכלוסין במשרד הפנים."
מופלח עתאיקה,מנהל מינהלת נגב דרומי במחוז דרום בשירותי בריאות כללית,"ד""ר מופלח עתאיקה הוא מנהל מינהלת נגב דרומי במחוז דרום בשירותי בריאות כללית, לפני כן שימש מנהל מינהלת באר שבע במחוז דרום. בתפקידו הקודם ניהל את מרכז בריאות המשפחה ברהט א'. בנוסף, הוא יו""ר ועד הרופאים במחוז דרום בשירותי בריאות כללית, חבר במזכירות הארצית בארגון רופאי הכללית וחבר דירקטוריון בחברה הכלכלית בעיר רהט. במקביל, הוא יועץ סוכרת מחוזי ורופא הוספיס בית ברהט ובקיבוצים באזור הנגב. בשנים 2015-2009 הוא ניהל את מרפאת שגב שלום, ולפני כן עבד בפזורה הבדואית במרפאת אל-אטרש כרופא יחיד ושימש רפרנט לכמה מרפאות יחיד. מופלח הוא מומחה ברפואת משפחה. את התמחותו עשה במרכז הרפואי האוניברסיטאי סורוקה ובמרפאת י""א בבאר שבע, וגם את הסטאז' ברפואה ביצע בסורוקה. בנוסף, יש לו התמחות על ברפואה פליאטיבית שביצע בהוספיס בית באר שבע ובהשתלמות באנגליה (דור ביניים). כמו כן הוא סיים בהצלחה קורס הכשרה לרופאים בסוכרת מטעם האגודה הישראלית לאנדוקרינולוגיה והמועצה הלאומית לסוכרת."
רנא פאהום,מנהלת המרכז לחיים משותפים וחברת הנהלה במכון שלום הרטמן,"רנא היא מנהלת המרכז לחיים משותפים וחברת הנהלה במכון שלום הרטמן. בעבר הייתה מנכ""לית ימקא ירושלים וחברת שלוש הקשתות עד שנת 2022. בשנת 1998 היא ייסדה בשכונת אבו טור שבירושלים חטיבת ביניים לבנות וניהלה אותה במשך 14 שנים, שבהן צמחה משלוש כיתות ל-15 כיתות שמתמקדות באופן מיוחד בלימוד מדעים ושפות ובחינוך לערכים הומניים ופמיניסטיים. בהמשך כיהנה  כמפקחת כוללת על בתי ספר יסודיים במנח""י ובמקביל שימשה כרפרנטית להכשרת מנהלים במזרח ירושלים. בעבר עבדה כמורה וכמדריכה במשרד החינוך והייתה מתרגלת ועוזרת הוראה באוניברסיטה העברית בחוג בלשנות אנגלית ומורה לאנגלית בחוג לאנגלית כשפה זרה. רנא חברת ועד מנהל במוזיאון לאומנות האיסלאם, חברת המועצה הישראלית לתרבות ואומנות וחברת ועד מנהל בלביא - העמותה העירונית לפיתוח החינוך בירושלים."
מוהנא פארס,יועץ בתחום החינוך,"מוהנא הוא יועץ בתחום החינוך. קודם לכן שימש כסמנכ""ל וראש מינהל חינוך טכנולוגי במשרד החינוך. בתפקידו הקודם היה מנהל אגף בכיר תוכניות לאומיות ואחראי מינהל מדע וטכנולוגיה במשרד החינוך. בשנים 2009-2014 הוא שימש כממונה הארצי על החינוך הדרוזי והצ'רקסי, וקודם לכן היה מפקח מחוז הצפון על החינוך הדרוזי. בשנים 2007-2003, לאחר סיום לימודיו במכון מנדל למנהיגות, הוא עבד במטה משרד החינוך ביישום דוח שושני לתקצוב דיפרנציאלי וכממונה על שכר מורים במינהל כלכלה ותקציבים. מוהנא הקים וניהל את בית הספר התיכון למדעים בירכא ואת בית הספר הקהילתי בחורפיש. קודם לכן היה מורה למתמטיקה ולמדעי המחשב בבתי ספר תיכוניים בגליל."
איתי פוגל,"מפקד הרפואה של פיקוד הדרום, צה""ל","ד""ר איתי פוגל הוא בוגר לימודי רפואה באוניברסיטת ת""א במסגרת העתודה האקדמית של חיל הרפואה. במהלך שירותו הצבאי  מילא תפקידים משמעותיים כרופא וכמפקד החל מרופא גדודי וחטיבתי וכלה בקצין רפואה אוגדתי וכמפקד מגמת מפקדים בבה""ד 10. איתי סיים את התמחותו ברפואת ילדים בבי""ח שניידר בשנת 2016 ולאחר מכן ביצע השתלמות מחקרית בת שנתיים באוניברסיטת נורת'ווסטרן בשיקגו.  כיום הוא מכהן כמפקד הרפואה של פיקוד הדרום ואמון על הרפואה המבצעית, רפואת השגרה, בריאות הצבא ובריאות הנפש במהלך מלחמת חרבות הברזל."
קרן כיסמריו פוטש,"מנהלת המחלקה לאשפוז יום, המרכז הרפואי לשיקום לוינשטיין. יועצת שיקומית לחטיבת הקהילה, כללית.",מומחית ברפואה פיזיקלית ושיקום. מנהלת המחלקה לאשפוז יום במרכז הרפואי לשיקום לוינשטיין וסגנית מנהל המרכז הרפואי. פועלת לקידום תחום השיקום בתוך ומחוץ לכתלי המרכז הרפואי על ידי פיתוח מענה שיקומי בקהילה בכלל. פעילה בועד איגוד השיקום וועדת בחינות (אחראית בחינות שלב ב'). בעלת תואר שני במנהל עסקים בהתמחות במנהל מערכות בריאות (MBA).
אלעזר פויכטונגר,פרויקט האלף הסוכנות היהודית,"אלעזר הוא מנהל קרן חוסן לחינוך בעוטף, קודם לכן היה מנהל אגף החינוך בערבה תיכונה. לפני כן שימש שותף להקמת מיזמים חינוכיים בעמותת רוח ערבה ותוכנית אדם ואדמה, יו""ר אגודה חקלאית ופעיל חברתי. אלעזר הוא בעל ניסיון של כעשור בהובלת קבוצות נוער חינוכיות וטיפוליות בתנאי שטח ומדבר, חקלאי ובעלים של משק חקלאי במושב פארן בערבה."
שירה ברלינר פולג,"מנהלת מה""ט","שירה היא מנהלת מה""ט. בתפקידה הקודם ניהלה את תחום תעסוקת החרדים במשרד הכלכלה משנת 2013. במסגרת תפקידה הקודם הובילה פרויקטים בתחום תעסוקת החרדים והייתה אחראית על יישום מדיניות הממשלה בתחום. בשנים 2013-2009 היא הייתה כלכלנית במועצה הלאומית לכלכלה במשרד ראש הממשלה ועסקה בייזום ובליווי פרויקטים בתחומי המקרו, הדיור, התחבורה והתעסוקה. קודם לכן, בשנים 2009-2008 היא שימשה כעוזרת מחקר במועצה הלאומית לכלכלה ועסקה בביצוע מחקרים אמפיריים. בשנים 2008-2006 היא הייתה אנליסטית בצוות CERT כחלק מפרויקט תהיל""ה הממשלתי ועסקה בתחזוקת אתר אבטחת המידע הממשלתי, בביצוע מחקרי אבטחת מידע ובכתיבת מאמרים בנושא. במקביל, הקימה וריכזה בהתנדבות את סניף פעמונים באוניברסיטה העברית שסייע למשפחות נזקקות בניהול תקציבי נכון."
אלי פולק,"משנה למנכ""ל איחוד הצלה","למעלה מ-25 שנה מפעיל אלי מתנדבים למענה רפואי מיידי. בשנת 2006 הוא ייסד את ארגון המתנדבים איחוד הצלה וכיום משמש בו כמשנה למנכ""ל. באיחוד הצלה יש 8,000 מתנדבים - חובשים, פרמדיקים ורופאים - יהודים וערבים, דתיים וחילונים, גברים ונשים. כולם מסייעים בהתנדבות מלאה ביותר מאלפיים אירועים בכל יום. כמו כן משמש אלי כמנכ""ל עמותת ישראלייף המסייעת לגופי חירום התנדבותיים. במסגרת הפעילות הוציאה העמותה משלחות לאזורי אסון בחו""ל כמו המשלחת לרעידת האדמה בנפאל שאלי עמד בראשה. העמותה גם מוציאה לאור ספרות רפואית ובשנים האחרונות הוציאה את ספר ""החובש""."
שלמה פולק,"מנכ""ל החברה הכלכלית בני ברק","שלומי הוא מנכ""ל החברה הכלכלית בני ברק משנת 2021. במסגרת תפקידו הוא אחראי, בין היתר, על פיתוח השכונה החדשה בצפון העיר בשטח של מעל ל-1,000 דונם וכוללת מתחמי מגורים, תעסוקה ופנאי. קודם לכן שלומי כיהן כרמ""ט יו""ר ועדת הכספים של ח""כ משה גפני. לשלומי רקע עשיר בניהול מיזמים ופרויקטים בתחומים שונים."
רועי פולקמן,"יועץ אסטרטגי ויזם בתחום תעסוקת פנסיונרים, יו""ר הפורום לתחרות פיננסית ויו""ר החברה הכלכלית איילים","רועי הוא יועץ אסטרטגי. בתפקידו הקודם שימש כח""כ במפלגת כולנו וקודם לכן שימש כיועץ עצמאי לאסטרטגיה המתמחה בשלטון מקומי. בבחירות לראשויות המקומיות בשנת 2013 מוקם רועי במקום השישי ברשימתו של ניר ברקת למועצת העיר ירושלים ושימש כראש האגף למדיניות ותכנון אסטרטגי בעיריית ירושלים וכיועץ מדיניות לראש העיר. במהלך לימודיו האקדמיים  שימש רועי כמנכ“ל אגודת הסטודנטים באוניברסיטה העברית והיה ממקימי ארגון רוח חדשה בירושלים. בצבא הוא שירת כחובש קרבי."
יעל פומרנץ,"מנהלת התוכנית הלאומית למניעת אובדנות (בפועל), משרד הבריאות","מנהלת היחידה למניעת אובדנות במשרד הבריאות . היחידה היא הגוף המנהל והמתכלל של התוכנית הלאומית למניעת אובדנות - תוכנית בינמשרדית המיישמת אסטרטגיות מניעה להפחחת שיעורי ההתאבדות בישראל וסיוע לבני משפחה שיקירהם התאבדו. במסגרת תפקידי אני אחראית על ניהול, תכלול ופיתוח התוכנית הלאומית."
אורן פונו,"ראש אשכול טוהר המידות, מחלקה למשפט ציבורי-מינהלי, משרד המשפטים","אורן מכהן כראש אשכול טוהר המידות במחלקה למשפט ציבורי-מנהלי בייעוץ וחקיקה במשרד המשפטים. האשכול שאורן עומד בראשו אחראי על ההסדרה המנהלית של היבטי טוהר מידות בשירות הציבורי ובהם היבטי מינויים וניגודי עניינים. במסגרת תפקידו קידם אורן שורה של פרויקטים בתחומים עליהם אמון האשכול. קודם לכן שימש אורן במשך כשמונה שנים כעוזר ועוזר בכיר ליועץ המשפטי לממשלה ולפני כן שימש כפרקליט במחלקת הבג""צים בפרקליטות המדינה. אורן מרצה במוסדות אקדמיים בתחומי המשפט והממשל."
דב פופר,"רב יועץ ופוסק במכון פוע""ה ויועץ גנטי במרפאה לגנטיקה - הדסה עין כרם","החל משנת 2010 משמש דב כרב יועץ ופוסק במכון פוע""ה- פוריות ורפואה על פי ההלכה, שם נותן יעוץ רפואי הלכתי בכל הספקטרום של הגניקולוגיה (פוריות, הריון בסיכון, גנטיקה).
במקביל משנת 2018 משמש דב כיועץ גנטי במרפאה לגנטיקה במרכז הרפואי 'הדסה'. שילוב התפקידים והקשר עם רבנים בחברה החרדית מאפשר לתת מענה פרקטי ומותאם עבור מטופלים מהחברה החרדית.
במסגרת עשייתו החברתית דב מקדם מודעות לרפואה מונעת בחברה החרדית. והחל משנת 2015  מנהל קורסים ומפגשים (בארץ ובעולם) של רבנים בכירים ומובילי דעת קהל בחברה החרדית בתחומי עשייתו."
שירלי פורטוגיז,מנהלת המרכז לאוטיזם של האוניברסיטה העברית,"פרופ׳ שירלי פורטוגיז מנהלת המרכז לאוטיזם של האוניברסיטה העברית. בנוסף, מנכ״לית מכון עוגן העוסק ביעוץ לעמותות, גופי ממשלה ווארגוני בריאות. בעברה ניהלה את מנהלת המרכז לבריאות הנפש שער מנשה. לפני כן כיהנה כסגנית מנהל המרכז, כמתמחה במינהל רפואי בחטיבת המרכזים הממשלתיים במשרד הבריאות וכעוזרת למנכ""ל משרד הבריאות. היא מומחית בפסיכיאטריה ובעלת מומחיות על במינהל רפואי. למדה רפואה כעתודאית באוניברסיטת תל אביב, שירתה 22 שנה בצה""ל במגוון תפקידים פורצי דרך לנשים רופאות במערך הלוחם ובמערך לבריאות הנפש וסיימה סטאז' בבית חולים שיבא והתמחות במרכז לבריאות הנפש גהה. כחלק מפעילותה ההתנדבותית היא ייסדה את המרפאה לאוטיזם מבוגרים במרכז לבריאות הנפש במעייני הישועה. שירלי שימשה כעמיתה חוקרת באוניברסיטת הרווארד ומיסדה שיתופי פעולה עם MIT ליצירת קניין רוחני בתחום הסימנים לתחלואה נפשית. כחברת סגל בפקולטה לרפואה בטכניון ונבחרה פעמיים כמרצה מצטיינת. כיום חברה בוועד הפועל של ההסתדרות הרפואית וגזברית איגוד הפסיכיאטריה. בעבר חברה בוועד איגוד מנהלי בתי החולים."
שרון פורייטר,דירקטור של ניהול פרויקטים בחברת סולארגיק Director of Project Management,"שרון היא דירקטור של ניהול פרויקטים בחברת סולארגיק. קודם לכן שימשה כמנהלת מסחרית בחברה. שרון השתחררה מצה""ל לאחר תפקיד מ""פ קורס מדריכות שריון והשתלבה בעמותת אלומה כמנהלת תחום ההכנה לשירות צבאי לצעירות דתיות. לאחר מכן שימשה כסמנכ""לית כספים ותפעול בארגון, בתקופתה שולשה פעילות העמותה ובהתאמה שולש גם התקציב. בשנה האחרונה מנהלת שרון את ליבת הפעילות באלומה הכוללת מספר תוכניות שטח ארציות הנותנות מדי שנה מידע, יעוץ והכוון לכ-40,000 צעירים מגוונים מהפריפריה החברתית והגאוגרפית. התוכניות פועלות בצמתים של קבלת החלטות במעבר מהתיכון לשירות, הנגשת השכלה גבוהה וגשר לעולם התעסוקה. כל זאת תוך חיזוק תחושת השייכות ועידוד הצעירים ללקיחת אחריות והצטרפות למוקדי העשייה וההשפעה בחברה הישראלית."
אריק פורר,מדען אורח בMIT,"ד""ר אריק פורר הוא רופא צבאי עם ניסיון בתפקידי שדה, וכיום מפקד על סגלי הרפואה באוגדה 162 המונים מעל 100 חובשים, פרמדיקים, רופאות, רופאים, אנשי סיעוד וקצינות. הוא רופא מומחה ברפואה פנימית במהלך התמחות בקרדיולוגיה ומרצה בכיר בבית הספר לרפואה של האוניברסיטה העברית. בעבר הקים את ענף חדשנות רפואית של חיל הרפואה ועמד בראשו."
זיו פז,"רופא ראומטולוג יוספטל ומרחב אילת , שירותי בריאות כללית","ד""ר זיו פז הוא רופא ראומטולוג יוספטל ומרחב אילת בשירותי בריאות כללית. בעברו שימש כראש אגף טכנולוגיות בשירותי בריאות כללית. לפני כן היה עוזר מנהל המרכז הרפואי לגליל לחדשנות וטכנולוגיה, וקודם לכן היה מנהל היחידה הראומטולוגית במרכז הרפואי. במסגרת תפקידו היה אחראי על הובלת תהליכי הטמעת הטכנולוגיה בארגון, על קידום שיתופי פעולה עם התעשייה והאקדמיה, ועל עידוד החדשנות והמחקר בקרב רופאי המרכז הרפואי. מאז 2012 הוא בעל מינוי בבית הספר לרפואה של אוניברסיטת הרווארד בבוסטון, ארצות הברית ובשנים 2016-2009 עבר את הכשרתו בפנימית ובראומטולוגיה בתוכניות המסונפות לבית הספר לרפואה של הארווארד ועבד שם כרופא חוקר. בשנים 2009-2007 התמחה במרכז הרפואי שיבא. זיו מומחה ברפואה פנימית (CHA, Harvard) ובראומטולוגיה (BIDMC, Harvard), ומתחיל את התמחותו במינהל רפואי במסגרת תוכנית ענבר. תחומי התמחותו המחקרית הם אפידמיולוגיה ואימונולוגיה."
אורנה פז,"מנהלת אגף א, במשרד החינוך, מינהל פדגוגי, אגף לחינוך הגיל הרך","אורנה  מנהלת אגף א, במשרד החינוך, מינהל פדגוגי, אגף לחינוך הגיל הרך. לפני כן ניהלה את האגף לחינוך קדם יסודי במשרד החינוך . במסגרת תפקיד זה הייתה אחראית על הפעלת כ-17,500 גני ילדים במדינת ישראל, כחצי מיליון ילדים בגילאי שלוש עד שש ו-22,000 גננות. כמו כן התווספו לאחריותה בנוסף לגני הילדים גם אלפי מעונות היום לפעוטות מלידה עד גיל שלוש - עוד כחצי מיליון ילדים. במסגרת תפקידה הייתה אמונה אורנה על בניית מערך הפעלת מעונות יום, השבחת איכות החינוך והטיפול, הכשרות הצוותים, שיפור מערך הפיקוח וההדרכה, יצירת רצף חינוכי מלידה עד גיל שלוש ועוד, ומחויבת לעבודה בממשקים רבים עם שותפים בתוך המשרד ומחוצה לו. מתוקף תפקידה אורנה הייתה אחראית על הובלת תוכניות, יוזמות, פרויקטים, החלטות ממשלה ומהלכים המקדמים את גני הילדים בהלימה למאה ה-21 ולמיומנויות הנדרשות לאזרח העתיד. קודם לכן כיהנה כמפקחת גני ילדים וכמפקחת מתאמת (אחראית על כל גני הילדים במחוז) במחוז מרכז."
יעל גנאור פז,"מנהלת השירות לסיבוכים מיילדותיים ואחראית על החינוך הרפואי, אגף נשים ויולדות, וולפסון","החל מ2022 מנהלת את השירות לסיבוכים מיילדותיים בוולפסון, במסגרתו פועלות מרפאות לרפואת האם והעובר למעקב וטיפול בהריונות בסיכון גבוה. במקביל, מנהלת את תחום החינוך הרפואי האגף, כולל הכשרת המתמחים בכל השלבים, וכן ניהול סבבי הסטודנטים לרפואה. בין השנים 2018-2022 עבדתי באסותא אשדוד, שם גם ניהלתי את את המרפאות  לרפואת האם והעובר והייתי אחראית על הוראת המתמחים. 
בשנת 2020 למדתי בתכנית למנהיגות בחינוך רפואי ב""מנדל"". 
במסגרת פעילותי החינוכית, אני לוקחת חלק בועדה לשינוי ההתמחות בגינקולוגיה ומיילדות, שפועלת בתוך האיגוד הישראלי לגינקולוגיה ומיילדות ובשיתוף עם המועצה המדעית. את התמחות העל ברפואת האם והעובר השלמתי באוניברסיטת טורנטו, ואת ההתמחות בגינקולוגיה ומיילדות בבית חולים מאיר."
יונתן פז,"ראש אגף בכיר חברה וחינוך, הרשות לפיתוח כלכלי של החברה הערבית, המשרד לשוויון חברתי","יונתן אמון על קידום פעולות הרשות לפיתוח כלכלי בחברה הערבית בכלל התחומים החברתיים ובתחומי החינוך וההשכלה הגבוהה. הרשות מובילה מהלכי מדיניות לאומיים המתמקדים בצמצום פערים ופיתוח כלכלי-חברתי. בעבר, ניהל את תחום הגירת העבודה בארגון CIMI העוסק במניעת דמי תיווך וסחר בבני אדם. קודם לכן, הוביל פרויקטים במערב אפריקה שעסקו בהיערכות לאסונות הומניטריים."
דגנית פחימא,"יועצת למינהל הספורט לספורט ואורח חיים בריא,ד""ר לניהול מערכות בריאות לאוכלוסיה החרדית","דגנית יועצת ופרויקטורית של משרד הספורט בתחומי אורח חיים בריא וספורט לאוכלוסייה החרדית. ד""ר לניהול מערכות בריאות אוניברסיטת אריאל.
 עד שנת  2023 שימשה כממונה על הספורט החרדי באגף הספורט בעיריית ירושלים. 
כיום בעלת עסק ליעוץ פרויקטים ויזמות בתחומי ספורט וקידום בריאות, ,
 חברת מועצת מד""א,  

בוגרת תואר ראשון במינהל חינוך ותואר שני בניהול ויישוב סכסוכים,דוקטורנטית לקידום מערכות בריאות וספורט,
בהתמחות בתחומי בריאות הציבור. במסגרת תפקידיה בונה,ויוזמת  פרויקטים כלל ציבוריים בתחומי קידום בריאות בהתאמה תרבותית .עוסקת בממשקים הפנים/חוץ-ממלכתיים הנוגעים למגזר הדתי/חרדי בנושאי ספורט ואורח חיים בריא לאוכלוסייה שומרת תורה ומצוות. שותפה פעילה לתכנון אסטרטגי ולבניית מדיניות ממלכתית בתחומי החינוך לאורח חיים בריא והטמעתו. מובילה
 פרויקטים חברתיים פורצי דרך לכלל האוכלוסייה במגוון, תחומי ספורט במסגרות החינוך הפורמלי והבלתי פורמלי.
 פועלת לשיתופי פעולה בין כל הגורמים הממלכתיים באופן רוחבי, מומחית לניהול ויישוב סכסוכים , עוסקת בגישור על רקע מגזרי לאוכלוסיות מגוונות ובכלל."
איתן פטיגרו,קברניט באלעל,"איתן משמש מאז שנת 2018 כראש המועצה המקומית שוהם. קודם לכן כיהן כמ""מ וסגן ראש המועצה המקומית שוהם (בהתנדבות) ומחזיק בתיק התכנון, ההנדסה והחברה הכלכלית של שוהם ועבד כטייס בחברת אל על. הוא שימש כיועץ מקצועי לשר התשתיות הלאומיות לתחום הגז הטבעי, וכראש מטה מנכ""ל המשרד לתשתיות לאומיות והמשרד לשיתוף פעולה אזורי. קודם לכן כיהן כראש מטה מנכ""ל המשרד לפיתוח הנגב והגליל והמשרד לשיתוף פעולה אזורי. את שירותו הצבאי סיים איתן כמדריך ומפקד בביה""ס לטיסה של חיל האוויר בדרגת רס""ן."
קרן פטל,"מנכ""לית המועצה האזורית מרום הגליל","קרן היא מנכ""לית המועצה האזורית מרום הגליל משנת 2014. במסגרת תפקידה היא נוטלת חלק בשיפור השירותים המוניציפליים ובפיתוח החברתי, הקהילתי והכלכלי של האזור תוך התמודדות עם האתגרים המורכבים הייחודיים בפריפריה גיאוגרפית וחברתית. לפני תפקידה הנוכחי היא הייתה ראש מינהלת תוכנית מרום, המשותפת למועצה האזורית מרום הגליל, מגבית בריטניה וקרן רש""י. במסגרת זאת הוקם המרכז האזורי לחינוך וקהילה, ולצד בנייה של מבני חינוך וקהילה ניהלה קרן תוכניות פדגוגיות שונות. בעבר עבדה לצד פרופ' יולי תמיר, תחילה כעוזרת פרלמנטרית, וכשהייתה שרת החינוך - כיועצת בכירה. בשנים אלו עסקה בקידום חקיקה חברתית, בגיבוש ובהגדרת היחסים בין המגזרים השונים."
רחל פיגרוה,מנהלת אדמיניסטרטיבית במחוז דרום בשירותי בריאות כללית,"רחל היא מנהלת אדמיניסטרטיבית במחוז דרום בשירותי בריאות כללית, בעבר הייתה ראשת אגף שירות בשירותי בריאות כללית משנת 2019. לפני כן שימשה כמנהלת שיווק ושירות במחוז מרכז של הכללית, וקודם לכן ובמשך חמש שנים הייתה סגנית למשנה של מנהל המרכז הרפואי סורוקה ולפני כן עוזרת למנהל המרכז הרפואי. בשנים 2012-2000 עבדה במחוז דרום של שירותי בריאות כללית: תחילה כמזכירה במרפאת צוחר ובהמשך כמנהלת תפעול ופרויקטים ביחידת הביזור והאיכות, כיועצת פנים ארגונית במינהלת נגב דרומי וכעוזרת למנהל המחוז."
שי פיין,"מנהל מערך הרדמה וחדרי ניתוח, מרכז רפואי רבין, בית חולים בילינסון","למדתי רפואה במסגרת העתודה בפקולטה לרפואה של האוניברסיטה העברית. אחרי סיום הסטאז' במרכז רפואי הדסה 2000-2001, התגייסתי לשירות כרופא בחיל הרפואה, וביצעתי שורת תפקידי שדה ומטה בחיל הרפואה.
בשנת 2009 התחלתי התמחות בהרדמה בבילינסון, לאחריה נשארתי לעבוד שם כרופא בכיר. ב- 2015 יצאתי להשתלמות בהרדמה אזורית בארה""ב (מרכז רפואי של אוניברסיטת וויסקונסין, ולאחר מכן במרכז שוק טראומה בבולטימור). ב- 2017 התמניתי למנהל מערך הרדמה וחדרי ניתוח באסותא אשדוד, שם כיהנתי עד 2022.
ב- 2022 התמניתי לתפקיד הנוכחי כמנהל מערך הרדמה וחדרי ניתוח בבילינסון."
גיטי פיין,"ממקימות השלוחה החרדית של בית הספר לפסיכותרפיה 'הרי ירושלים', מצוות הניהול של איגוד המטפלים החרדי.","גיטי מדריכה צוותים טיפוליים במרכזי בריאות נפש ומנחה סמינרים קליניים. היא מרצה בתוכניות הכשרה בתחומי פסיכותרפיה פסיכואנליטית והנחיית קבוצות, במפרשים- אקדמית תל אביב-יפו, 'הרי ירושלים' ומכון מופ""ת. משמשת כחברת ועד בפורום הישראלי לפסיכותרפיה ופסיכואנליזה התייחסותית (AIRPP) ומקדמת הכשרה קלינית למטפלים בשירות הציבורי. מנהלת קליניקה פרטית בביתר עילית ומנחה קבוצות שיח בין מגזרים בגישה אנליטית. בין 2016-2018 שימשה כרכזת הדרכה ופיתוח ידע בג'וינט, ולפני כן ניהלה תכניות התערבות למשפחות בסיכון מטעם האוניברסיטה העברית."
דנה פייניק,"מנכ""לית חותם","דנה היא מנכל""ית חותם. לפני כן הובילה רפורמה בחינוך המקצועי שבפיקוח האגף להכשרה מקצועית ובתפקידה הקודם כיהנה כמנכ""לית רשת דרור בתי חינוך, והובילה את הקמתה של פנימייה למנהיגות ולעשייה חברתית במצפה רמון ואת הקמתו של בית ספר דרור רמלה לנוער ערבי נושר. היא יצרה מודלים לפעולה מחוללת שינוי בבתי ספר ציבוריים - בתי ספר חברתיים ואת תוכנית החברותאים. כמו כן יזמה והובילה את הקמתה של המכינה הקדם צבאית יפתח לנוער בסיכון, הייתה שותפה בהקמת גני ילדים חברתיים והובילה את הקמתן של מכללות להכשרת מטפלים קהילתיים בזקנים ואת הקמתו של בית ספר דרור גליל למקצועות המחר. לפני כן ריכזה והובילה את הקמתם של עשרה בתי ילדים ונוער בשכונות ונטלה חלק בהקמתם של בית ספר אדם חברה וטבע בכרמיאל ושל חברת הנוער אשבל - פנימייה לנוער במצוקה. בתחילת דרכה המקצועית היא חינכה כיתה, ריכזה שכבה ושימשה רכזת חברתית בבית חינוך אופק. בשנת 1997 הייתה דנה חלק מקבוצת צעירים שהקימה את הקיבוץ החינוכי אשבל."
חגי פיליפסון,סמנכ״ל משאבי אנוש ומנהל חברת מקורות,"חגי הוא סמנכ״ל משאבי אנוש ומנהל חברת מקורות. בתפקידו הקודם היה סמנכ""ל משאבי אנוש במרכז רפואי הדסה. קודם לכן כיהן כסמנכ”ל בכיר הון אנושי ומינהל במשרד התחבורה, ועבד בנציבות שירות המדינה מאז יולי 2014 כשותף בכיר לעיצוב המדיניות וכאחראי על יישום הרפורמה בסגל הבכיר במינהל הסגל הבכיר. בשנים 2014-1989 שירת בצה”ל ובתפקידיו האחרונים שימש כקצין שלישות פיקוד זרוע היבשה, כראש ענף סגל ומשאבי אנוש של חיל התותחנים וכקצין השלישות של המרכז הלאומי לאימונים ביבשה (צאלים). במילואים הוא משרת כמפקד צוות ביחידת שו""ן באכ""א. חגי בוגר תוכנית גוונים בגן יבנה לקידום פלורליזם יהודי בישראל."
גל פילק,"מנהלת מסיל""ה במינהל שירותים חברתיים בעיריית תל אביב","גל היא מנהלת מסיל""ה במינהל השירותים החברתיים בעיריית תל אביב, המעניקה סיוע לקהילת חסרי המעמד, מבקשי המקלט ומהגרי העבודה. קודם לכן הייתה מנהלת תחום בכיר מעסיקים בזרוע העבודה במשרד העבודה, הרווחה והשירותים החברתיים. במסגרת תפקידה הייתה אמונה על אסטרטגיית זרוע העבודה בממשקים מול מעסיקים ועל הובלת מיזם מנהלת המעסיקים ופיתוח ההון האנושי במשרד. המיזם הוא שותפות של המשרד ושל הפורום הכלכלי חברתי מיסודה של נשיאות המגזר העסקי ושל הסתדרות העובדים, ומטרתו להגדיל את שיעור המועסקים ולהעלות את הפריון במשק. בתפקידיה הקודמים שימשה כראש המטה במה""ט (המכון להכשרה טכנולוגית) והייתה שותפה לגיבוש וליישום הרפורמה במערכת, וכמנהלת מחלקת מדיניות אקדמית בהתאחדות הסטודנטים הארצית. גל היא בוגרת של תוכנית המצוינות צוערים לשירות המדינה."
אורי פינטו,"מנכ""ל מועצה אזורית שער הנגב",
יאיר פינס,יו״ר אגד נדל״ן,"יאיר הוא יו״ר אגד נדל״ן. קודם לכן שימש כמנכ""ל משרד ראש הממשלה. בעברו כיהן כמנהל רשות מקרקעי ישראל וכסגן ראש אגף תקציבים לנושאים חברתיים במשרד האוצר. בתפקידו הקודם שימש כרכז תחום מקרקעין ותכנון באגף התקציבים ועסק בגיבוש המדיניות בתחום התכנון והמקרקעין, תרגומה להחלטות ממשלה והצעות חקיקה, וקידומה מול גורמים בכירים בממשלה ובכנסת. קודם לכן, שימש כרפרנט תקציבי ביטחון באגף התקציבים במשרד האוצר ועסק בגיבוש ויישום מודלים כלכליים ורפורמות מבניות וליווי צמוד של יישום תוכנית ההתנתקות בהיבטי התיישבות הקבע של מפוני גוש קטיף ומדיניות הממשלה בעניין מודל הפיצוי לעסקים ולגורמים פרטיים בעקבות הפינוי. במקביל לתפקידיו משמש יאיר כנציג בהנהלות ועדות שונות ומייצג באופן קבוע את עמדת משרד האוצר בפורומים שונים."
מיכל פינק,"ראש מערך אסטרטגיה, כלכלה וחדשנות במשרד הכלכלה והתעשייה","מיכל פינק היא ראש מערך אסטרטגיה כלכלה וחדשנות במשרד הכלכלה והתעשייה. זהו מערך ארגוני חדש אשר נועד להגביר את הצמיחה במשק הישראלי, בראש וראשונה באמצעות מימוש תכנית לפיתוח קלאסטרים תחרותיים וקהילות חדשנות, תוך יצירת אקוסיסטם תחרותי שיעודד  צמיחה בענפים המתקדמים של המשק. עוד נועד המערך לחזק את יכולות התכנון ומימוש המדיניות של המשרד. 

לפני כן ומזה כעשור כיהנה כסמנכ""לית לאסטרטגיה ותכנון מדיניות ועמדה בראש אגף המדיניות הראשון בממשלה אותו ייסדה והקימה. במהלך שנות עבודתה יזמה מהלכי מדיניות ותרמה רבות לפיתוח כיוונים וכלים חדשים ולמילוי תפקידו של משרד הכלכלה, ובכלל זאת תכניות לפיתוח כלכלי אזורי וקידום הפריפריה, חיזוק התעשייה ועידוד הפריון, הרחבת תפיסת החדשנות, קידום ענפי המסחר והשירותים וכדומה. לפני כן שימשה כמנהלת יחידת ארגון ושיטות במשרד, ככלכלנית ומנהלת פרויקטים במרכז ההשקעות, וכן כמ""מ ראש האגף לפיתוח כלכלי חברתי של הבדואים בנגב. במהלך עבודתה כיהנה מיכל בועדות ממשלתיות מרכזיות שונות דוגמת ועדת תעסוקה 2030, ועדת דואינג ביזנס, ועוד. 

מיכל בעלת תואר ראשון ושני (MBA) במינהל עסקים מהאוניברסיטה העברית, בוגרת הכשרות מנהלים בבתי הספר למדיניות ציבורית ולעסקים באוניברסיטת הארוורד, וכן בוגרת תכניות המנהיגות למנהלים בכירים של קרן וקסנר וארגון מעוז. פינק נולדה וגדלה בצפון ומתגוררת עם משפחתה בירושלים."
אסתר פיק,"סמנכ""ל כספים בקבוצת 2B","אסתר היא סמנכ""לית כספים בקבוצת 2B : 
- סמנכ""לית כספים בקרן הון סיכון 2b.vc
- דירקטורית בחברות הפורטפליו
- סמנכ""לית כספים בעמותת 2b פרנדלי, 
לפני כן היתה מנכלית עיריית בני ברק ( בפועל) ודירקטורית בתאגיד מי ברק ובחברה הכלכלית לפיתוח בני ברק.
רואת חשבון, תואר ראשון במנהל עסקים."
בת-שבע פיק,"מנהלת אגף הרווחה והשירותים החברתיים, מועצה אזורית גזר","עו""ס, עובדת בתחום כבר 25 שנים 
עבדתי בתפקידים שונים עם אוכלוסיות מגוונות ובמגזרים הציבורי והשלישי 
אני מנהלת את אגף הרווחה והשירותים החברתיים של מועצה אזורית גזר, כ-6 שנים. עוסקת בניהול צוות, בניית אסטרטגיה, פיתוח שירותים לצד מתן טיפול ישיר לתושבי הרשות.
בתפקידי הקודם, עבדתי במועצה לשלום הילד בתפקידי סינגור, קידום חקיקה, השתתפות ילדים וקידום זכויות ילדים."
ענבר פירר,"סמנכ""לית בוגרים, ארגון LEAD","ענבר היא סמנכ""לית הבוגרים בארגון LEAD לפיתוח מנהיגות. קודם לכן, בין השנים 2014-2024 שימשה ענבר בתפקידים שונים בארגון 'מעוז', ביניהם: מנהלת מהלך הרוחב לצמצום פערים בחברה הערבית; מנהלת רשתות ותכניות בחטיבת רשתות המשימה של הארגון; מנהלת היחידת הפדגוגיה במעוז; והרכזת המקימה של המיזם המשותף של מעוז עם משרד הבריאות. 

לפני שהחלה את עבודתה במעוז שימשה ענבר כמנהלת התפעול של עמותת “קד”ם-ילדים ונוער”. עוד קודם לכן עבדה כרכזת הדרכה ותוכן ביחידה להכשרת מנהלים של המרכז הבינתחומי בהרצליה וכרכזת הדרכה במפעלי תנועת הנוער בני המושבים.

במסגרת תפקידיה ההתנדבותיים ענבר משמשת כחברת ועד מנהל בארגון 'אינתמא' – ארגון הבונה רשת של מנהיגות ומנהיגים בחברה הבדואית; כסיו""רית הנהגת ההורים בבית הספר היסודי של ילדיה; וכחברת ועד מקומי בישוב מגוריה."
בני פישר,"סמנכ""ל חינוך רשת דעת","בנימין הוא סמנכ""ל חינוך רשת דעת. לפני כן כיהן כמנהל המינהל לחינוך התיישבותי, פנימייתי ועליית הנוער במשרד החינוך. במסגרת תפקידו היה אחראי על מכלול הפנימיות ברחבי הארץ בהיבטי פדגוגיה, תקציב ומינהל. קודם לכן שימש כמנכ""ל כפר הנוער ימין אורד ובמקביל הרצה במכללת הגליל המערבי. בעבר הוא עבד במשרד הרווחה מחוז צפון כמפקח על מעונות חסות הנוער ובמקביל יזם וריכז את תוכנית ערבין להכשרת אנשי חינוך וטיפול לעבודה עם נוער בסיכון בישיבת מעלה גלבוע. קודם לכן שימש כמקים וכמנהל קהילת הנוער במלכישוע ולפני כן כמנהל רשת משפחתוני אמי""ת בירושלים. את דרכו החל, יחד עם אשתו, כמשפחה אומנת במשפחתון בית הילד ל-21 ילדים שהוצאו מהבית בשל חוסר מסוגלות הורית."
ניצן פלג,ראש המועצה האזורית הגליל התחתון,"ניצן הוא ראש המועצה האזורית הגליל התחתון משנת 2018. מאז כניסתו לתפקיד הוא מוביל ומקדם תהליך אסטרטגי מקיף של מיתוג מחדש של המועצה ותהליכים חוצי ארגון לשיפור השירות לתושב ולוועדים המקומיים. קודם לכן היה בעלים ומנכ""ל של חוויית הרוכבים הגלילית, ובמקביל היה במשך שש שנים יו""ר הוועד המקומי של המושב שדמות דבורה."
מירי פלד,"בונה קהילות מנהגים ומנהיגות, עצמאית, מדריכת מב״ל במילואים","מירי היא מפקדת הכשרות קצינים של משטרת ישראל החל משנת 2020. במסגרת תפקידה, היא אחראית על הכשרת דרג הקצונה הזוטר של משטרת ישראל ועל הסמכתו. מדובר בכ-170 קציני משטרה ייעודיים ועוד כ-200 קצינים במקצועות השונים שמוסמכים מדי שנה ומירי מקדישה תשומת לב לאתגר המעבר מדרג לדרג, בדגש על התפתחות מנטלית ופיתוח מנהיגות משטרתית בעלת אחריות חברתית. בתפקידה הקודם היא כיהנה ארבע שנים כסגנית מפקד מרחב ירקון האמון על כלל שירותי המשטרה במרחב הגיאוגרפי של מרכז ת""א וצפון ת""א וערים שכנות ועסקה בפיתוח שוטרים וקצינים לצד פיקוד על הפגנות ואירועי תרבות. קודם לכן היא כיהנה כארבע שנים כמפקדת תחנת משטרה בגבעתיים."
תמר פלד-אמיר,משנה למנכ״לית חינוך מו״פ וטכנולוגיה רשת עמל,"תמר היא  משנה למנכ""לית רשת עמל. לפני כן כיהנה כראש אגף בכיר עתודות לישראל במשרד ראש הממשלה עד שנת 2022. בעבר הייתה מנהלת תחום בכירה (חברה ושיתופי פעולה בין-מגזריים) באגף ממשל וחברה במשרד ראש הממשלה. תמר היא עורכת דין המתמחה בתחום זכויות הילד ובקשר שבין משפט, רווחה וחינוך. את מומחיותה זו רכשה בעת שריכזה את ועדת רוטלוי לזכויות הילד ובעבודתה במועצה לשלום הילד. קודם לכן היא ניהלה את תהליך ההקמה (COO) של סטארט-אפ חברתי של אוניברסיטה מקוונת בינלאומית – University of the People בתל אביב. בנוסף, היא שימשה כמרצה מומחית בנושא זכויות הילד והתלמיד. את שירותה הצבאי סיימה תמר כקצינת חינוך בתפקיד מפקדת קורס מש""קיות חינוך וידיעת הארץ."
אופיר פלדי,"מנכ""ל חברת שמיים","מאז שחרורו מצה""ל ב2010 עוסק אופיר ביזמות עסקית וחברתית. הוא ייסד את חברת שמיים העוסקת בייזום פרויקטים בעלי השפעה חברתית ברמה הלאומית. חזון החברה הוא הובלת שינוי תרבותי וערכי בחברה הישראלית ושילוב אנשי צוות אוויר בעשייה ערכית חינוכית. במקביל, שותף אופיר בניהול חברת GARPO שייסד כדי לתת מענה לבעיית הדיור בישראל. הוא משרת שירות מילואים פעיל כטייס, כמדריך טיסה וכראש מדור במחלקת מבצעים בדרגת רב סרן."
איתן פלזנשטיין,"מנכ""ל קבוצת תמאם","איתן מכהן כמנכ""ל קבוצת תמאם. הוא הקים וניהל בשנותיו הראשונות את מרכז תמר - ארגון חברתי לקידום מקצועות ה-STEM בחברה הבדואית בנגב. בהמשך שימש כראש מטה מנכ""ל משרד החינוך במשך ארבע שנים וריכז את פעילות המטה במשרד ובמחוזות, החלטות ממשלה, עבודה מול משרדי ממשלה, מו""מ מול ארגונים יציגים, תקציב המשרד, ריכוז שגרות וחירום במשרד ותוכניות החומש. כיום הוא מנכ""ל תמאם - קבוצה עסקית המונה  למעלה מ-800 עובדים עם חברות בתחומי התעשייה, שירותים, נדל""ן, וביצוע ומפעלים בכל הארץ. בנוסף על הפעילות העסקית, יש בקבוצה שלושה ארגונים חברתיים הפועלים בתחומי החינוך והתעסוקה. לאורך השנים הקים וליווה פרויקטים חברתיים ושימש כיו""ר מזכירות (ועד מקומי) כפר רתמים. כיום איתן חבר ועד מנהל בארגונים חברתיים שונים; מכללת לוינסקי- וינגייט, רשת בתיה""ס אדם ואדמה, מרכז תמר ובודור."
מיכל פליישר,"סמנכ""לית רגולציה בחברת HOT","מיכל היא סמנכ""לית רגולציה בחברת HOT. היא עובדת בחברת HOT מאז שנת 2009 ומשנת 2014 היא חברת הנהלה, סמנכ""לית הרגולציה של החברה וסמנכ""לית האחריות החברתית של הקבוצה. במסגרת תפקידה היא אחראית על כלל ממשקי העבודה מול גורמי הממשלה, לרבות הממשלה, הכנסת והרשויות השונות. בנוסף, היא מכהנת כיו""ר ארגון זירה, הפועל להגנה על זכויות יוצרים בסדרות ובסרטים באינטרנט, וכן כדירקטורית בחברת PHI המחזיקה את תשתית הסלולר של הקבוצה. מיכל עורכת דין בעלת התמחות בתחום התקשורת."
רוני פלמר,"מייסד-שותף ומנכ""ל תנועת אור","רוני פלמר, ממייסדיה של תנועת אור שהוקמה בשנת 2002, ומאז משמש כמנכ""ל הארגון.

רוני יליד העיר פתח תקווה ועם שחרורו מהצבא כלוחם וממקימי יחידת אגוז, עבר לנגב ביחד עם אשתו ענבר ו-5 בנותיו ובשנים האחרונות המשפחה מתגוררת בירוחם. 

בשני העשורים בהם רוני חי ופועל בנגב ובגליל, תנועת אור בראשותו העבירה כ-50,000 אנשים לנגב ולגליל, הקימה 8 יישובים חדשים ו- 34 קבוצות התיישבות, חיזקה והרחיבה מעל 60 קיבוצים, מושבים, ערי פיתוח, ויישובים קהילתיים. 

רוני היה מהוגי ומייסדי חזון ""ישראל 2048 – עתיד משותף"" לפיתוח וקידום המרכזים החדשים של מדינת ישראל. רוני  משמש כמזכ""ל  ""מועצת המאה"" של ראשי ההתאחדויות הגדולות במשק למימוש החזון ולהובלת החוק לעתיד ישראל. 
במהלך תפקידו כמנכ""ל , קיבלה תנועת אור את פרס ראש הממשלה לחדשנות ויזמות, אות הנשיא למתנדב על פועלה של תנועת אור בתחום החינוכי והחברתי, פרס יגאל אלון על מעשה חלוצי, הענקת אות יקיר העיר אופקים וכן רוני נבחר לאחד מ-100 המשפיעים של אלגמאיינר .

תנועת אור בראשותו של רוני לאורך 20 שנות פעילות קידמה 18 החלטות ממשלה, הפעילה מאות תוכניות ופרויקטים לעידוד המודעות, הדיור, התרבות, החינוך והתעסוקה בכ-70 יישובים בפריפריה – המרכזים החדשים של ישראל.
במסגרת תנועת אור, רוני הקים את מרכז המידע הלאומי להתיישבות בגליל ובנגב ואת מרכז המבקרים ""השער לנגב"".
רוני ותנועת אור ניהלו וביצעו מעל ל- 90 פרויקטים פיזיים בנגב ובגליל בהיקף של מאות מיליוני שקלים.
כמנכ""ל תנועת אור, רוני גייס תקציבי ממשלה לביצוע בשטח של מעל ל-2 מיליארד ₪ 
בעברו, רוני וחבריו הקימו את היישוב סנסנה, והיה חבר הצוות האסטרטגי במשרד ראש
הממשלה לתוכנית ""דרומה,"" יו""ר מכינת הנגב, ממייסדי ""מועצת הנגב"" וכיום יו""ר משותף של עמותת ""לב אחד"" – ארגון סיוע בחירום וחבר הנהלה ב""עין פרת."""
איילת גולומב פלנר,"מנהלת אגף חינוך, מועצה איזורית שער הנגב","אילת גולומב פלנר מנהלת את תיכון בית חינוך בירושלים. היא הגיעה לעולם החינוך אחרי קריירה ארוכה כעורכת דין, שבמהלכה כיהנה כשותפה מנהלת של משרד עורכי הדין אגמון ושות' רוזנברג הכהן ושות', וכיהנה כדירקטורית ויו""ר ועדת הביקורת בעמידר. בנוסף, אילת הייתה ממובילי הקמתו מחדש של בית הספר היסודי ניסויי ארגנטינה."
אנה פלקין,מנהלת פעילות עסקית טיקטוק ישראל,"אנה היא מנהלת פעילות עסקית טיקטוק ישראל, ובעברה ניהלה את מחלקת לקוחות עסקיים ב-TikTok. לפני כן הקימה וניהלה את מחלקת המיד מרקט בטיקטוק ישראל, ובתפקידה הקודם ובמשך תשע שנים עבדה באיביי כראש חטיבת פיתוח עסקי ואופרציה בישראל ושווקים מתפתחים. היא הקימה וניהלה את מערך הפיתוח העסקי הבינלאומי של איביי בשווקים המתפתחים, אשר נועד להנגיש את המסחר האלקטרוני והטרנספורמציה הדיגיטלית לעשרות אלפי עסקים גלובליים. אנה מרצה בארץ ובעולם על המסחר האלקטרוני ועל השיווק הדיגיטלי כמנועי צמיחה גלובליים לעסקים, ופעילה בהתנדבות בתחומי עשייה חברתית למען שילוב נשים במקצועות טכנולוגיים ולמען מוביליות חברתית."
דני פסלר,"מנהל אגף החינוך, עיריית טירת כרמל","דני מכהן בשדה החינוך ארבעים שנה, כעת הוא מנהל מערך החינוך (ביה""ס לתרבות המחלוקת) במוזיאון הסובלנות בירושלים ויו""ר מועצת החינוך העירונית בחיפה (""מחזיק תיק"" החינוך העיר). בתפקידיו הקודמים היה מנהל המרכז הישראלי למצוינות בחינוך, מנכ""ל מרכז חינוך ליאו באק בחיפה במשך 18 שנה, ראש מינהל החינוך, התרבות והרווחה בעיריית חיפה, מנכ""ל ונשיא של הפדרציה היהודית וה-JCC במרכז-דרום פנסילבניה ומנכ""ל רשת חינוך ובתי""ס עתיד."
ליאור פרבר,"מנכ""ל מבטח שמיר אנרגיה","החל מינואר 2022 ליאור משמש כמנכ""ל חברת מבטח שמיר אנרגיה - זרוע האנרגיה של קבוצת מבטח שמיר. לפני כן שימש כסמנכ""ל משרד ראש הממשלה, חבר מועצת מקרקעי ישראל וחבר הוועד המנהל של פרויקט תגלית. במסגרת התפקיד הוביל פרויקטים מטעם משרד ראש הממשלה בתחומי מדיניות הפנים, ובכלל זה פיתוח כלכלי וחברתי של הרשויות המקומיות והמרחב הכפרי ופיתוח יישובי עוטף עזה בתקציב של למעלה ממיליארד ₪ במסגרת החלטת הממשלה. בנוסף, הוביל תהליכים רוחביים בתחומי התכנון והבנייה, לרבות הקמת יישובים חדשים. בעבר שימש ליאור כיועץ מקצועי לשר התיירות ועבד כעו""ד במשרד הרצוג פוקס נאמן."
רז פרויליך,"מנכ""ל רשת אורט","רז הוא מנכ""ל רשת אורט. בתפקידו הקודם שימש כמנכ""ל משרד התרבות והספורט, ולפני כן כמנכ""ל החברה למתנ""סים (חל""צ) המאגדת כ-180 מתנ""סים ברחבי הארץ ומגוון רחב של פרויקטים ארציים חוצי גיל, מגזר ואוכלוסייה. בעבר הוא שימש כמנהל המכירות של ישראל ומזרח אירופה בחברת אמדוקס וקודם לכן היה מנהל האסטרטגיה, המכירות והאופרציה בחטיבת אירופה, אפריקה והמזרח התיכון. לפני כן הוא כיהן כמנכ""ל אחריי! - תנועה חינוכית בפריסה ארצית, העובדת עם כ-3,000 בני נוער משכונות ועיירות פיתוח על מנת לפתח מנהיגות ומעורבות חברתית בפריפריה. את שירותו הצבאי סיים רז כקצין וכלוחם ביחידה מובחרת וכיום משמש כמ""פ בגדוד חי""ר, רב סרן במילואים."
זאב פרוינד,מנהל אגף בכיר בעמותת עזר מציון - האגף לתמיכה בחולי סרטן,"זאב פרוינד החל את דרכו המקצועית בעזר מציון בשנת 2009 כרכז פעילות במחלקה לתמיכה בחולי סרטן מקרב הציבור החרדי ולאחר חמש שנים מונה לתפקיד מנהל המחלקה. מאז, קידם והרחיב את תחומי פעילותה והרחיב משמעותית את מספר המשפחות הנעזרות בה. בנוסף, הוביל תהליכים משמעותיים בקרב המגזר החרדי לשינוי התפיסה של מחלת הסרטן ודרכי ההתמודדות איתה. במקביל, הוא מנהל מערך החירום של הארגון ובתפקיד זה הוביל את בניית מערך החירום שבא לידי ביטוי במהלך המלחמה בנגיף הקורונה, האסון במירון ועוד. לצד פעילותו בעזר מציון הוא משמש מאז שנת 2013 כחבר הנהלת ארגון הצלה. בשנת 2019 נבחר זאב כחבר מועצת מכבי שירותי בריאות."
שי פרוכטמן,"מרצה באקדמית אונו, פעיל בהתנדבות בועדות חינוך ותנועות חינוך","עד יולי 2024 ניהל את איגוד מנהלי אגפי החינוך ברשויות המקומיות, וניהל את מחלקת החינוך במועצה המקומית אבן יהודה ואחראי על כל שלבי הגיל במערכת החינוך. בעבר היה מנהל אגף חינוך יסודי בעיריית נתניה ומנהל בית ספר אשלים בחולון, שאותו הוביל עם הצוות לזכייה בתעודות הצטיינות רבות. בשנים 2013-2016 פעל כחבר מועצת עיר בחולון. כמו כן לימד כמרצה ומנחה פדגוגי במסלול להיסטוריה במכללת סמינר הקיבוצים והיה מחנך בבית חינוך א""ד גורדון בתל אביב."
אודליה פרוש,"בעלים ומנכ""לית גואפ","בעלים ומנכ""לית של חברת הייעוץ הראשונה במגזר החרדית GoUP - ופועלת דרכה ביצירת תוכניות אסטרטגיות לפיתוח ההון האנושי החרדי בארגונים ובעמדות מפתח. יועצת ארגונית ואסטרטגית, עובדת עם רשויות מקומיות, רשתות חינוך, חברות עסקיות ועמותות גדולות. 

מאמינה באנשים ומאמינה שהכול תלוי באנשים, ופועלת למקסם את הכוח האנושי ולהעניק לו את כלי הניהול הטובים והמתקדמים ביותר, זאת מתוך ראייה חברתית ותרבותית המשמרת את ערכי האדם והקהילה וממנפת אותם לאיכות אישית וניהולית ייחודית, הפועלת עם החברה ולמענה."
אושר פרי,"מנכ""ל מייסד, ShipIn.ai","אושר הוא מנכ""ל מייסד ShipIn.ai. בתפקידו הקודם ניהל את תחום שיווק המוצר של דיסליטק - חברת סטארט-אפ בתחום טיהור והתפלת מים לתעשייה ושירותים ציבוריים. קודם לכן היה שותף וסמנכ""ל שיווק בינ""ל של אוטואגרונום - חברת הזנק שפיתחה מערכות השקיה חכמות. הוא שימש כמנהל הפרויקטים של Portland Trust בישראל - קרן לפיתוח כלכלי השמה לה למטרה לקדם שלום ויציבות אזורית דרך חיזוק המגזר הפרטי הפלסטיני וצמצום הפערים הכלכליים-חברתיים בישראל. בנוסף, הוא חבר בוועד המנהל של לשכת המסחר הישראלית-פלסטינית. אושר הוא רב -סרן במיל' וחובל בחיל הים. בתום שירותו הצבאי יצא למסע הקפת העולם על גבי ספינת מפרש. כסקיפר ואיש צוות בנה תוכניות ניווט וכשירות וניהל שגרת ספינה תוך נטילת אחריות ישירה לחיי הצוות בעת חציית אוקיינוסים והתמודדות עם איתני הטבע. אושר גדל והתחנך ביישוב אלי סיני בצפון רצועת עזה, אשר פונה במהלך תוכנית ההתנתקות בשנת 2005."
מוחמד פריג,מנהל מחלקת חווית לקוח ושיווק חברה ערבית בשירותי בריאות כללית,"מוחמד הוא מנהל מחלקת חווית לקוח ושיווק בחברה הערבית בשירותי בריאות כללית החל משנת 2019. במסגרת תפקידו הוא אחראי על איכות, הנגשה והתאמת השירות לצורכי הלקוחות תוך למידה והיכרות עם תמורות מרכזיות בחברה הערבית, ואחראי על קביעת אסטרטגיה שיווקית ייעודית ויישומה על מנת לשמור על נתח שוק כללית ועל תדמיתה החיובית. משנת 2020 מוחמד גם מרצה בקריה האקדמית אונו בפקולטה למנהל עסקים."
מלכה פרידמן,מנהלת אגף פיתוח בחברת פלאפון,"מלכה היא מנהלת פיתוח הדיגיטל בחברת מגדל. בתפקידה הקודם הייתה מנהלת מחלקת תהליכים, בקרה ואיכות בחטיבת הטכנולוגיה בבנק הפועלים. היא בעלת ניסיון של כעשרים שנה בעולם ההייטק, שבו התחילה כמפתחת בחברת סטרט-אפ ובהמשך הובילה צוותי פיתוח בארגונים בתחומים הפיננסי, הסלולרי והטכנולוגי. במהלך השנים פיתחה במגוון טכנולוגיות, אפיינה והגדירה מערכות, ניהלה צוותי פיתוח והובילה פרויקטים ואתגרים מורכבים. במסגרת תפקידה היא אחראית על הטמעת מתודולוגיות ופיתוח תהליכים ובקרות באגף הפיתוח בבנק הפועלים, ומובילה הטמעה של ניהול פרויקטים מקצועי ופיתוח עבודה אג'ילית ומרכז מדדים המתאים את עצמו לשינויים ונותן למנהלים ולעובדים תמונת מצב עדכנית בהיבטים החשובים להתפתחות ולהתקדמות."
חוה פרידמן,מומחית בפיתוח והנחיה של מנהלים ומנטורים - עצמאית,"חוה פסיכולוגית חינוכית בכירה מומחית בפיתוח והנחיה של מנהלים ושל מנטורים. מלווה ומנחה מנהלים בהתמודדות עם מצבים מורכבים בשגרה  ובמצבי לחץ ומשבר. מנחה בתחומים: עבודת צוות, חלימה ארגונית,  immunity to change, צמיחה ממשבר, פיתוח חוסן אישי וארגוני. עצמאית. 
שמשה למעלה מעשור  בתפקיד פסיכולוגית ראשית של משרד החינוך, מנהלת אגף פסיכולוגיה וממונה ארצית  על השירותים הפסיכולוגיים חינוכיים ברשויות המקומיות. 
בעלת תואר שלישי מאוניברסיטת תל - אביב. חקרה את הנושא  caring leadership . בוגרת תוכנית הכשרה ייחודית לאימון ופיתוח של  מנהלים מאוניברסיטת קיימברידג' באנגליה."
מוניר אבו פריח,"סגן מנהל אגף שפ""ע בעיריית רהט","מוניר הוא סגן מנהל אגף שפ""ע בעיר רהט משנת 2020. במסגרת תפקידו הוא מוביל את תחום החינוך הסביבתי בעיר בשיתוף עם המתנ""ס ושותף בהקמת מרכז קיימות בעיר לקידום החינוך הסביבתי והעלאת המודעות לאיכות הסביבה. בשנים 2020-2014 מוניר עסק בהוראת מדעי הסביבה והחקלאות."
סיגל פריינטה,"מנהלת מחוז דרום בחברה למתנ""סים","סיגל היא מנהלת מחוז דרום בחברה למתנ""סים מאז שנת 2018. במסגרת תפקידה היא אחראית על פיתוחם וקידומם של מתנ""סים ותוכניות בדרום ביישובים שהחברה למתנ""סים פועלת בהם, בהיבטי תוכן ומינהל, ברוח החזון ולאור ייעודו של הארגון. היא עובדת בחברה למתנ""סים מאז שנת 1994, תחילה כמנהלת מרכז קהילתי בקריית גת ובהמשך כמנכ""לית רשת המתנ""סים בקריית גת בשנת 2003 היא זכתה להוקרה כמנהלת מצטיינת של מחוז דרום וקיבלה את פרס ""אישה פורצת דרך"" מטעם השלטון המקומי. בשנת 2005 כיהנה כסגנית וממלאת מקום מנהל מחוז דרום, מילאה תפקיד רוחב בתחום פיתוח קהילה, והייתה חברה בפורומים ובצוותי חשיבה שונים לבניית אסטרטגיה ולפיתוח תרבות ארגונית ומודלים של הדרכה. תחילת דרכה המקצועית של סיגל הייתה במחלקה לשירותים חברתיים בקריית גת כעובדת סוציאלית לנערות במצוקה. במסגרת זו הקימה את פרויקט ""דירת מעבר"" לנערות ובהמשך ניהלה את היחידה לעבודה קהילתית בקריית גת."
יעל פריש,מנהלת פרויקטים ואסטרטגיה במיליו,"יעל משמשת כמנהלת פרויקטים ואסטרטגיה במיליו. בתפקידה הקודם הייתה מנהלת תחום פנים וסביבה במטה החשכ""ל במשרד האוצר. במסגרת תפקידה זה, הייתה אחראית על ראיית המקרו של ביצוע התקציב במשרד הפנים, כולל רשות האוכלוסין וההגירה, המשרד להגנת הסביבה ומינהל התכנון. היא פועלת יחד עם המשרדים האמורים וגורמים נוספים להניע רפורמות במשרדים ולייעל את עבודתם. בתפקידה הקודם, היא הייתה רכזת חינוך ורווחה במטה החשכ""ל ובמסגרת זו עסקה רבות בסוגיית החינוך החרדי מול החינוך הממלכתי ובבחינת המבנה הארגוני של רשתות החינוך החרדי. בנוסף, הייתה אחראית על תמיכות המדינה בארגוני המגזר השלישי. במסגרת שירותה הצבאי יעל הייתה מש""קית הוראה של עולים במחו""ה אלון."
רחל שפרכר פרנקל,"ראש תוכנית הלכה, יועצת הלכה, ר""מית. קו-מייסדת פרס האחדות ויום האחדות, ועד מנהל. בית מדרש נשמת, מתן. חברת מועצת החמ""ד","רחלי היא חלק מעולם תלמוד התורה הנשי שהוא חידוש של הדור האחרון בעולם הדתי. היא ר""מית, מלמדת תלמוד והלכה, יועצת הלכה בנשמת וראשת המכון ללימודי הלכה מתקדמים לנשים במתן. היא בין המייסדים של מיזם יום האחדות ופרס ירושלים לאחדות ישראל, מרצה ופעילה בארץ ובקהילות בתפוצות בתחומים המקצועיים שלה ובהקשרים של ערבות חברתית, סולידריות וקירוב בין-מגזרי."
אורלי פרנקל,"סגנית מנהל בי""ח השרון","אורלי היא מנהלת המחלקה לשת""פ בין בתי חולים לקהילה ולרצף טיפול בחטיבת בתי חולים בשירותי בריאות כללית. בתפקידיה הקודמים הייתה סגנית מנהלת רפואית במחוז שרון שומרון בכללית ועוזרת רפואית למנכ""ל משרד הבריאות. הכשרה: אורלי בוגרת ענבר א', מומחית ברפואת המשפחה ובמנהל רפואי, בעלת תואר שני בבריאות הציבור מאוניברסיטת הרווארד ותואר שני במנהל עסקים מאוניברסיטת תל אביב."
עמית פרסיקו,"מנכ""ל וסגן נשיאה במכללת עזריאלי להנדסה בירושלים",
דליה פרץ,"מנהלת אגף עו""ה בתפקידי הדרכה, מינהל עובדי הוראה במשרד החינוך","דליה מנהלת את אגף עו""ה בתפקידי הדרכה שאחראי על ההיבטים הפדגוגיים והמינהליים של הדרכת צוותי החינוך. היא הייתה מנהלת שותפה בבית הספר היהודי-ערבי המשותף בירושלים והובילה הקמה של מודל חינוכי חדשני שהושתת על ערכים של שוויון, דיאלוג ורב תרבותיות. כמו כן הובילה מיזמים לקידום שוויון הזדמנויות לאוכלוסיות מוחלשות ודיאלוג בין קבוצות בחברה. דליה הייתה מורה לילדים, לנוער ולסטודנטים."
דוד פרץ,"יו""ר הועדה לתכנון ובנייה בוועדה המרחבית באצבע הגליל","דוד הוא יו""ר הועדה לתכנון ובנייה בוועדה המרחבית באצבע הגליל. בתפקידו הקודם ניהל את מחוז הצפון של החברה הממשלתית לתיירות. לפני כן כיהן כמנכ""ל המועצה אזורית עמק הירדן, ובמסגרת תפקידו היה אחראי על ביצוע מדיניות ראש המועצה בכפוף לכללי המינהל הציבורי. הוא היה ממונה על גיבוש התכנון האסטרטגי במועצה ועיצב את מטרותיה ואת יעדיה בכל תחומי החיים שהיא נוגעת בהם, גיבש את מדיניות כוח האדם, סייע לגזבר בגיבוש הצעת התקציב והיה אחראי על קביעת נהלים קבועים ומתואמים בכל מרחב המועצה. כמו כן פיקח על ביצוע פעולות המועצה, ניהל מעקב שוטף אחריהן והיה אחראי על כל הסוגיות המשפטיות הקשורות בעבודת המטה. דוד היה איש הקשר של המועצה מול כל מזכירי היישובים במרחב המועצה ומילא את תפקיד ראש מטה החירום."
עינב פרץ,"ראש מטה היישום ""תנופה לצפון""- פרוייקטורית הצפון וממונת מחוז צפון משרד הפנים","עינב היא רו״ח ומשפטנית, ממונת מחוז הצפון של משרד הפנים, אחראית על ניהול 94 רשויות מקומיות במחוז הגדול והמאתגר ביותר בארץ. את תחילת דרכה המקצועית עשתה במשרד רו״ח EY ולאחר מכן שמשה שנים כמבקרת עיריית עפולה וכיהנה כיו״ר איגוד מבקרי הרשויות המקומיות בארץ. אבירת איכות השלטון לשנת 2021 בתחום הביקורת על קידום מעמד הביקורת והמבקרים בארץ."
אבי פרץ,מרכז רפואי צפון. מנהל מערך חדשנות אקדמיה ומחקר,"מנהל מערך החדשנות, האקדמיה והמחקר. משמש כנשיא האיגוד הישראלי למדעי המעבדה הרפואית (אילמ""ר) משנת 2017. חבר סגל בפקולטה לרפואה ע""ש עזריאלי של אוניברסיטת בר אילן . 
מומחה ברפואה מעבדתית בדגש על מיקרוביולוגיה . עוסק במחקר בתחום פיתוח שיטות לזיהוי של מחוללי מחלות זיהומיות, עמידות לאנטיביוטיקה ויחסי מאחסן פתוגן.פרסמתי למעלה מ 100 מאמרים מדעיים בתחום ואני מדריך סטודנטים לתואר שני ושלישי במדעי הרפואה. 
בוגר תוכנית מנדל למנהיגות חברתית בצפון. למעלה מעשור מרכזת את תוכנית בהלימודים לבגרות במדעי הרפואה לתלמידי תיכון ופעיל מאוד בתחום של קידום חינוך לבריאות ."
ליאור אביאל פרץ,"מנהלת תחום דיור ובתים מאזנים, אנוש – העמותה הישראלית לבריאות הנפש","את דרכי המקצועית התחלתי בעבודה עם נערות בסיכון במסגרות של משרד הרוחה, ולאחר כשנתיים עברתי לעבוד באנוש בתחום השיקום. הממשק בין שני התחומים בלט לי מאוד, ומתוך שכך פעלתי להתאמת המענה השיקומי לצעירות בגילאי 18 ומעל, המתמודדות עם טראומה מורכבת וזקוקות לשירותי סל שיקום, במסגרת כך הייתי שותפה לפיתוח מודל דיור קבוצתי לצעירות אלו. ב-5 השנים האחרונות מנהלת את תחום הדיור הארצי, שלאורך השנים התרחב והיום כולל גם את הלנות החירום לצעירות, שהן חלק מרצף הטיפול בצעירות באנוש, וכן את הבתים המאזנים המהווים תחום מתפתח הכולל באנוש כבר ארבעה בתים הנותנים מענים לאוכלוסיות שונות. במסגרת תפקידי אחראית על האיכות המקצועית של שירותים אלו, וכן המשך פיתוחשל  שירותי שיקום וטיפול בתחום בריאות הנפש, תוך שיתופי פעולה עם שותפים נוספים."
נדב פרץ,"מנהל מרכז החוסן, מועצה אזורית שער הנגב","עובד סוציאלי, תואר שני במנהל ומדיניות ציבורית. מנהל בארבע שנים האחרונות את המרכז חוסן של מועצה אזורית שער הנגב. מגיע מרקע של שילוב בין עבודה טיפולית עם ילדים ומשפחות, התערבויות טיפוליות ומערכתיות בחירום, טיפול בטראומה ועבודה קהילתית על שלל גווניה. מקפיד בכל שנה להתפתח וללמוד בתחומים נוספים ומדריך שנים רבות סטודנטים לעבודה סוציאלית במסגרת לימודיהם."
עופרה פשביין,"מנהלת נפת חיפה, מחוז צפון, משרד הרווחה והביטחון החברתי","עובדת סוציאלית בתפקיד מנהלת נפת חיפה  במשרד הרווחה והבטחון החברתי.אחראית על ליווי ופיקוח ב-12 מחלקות לש""ח באזור גאוגרפי,
אוהבת מאד את התפקיד השם דגש על היבטיים ניהוליים באורנטציה מקומית ואזורית,שיפור אייכות השרות,פיתוח מענים וראייה מערכתית בעבודה מול אוכלוסייה מוחלשת.
רואה בהתפתחותי המקצועית כתהליך לינארי מהפרטני,הקבוצתי,הצוותי,המחלקתי,המחוזי והאזורי, החל בתפקידי הראשון 
כ עובדת סוציאלית במחלקה לש""ח,רכזת ועדות בן משרדיות , מפקחת ילד ונוער ,ממונה מחוזית של תכנית 360 לילדים ונוער בסיכון המשותפת ל-5 משרדי ממשלה וכיום מנהלת נפה . השתלבותי בתכנית ""מרחב"" היא בדיוק ההמשך .
מחכה בכליון עיניים למפגש עם שותפים מדיספלינות שונות , להרחבת ארגז הכלים שלי בהסתכלות רחבה ,קהילתית  ובאוריינטציה יישומית של השותפות, בליווי עמיתים ומנחים מתכנית ""מרחב ולהתמודדות עם האתגריים האישיים והמקצועיים שילווני."
גלעד צ'יטיאט,"מייסד ומנכ""ל Botanima Organics -חברה למוצרי קנביס רפואי בארה""ב","גלעד הוא המייסד והמנכ""ל של חברת Botanima Organics המפתחת ומשווקת מוצרים המכילים רכיבי קנאביס רפואי בארצות הברית. הוא איש הייטק ושימש במגוון תפקידי ניהול, בין השאר בסטארטאפים ובחברה אמריקאית גדולה. בשנים האחרונות גלעד מתנדב ומעורב בבית הספר על שם ז'קלין כהנוב של ברנקו-וייס בבת ים."
ענת צ'רבינסקי,"סמנכ""לית ואדריכלית ראשית בקבוצת תדהר","ענת היא סמנכ""לית ואדריכלית ראשית בקבוצת תדהר. בעבר עבדה בעיריית כפר סבא - תחילה כאדריכלית העיר ובהמשך כמהנדסת העיר ומנהלת אגף הנדסה ובמסגרת תפקידה הייתה שותפה להובלת חזון התכנון העירוני ולמימושו, לקידום הבנייה הציבורית בעיר ולהובלת הליכי הרישוי והפיקוח. ענת הצטרפה לשירות הציבורי לאחר שעבדה כאדריכלית בתחום הפרטי והתמחתה בתכנון אורבני, תחילה כשכירה ולאחר מכן כעצמאית. בשנים 2000–2010 היא התגוררה בברצלונה ורכשה שם את השכלתה ואת אהבתה לתחום התכנון האורבני. עם שובה לארץ הצטרפה - במקביל לעבודתה כעצמאית - לסגל בצלאל והנחתה פרויקט גמר וסמינרים בתכנון אורבני במחלקה לארכיטקטורה."
גבי צ׳רטוק,מנכ״ל The Builders,"גבי הוא מנכ""ל The Builders. יזם ומנהל בעל חיבור עמוק לעולם הטכנולוגי והחברתי. הוא הקים את The Bridge - ארגון המשמש גשר בין סטארטאפים לבין חברות ענק ברחבי העולם כמו קוקה-קולה, מרצדס, טרנר, NBA, Cartoon Network, CNN, ומשתמש במתודולוגיה ייחודית שפותחה על ידי הארגון כדי לייצר ביניהם מערכות יחסים מסחריות ולתת לשני הצדדים כלים להמשך הדרך. גבי היה מנהל פעילות החדשנות בישראל של קוקה-קולה העולמית. בתפקידו הקודם שימש מנכ""ל של סטארט-אפ בתחום המים, ובמסגרת לימודי המשפטים שלו הקים ארגון חברתי המכשיר יזמים בתחום המשפטי."
איתי צברי,יזם חברתי חינוכי,"איתי הוא יזם חברתי, יליד פתח תקווה, בוגר ישיבות חרדיות. בשנת 2008, לאחר לימודי רבנות ומבחני רבנות יצא עם משפחתו לארה""ב לשמש כרב בקהילה בפלורידה. בחזרתו לארץ החל לנהל מוסד טיפולי של משרד הרווחה לנוער מרחבי הארץ ועסק בחינוך נוער בסיכון ובהוראת האנגלית. בשנים האחרונות ניהל ברשות מקומית  את התוכנית הלאומית 360 - תוכנית ממשלתית בין-משרדית לקידום הישגים וצמצום פערים בקרב ילדים ונוער בסיכון."
משה צדרבוים,יועץ לאסטרטגיה ופיתוח עסקי,"מושי הוא יועץ לאסטרטגיה ופיתוח עסקי. בתפקידו הקודם שימש כמנהל אגף עתודות ותכנון אסטרטגי במשרד הפנים. במסגרת תפקיד זה עסק בטיוב ההון האנושי בשלטון המקומי ובפיתוח עתודות ניהוליות לרשויות המקומיות. קודם לכן שימש כמנכ""ל המועצה המקומית בית אל. בעבר היה מנהל של פרויקטי תשתית לאומיים המבוצעים בשיטת ה-BOT מטעם החשב הכללי במשרד האוצר, ויועץ למנכ""ל משרד הפנים. בשירותו הצבאי היה מושי קצין בחיל השריון וכיום הוא משרת כקצין אג""מ גדוד במילואים."
אילאיל בן צור,"Head of Brand, Melio","אילאיל היא עיתונאית, מקימה ועורכת ראשית של אתר Tech12 ב""קשת"". בעבר ערכה את מגזין סוף השבוע של העיתון גלובס ואת מוסף ממון בידיעות אחרונות. בנוסף, הקימה וניהלה את מחלקת מיתוג מעסיק בחברת הסייבר קוגנייט. במסגרת תפקידה הנוכחי היא מביאה לקוראים את החדשות הכלכליות בהרחבה, תוך שילוב חשיפות בלעדיות, ראיונות עומק וקידום נושאים חברתיים כמו זכויות נשים, מיעוטים ואנשים עם מוגבלויות."
איתי צחר,מנכ״ל אזימוט אפס בע״מ,"איתי מכהן כמנכ""ל מועצה מקומית ג'לג'וליה. לפני כן היה מנכ""ל עיריית כפר סבא, שבה החל את דרכו כסמנכ""ל החברה הכלכלית, סמנכ""ל העירייה ומ""מ מנכ""לית העירייה. בעבר ניהל חברה לניהול פרויקטים, ניהול משברים וייעוץ, שהתמחתה בעבודה במגזר הציבורי. איתי שירת בצבא קבע כמפקד פלוגה ביחידה מובחרת, ולאחר שחרורו עבד במשרד ראש הממשלה במשך כשמונה שנים"
דוידי בן ציון,"סגן ומ""מ ראש מועצה אזורית שומרון וחבר דירקטוריון קק""ל","סגן ומ""מ ראש מועצה אזורית שומרון קדנציה שלישית, מחזיק תיק החינוך ויו""ר הועדה לתכנון ובניה.
חבר דירקטוריון קק""ל ויו""ר חטיבת גיוס משאבים וקשרי חוץ בקק""ל.
יו""ר עמותת שפרה פשוט לאהוב לנערות בסיכון."
נירה צימלס,יועצת ארגונית |מנכל| מומחית בעולם העבודה| מומחית בהובלת תהליכי שינוי במגזר העסקי הציבורי והחברתי,"כיום יועצת ארגונית להובלת תהליכי שינוי בארגונים. דירקטורית. מומחית בתחום התעסוקה, שיקום תעסוקתי.
 2019-2024  מנכ""לית בעצמי - ארגון הפועל לצמצם  פערים חברתיים וכלכליים באמצעות תעסוקה,  בקרב אוכלוסיות מעוטות הזדמנות ומודרות משוק העבודה. בנוסף שימשה כיו""ר משותף של פורום תעסוקת צעירים. פורום המונה כ 66 ארגוני חברה אזרחית.  קודם לכן היא שימשה כסמנכ""לית לקוחות וכמשנה למנכ""ל שירות התעסוקה ובמסגרת תפקידה הובילה את הטרנספורמציה הדיגיטלית של השירות ואת תוכנית הדגל ""מעגלי תעסוקה"", שבאמצעותה הצליח השירות לצמצם ב-48% את התלות של מקבלי קצבת הבטחת הכנסה.
17 שנה בניהול בכיר במגזר העסקי.
 נירה עוסקת מעל 35 שנה בתחום התעסוקה וניהול בכיר במגזר הפרטי, הציבורי והחברתי.
מומחית בתהליכי שינוי
מומחית בעולם העבודה
חברה בוועדת תעסוקה ברפורמת ""נפש אחת"" במשרד הביטחון."
כאותר צרצור,מנהלת תחום פיתוח כלכלי חברתי ברשות לפיתוח כלכלי למיעוטים במשרד לשוויון חברתי,"כאותר היא מנהלת תחום פיתוח כלכלי ברשות לפיתוח כלכלי של המיעוטים - שבמסגרת המשרד לשוויון חברתי אמונה על צמצום פערים כלכליים וחברתיים של החברה הערבית ועל תכלול החלטת החומש החדשה 550. במסגרת תפקידה כאותר מהווה רפרנטית לתחום השיכון והדיור בחברה הערבית ברשות ופועלת בצורה רוחבית מול משרדי הממשלה האמונים על תחום הדיור ליישום תוכנית החומש בצורה מיטבית, לצד עבודת מיקרו עם הרשויות המקומיות באזור המשולש. בעברה היא ניהלה במשך שמונה שנים את התוכנית הלאומית לילדים ונוער בסיכון באזור כפר קאסם, גלגוליה וכפר ברא , ובמסגרת תפקידה ליוותה את הרשויות בהפעלת המענים, דרך שיתוף פעולה בין המחלקות המטפלות בילדים בסיכון, התבוננות רחבה ובניית תשתית לעבודה יעילה."
יעל חקלאי קאופמן,ממונה על בית המשפט לעניינים מקומיים בירושלים,"יעל מנהלת את בית המשפט לעניינים מקומיים בירושלים. בתפקידה הקודם ניהלה את מפעם ירושלים בשותפות עם עיריית ירושלים ומשרד הפנים, ובמסגרת תפקידה הייתה אחראית על הכשרת ראשי רשויות ומנכ""לים של תאגידים עירוניים. בנוסף, היא עסקה בקידום נושאים מערכתיים לטובת המערכת המוניציפלית, ובהם היערכות הרשויות ליישום הסכמי גג, הטמעת תרבות של חדשנות ברשויות המקומיות ופיתוח הדרכה. בעיריית ירושלים היא סייעה להשיג את היעדים העירוניים באמצעות ליווי ייעוצי למנהלים בכירים וליווי תהליכי שינוי ופיתוח ארגוני כגון הקמת יחידות חדשות, איחוד יחידות קיימות ליחידה אורגנית אחת, גיבוש אסטרטגיה ומדדי הצלחה ופיתוח מודלים של מצוינות וצוותים מקצועיים. כמו כן יעל פיתחה  תוכניות לפיתוח מנהיגות עבור מנהלים, , מדריכים מקצועיים לעובדים ועוד."
אמירה קאסם,"מנכ""לית מיזם JOB360, ג'וב 360","אמירה היא מנכ""לית ומייסדת שותפה למיזם טכנולוגי לשיפור מיומנויות תעסוקה רכות בדגש על החברה הערבית והחרדית. יש לה ניסיון של עשר שנים בתחום התעסוקה - ניהול מחלקת הדרכה ופיתוח ידע במרכזי ריאן. הקימה מיזם בשותפות ישראל דיגיטלית - שגרירים דיגיטליים בחברה הערבית להנגשת השירותים הממשלתיים המקוונים, ויועצת לישראל דיגיטלית להנגשת הקורסים המקוונים לחברה הערבית. אמירה זכתה באות האבירות 2022 למרכז פרס לשלום וחדשנות וזכתה בפרס מיס פיקס דה יוניברס על יזמות נשים מעוררת השראה."
יוליה קגן,"שותפה מנהלת, קרן Strait Capital","יוליה היא שותפה מנהלת, קרן Strait Capital. בעבר שימשה כשותפה בקרן הון סיכון JVP ולפני כן הייתה מנהלת השקעות בכירה שם. במסגרת תפקידה הקודם הייתה אחראית על איתור השקעות טכנולוגיות, על בחינה של סטארט-אפים ועל ניהול תהליכי ההשקעה. כמו כן, היא משמשת כדירקטורית בחברות סטארט-אפ לאחר ההשקעה. קודם לכן היא הייתה חלק מצוות ההקמה של פעילות החטיבה הטכנולוגית של לוקהיד מרטין בישראל, ובמסגרת זו הייתה ממונה על ניהול מכרזים ועל פיתוח עסקי בישראל. יוליה שירתה שש שנים באגף תקשוב כראש צוות פיתוח במסגרת מסלול העתודה האקדמית."
שאדיה קדח,"מנהלת מרכז קהילתי מתנ""ס אלקסום בחברה למתנ""סים","שאדיה היא מנהלת מרכז קהילתי מתנ""ס אלקסום בחברה למתנ""סים, שאותו הקימה במועצה האזורית אלקסום. במסגרת תפקידה היא תכללה את תחום החינוך הבלתי פורמלי במועצה, כולל גיוס תקציבים, איגום משאבים ויצירת שותפויות רלוונטיות וחיוניות לקידום התחום הבלתי פורמלי ביישובים. קודם לכן שאדיה ניהלה במשך שנתיים את מתנ""ס ערערה בנגב, הייתה מנהלת היחידה לקידום נוער בסיכון בשגב שלום, וגם עבדה כמורה למדעי החברה (סוציולוגיה ומדעי מדינה) בתיכון שגב שלום."
אביה קדרי,"מנהל תחום של""מ (שיקום, ליווי, מניעה) במינהל שירותים חברתיים עיריית תל אביב- יפו","אביה מנהל את תחום ההתמכרויות, דרי רחוב, שורדות זנות ושיקום האסיר בעיריית תל אביב, מינהל שירותים חברתיים. לפני כן ניהל את HeadSpace ישראל, רשת מרכזי טיפול לנוער וצעירים מבית עמותת אנוש לקידום בריאות נפשית של בני נוער וצעירים. בתפקידו הקודם, אביה ניהל את האגף לשירותים חברתיים בגוש עציון שמונה שנים מאז שנת 2013. במסגרת צוות קהילתי היה אמון על ליווי הקהילות, העשרת הדרג השכיר והנבחר ביישובים, הכשרת צוותי חוסן ובניית מענים לצרכים קהילתיים. במסגרת צוות פרט ומשפחה היה אמון על מתן מענים ליחידים ולמשפחות במגוון תחומי חיים בהתאם למדיניות משרד הרווחה - שותף מוביל בהקמת שירותים חדשים לטובת תושבי המועצה. בתפקידיו הקודמים שימש כעובד סוציאלי בקהילה הטיפולית להתמכרויות רטורנו והקים את ההוסטל השיקומי לבוגרי הקהילה."
יונתן קובי,"מנכ""ל חברת אלקטרו קובי  (יבוא ושיווק מוצרי חשמל ביתיים)","יונתן הוא מנכ""ל חברת אלקטרו קובי (ייבוא ושיווק מוצרי חשמל ביתיים). ביחד עם אביו, אחיו וצוות מנהלים נאמנים הוא מנהל את עסקי החברה, כולל רשת חנויות קמעונאית, קבוצת רכישה, אתרי מסחר אלקטרוני וחברות הפצה למותגי חשמל בינלאומיים."
ערד קודש,"מנהל מערך בריאות הנפש, קופת חולים מאוחדת לשעבר","ערד הוא פסיכיאטר ופסיכוגריאטר. מנהל את מערך בריאות הנפש בקופת חולים מאוחדת. עוסק בפיתוח רשמים בעזרת מאגרי מידע, ופיתוח מסגרות חלופות לאישפוז פסיכיאטרי."
לירון קוטר,סמנכ״ל תפעול בקבוצת טמבור,"לירון משמש כסמנכ״ל תפעול ושרשרת אספקה בקבוצת טמבור. אחריות להובלת אסטרטגיית התפעול של  7 מפעלי החברה בפריסה ארצית.  
לפני טמבור, ניהל פרויקטים אסטרטגיים בתנובה: הובלת פרויקטים חוצי ארגון, פרויקטי פיתוח עסקי ומכירת ידע לחברות בארץ ובחו""ל. בשנים 2021-2016 הוא ניהל את מחלבת תנובה באלון תבור, ובמסגרת זו שיתף פעולה עם עמותות וארגונים לקידום שוויון וגיוון בתעסוקה. ללירון ניסיון ניהולי של 25 שנים בתעשייה בתפקידי הנדסה ותפעול וניסיון בניהול משברים וקביעת אסטרטגיה ליציאה מהם."
יעל קוטר-דורון,לשעבר סגנית מנהלת רפואית מחוזית במכבי שירותי בריאות,"ד""ר יעל קוטר-דורון הייתה סגנית מינהלת רפואית במחוז הדרום במכבי שירותי בריאות. במסגרת תפקידה הייתה אחראית על הטמעת שירות טלה-רפואה, ניהול מקצועות הבריאות והובלת הטיפול בשחיקת הרופאים. בנוסף, היא עובדת כרופאת ילדים עצמאית במכבי. בשנים 2018-2016 היא ניהלה את מרכז בריאות הילד בשירותי בריאות כללית, ובשנים 2015-2013 שירתה כרופאה בצה""ל, כרמ""ד רפואה ראשונית במפקדת שירותי רפואה, וכאחראית על ממשק חר""פ ומרפאות ביקור רופא, גיוס רופאים אזרחים ושיבוץ רופאים במרפאות. בשנים 2013-2012 ניהלה מרפאה בקריית משה - שכונת מצוקה ברחובות ובשנים 2010-2005 (בהפסקה) הייתה מפקדת מרפאת בסיס חצור בחיל האוויר. יעל הייתה מצטיינת קצין רפואה חילי, התמחתה ברפואת ילדים בבית החולים וולפסון ולמדה רפואה באוניברסיטה העברית."
אריה קויפמן,"מנהל המכון לגנטיקה של האדם, מרכז רפואי סורוקה","משלהי 2024,  מנהל את המכון לגנטיקה של האדם במרכז הרפואי אוניברסיטאי , סורוקה. 
משנת 2023 מנהל היחידה לחינוך רפואי במרכז הרפואי סורוקה. משנת 2018, לאחר כעשור כרופא בכיר במכון לגנטיקה של האדם בסורוקה, הקמתי את היחידה לגנטיקה רפואית בבית החולים הציבורי אסותא אשדוד ולמדתי מנהיגות בחינוך רפואי במכון מנדל בירושלים. משנת 2020-2023 מנהל מרכז פריבס לחינוך רפואי  בפקולטה למדעי הבריאות באוניברסיטת בן גוריון. את הסטאז׳ וההתמחות במיילדות וגיניקולוגיה ביצעתי בסורוקה ומיד בסוף ההתמחות יצאתי להתמחות בגנטיקה בבית החולים לילדים בטורורנטו, קנדה ובאיכילוב"
עדי קול,"דיקנית הסטודנטים ומרצה באוניברסיטת רייכמן ויו""רית אוניברסיטה בעם","עדי היא דיקנית הסטודנטים ומרצה באוניברסיטת רייכמן ויו""ר אוניברסיטה בעם. בתפקידה הקודם הייתה  חברת כנסת מטעם מפלגת יש עתיד ויו""ר הוועדה לפניות הציבור. לפני לכן היא ייסדה וניהלה את תוכנית אוניברסיטה בעם העוסקת בהנגשת ההשכלה הגבוהה לאוכלוסיות מוחלשות ולפני כן הקימה את התוכנית דיני רחוב שעסקה בשיקום נוער עבריין באמצעות לימודי משפטים. היא פיתחה את התכנים של התוכנית ואת המבנה האדמיניסטרטיבי שלה, שאומצו גם באוניברסיטת תל אביב ובבית הספר למשפטים של  בית הספר לכלכלה של לונדון. על פעילותה באוניברסיטה בעם זכתה עדי בפרס יו""ר הכנסת לאיכות חיים לשנת 2010. כמו כן היא קיבלה את אות אומ""ץ ואת אות אדמונד ספרא למצוינות לשנת 2012."
בעז קולומבוס,"מפקח ארצי על יסודי בחמ""ד במשרד החינוך","בעז משמש כמפקח ארצי על החינוך העל יסודי בחמ""ד במשרד החינוך. במסגרת תפקידו הוא ממונה על מוסדות החמ""ד העל יסודיים בהיבטי פדגוגיה, מִנהל, מינוי מנהלים וחשיבה אסטרטגית. בעבר היה מחמ""ד (מפקח חמ""ד) של המִנהל לחינוך התיישבותי והקים וניהל את תיכון דרך אבות באפרת – בית ספר שש-שנתי קהילתי לבנים. במסגרת זו הקים מסגרת לקליטת תלמידים על הרצף האוטיסטי כחלק מקהילת בית הספר. כמו כן ריכז והוביל תוכנית להכשרת מנהלים מטעם אבני ראשה במכללת הרצוג. את דרכו המקצועית החל בעז כמחנך בחטיבת ביניים ושילב את עבודתו בלימודים בישיבת ההסדר  הר ציון."
רמזי קורד,"מנהל רפואי של בית חולים גריאטרי בית בלב, ראשון לציון","ד""ר רמזי קורד הוא מנהל רפואי של בית חולים גריאטרי בית בלב, ראשון לציון. קודם לכן שימש כמנהל המחלקה לשיקום גריאטרי בבית החולים. הוא למד רפואה באוניברסיטת 6 באוקטובר במצרים, התמחה בגריאטריה וברפואה פנימית ומתמחה במנהל רפואי בבית חולים שערי צדק. בשנים 2021-2020 ניהל את מחלקת כתר (טיפול בחולי COVID 19)."
שמעון קורלנסקי,מייסד שותף ומנהל כספים בחברת כרמיסופט,"שמעון הוא מייסד שותף ומנהל חברת כרמיסופט – בית תוכנה עבור מתכנתות ומתכנתים מהקהילה החרדית בצפון הארץ, ומשמש גם כמנהל הכספים של החברה בעבר הוא יזם וניהל את התוכנית שישי משפחתי – פרויקט ייחודי להעצמת התא המשפחתי ולחיזוק הזהות היהודית, שבו השתתפו אלפי משפחות ישראליות בארץ וברחבי העולם במגוון קורסים, סדנאות וסמינרים. בנוסף, הוא ראש כולל בן איש ח""י בכרמיאל, שם הוא מלמד שיעורים בתלמוד, בהלכה ובמחשבת ישראל, ופעיל בפורומים בארץ ובחו""ל הפועלים לשילוב הקהילה החרדית במקצועות ההייטק. שמעון משרת כסרן במיל' ביק""פ 157 בפיקוד הצפון."
רון קורמוס,יועץ אסטרטגי,"רון הוא יועץ אסטרטגי ועורך דין בהכשרתו. 
בשנים 2020-2023 שימש ראש מטה שר המשפטים וראש מטה שר הבריאות. בשנת 2023 ניהל את מערך ההסברה של ארגון חופשי בארצנו. 
בשנים 2017-2019 עבד בקונסוליה של ישראל בניו יורק ובקונסוליה של ישראל בבוסטון. בשנים 2019-2020 שימש דובר סיעת כחול לבן.
בצעירותו היה עיתונאי בתחנת הרדיו גלי צה""ל ובעיתונים ידיעות אחרונות והארץ. במהלך השנים הקים מספר פרויקטים בתחום היזמות החברתית."
לנה פלדמן קורן,מנהלת קמפוס בילינסון וסגנית מנהל מרכז רפואי רבין,"משנת 2022 לנה מנהלת את קמפוס בילינסון. 
לנה גדלה בחיפה , בתום לימודי רפואה בטכניון כעתודאית שירתה כרופאה גדודית וקצינת רפואה חטיבתית וכמפקדת פלוגת רפואה. 
במהלך שירותה הצבאי התמחתה במחלות אא״ג וכירורגית ראש צוואר בבית חולים בני ציון, וחזרה לשרות כמפקדת רפואה של פיקוד זרוע יבשה ( מר״פ ז״י) וראש ענף רפואה בחיל הרפואה.
עם שחרורה שימשה כמנהלת מנהלת במחוז מרכז של הכללית , ולאחר מכן סגנית מנהל בית חולים בילינסון, ובשנת 2023 מונתה לנהל את בילינסון. 
לנה נשואה ואם לשניים ומתגוררת בלכיש ובפתח תקווה"
יהודה קורנבליט,מנהל אגף חינוך בעיריית ביתר עילית,"יהודה הוא ראש מינהל חינוך בביתר עילית, שבמערכת החינוך שלה מתחנכים 24 אלף תלמידים ב-87 מוסדות חינוך, ישיבות וסמינרים. הוא מקדם פרויקטים חינוכיים למעורבות חברתית וקהילתית, לשאיפה למצוינות, לפיתוח מנהיגות, למתן מענה לצמצום הנשירה ולאיתור מוקדם. בנוסף, הוא מוביל יוזמות מערכתיות במערכת החינוך החרדי, בעיקר בתחום ההכשרה והפיתוח המקצועי ומייסד שלוחות של מכללות אקדמאיות במגזר. מלבד זאת, הוא פועל להטמעת חדשנות ודרכי הוראה מגוונים ומתקדמים בעיקר בחינוך המיוחד ולקידום הידע בתחום ההתפתחות המוטורית, השפתית והרגשית בגיל הרך. במקביל להקמת מסלולים להכשרת מורים בירושלים ובפריפריה, המותאמים לציבור החרדי והחסידי, הוא מקדם פעילות להגברת המודעות לחשיבותם של לימודים גבוהים והכשרה מקצועית בקרב הצעירים במגזר. יהודה חבר בפורום תקווה ישראלית בחינוך מטעם בית הנשיא - שהוקם ברוח ""נאום השבטים"" במטרה ליצור גשר של הבנה והכרה בין השבטים השונים בישראל."
אסתר קורקוס,"מפקחת על החינוך המיוחד, המחוז החרדי במשרד החינוך","במסגרת תפקידה כמפקחת על החינוך המיוחד במחוז החרדי אסתר אחראית גם לפיתוח המקצועי של עובדי ההוראה בחינוך המיוחד, כלומר על בניית השתלמויות מותאמות להקניית ידע תאורטי וכלים יישומיים לעבודה במוסדות החינוך המיוחד. תחומי אחריותה הם רבים ומגוונים: תחומי הפדגוגיה - התאמות תוכניות הלימוד לסוגי הלקויות השונים; אישור תקציבים ותשלומים; פתיחה וליווי מקצועי של מוסדות חינוך לגילים שונים ולאפיוני לקויות שונות; פיתוח מקצועי של עובדי ההוראה; ועוד.

בעבר עבדה אסתר במשך עשר שנים כיועצת חינוכית בבתי ספר רגילים.

במהלך עשרים השנים האחרונות הקימה את מערך החינוך המיוחד למגזר החרדי באזור חיפה והצפון."
פיראס קזמוז,"משנה למנכ""ל  אלמשהדאוי קינג סטור","פיראס הוא משנה למנכ""ל אלמשהדאוי קינג סטור, בעבר היה סמנכ""ל הכספים בחברה החל משנת 2016. זוהי רשת קמעונאית המזון הגדולה במגזר הערבי המונה כיום 13 סניפים ומעסיקה כאלף עובדים. במסגרת תפקידו הוא משמש כחבר הנהלה בארגון ושותף משמעותי להחלטות האסטרטגיות. קודם לכן כיהן שלוש שנים כרכז כספים ובקרה ברשות החברות הממשלתיות במשרד האוצר וליווה וביקר חברות ממשלתיות מהגדולות במשק הישראלי בכל הקשור בפן הפיננסי, הכלכלי והחשבונאי. לפני כן כיהן ארבע שנים כרואה חשבון מבקר בפירמת רואי החשבון סומך חייקין (KPMG)."
מהא אבו קטיש,"ממונה על בתיה""ס העל יסודי, מנח""י עיריית ירושלים","מהא  ממונה על בתיה""ס העל יסודי, מנח""י עיריית ירושלים. מהא החלה את דרכו כמורה בבי""ס לחרשים ולקויי שמיעה במערב ירושלים, התקדמה בתפקידים וניהלה את ביה""ס , תוך כדי עבדה ביעוץ ארגוני והנחיית קבוצות, עברה לניהול בי""ס תיכון במזרח ירושלים. לאחר מכן קבלה את ניהול מחלקת החינוך העל יסודי באגף הערבי במנח""י וקודמה לתפקיד ממונה על מערכת החינוך העל יסודי."
ניר קידר,"מנכ""ל מרכז טאוב לחקר המדיניות החברתית בישראל","כיום מנכ""ל מרכז טאוב לחקר המדיניות החברתית בישראל. 
בעל היכרות עמוקה ורבת-שנים עם שירותי הבריאות והרווחה בישראל ובעולם. במסגרת תפקידי זכיתי לצבור ניסיון רב בשירות הציבורי בהובלת תהליכים אסטרטגיים, במחקר, בגיבוש רפורמות ובהובלת תהליכי חדשנות במשרדי ממשלה. משנת 2006 כיהנתי במגוון תפקידים ניהוליים במשרד הבריאות. בשנים 2014–2019 כסמנכ""ל בכיר וראש מינהל תכנון אסטרטגי וכלכלי במשרד הבריאות, ומשנת 2019 עד 2022 כסמנכ""ל בכיר וראש מינהל אסטרטגיה, תכנון כלכלי, מחקר ורגולציה במשרד הרווחה והביטחון החברתי."
ליאל קייזר,כתבת כלכלית בכירה ומגישה בתאגיד השידור הישראלי כאן,"ליאל היא הכתבת הכלכלית הבכירה של תאגיד השידור הישראלי כאן ומגישה את ""משחקי הכיס"" - התוכנית הכלכלית של כאן 11 וכאן רשת ב', בעבר היא הייתה כתבת בעיתון הארץ ובגלי צה""ל. בתפקידה האחרון עבדה ליאל כעורכת דין לענייני חברות."
אלגרה קילשטיין,"סמנכ""לית מערכות מידע גלובלית ב-ICL","אלגרה היא מנכלית ארגון טכנולוגיות המידע באמדוקס. היא מובילה יחידה טכנולוגית, המונה כ1000 מהנדסים ומפתחים ברחבי העולם, שמובילה פרוייקטי טרנספורמציה דיגיטלית, דאטה ו- AI כמו גם פרוייקטי תשתיות אסטרטגיים ואבטחת מידע. בנוסף לתפקידה היא גם מנהלת את תחום ההמשכיות עסקית של החברה ושותפה בקרן ההשקעות של החברה (Amdocs Ventures)."
נופר קין,"סגנית מנהלת מחלקת חירום וטראומה נפשית, אגף לבריאות הנפש, משרד הבריאות","בשנה וחצי האחרונות אני עובדת בעולם הממשלתי בתחום החירום והטראומה הנפשית בברה""ן במשרד הבריאות.
לפני עבדתי 13 שנה בעולם הרווחה במגזר שלישי.
התחלתי את דרכי בעמותת שק""ל בעבודה עם אנשים עם צרכים מיוחדים. ריכזתי שלוש דירות, ניהלתי והדרכתי 3 צוותים ואחראית על בניה והפעלת תכניות טיפול, תוכניות פנאי, והפעילות השוטפת בדירות.
בהמשך לאחר חלום ישן, עבדתי בארגון 'אור שלום' באומנה הטיפולית. בתפקידיי- הדרכה ופיקוח על משפחות האומנה וכן קשר פרטני טיפולי עם ילדי האומנה, בנוסף ליווי הקשר עם הוריו הביולוגים, עוד מתפקידי היה לרכז את הקשר הרציף עם גורמי הטיפול השונים בילד- רווחה, חינוך, מטפל ריגשי, פסיכיאטר ועוד.
לאחר שמקום העבודה נסגר. בחרתי לעבוד ב'יד רחל', מקום שמלווה משפחות וילדים בקהילה, בתפקידי הקמתי את 'מרכז חכ""ם' המשלב עבודה עם המשפחה ומסגרת טיפולית אחר הצהרים לילדים, ניהלתי 2 מסגרות ו2 צוותים, והיתי אמונה על ההכשרה וההדרכה שלהם בתפיסה של 'טיפול במרחב החיים', גם התפקיד הזה הייתי אחראית על בניית תכניות הטיפול והעבודה מערכתית בשותפות עם מערכות החינוך, הרווחה והטיפול.
בשנים אלו גם הדרכתי סטודנטים בעו""ס."
תמר קינן,"מנהלת תחום סקרים ומחקרים באחיוּת, משרד הבריאות","החל משנת 2022 עובדת במנהל האחיוּת במשרד הבריאות. מאז תחילת מלחמת חרבות ברזל מרכזתת את האחיות מתאמות הטיפול בחטופים השבים ובבני משפחות החטופים, בנוסף- מהווה ציר מקצועי בניהול מערך רופאים מתנדבים מחו""ל.
לפני עבודתה במשרד הבריאות ובמשך 20 שנים מילאה שלל תפקידים בבתי חולים בירושלים. האחרון שבהם - מנהלת האחיוּת באגף הפנימי וטיפולי נמרץ במרכז הרפואי שערי צדק. בתפקידה האחרון בהדסה היתה מרכזת שעת חירום מוסדית.
תמר חברה במס' מועצות לאומיות ובוועדה להיערכות מוסדות רפואה לאר""ן."
יאיר קירשבוים,"מנכ""ל עיריית מודיעין עילית","יאיר הוא מנכ""ל עיריית מודיעין עילית. יש לו תואר ראשון במשפטים מהמכללה האקדמית אונו ותואר שני במדיניות ציבורית מהאוניברסיטה העברית. הוא רס""ן במילואים."
איתי קלטניק,"ראש אגף תקציבים ורגולציה, קופת חולים מאוחדת","בשנים האחרונות מנהל את תקציבה של קופ""ח מאוחדת, תקציב בהיקף של כ 11.5 מיליארד ש""ח וכן את כלל הקשר וניהול הממשק מול הרגולטור והממשלה. רו""ח וכלכלן בריאות, בעל ניסיון פיננסי רב ומכהן מעל לעשור בתפקידי כלכלה שונים במשק הבריאות. בין היתר כראש תחום בכיר במשרד הבריאות וכשותף במשרד ייעוץ כלכלי ואסטרטגי. בשנים האחרונות בקופת חולים מאוחדת מוביל את התחום הפיננסי והאסטרטגי הפנים קופתי ומול גורמי הממשלה השונים. שותף לתהליכים משמעותיים בקופה בהם; חתימה על הסכם ייצוב, בניית וניהול תקציב, אסטרטגית הקופה ובחינות כלכליות וכדאיות עסקית שונות ומורכבות"
תמר קליבנסקי,"מנהלת מערך רכש ובקרת בתי חולים ומכונים, מכבי",החל משנת 2020 אני מנהלת את מערך רכש ובקרת בתי חולים ומכונים במכבי שירותי בריאות. לפני כן במשך 6 שנים החל משנת 2014 שמשתי כמנהלת כספים מחוזית של מחוז השרון במכבי שירותי בריאות. לפני כן במשך 3 שנים שמשתי כסגנית מנהלת כספים מחוזית במחוז השרון. לפני כניסתי לעולם הבריאות עבדתי 4 שנים במשרד רואי חשבון דוד בן יעקב שם ביצעתי את ההתמחות שלי בראיית חשבון.
אלעד קליין,מפקד מרחב דן,"ניצב משנה אלעד קליין מכהן החל מחודש אפריל 2025 כמפקד מרחב דן. 
לאורך שירותו במשטרת ישראל מילא שורת תפקידי פיקוד משמעותיים, בהם מפקד משטרת ראשון לציון, מפקד משטרת טייבה, קצין אגף המבצעים של מרחב שפלה, סגן מפקד משטרת רחובות, עוזר מפקד מחוז ירושלים ועוזר נציב בתי הסוהר.
במסגרת תפקידיו הוביל מהלכים אסטרטגיים רבים, לרבות שיתופי פעולה עם גופי ביטחון וקהילה, וכן לקח חלק משמעותי בעבודת ועדות הכנסת. ניסיונו המבצעי כולל היכרות מעמיקה עם הפשיעה בחברה הערבית ופעולות נחושות להפחתת האלימות.

אלעד הוא בוגר קורס מפקדי נפות בצה”ל, קורס מנטורינג וקורס מנהלי ביטחון (מנב”ט), בוגר התכנית ״מובילים דיגיטליים״ ומחזיק בניסיון פיקודי ומבצעי נרחב במגוון תחומים."
רונן קליין,"מנכ""ל חכ""ל מטה יהודה","רונן הוא מנכ""ל חברה לפיתוח מרכזיים כפריים ותעשייתים מטה יהודה, מגיע עם רקע עיסקי מהמגזר הפרטי."
אדוה קליין,"מנהלת אגף תקציבים, משרד הבריאות","אדוה עובדת משנת 2015 במשרד הבריאות, ביצעה מספר תפקידים מגוונים. בשנתיים האחרונות משמשת כמנהלת אגף תקציבים, תפקיד הכולל ניהול תקציב ע""ס כ-49 מיליארד ש""ח, הובלה וליווי רפרומות ותכנית עבודה של פרויקטים רב-שנתיים. בנוסף, התפקיד כולל ניהול תהליך בניית תקציב המשרד, תהליך התכנון השנתי וניהול תהליכים אסטרטגיים. לפני כן, ביצעה אדוה תפקידי ניהול שונים של תקציבאית ראשית ומנהלת תחום מטה ודיגטציה בהם הובילה את המו""מ עם האוצר בדיוני התקציב ויזמה כלים לניתוח וניהול סיכונים בתקציב. אדוה החלה את תפקידה במשרד הבריאות ביחידת בתי החולים הממשלתיים והיתה אחראית על תהליך תכניות העבודה בהם."
אשל קליינהאוז,מלווה רשותי במועצה לחינוך ממלכתי-עברי,"אשל הוא מנהל תחום עתודות מנהלים במכון אבני ראשה. לפני כן ניהל את תוכנית בארי במכון שלום הרטמן, ששמה לה למטרה להחזיר לציבור הכללי היהודי את הבעלות על ארון הספרים היהודי ואת הזיקה אליו. זאת, באמצעות מערכת החינוך הממלכתית והמקצוע תרבות יהודית-ישראלית בגישה פרשנית, פלורליסטית והומניסטית, המבקשת להפוך את החברה בארץ ליהודית ולדמוקרטית. התוכנית מלווה בצוותי חינוך ביותר מ-100 בתי ספר על יסודיים ותומכת בהם באמצעות הנחיית צוותים, הכשרת מורים, כתיבת ספרי לימוד, ארגון ימי עיון ופעילות חווייתית התנסותית. בשנים 2008–2016 ניהל אשל את בית הספר העל יסודי בית החינוך המשותף חוף השרון, ולפני כן לימד היסטוריה, אזרחות ותרבות ישראל ומילא שורה של תפקידים בבתי ספר בתל מונד וברעננה. את דרכו החינוכית החל אשל בשנים 1993–1996 כרכז חוגי סיירות ירושלים של החברה להגנת הטבע."
סיון קלינגבייל,עורכת TheMarker,"סיון היא עורכת TheMarker. היא עיתונאית משנת 2002 ועבדה בין השאר ככתבת הקמעונאות והשיווק של עיתון הארץ – כלכלה, כמגישת תוכנית התחקירים ""עושות חשבון""״ ותוכנית השחר – שתיהן בערוץ 10 וכאחת ממקימי עיתון TheMarker."
אודי קלינר,"רופא מחוזי, מחוז מרכז, משרד הבריאות.","ד""ר אודי קלינר הוא רופא מחוזי במחוז מרכז בשירותי בריאות הציבור שבמשרד הבריאות. במסגרת תפקידו הוא אחראי על מגוון נושאי שגרה וחירום בבריאות הציבור. קודם לכן, לפני התמחותו במנהל רפואי ובמהלכה, שימש כעוזר לראש שירותי בריאות הציבור ועסק בקידום, ניהול ותמיכה בנושאים הקשורים לבריאות הציבור. במקביל ללימודיו שימש כטכנאי מעבדה קלינית ובנק הדם בבית החולים שערי צדק. לפני כן היה מתנדב נוער ואחראי משמרת במד""א ירושלים. התמחויות רפואיות: מינהל רפואי ובריאות הציבור. את התמחותו ביצע אודי בלשכת הבריאות המחוזית של תל אביב, ובמסגרתה עסק בריכוז פניות הציבור, ניתוח אפידמיולוגי של תמותת התינוקות במחוז וביצוע חקירות אפידמיולוגיות. את הסטאז' ברפואה ביצע בבית החולים הדסה ואף נבחר לסטאז'ר מצטיין."
איריס קלירס,Senior Global Medical Manager at Novo Nordisk,"ד""ר איריס קלריס היא סגנית מנהלת בית החולים וולפסון. בשנים 2015- 2017 שימשה כעוזרת רפואית בהנהלת המרכז הרפואי ע""ש שיבא בתל השומר במסגרת התמחותה במנהל רפואי. בשנים 2015-2013 הייתה סגנית מנהל מחלקה פנימית בשיבא, וקודם לכן עבדה חמש שנים כרופאת משפחה ורופאת מנהל בקופת חולים מאוחדת. התמחות רפואית: מומחית ברפואה פנימית ובמנהל רפואי. את הסטאז' ברפואה ואת התמחותה ביצעה במרכז הרפואי ע""ש שיבא בתל השומר."
אורית קלר,סגנית מנהלת מינהל החינוך עיריית תל אביב יפו,"אורית משמשת כסגנית מנהלת מינהל החינוך עיריית תל אביב יפו. קודם לכן שימשה כמנהלת המחלקה לרווחה חינוכית בעיריית תל אביב-יפו. החל משנת 1998 ועד לאחרונה שימשה כעוזרת בכירה לראש עיריית תל אביב-יפו, רון חולדאי. התפקיד כולל תרגום מדיניות ראש העירייה למשימות ולפעולות ואחריות לביצוען, מעקב וליווי תהליכים רוחביים ובעלי חשיבות אסטרטגית, ייזום פרויקטים ומהלכים עירוניים, ואחריות על נושאים הנוגעים למעמדו ולתדמיתו של ראש העירייה. בשנים 1998-1995 שימשה כמרצה בקורס מבואות המשפט במסגרת לימודי תעודה למזכירות משפטיות במכללה למנהל. במקביל, ביצעה התמחות בתחום הפלילי והמנהלי במשרד עו""ד שמואל א. לינצר. בשנים 1995-1994 ביצעה אורית טרום התמחות במשרד עורכי הדין בן ציון יגר ובמקביל עסקה בהוראת העשרה בבתי ספר יסודיים במסגרת קרן קרב למעורבות חברתית."
אפרת קמחי,"מנהלת תחום בכיר (תקציב על יסודי), מינהל כלכלה ותקציבים, במשרד החינוך","אפרת החלה את דרכה במשרד החינוך בגיל 21. כיום היא ממלאת תפקיד מטה בעל מורכבות גבוהה מאוד, המתחלק לשני תחומים עיקריים ורחבי היקף: התחום הראשון והדומיננטי הוא אחריות למערך התקציב של החטיבה העליונה. במסגרתו היא ממונה על תקצוב שכר הלימוד לכל מוסדות החטיבה העליונה בהיקף של כ-10 מיליארד ₪ בשנה. נכון לנתוני 2019 מדובר בכ-1,300 מוסדות חט""ע ובכ-430,000 תלמידים. התחום השני הוא סיוע וליווי לכל יחידות המשרד אשר להן ממשקים ותחומי פעולה בחטיבה העליונה, לצורך ייעוץ והכוונה תקציבית וטיפול ישיר בכל הפעולות הקיימות באגף לחינוך על יסודי ובאגף לילדים ונוער בסיכון."
אייל קמינקא,"סופר, משורר, יועץ לניהול ומומחה חשיבה תוצאתית  המרכז לחשיבה פורצת דרך","אייל הוא מומחה בחשיבה תוצאתית יועץ לניהול בכיר, הטמעת שינויים ותכנון אסטרטגי, ומגשר אישי וארגוני. עד 2022 שימש כראש בית הספר הבינלאומי ביד ושם, המוסד החינוכי הגדול בעולם להוראת השואה – שכולל מאות עובדים ומחזור שנתי של כ-60 מיליון ₪). בעל ניסיון בעבודה מול עשרות מדינות וגורמים בינלאומיים כגון האו""ם, אונס""קו, IHRA ועוד, הכשרה והדרכה של מאות אלפי משתתפים בשנה, עבודה מול ממשלות, פיתוח חומרים חינוכיים, תוכניות חינוך לאומיות ו תורות פדגוגיות, והובלה של תחום הטכנולוגיה החינוכית – כולל כלים אינטרנטיים, מוקים, סביבות חינוכיות חדשניות וכד'. בעבר כיהן כראש הרשות לקידום תעסוקה, השכלה וקהילה מטעם הג'וינט וממשלת ישראל וכיועץ למנהלים בכירים במגזר הפרטי והציבורי, בעיקר בנושאי אסטרטגיה, תכנון והטמעת שינויים ארגוניים. סייע להוביל את הקמת משרד התמ""ת בשנים 2003-2006. מחבר הספרים המקצועיים ""מה המטרה שלך?"", ""(לא) הכל אישי"" ו""חינוך תוצאתי מיטבי"", והרומנים ""שומר הזיכרונות"" ו""הומאוסטזיס""."
יובל קמפ,"מנכ""ל קבוצת שרון","יובל הוא המנכ""ל של קבוצת חברות המזון שרון-פוראטוס ופאקא, שהיא הספקית המרכזית של ענף האפייה בישראל. לפני כן היה המנכ""ל של חברת קאטה (מנפרוטו תיקים), אשר ממקום מושבה בירושלים הייתה מהחברות המובילות בעולם בתחום האביזרים לצלמים ומצלמות, וקודם לכן מילא תפקידי ניהול, שיווק ופיתוח עסקי בארץ ובעיקר בחו""ל, ובין השאר היה מנהל המותג דנונה של שטראוס. בשנים האחרונות יובל מתנדב במכון הייצוא והוא מייעץ וחבר דירקטוריון בכמה חברות סטארט-אפ העוסקות במוצרי צריכה."
סיגל קנוטופסקי,ראש מערך אסטרטגיה בבית הנשיא,"סיגל מנהלת אזור צפון מזרח ארה""ב בסוכנות היהודית. לפני כן ניהלה את תחום פיתוח המשאבים במעוז וקודם לכן שימשה כמנכ""לית עולים ביחד - ארגון שעוסק בשינוי תפיסות וצמצום הגזענות בחברה הישראלית באמצעות תעסוקה ותקשורת. במסגרת תפקידה היא הובילה את הארגון להישגים מרשימים כמו הרחבת האסטרטגיה לתחום התקשורת, הקמת תנועת בוגרים, הגדלה משמעותית של התקציב וההכנסות, בניית מערך מתנדבים עסקיים, ביסוס ועד מנהל בכיר וגיבוש צוות מקצועי, ובזכות הובלתה המצטיינת זכה הארגון בפרסים חברתיים. כמובילת עשייה חברתית מחוללת שינוי זכתה סיגל עצמה בפרסים כגון פרס רפפורט לנשים פורצות דרך לשנת 2019 וכן נבחרה לאחת מחמישים המשפיעים החברתיים לשנת 2018 מטעם ידיעות אחרונות. היא בעלת רקע עשיר בעולמות של פיתוח משאבים, שאותו רכשה במסגרות עבודותיה הקודמות החל מהסוכנות היהודית ועד ניהול פיתוח המשאבים של עולים ביחד לפני שהתמנתה למנכ""לית. בנוסף, היא יצאה לשליחויות לקהילות יהודיות ברחבי העולם. יש לה תואר שני ביישוב וניהול סכסוכים עם תעודת גישור מאוניברסיטת תל אביב ותואר ראשון ביחסים בינלאומיים מהאוניברסיטה העברית."
בת שבע קסאי,מנהלת אזור תל אביב והמרכז במיזם הלאומי והבינמשרדי לקידום חוסן בריאות נפשית ופיזית בקהילה,"בת שבע היא סמנכ""לית תעסוקה - מנהלת תופסים כיוון ואינדימאז' בעמותת חינוך לפסגות. בתפקידה הקודם שימשה כסגנית ממונה מחוזית של התוכנית הלאומית לילדים ונוער בסיכון במחוז ת""א והמרכז. לפני כן ניהלה את התוכנית בעיריית פתח תקווה. במסגרת תפקידיה הובילה תהליכי שינוי באמצעות הטמעת מנגנוני עבודה, שיתוף פעולה בין-ארגוני ובין-מקצועי, הנחלת שפה משותפת בשיח על ילדים ונוער בסיכון, ומדידה של מצבם ומצב משפחותיהם. בת שבע הייתה מנהלת תוכנית PACT ברחובות, ולפני כן רכזת עירונית של תחום צעירים במרכז צעירים ברחובות."
רועי קסוס,מנהל בית הספר לרפואה באוניברסיטת בן גוריון,"רועי קסוס הוא כיום סגן מנהל המרכז הרפואי סורוקה ואחראי על המערך האונקולוגי/המטולוגי, המכון הקרדיולוגי, המכון הגנטי, המכון הפתולוגי, המכון לרפואה גרעינית ומכלול המעבדות בבית החולים. בנוסף, הוא משמש כסגן דיקן הפקולטה למדעי הבריאות ומנהל בית הספר לרפואה באוניברסיטת בן גוריון. 
רועי הוא גינקולוג עם התמחות על בגינקולוגיה אונקולוגית וניתוחים רובוטיים.
בנוסף הוא בעל תואר שני במנהל מערכות בריאות ומשלים בימים אלו התמחות על נוספת במנהל רפואי. 

בנוסף לעיסוקיו הקליניים, תחומי העניין המדעיים שלו כוללים אונקולוגיה גינקולוגית עם דגש מיוחד על סרטן השחלות וסרטן השד. הוא מנהל מעבדת בעלי חיים העוסקת במודלים המשמשים לחקר התנהגות הסרטן, מיקרוביולוגיה של גידולים ומנגנוני עמידות לתרופות בסרטן"
שאול קסטלניץ,מפקח כולל בחינוך היסודי במחוז החרדי במשרד החינוך,"שאול הוא מפקח כולל בחינוך היסודי במחוז החרדי במשרד החינוך, ומרצה במדור החרדי ב""יד ושם""."
נופר קפון,ראש מינהל חינוך בעיריית בת-ים,"נופר הוא ראש מינהל חינוך בעיריית בת-ים ובמסגרת תפקידו הוא אמון על הובלת מערכת החינוך העירונית ועל עיצובה. קודם לכן הוא ניהל בית ספר תיכון וקידם תהליכי פדגוגיה חדשנית וחינוך ערכי. בעבר הוא כיהן כסמנכ""ל חטיבת מוצרים בקבוצת קידום ובמסגרת תפקידו היה אחראי על הובלה ועל פיתוח של כלל מוצרי החברה ומערך ההוראה והפדגוגיה."
ענבל רון קפלן,"מנהלת ביקורת באגף רווחה, תעסוקה ושיוויון חברתי במשרד הרווחה והביטחון החברתי","ענבל היא מנהלת אגף פיתוח כלים - ראמ""ה (הרשות הארצית למדידה והערכה בחינוך). קודם לכן שימשה כמנהלת אגף המבחנים בראמ""ה. מאז שנת 2006 היא מילאה שם תפקידים שונים: תחילה, הקימה וניהלה את תחום המחקרים הבינלאומיים בראמ""ה והובילה את הביצוע של מחקרי חינוך שונים במערכת החינוך בישראל, ביניהם מחקר PISA של ה-OECD ומחקרי PIRLS ו-TIMSS של ארגון ה-IEA . בהמשך, ענבל ניהלה את תחום המבחנים הארציים בראמ""ה והייתה שותפה לתכנון של מערך ההערכה הארצי החדש."
הילה קפלן,"מנכ""לית המועצה האזורית רמת הנגב לשעבר","הילה היא מנכ""לית המועצה האזורית רמת הנגב."
אבישי קראוס,"מנכ""ל אקסטל ישראל","אבישי הוא מנהל מחוז דרום ברשות מקרקעי ישראל. בתפקידו הקודם היה מנהל החטיבה העסקית ברשות מקרקעי ישראל. בעברו שימש אבישי כסמנכ""ל ממשל וחברה במשרד ראש הממשלה והיה אמון, בין היתר, על קידום רפורמות ממשליות, הובלת תהליכי תוכניות העבודה של הממשלה, מעקב אחר החלטותיה, שיתוף הציבור והתמודדות הממשלה עם שלל אתגרים וסוגיות חברתיות. בעבר שימש, בין היתר, כראש מטה מנכ""ל משרד ראש הממשלה, כעוזרו הבכיר של פרקליט המדינה, וכפרקליט במחלקת הבג""צים אשר ייצג את המדינה בפני בית המשפט העליון במגוון רחב של עתירות בנושאים בוערים בציבוריות הישראלית. את שירותו הצבאי סיים אבישי כמפקד צוות לוחמים בסיירת גולני.. קודם לתפקידו זה שימש אבישי כפרקליט במחלקת הבג""צים בפרקליטות המדינה וייצג את המדינה בפני בית המשפט העליון במגוון רחב של עתירות בנושאים בוערים בציבוריות הישראלית, ובהן חוקתיות הסדרי ""השוויון בנטל"" - גיוס חרדים לשירות צבאי ולאומי, ""כשרות פרטית"", יהודה ושומרון, סוגיות ביטחוניות שונות, משק האנרגיה, תשתיות לאומיות, תכנון ובנייה, רווחה וחינוך ועוד. את שירותו הצבאי סיים אבישי כמפקד צוות לוחמים בסיירת גולני."
יאיר קראוס,עיתונאי בידיעות אחרונות ו-YNET,"יאיר הוא עיתונאי בידיעות אחרונות ובאתר Ynet. קודם לכן היה הכתב בצפון של מקור ראשון מאז שנת 2006. הוא מכסה גם את תחום הבריאות והסביבה, הוביל את סיקור מגפת הקורונה במקור ראשון והופיע כפרשן בכלי תקשורת נוספים, והוא מגיש אקטואליה ברדיו קול רגע. בעבר היה כתב הערוץ הראשון בצפון במעריב וברדיו קול חי ועורך החדשות המקומיות של הוט בצפון. יאיר הוא זוכה פרס פראט 2013 לתקשורת סביבתית. עיתונאי בצפון, איש הצפון ומאוהב בצפון ובגליל בפרט."
איציק קרומבי,מנהל מרכזי תעסוקה וחדשנות לחרדים,"איציק הקים סטארט-אפ ומכר אותו, פתח אקסלרטור (חממה טכנולוגית) ליזמים מהמגזר החרדי - אף שהוא עצמו נחשף לאינטרנט ולעולם המחשוב רק לקראת גיל עשרים, ומשמש כמנכ""ל ביזמקס – מרכז יזמות וחדשנות שמטרתו לסייע לגברים חרדים להשתלב בשוק העבודה, בדגש על תעשיית ההייטק."
גיל קרומר,ראש מינהלת תחבורה רמת גן,"גיל הוא מנהל אגף תשתיות רכיבה במשרד התחבורה. לפני כן שימש כמינהל תשתיות אגף רשויות מקומיות במשרד התחבורה. בתוקף תפקידו היה אחראי על תקצוב פרויקטי תשתית תחבורה בכלל הרשויות, על ניהול והובלת פרויקטי הליבה של המשרד בתווך העירוני בהיקף של כ-4 מיליארד ₪, ועל קידום המדיניות לחיזוק ולשיפור תשתיות התחבורה העירוניות. קודם לכן שימש כראש אגף פרויקטים במשרד ועבד במשך שלוש שנים במינהל המעבר דרומה במשרד הביטחון, שם הוביל וקידם פרויקטים לחיזוק התשתיות הלאומיות בנגב עבור תושבי האזור ומשרתי הקבע. גיל הוא בוגר מחזור ב' של תוכנית צוערים לשירות המדינה, ובעבר היה יועץ ועוזר לסגן ראש עיריית הרצליה וממונה פרויקטים בלשכת ראש העיר."
עמית פוני קרוניש,מנהל תחום התחדשות עירונית בחברת דונה,"עמית הוא מנהל תחום התחדשות עירונית בחברת דונה. בתפקידו הקודם עמד בראש המִנהלת להתחדשות עירונית בירושלים, שהוא אחד ממקימיה בשנת 2014. המִנהלת, הראשונה מסוגה בארץ, עוסקת בניהול פרויקטים בתחום פינוי-בינוי, תמ""א 38 ושדרוג המרחב הציבורי בירושלים ומעניקה שירותי ייעוץ והסברה לתושבי העיר. קודם לכן ריכז את תחום הדיור בהישג יד ברשות לפיתוח ירושלים והיה רפרנט באגף למדיניות ותכנון אסטרטגי בעיריית ירושלים בנושאי דיור, פיתוח מטרופוליני ומדיניות צעירים."
יואב קריים,"מפתח פרויקטים בחינוך, שיקום ורווחה. יו""ר הועד המנהל של בזכות- המרכז לזכויות אדם של אנשים עם מוגבלות ומורה לאזרחות ומדעי החברה","יואב הוא מפתח פרויקטים בתחומי חינוך, שיקום ורווחה ויו""ר הועד המנהל של ארגון בזכות - המרכז לזכויות אדם של אנשים עם מוגבלות. בעבר היה מנהל שותף של האשכול לשינוי חברתי בבית איזי שפירא וחבר בהנהלת הארגון. מתוקף תפקידיו הקודמים הוביל את תחום ההכלה בארגון והיה אחראי על תוכניות של סינגור, שינוי עמדות ותחום המדיניות. בנוסף, הוא מלמד בקריה האקדמית אונו בחוג לריפוי בעיסוק ובחוג לחינוך, ומלמד באוניברסיטה העברית בחוג לעבודה סוציאלית. לאורך כל שנותיו הוביל תהליכים בשדה המדיניות וברמה הקהילתית לקידום שוויון והשתתפות של אנשים עם מוגבלות, לרבות השתתפות בפורומים פורמליים כמו מועצת הביטוח הלאומי וועדת לרון, ופעילות אקטיביסטית במסדרונות השלטון בתקשורת, בשדה החינוך וברחובות."
יורם קרין,מוביל מצוינות ואזוריות ביוזמת הביתה,"מאז 12.24 יורם מוביל מצוינות ואזוריות ביוזמת הביתה.
בשנים 2009 ועד שנת 2024 יורם כיהן כראש המועצה האזורית עמק המעיינות. במסגרת תפקידו גיבש אסטרטגיה וחזון למועצה והוביל עם צוות המנהלים תהליך צמיחה אזורי כולל, תוך כדי יצירת שיתופי פעולה אזוריים ורב-מגזריים, וקידום החינוך, הקהילה, הכלכלה והתעסוקה ובניית אמון וסולידריות אזורית בין כול התושבים והיישובים ובין העמק והעיר.
בשנים אלו שימש גם כיו""ר רשות ניקוז ירדן דרומי, יו""ר פארק תעשיות צבאים ויו""ר החברה הכלכלית.
בשנים 2019 עד שנת 2024 כיהן כיו""ר אשכול רשויות כנרת עמקים, המונה 15 רשויות ו 200,000 תושבים. 
בשנים 2006 עד 2008 כיהן כסגן ראש המועצה.
בשנים 2001 עד 2006 הקים מפעל גדול של תנובה בעמק בית שאן.
בשנים 1990–2000 יורם היה מרכז משק בכפר רופין והוביל תהליך שינוי רחב וכולל באורחות החיים בקיבוץ."
מוסא קריני,מנהל תוכנית ריאן דרום לקידום התעסוקה בחברה הבדואית,"מוסה הוא מנהל תוכנית ריאן דרום לקידום התעסוקה בחברה הבדואית. בתפקידו הקודם הוא שימש כמנהל פיתוח תוכניות לנוער בחברה הערבית בעמותת עלם וגם כמנהל רשת מרכזי פינג'אן לנוער בסיכון בחברה הבדואית בעלם. מוסה מלווה פורום ארגונים שעובדים עם נוער בסיכון בחברה הבדואית במטרה לבנות רשת מקצועית תומכת בתחומי למידה ושותפות בחיבור צעירים בחברה הבדואית לארגונים בחברה הישראלית. בעבר הוא עבד בעיריית רהט, עסק בריכוז פיתוח קהילה ותעסוקה, פיתח תחום הכוונה לתעסוקה והקים את כנס 1,000 משרות לצעירים. הוא מייסד ושותף בהקמת תיאטרון אלמהבאש בחברה הבדואית בנגב."
עדי קין קרני,סמנכ״לית קו M2 מטרו בנת״ע,"עדי היא סמנכ״לית ביצוע ותפעול בחברת אנלייט לוקאל. לפני כן שימשה כסמנכ""לית תכנון וביצוע בחברת מידן טכנולוגיות בע""מ, העוסקת באנרגיות מתחדשות ובעצמאות אנרגטית ברשויות ובארגונים. לפני כן הייתה סמנכ""לית חטיבת מהיר לעיר בחברת נתיבי איילון, שמטרתה לשדרג את מערך התחבורה הציבורית במטרופולין תל אביב ולספק אלטרנטיבה לרכב הפרטי לתושבי מרכז הארץ, ופעלה מול 17 רשויות מקומיות למען סלילת נתיבי תחבורה ציבורית ושבילי אופניים ושדרוג של מערך קווי האוטובוסים, של המרחב העירוני ושל ניהול התנועה. קודם לכן היא ניהלה את מחלקת דיור בר השגה של עיריית ת""א-יפו במסגרת חברת עזרה וביצרון לאחר שנים של ניהול פרוייקטי נדל""ן ובינוי ברחבי הארץ. בשנת 2008 התגוררה עדי במשך שנתיים בהודו במסגרת עבודתה, כחלק ממיזם לשיתוף פעולה עסקי בין חברות ישראליות לחברות מקומיות."
רז קרני,מנהל כפר הנוער נירים,"רז הוא יזם חברתי ועסקי והבעלים של עוצמה סולארית – חברה לאנרגיה מתחדשת, בעבר כיהן כיו""ר שותף במדרשה למנהיגות ישראלית משותפת שהוא ממייסדיה. הוא שירת 28 שנה בצה""ל: תחילה בתפקידי פיקוד והדרכה ביחידות ובהמשך פיתח קריירה ארוכה כקצין וכמפקד בחיל החינוך והנוער. בתפקידיו הבולטים פיקד על בסיס החינוך חוות השומר ולאחר מכן פיקד על בסיס החינוך הגדול בצה""ל – מחו""ה אלון. את שירותו בצה""ל בדרגת אלוף משנה כמפקד המערך לקידום אוכלוסיות ובמסגרת זו היה ממונה על הקשר של צה""ל עם החברה הישראלית, פיקד על המורות החיילות, גרעיני הנח""ל, הגדנ""ע ובסיסי קידום האוכלוסיות הייחודיות: עולים חדשים, נוער בסיכון ובני מיעוטים והוביל תוכניות חינוכיות כגון השלמת השכלה, לימודי שפה לעולים ולבני מיעוטים, גיור והכנה לשירות צבאי. לצד תפקידיו בחיל החינוך המשיך רז להתנדב למילואים כמפקד פלוגה קרבית וכיום הוא מפקד נפת גליל מערבי בפיקוד העורף במילואים."
מור קרסין,"סמנכ""ל פיתוח עסקי, כרמל- בית מסחר לתרופות",מור מנהלת את עידן טכנולוגי - שותפות של המועצה האזורית עמק המעיינות ושל חברת גבעסול - חברה תעשייתית משפחתית  משלבי ההקמה. בעבר עבדה בציונות 2000 ובקרן לאוטמן בהובלה של מודל מתכלל עירוני ובהקמה של מיזמים עסקיים לבני נוער. מור הייתה שותפה יחד עם בן זוגה בהקמה של כפר נוער לבני נוער יתומים ברואנדה.
ארז קרפ,סגן מנהלת בית החולים בילינסון,"ד""ר ארז קרפ הוא סגן מנהלת בית החולים בילינסון. בתפקידו הקודם היה מפקד המרכז לשירותי רפואה בחיל הרפואה בצה""ל. לפני כן היה מפקד הרפואה בפיקוד הצפון. בעברו מילא תפקידים שונים כקצין רפואה בחיל הרפואה. ארז הוא מומחה ברפואה פנימית. את התמחותו ביצע במרכז הרפואי האוניברסיטאי סורוקה. בנוסף, הוא מתמחה במנהל רפואי."
עמיר קשי,"מנהל אגף רווחה, עיריית מעלה אדומים","מנהל אגף רווחה ושירותים חברתיים בנס ציונה, תפקיד הנוגע בכל תחומי החיים, ניהול אגף בשגרה ובחירום. מנהל תחום וועדות לתכנון טיפול והערכה במשרד הרווחה,  עבודת מטה, עבודה בשיתופי פעולה עם אגפים שונים במשרד ושתפ בין משרדי עם משרדי החינוך והבריאות.  מנהל תכנית תעסוקה ארצית, בעמותת בעצמי, כולל מנהל מחלקת פיתוח תכניות וידע, עבודה עם המגזר העסקי, אוניברסיטאות, קצין בריאות נפש במגב."
שמעון קשש,מנהל האגף לחינוך יסודי ועל יסודי ומנהל התוכנית הלאומית 360 לילדים ונוער בסיכון בעיריית בני ברק,"שמעון הוא מנהל אגף לחינוך יסודי, על יסודי ומנהל התוכנית הלאומית 360 לילדים ונוער בסיכון, עיריית בני ברק. מאז שנת 2010 ממלא שמעון מגוון תפקידים בעיריית בני ברק: ניהול תוכניות ופרויקטים בנושאי חינוך ורווחה, שבמסגרתם הוא ממונה על עשרות בעלי תפקידים; ייזום וקידום עבודה בצוותים בין-מקצועיים של מספר אגפים במסגרת תכנית 360°  לילדים ונוער בסיכון; עבודה מול כמה משרדים ממשלתיים, מעקב תקציבי שוטף, דוברות ויחסי ציבור, גיבוש והפקת ימי עיון לאנשי מקצוע, ארגון כנסים להורים ולאנשי החינוך בעיר. בשנים האחרונות כיהן כסגן מנהל אגף החינוך בבני ברק, ובשנת 2022 התמנה למנהל אגף חינוך יסודי, על יסודי במקביל לתפקידו כמנהל 360 ברשות. בשנים האחרונות הוא גם שותף ליוזמות של תוכניות חדשניות עירוניות ולהפעלתן בעיר ובנוסף מוכר כפעיל קהילתי."
שני עידן ראובן,"רופאת ילדים מחוזית וסגנית רופאה מחוזית, מחוז דרום, מכבי שירותי בריאות","סגנית רופאה מחוזית, רופאת ילדים מחוזית ומנהלת סגל רופאים במכבי מחוז דרום משנת 2025.  רופאת ילדים בשדרות, בוגרת התמחות ברפואת ילדים בסורוקה ורופאת ילדים וקשב בקהילה בשנים האחרונות עם דגש על קידום בריאות בקרב האוכלוסיה. מתנדבת וחברה בעמותת ״מדעת״- החל בחינוך רפואי לאוכלוסיה הכללית ועד לפעילות הציבורית של העמותה."
בנצי ראקוב,מתכנן ערים - בנצי ראקוב ניהול תכנון עירוני ואזורי בע''מ,"בנצי הוא מתכנן ערים בעל ידע וניסיון רחב בתחומי התכנון והבניה ורשויות מקומיות. מנכ""ל מנהלת הסכמי הגג של קרית גת. מומחה בדיור מואץ, הסכמי גג וניהול תכנון ופיתוח שכונות ובפרט תכנון הקמה ואכלוס שכונות חרדיות, עם ניסיון עתיר שנים במסגרת פעילות ציבורית, עסקית וחברתית. בעלים של חברת בנצי ראקוב ניהול תכנון עירוני ואזורי בע""מ המלווה רשויות מקומיות וגופי ממשל בתכנון, הקמה ואכלוס שכונות וערים חרדיות ומעורבות על שלל היבטיה. חוקר תהליכי תכנון, דיור ועירוניות במגזר החרדי, מקים ויו""ר פורום מתכננים חרדים."
ערן רביב,"יועץ ומרצה לחדשנות, בינה מלאכותית וטכנולוגיות למידה","ערן הוא מנכ""ל Tailor-ED. בעבר הוא ניהל את מיזם קמפוס IL – התוכנית הלאומית ללמידה דיגיטלית. במשך עשור הוא הוביל תכנון, פיתוח וניהול של תוכניות התערבות לקידום מוביליות חברתית באמצעות טכנולוגיה של עשרות אלפי אנשים בישראל במסגרות שותפויות תלת-מגזריות. בשנים 2007–2011 ניהל את תוכנית נטע@ למצוינות ומנהיגות טכנולוגית לנוער, וב-2011 הקים את מחלקת התוכן של עמותת תפוח ושימש סמנכ""ל תוכן וחדשנות של העמותה עד שנת 2015. בשנת 2015 השתתף בתוכנית המנהיגות CSP של משרד החוץ האמריקאי, ובמסגרתה היה עמית מחקר במעבדת החדשנות של NYU Governance Lab The והוביל מחקר לבחינת האפקטיביות הפדגוגית של תוכניות הכשרה מקוונות. פרויקט ההתנדבות הארצי שפיתח בשנותיו כמנהל תוכנית נטע@ זכה בשנת 2012 באות הנשיא למתנדב ומיזם קמפוס בהובלתו זכה בשנת 2018 לאות ההוקרה לחדשנות בשירות המדינה."
עודד רביבי,מנכ״ל אנו מוזיאון העם היהודי,"בתפקידו האחרון שימש עודד כראש המועצה המקומית אפרת. במקביל, משנת 2014, הוא משמש כיו""ר דירקטוריון החברה למשק וכלכלה סוכנות לביטוח וכחבר באספה הכללית של מפעל הפיס. בשנת 2013 הוא נבחר לשמש כמנטור בתוכנית ההכשרה לראשי רשויות חדשים שיזם משרד הפנים בשיתוף עם מרכז השלטון המקומי, האוניברסיטה העברית ומפע""ם ירושלים, וכיום משמש כמנטור עבור שני ראשי רשויות חדשים. בשנים 2008-2000 הוא עבד כעורך דין עצמאי המתמחה בתחומי המשפט האזרחי והמסחרי ולפני כן שימש כעו""ד במשרד עורכי דין העוסק בתחומי המשפט האזרחי, נזיקין ודיני הביטוח. בשנים 1995-1994 ביצע עודד התמחויות במשרדים העוסקים במשפט האזרחי-מסחרי ובלשכה המשפטית של הסוכנות היהודית."
עדי פריזן רביד,סגנית מנהלת בית החולים וולפסון לשעבר,"ד""ר עדי פריזן רביד שימשה סגנית מנהלת בית החולים וולפסון החל משנת 2022 עד שנת 2023. קודם לכן שימשה כרופאה בכירה בהנהלת בית החולים וכרופאת ילדים. בשנת 2020 שימשה כיועצת מנכ""ל משרד הבריאות וכעוזרת מנכ""לית בית החולים וולפסון. עדי מומחית במנהל רפואי וברפואת ילדים וביצעה את התמחותה בבית החולים וולפסון ובמשרד הבריאות, ואת הסטאז' בבית החולים מאיר. היא בעלת תואר ראשון בביוטכנולוגיה (BSc), תואר מוסמך בווירולוגיה (MSc) ותואר ד""ר לרפואה (MD) - כולם מאוניברסיטת תל אביב. במסגרת תוכנית ענבר היא השלימה תואר מוסמך במנהל עסקים (MBA) עם התמחות בניהול מערכות בריאות באוניברסיטת תל אביב."
ציון רגב,מנהל תוכנית החומש בחינוך במזרח ירושלים ומנהל קהילת קיבוץ כפר עזה,"ציון מכהן כמנהל תוכנית החומש בחינוך במזרח ירושלים ומנהל קהילת קיבוץ כפר עזה. בתפקידו הקודם היה מנהל האחריות החברתית בחברת גזית-גלוב ובמסגרת זאת הקים וניהל את מיזם לדרום המסייע בשיפור תשתית מערכות החינוך ביישובי הפריפריה בדרום בכלל ובתמיכה בבתי ספר, בסטודנטים ובמרכזי צעירים בפרט. קודם לכן הוא שימש כמנכ""ל אייסף - הקרן הבינלאומית לחינוך, שמלווה סטודנטים מצטיינים מהפריפריה הכלכלית-חברתית ותומכת בהם, וניהל את הפנימייה התיכונית ע""ש מיי בויאר בירושלים. את שירותו הצבאי סיים ציון כקצין נשק וכסגן מפקד סטי""ל בחיל הים בדרגת רס""ן."
יונתן רגב,"סמנכ""ל כספים בישראכרט","מכהן כיום כסמנכ""ל הכספים בישראכרט. לפני כן, כיהן כמנהל הסיכונים הראשי בישראכרט וכסמנכ״ל מניעת הונאות ורגולציה בחברה. בעבר עבד כעשר שנים באגף התקציבים במשרד האוצר, בין היתר כסגן הממונה על התקציבים האחראי על התחומים הכלכליים."
בועז רדי,"מנכ""ל ובעלים חברת אימפקט","בועז משמש כבעלים וכמנכ""ל משותף של אימפקט בע""מ- חברה המתמחה במתן ייעוץ בנושאי יחסי ממשל, לובינג ואסטרטגיה פוליטית לגופים כלכליים, לארגונים חברתיים ולמגוון חברות בארץ ובעולם. קודם לכן עבד במשך חמש שנים כראש אגף רגולציה וחבר בפורום הנהלת בנק הפועלים. בנוסף, היה ציר כלכלי בשגרירות ישראל בוושינגטון ואחראי על מערכת הקשרים הכלכלית בין ממשלת ישראל והממשל האמריקאי. את שירותו הצבאי סיים בועז כקצין ביחידה 8200 בדרגת סרן."
אסנת רובין,ראשת החוג לתואר שני בייעוץ חינוכי במכללה ירושלים וחברה בוועדת ההיגוי של המל״ג להנגשת השכלה גבוהה לפריפריה החברתית,"אסנת מכהנת כראשת החוג לייעוץ חינוכי במכללה ירושלים. לפני כן הייתה ראשת ביה""ס להתמחות מקצועית וראשת התמחות מחקר והערכה במכון מופ""ת. היא מרצה בכירה באקדמיה וחוקרת, בין היתר, את זהותו של מורה-המורים ואת סוגיית החרדים באקדמיה. מחקריה פורסמו בספרים, במאמרים ובכנסים בישראל ובעולם. היא הקימה תוכנית לתואר שני בייעוץ והתפתחות האדם למגזר החרדי מטעם אוניברסיטת חיפה, ומנהלת אותה מאז הקמתה. כמו כן יזמה ומנהלת פרויקט ייעוץ בדוא""ל במגזר החרדי. תפקידים נוספים שכיהנה בהם: ראשת יחידת מחקר, עורכת ראשית של כתב עת, ראשת מינהל סטודנטים, ראשת חוג במכלל, וחברה בוועדות לכתיבת תוכניות לימודים לתואר שני במכללות."
מאיר רובין,"מנכ""ל פורום קהלת","מאיר הוא מנכ""ל מייסד של פורום קהלת - מכון מחקר ומעשה השוכן בירושלים ומקדם את מעמדה של ישראל כמדינת הלאום היהודי, את המשילות ואת חירות הפרט. מאז הקמתו השפיע הפורום על המדיניות הלאומית באופן עמוק ומשמעותי וכיום הוא מכון המחקר המוביל בישראל בתחומי עיסוקו. בפורום כ-140 חוקרים ותקציבו הוא כ-35 מיליון ₪ בשנה. בנוסף, מאיר הוא מנכ""ל מייסד של עמותת ההזנק דיקטה העוסקת בלמידת מכונה ובלשנות, מעסיקה שלושים עובדים ובעלת תקציב של 7 מיליון ₪ בשנה. דיקטה פיתחה מנוע ניקוד חדשני לעברית, מנוע חיפוש עוצמתי לטקסטים עבריים ושלל כלים נוספים המיועדים לאקדמיה ולציבור הרחב ללא תשלום. בעבר היה יועץ החקיקה של סיעת הליכוד בכנסת, מדריך בתנועת אחריי! ומדריך בפנימייה לנוער בסיכון."
דנה רובין,"מנהלת אגף לשירותים חברתיים, מ.א. חוף הכרמל","החל מ-2018  מנהלת האגף לשירותים חברתיים וקהילתיים במ.א. חוף הכרמל, התפקיד כולל פיתוח ומתן שירותים חברתיים ליחידים, משפחות וקהילות, בשגרה ובחירום. ניהול, הדרכה ופיתוח העובדים, ניהול תקציב האגף, תוך פיתוח ממשקים ושותפויות 
2016-2019 - מנהלת המרכז לטיפול בילד ובמשפחה, מ.א. חוף הכרמל. התפקיד כלל הקמת מרכז טיפולי, ניהול ארגוני ומקצועי לארבע יחידות טיפוליות: היחידה לגיל הרך, היחידה לילד ונוער, התחנה לטיפול משפחתי, והיחידה לטיפול ומניעת אלימות במשפחה. 
2000-2016 - מנהלת התחנה לטיפול משפחתי 
במקביל לעבודתי הציבורית, מעל 20 שנה מלמדת באוניברסיטת חיפה בביה""ס לעבודה סוציאלית, קורסים לתואר ראשון ושני בתחומי העבודה הסוציאלית והטיפול המשפחתי. 
בנוסף, מזה 20 שנה מטפלת ומדריכה בקליניקה פרטית"
שחר רובינשטיין,מנהל כפר הנוער קדמה,"שחר הוא מנהל כפר הנוער קדמה וגם המייסד והמנכ""ל של עמותת ערכים בספורט, המובילה תוכנית חינוכית ייחודית לילדים ולבני נוער המשתתפים בחוגי ספורט ובספורט תחרותי. בעבר הוא היה מורה בתיכון, בעיקר לתלמידים מעוטי יכולת, ובתקופה זו שימש גם כמנטור בתוכנית חותם. כמו כן הוא היה מנהל מחוז בעמותת אחריי! ומדריך חברתי לנוער בפנימיית קדמה לבני נוער מרקע עברייני. שחר שירת כקצין לוחם בשייטת 13."
נתנאל רובינשטיין,ראש אגף בכיר ניהול משברים/מטה שיקום ארוך טווח אחרי אסונות משרד רהמ,"נתנאל מוביל ממשל בארגון תשתית לחיזוק השירות הציבורי שהינו שותף בהקמתו. בעבר ניהל את אגף הכשרות וידע במשרד הפנים. מאז שנת 2013-2024 ביצע מגוון תפקידי מטה וניהול פרויקטים במשרד לאזרחים ותיקים, שוויון חברתי והפנים."
רבקה רודנסקי,מנהלת אגף מערכות מידע במרכז הרפואי שערי צדק,"רבקה מנהלת את אגף מערכות המידע של המרכז הרפואי שערי צדק בירושלים משנת 2020. בתפקידיה הקודמים בשערי צדק, החל משנת 2015, רבקה הייתה מנהלת תחום פיתוח תוכנה וסגנית מנהלת אגף מערכות מידע. היא מובילה את תחום המחשוב במקצועיות תוך כדי ייזום וקידום חדשנות, טכנולוגיה ודיגיטציה של תהליכים. שמירה על רציפות תפקודית, אבטחת מידע והגנה בסייבר. לרבקה יש השכלה בהנדסת תוכנה וחינוך, מעל 15 שנות ניסיון בהי-טק, במגוון תפקידים: ניהול צוותי פיתוח, פיתוח יישומים, ניהול מוצרים וניהול לקוחות."
יובל רווה,סגן מנהל המרכז הרפואי מרחבים,"סגן מנהל המרכז הרפואי מרחבים. חבר וועד באיגוד הפסיכיאטריה של הילד והמתבגר. בתפקידי הקודם ניהלתי את המחלקה לפסיכיאטריה של הילד והמתבגר במשרד הבריאות, ובין היתר תכננתי וליוויתי את ההקמה של מרכזי התערבות במשבר לילדים ונוער, בשיתוף עם האיגוד, ואת הקמת הבתים המאזנים הראשונים בארץ לילדים ונוער. לפני כן ניהלתי מרפאה רב תחומית לטיפול בילד ובמשפחה בבי""ח הרצוג, שסיפקה שירותי בריאות נפש מונגשים תרבותית לאוכלוסייה המגוונת של צפון ירושלים והאיזור. לאורך השנים צברתי ניסיון קליני עשיר בטיפול באלפי ילדים במסגרות שונות, החל מעבודה כמתמחה ומומחה בפסיכיאטריה של הילד והמתבגר במרכז הרפואי הדסה, עבודה במרפאות שונות של קופ""ח מכבי, ליווי משפחות וילדי אומנה במסגרת עמותת ""אור שלום"", וליווי ילדים וצוותים בפנימיות טיפוליות. אני עוסק במחקר נוירו ביולוגי גנטי. הרציתי והדרכתי סטודנטים לרפואה בביה""ס לרפואה של האוניברסיטה העברית, וסטודנטים לתואר ראשון ושני במסלול האקדמי של המכללה למנהל. נבחרתי מספר שנים כמרצה מצטיין. רב סרן במילואים ומשרת כרופא באוגדה 98. את התמחותי בפסיכיאטריה של הילד והמתבגר עשיתי במרכז הרפואי הדסה, ואת הסטאז' ברפואה במרכז הרפואי אסף הרופא."
שמעון רוזיליו,ראש מינהל חינוך בעיריית דימונה,"בתפקידו האחרון שימש שמעון כמנכ""ל המועצה המקומית ירוחם. במסגרת תפקידו היה אחראי על ניהול מחלקות הרשות המקומית ועל קידום יעדיה בתחומי מוביליות חברתית, איכות חיים ופיתוח כלכלי. בעבר עסק כעשרים שנה בתחום החינוך, ניהל שני בתי ספר תיכוניים וניהל את מחלקת החינוך בירוחם."
נעה שבירו רוזמן,"סגנית רופאת המחוז, לשכת הבריאות המחוזית תל אביב","נעה היא רופאה מומחית בבריאות הציבור, החל משנת 2024 משמשת כסגנית רופאת המחוז בלשכת הבריאות תל אביב. קודם לכן הייתה רופאת נפת פתח תקווה במשרד הבריאות, ולפני כן עבדה כרופאה מומחית בלשכת הבריאות המחוזית בתל אביב. במהלך ההתמחות ולאחריה עבדה באופן חלקי גם באגף לאפידמיולוגיה בחטיבת בריאות הציבור במשרד הבריאות. חברה בוועדה המייעצת למחלות זיהומיות ולחיסונים. בעבר עבדה בחברת התרופות GlaxoSmithKline כיועצת רפואית"
מירי הימן רוזן,"מנכ""לית ומייסדת עמותת לשמה","מירי היא מנכ""לית ומייסדת עמותת לשמה, המקדמת עשייה חברתית-ציבורית של נשים חרדיות בכירות. העמותה פועלת לפיתוח עתודה של נשים חרדיות בכירות ומקצועיות שתעסוקנה בקידום פתרונות לאתגרים חברתיים. בשנים 2012 -2007 עבדה מירי כעיתונאית במגוון תפקידי כתיבה ועריכה בעיתונות החרדית - עיתון משפחה וחברת סמש מגזינים. היא בעלת תואר שני במדיניות ציבורית בהצטיינות מאוניברסיטת תל אביב, תואר ראשון במדעי החברה בהצטיינות יתרה מהאוניברסיטה הפתוחה ותעודת הסמכה להוראה מסמינר גור אשדוד."
אור רוזן,"סמנכ""ל מכירות באמזון","אור הוא סמנכ""ל מכירות ישראל באמזון ווב סרביסס (AWS), חברת מחשוב הענן הגדולה והמובילה בעולם. במסגרת תפקידו הוביל את אמזון לזכייה במכרז הענן הממשלתי של ישראל נימבוס, מנהל צוותי מכירות לקידום טרנספורמציה דיגיטלית מול החברות המובילות במשק וחבר הנהלה באמזון ישראל. קודם לכן הוביל תהליכי פיתוח עסקי בקבוצת אלביט מערכות. לפני כן ייסד והוביל את הפעילות של סטארט-אפ בתחום התעופה. בשירותו הצבאי שירת כקצין ומפקד בחיל האוויר."
ורדית רוזנבלום,"טו""ר ועו""ד. חברת סגל במכון מנדל למנהיגות, ודיקאנית בתוכנית 'שלוחי ציבור' בשיתוף עם האונ' העברית. מנהלת מדרשת 'אותות'.","ורדית היא טו""ר ועו""ד. מנחה בתכנית מנדל לפיתוח מנהיגות בחברה החרדית ובתכנית שלוחי ציבור בשיתוף עם האונ' העברית. כמו כן, מנהלת מדרשת 'אותות' - מסגרת תורנית לנשים חרדיות. קודם לכן, הובילה ורדית תכנית לנשים חרדיות. בנוסף, היא עבדה שנים רבות ב""יד לאישה"" במתן סיוע, ייעוץ
וייצוג לנשים עגונות ומסורבות גט. היא מנחה נשים
חרדיות במסגרת תכניות מנהיגות שונות ומרצה בנושאי משפט, נשים והקהילה החרדית. ורדית היא עמיתה בפורום ""פעילים חברתיים"" חרדים מיסודו של מוסד שמואל נאמן בטכניון, ובחסות ""שחרית"". ורדית משיבה לחרדים אנונימיים הפונים בשאלות של זהות, זוגיות ואמונה לאתר החרדי 'אקשיבה', וחברה בוועדת ההיגוי של מכון דב לאוטמן לחינוך."
אהוד רוזנבלום,"מנהל יחידה לרפואה דחופה ילדים, מרכז רפואי מאיר, שירותי בריאות כללית","אהוד משמש החל מ 2014 כמנהל מלר""ד ילדים במרכז הרפואי מאיר. קודם לכן הוא התמחה ברפואת ילדים באסף הרופא וברפואה דחופה ילדים - באסף הרופא ובבית החולים SickKids שבטורונטו קנדה. לאחר סיום התמחות העל , עבד כרופא בכיר וכמנהל תוכנית הסימולציה ב McMaster 
Children Hospital בהמילטון שבקנדה.
אהוד עוסק לא מעט בחינוך רפואי בעזרת סימולציה וכיום מוביל את תוכנית הסימולציה של החוג לרופאה דחופה ילדים ושל האקדמיה לרפואה דחופה ילדים במאיר."
עומר רוזנבלום,מנהל היחידה ללמידה ופיתוח רופאים,"משנת 2020 עומר מנהל את היחידה ללמידה ופיתוח הרופאות/ים של מכבי. עומר מקדם את החינוך הרפואי, עוסק בפיתוח למידה, הכשרות והטמעת מיומנויות בקרב הרופאות /ים . היוצר של ""המסכת"" סדרת הפודקאסטים ברפואת הקהילה. עומר יוזם ומפתח תכניות ומיזמי למידה מותאמי צורך והכשרות לטיפוח חוסן הרופאות/ים. מומחה ברפואת המשפחה בעל מרפאה בבאר-יעקב. מדריך סטודנטים ומתמחים ברפואת המשפחה וזכה בפרס אלקלעי למדריך מצטיין של החוג לרפואת משפחה באוניברסיטת ת""א. את הסטאז' השלים בבי""ח שמיר בהצטיינות, התמחות ברפואת משפחה במכבי במסגרתה זכה בפרס המתמחה המצטיין. חבר בצוות ההיגוי של EXERCISE IS MEDICINE ISRAEL  לקידום אורח חיים בריא ופעילות גופנית."
רעות רוזנבלט,"מנהלת שירות פסיכולוגי חינוכי, מועצה אזורית יואב","כיום אני מנהלת, זו השנה השנייה, את השירות הפסיכולוגי החינוכי במועצה אזורית יואב, אשר מונה, מלבדי, חמש פסיכולוגיות ומהווה חלק ממחלקת החינוך במועצה. לפני כניסתי לתפקיד הניהול עבדתי בשפ״ח במשך ארבע שנים כפסיכולוגית בהתמחות חינוכית וכחלק מתפקידי ריכזתי את תחום החוסן תוך הובלת בנייה ויישום של תכנית לקידום חוסן במועצה. טרם הכניסה למקצוע הפסיכולוגיה החינוכית עסקתי קרוב לעשור בחינוך והוראה. במרבית השנים הללו עבדתי כמורה לחינוך מיוחד, אך התנסיתי גם בחינוך כיתה רגילה. בנוסף, במשך מספר שנים שימשתי כמנתחת התנהגות ומומחית תחום ניתוח התנהגות יישומי במתי״א קרית גת."
עדי רוזנברג,מנהלת מחוז דרום וירושלים במשרד העלייה והקליטה,"בתפקידה האחרון לפני משרד העליה עדי שימשה כמנהלת האגף לתכנון אסטרטגי ופיתוח כלכלי במועצה המקומית ירוחם. במסגרת תפקיד זה עסקה בתחומים של- פיתוח כלכלי וקידום עסקים, פיתוח וגיוס משאבים, שיתוף ציבור, דיגיטציה, שירות לתושב, פיתוח ארגוני ופיתוח שירותים לדשים לתושב. קודם לכן עמדה עדי בראש קהילת בני עקיבא בירוחם- גרעין התיישבות משימתי המונה כמאתיים משפחות וניהלה את נקודה טובה - הזרוע הביצועית של הקהילה הפועלת בתחומי החברה והקהילה ומחברת בין קהילות, רווחה, זהות יהודית, העצמת המשפחה ותרבות. כמו כן, עדי היא חברת מזכירות נבחרת ב קרן קהילות - רשת גרעינים תורניים הפועלים בפריפריה החברתית והגיאוגרפית של מדינת ישראל. בעבר הייתה מהיוזמות ומהמקימות של גרעין סטודנטיות, בנות שירות לאומי ומשפחות בשכונת שפירא בדרום תל אביב, שמטרתו להשתלב בשכונה ולפתח בה מענים בתחום החברה, הרווחה והחינוך."
רני רוזנהיים,"מנכ""ל עיריית בת ים","רני הוא ראש מינהל אסטרטגיה וחדשנות בעיריית ירושלים. לפני כן ניהל את אגף חברה בעיריית ירושלים ובמסגרת זו היה אחראי על מכלול הפעילות הקהילתית הבלתי פורמלית בעיר – המינהלים הקהילתיים, הנוער, הגיל השלישי ועוד – בקרב המגזרים השונים. לפני כן שימש כמנהל אגף תרבות ותכנון אסטרטגי, ניהל את הישגים – התוכנית הלאומית להנגשת השכלה גבוהה לפריפריה, וכיהן כסמנכ""ל תנועת הנוער בני עקיבא. את שירותו הצבאי עשה רני ביחידה הטכנולוגית של חיל המודיעין."
ירון רוזנטל,ראש מועצת גוש עציון,"ירון הוא ראש מועצת גוש עציון. קודם לכן שימש כמנהל עסקי של קיבוץ כפר עציון ויו""ר של בית ספר שדה כפר עציון."
זהבה רוזנטל,"מנהלת השרות הפסיכולוגי ירושלים, עירית ירושלים","פסיכולוגית התפתחותית וחינוכית. עבדתי שנתיים במרכז להתפתחות הילד וסיימתי את ההתמחות ההתפתחותית בשפ״ח ירושלים, ובהמשך סיימתי את ההתמחות החינוכית. אחרי שמונה שנות עבודה כפסיכולוגית במהלכם השלמתי את לימודי הדוקטורט, התחלתי לנהל את התחנה למגזר החרדי בשפ״ח ולאחר שמונה שנים בתפקיד זה, עברתי לניהול השפ״ח. תחום ידע משמעותי שלמדתי והתמקצעתי בו הוא הטיפול הדיאדי - cpp. אני מטפלת ומדריכה בתחום זה. לפני כשמונה שנים הקמתי את היחידה ההתפתחותית בשפ״ח ובכך איחדתי את שתי התחומים שאני מאמינה בהם מאוד למקום העבודה שלי. במסגרת תפקידי כמנהלת השפ״ח פיתחתי את תחום התערבויות המניעה במסגרות החינוך, הרחבתי את המענים לקהילה, ומיצבתי את מקום השפ״ח בעיר ירושלים. גאה לנהל שפ״ח רב תרבותי ומגזרי, דווקא בתקופה מורכבת זו."
פזית רוזנטלר,"מתכללת להתחדשות עירונית בשכונת יוספטל, עיריית פתח תקווה","פזית היא מתכללת להתחדשות עירונית בשכונת יוספטל בפתח תקווה. לפני כן ניהלה את אגף חירום בעיריית מודיעין עילית בשנים 2020-2025. בשנים 2020-2010 ניהלה את אגף התעסוקה במודיעין עילית ובמסגרת תפקידה הייתה אחראית על תחום התעסוקה בעיר ועל קידום עסקים, כולל יזמות, קשרי מעסיקים, קשרי קהילה ושירותים תומכי תעסוקה. לפני כן שימשה פזית כמנהלת תחום במגזר העסקי וכמנהלת ביקורת ראשית בעיריית אילת."
אלחנן רוזנפלד,מרצה ומדריך פדגוגי מכון להכשרת מורים,אלחנן הוא איש חינוך יועץ ויזם חינוכי.
משה דוד רוזנפלד,עורך דין עצמאי,"משנת 2011 משה הוא עורך דין ויועץ משפטי בארגונים שונים ומנהל פרויקטים לחולים, נכים, ילדים עם צרכים מיוחדים ומחלות גנטיות באגודת עזרה למרפא. כבר שני עשורים הוא עוסק בתחום החינוך במגזר החרדי ומדריך קורסים שונים במד""א לכלל גוני הציבור היהודי והערבי."
דני רוזנר,בעלים ושותף בפ.ר.ג (צעדים לשינוי חברתי) – ניהול פרוייקטים בחינוך וחברה. מנהל אסטרטגיה ב'אופקים אסטרטגיה'.,"החל משנת 2017 מנהל דני את פ.ר.ג (צעדים לשינוי חברתי) שיסד, חברה לניהול פרוייקטים בתחומי חינוך וחברה, יחד עם שותפתו ענבר הרוש-גיטי (חברת רשת) ושותפו טל פריימן. בנוסף, מנהל דני את תחום ההשפעה בחברת 'אופקים אסטרטגיה'.
בנוסף, דני מוביל עבור קרן Goodman את תהליך הקמת האקוסיסטם של מחנות הקיץ במסגרת ארגון  'Summer Camps ישראל'. בעבר שימש כסמנכ""ל במשרד החינוך, כמנהל מינהל חברה ונוער. לאחר מכן שימש כמנהל התוכנית למנהיגות נוער במכון מנדל למנהיגות, לבכירי החינוך הבלתי פורמלי. קודם לכן שימש כמנכ""ל תנועת ""אחריי!"", כמנהל כספים וכמנהל מייסד של מס' פרוייקטים לבני נוער בעמותה. זאת ועוד, שימש דני כמנהל צמיחה בסטארט אפ riseup וכמנהל פרוייקטים בחברת 'התו השמיני'. דני היה שותף-מייסד במועצת ארגוני הילדים והנוער ושותף מייסד בפורום מכינות אופק, המכינות החצי שנתיות בישראל. בנוסף, השתתף בכתיבת: דו""ח 'הקפיצה החברתית' בקרן רש""י, דו""ח החינוך הבלתי פורמלי בישראל ודו""ח החינוך הבלתי פורמלי בתקופת הקורונה במכון מנדל למנהיגות, חינוך חברתי בחינוך הממלכתי-עברי במרכז מנור, אסטרטגיית החינוך החברתי בחברה הערבית במשרד החינוך, מחקרי מחנות קיץ בישראל, מחקרים לשילוב אוכלוסיות ומוביליות חברתית ועוד. כמו כן היה חבר ב: השולחן העגול הבינממשקי במשרד ראש הממשלה, המועצה המייעצת לשר החינוך, הוועדים המנהלים של: ""אחריי!"", התאחדות הסטודנטים והסטודנטיות, 'רואים רחוק', 'המרחב החינוכי השלם 24/7', 'המועצה לאסטרטגיה ציונית' ועוד."
יעקב צבי (קובי) רוזנשטיין,"מנכ""ל רשת החינוך דרכי יושר","יעקב הוא מנכ""ל רשת החינוך דרכי יושר ומייסד ומנכ""ל רשתות חינוך חרדיים, גני ילדים, בתי ספר יסודיים לבנים, תיכון לבנות ובית ספר מקצועי ללימודי הוראה ומקצוע לבנות חרדיות בפריסה ארצית, ומקים ומנהל בית תמר - רשת בתים מאזנים לבנות הסובלות מהפרעות אכילה. במשך 25 שנה הוא שימש כעוזרו וכדוברו של מנהיג הציבור הליטאי הרב שטינמן זצ""ל. בעבר גם כיהן כדובר וכעוזר של ח""כ הרב משה גפני ושל ח""כ הרב שמואל הלפרט. כיום הוא משמש כחבר הנהלת המועצה האזורית מטה בנימין."
שלמה רוזנשטיין,חבר הנהלת 'דרשו' . יועץ למשרד התחבורה,"מייסד ובעלים של חברת שיר הלוי המעניקה שירותי יעוץ למשרדי ממשלה, ארגונים ועסקים לקידום ופיתוח תהליכים במגזר החרדי. חבר הנהלת ארגון דרשו הפועל בקהילות התורניות ב28 מדינות ברחבי העולם לפיתוח מצוינות והישגים. יועץ לגיוס משאבים. כותב ועורך ספרי הגות וחינוך."
וסים רוחאנה,"סמנכ""ל חטיבה עסקית בבאבקום סנטרס","וסים הוא ממייסדי חברת באקום סנטרס, המעסיקה יותר מאלפיים עובדים, וכיום הוא סמנכ""ל החטיבה העסקית שלה וחבר הנהלה. בעבר ניהל את חטיבת הגליל בחברה. לפני כן ניהל את היחידה העסקית ברמת רווח והפסד, ניהל קבוצה של פעילויות אשר העסיקו כ-520 עובדים והיו ממוקמות בשלושה אתרים שונים: שניים במשגב ואחד בדלית אל-כרמל, והיה אחראי על הובלת מנהלי הפעילויות יחד עם המטה התומך, לעמוד ביעדי החברה ולשפר תהליכים להשגת מצוינות בשירות."
אסף רוט,"מנכ""ל ושותף בקבוצת חברות בינלאומיות / סגן ראש מועצה אזורית בני שמעון בהתנדבות","אסף הוא יושב הראש של האגודה הקהילתית קיבוץ דביר (בהתנדבות), והחל באוקטובר 2018 הוא נציג הקיבוץ במליאת המועצה בני שמעון וסגן ראש המועצה. החיבור בין מרחב הנגב, חינוך בעידן הנוכחי וחוסן קהילתי הם חלק מהמאיצים של אסף בחייו. בתחום המקצועי הוא מנכ""ל ושותף בקבוצת אינסטאנט וכן בחברת לוגיק פיתוח עסקי וטכנולוגי. בעשור האחרון הקים עם שותפים קבוצה של עסקים בעלי פרופילים שונים – טכנולוגיה, סחר, ייעוץ וייזום – שהמכנה המשותף לכולם הוא עולם התיירות והמלונאות בישראל ובעולם. לחברות הללו חמישה מרכזים בעולם והן פורצות דרך בתחומן. ""Business is all about pleasure"", אומר אסף כמשל לתשוקה שיש לקוות ולמצוא בעשייה היומיומית."
ציפי רוטלוי,"סמנכ""לית העיתון יתד נאמן","ציפי היא סמנכ""לית יתד נאמן - העיתון החרדי הנפוץ ביותר. במסגרת תפקידה היא אחראית על השיווק, הפרסום, המכירות ועל ניהול העובדים מלווה את ניהול העיתון על אגפיו השונים ותורמת לפיתוחו המרשים – משנת 2006 הוא מופץ ביותר מ-140,000 עותקים מדי שבוע. מאז שהחלה את עבודתה בעיתון בשנת 1986 היא מילאה בו תפקידים שונים: מנהלת שיווק, סמנכ""לית שיווק, אחראית משאבי אנוש ועוד."
יעקב רוטשילד,"מפקד המרכז לשירותי בריאות הנפש, חיל הרפואה, צה""ל","משנת 2024 משמש יעקב כמפקד המרכז לשירותי בריאות הנפש. לפני כן שירת כראש מנהל הבריאות התעסוקתית וכקצין הרפואה של עוצבת הגליל (אוגדה 91). קודם לכן, היה ראש מדור רפואה בפיקוד הצפון. במהלך התמחותו מילא תפקיד של פסיכיאטר במרפאת בריאות הנפש המרכזית של צה""ל ובמקביל מ""פ של יחידת רפואה אווירית במיל' באוגדה 98. עוד קודם לכן, בין השנים 2010-2013 שרת כרופא יחידה בחיל הים. תפקידו הראשון בצה""ל היה רופא גדודי בחטיבת הצנחנים. יעקב הוא מומחה בפסיכיאטריה ובוגר בית הספר לפסיכותרפיה יונגיאנית. את התמחותו ביצע במרכז לבריאות הנפש שלוותה בהוד השרון."
יובל רויטמן,ראש אשכול רגולציה במחלקה למשפט כלכלי במשרד המשפטים,"יובל הוא ראש אשכול רגולציה במחלקה למשפט כלכלי במחלקת ייעוץ וחקיקה במשרד המשפטים. בתפקידו הקודם שימש כפרקליט בכיר וכראש צוות פרקליטים במחלקת הבג""צים שבפרקליטות המדינה, וייצג רשויות מדינה בעתירות חוקתיות ומינהליות לבית המשפט הגבוה לצדק. בעבר הוא כיהן כיועץ המשפטי בפועל לרשות החברות הממשלתיות, כעו""ד במשרד GKH וכיועץ המשפטי למנהל הגיוס והבקו""ם באגף כוח האדם בצה""ל במסגרת הפרקליטות הצבאית. יובל מרצה במסגרות אקדמיות בנושאים מגוונים ובהם משפט חוקתי ומינהלי, רגולציה שלטונית ודיני אנרגיה."
נתי רום,"מייסד ארגון לב העולם, רום משרד עורכי דין, עמותת אור עמי וחברת סמריה","עו""ד נתי רום, פעיל זכויות אדם, עוסק בהסברה, פעיל ומרצה בעולם על ציונות ועל החיים בהתיישבות ביהודה ושומרון, מייסד חברת לב העולם הפועלת לחיזוק ההתיישבות ביהודה ושומרון, בעוטף עזה, בגליל, בגולן ומגורשי גוש קטיף על ידי תמיכה בעסקיהם. כמו כן הוא מקים עמותת אור עמי העוסקת בתמיכה בהתיישבות החלוצית בישראל."
איל רונן,סמנכ״ל תכנון חברת FUTURO,"בתפקידו אחראי על תחום ניהול התכנון בחברה ייזום, והשבחת נדל״ן לפרויקטים מורכבים. במסגרת זו מוביל צוות המנהל תוכניות סטטוטוריות למול מגוון בעלי קרקעות, יזמים נוספים ומוסדות תכנון. מתמחה בתחום המגורים, התעסוקה והמרחב המוניציפלי. קודם לתפקיד זה ניהל פרויקטי תכנון בחברת וקסמן גוברין גבע בהמשך לניהול מחלקת תכנון בעיריית תל אביב-יפו תוך קידום הליכי התחדשות ופיתוח מזרח ת""א. כמו כן עסק בהוראה בבצלאל ובמועצה לבנייה ירוקה. בשירותו הצבאי היה קצין ומפקד בחיל המודיעין, יזם והקים את יחידת התצפיתניות בגבול הלבנון."
זיו רונן,מנכל מרכז רפואי RMC Medica עפולה.,"נכנס במאי 2025 לתפקיד מנכל RMC Medica
לאחר שב 5 שנים האחרונות זיו מפתח את תחום החדשנות והיזמות הרפואית בפריפריה. במסגרת זו ניהל את הפיתוח העסקי של הקמת חברת נורת'מד המניעה יזמות וחדשנות רפואית בסחנין תחת קרן פורטלנד. במהלך השנה וחצי האחרונות הקים זיו את יחידת החדשנות במרכז רפואי צפון והביא לצמיחת תהליכי חדשנות מסודרים ואפקטיבים במרכז הרפואי. הכשרה והדרכה, תהליכי יזמות פנים המביאים למימוש פוטנציאל יזמי של אנשי הצוות במרכז הרפואי. והפיכת המרכז הרפואי לאטרקטיבי יותר לתעשייה בהיבטי מחקר ופיתוח.
לזיו עבר של 23 שנה בחייל האוויר הישראלי בו מילא שלל תפקידי פיקוד ומטה. אחריהן החליט ללמוד ולהתפתח בתחום החדשנות הרפואית."
לינדה כהן רופא,"סמנכ""לית בכירה לטרנספורמציה ואסטרטגיה קבוצת שטראוס גרופ",
אבי רוקח,מנהל מיזם ממלכתיות במעוז,"מנהל מיזם ממלכתיות במעוז. בתפקידו הקודם היה מנכ""ל סוטריה ולפני כן שימש כמנהל קהילת מרכז ברשת אמי""ת. במסגרת התפקיד היה אחראי על כל בתי הספר באזור המרכז של הרשת בהיבט החינוכי, הפדגוגי והכלכלי. היה מרצה בקורס מנהלים של אבני ראשה ושותף בהקמה ושימש כראש הישיבה ומנהלה הראשון של אמי""ת עמיחי ברחובות. קודם לכן היה מנהל התיכון בישיבה התיכונית בכפר גנים. תושב לוד וכיום משמש כיו""ר הגרעין התורני בעיר. את דרכו החל בירוחם כשותף בגרעין התורני."
עתר רזי-אורן,"מנכ""לית ביחד- קרן משפחת קרסו","עתר היא מנהלת קרן ביחד לקידום הכשרה מקצועית והשכלה טכנולוגית כאמצעי לניעות חברתית-כלכלית לצעירים ולחיזוק המשק. הקרן יוזמת תוכניות ושיתופי פעולה בין-מגזריים כאמצעי לשינוי משמעותי בתחום. קודם לכן היא ניהלה במשך חמש שנים את מרכז הפילנתרופיה בשיתופים, הייתה במשך ארבע שנים מנכ""לית קרן קהילתית טירת כרמל, וניהלה במשך ארבע שנים את הפורום להסכמה אזרחית. את שירותה הצבאי החלה עתר כמורה חיילת בבאר שבע וסיימה כסגנית מפקדת יחידת מורות חיילות ארצית."
מחמוד רחמאן,יועץ אסטרטגי,"מחמוד הוא יועץ אסטרטגי. בתפקידו הקודם שימש כסגן בכיר לממונה על השכר והסכמי עבודה במשרד האוצר. במסגרת תפקידו הקודם היה אחראי על קידום המדיניות באגף השכר לרבות קידום אסטרטגיה ותכנון לטווח ארוך. בעבר הוא כיהן כיועץ בכיר לממונה על השכר והסכמי עבודה, כסגן מנהל יחידת האכיפה וכרכז בריאות באגף השכר."
קאסם אבו ריא,"מנכ""ל עיריית סח'נין","קאסם הוא מנכ""ל עיריית סח'נין מאז שנת 2002. במסגרת תפקידו הוא אחראי על הניהול הכללי של העירייה, שותף לקביעת מדיניותה ולביצוע, מפקח על עבודת המחלקות השונות, מנהל את משאבי האנוש בעירייה ומייצג אותה בפני פורומים ומוסדות ממלכתיים, ציבוריים ופרטיים. קודם לכן, בשנים 1993–2001 שימש קאסם בעירייה כמנהל היחידה לתכנון אסטרטגי ומידע. משנת 2008 הוא חבר בדירקטוריון עמותת אנג'אז - מרכז מקצועי לקידום הרשויות המקומיות הערביות בישראל) ומאז שנת 2017 הוא יו""ר הדירקטוריון."
אורית שטיין- רייזנר,מנהלת בית החולים שיקומי רעות תל אביב,"ד""ר אורית שטיין-רייזנר מנהלת משנת 2020 את בית החולים השיקומי רעות תל אביב, לאחר ששימשה שם כסגנית מנהל וכמנהלת רפואית. לפני כן ניהלה את מחלקת בריאות הנפש במכבי שירותי בריאות. במסגרת תפקידה עמדה בראש מערך של מאות עובדים, הובילה את הרפורמה בבריאות הנפש בארגון וייצגה את מכבי מול גופים ממלכתיים בתחום בריאות הנפש. בשנים 2015-2013 שימשה אורית כפסיכיאטרית מחוזית ומנהלת תחום בריאות הנפש של מכבי שירותי בריאות במחוז ירושלים והשפלה. במסגרת תפקידה, ניצחה על הקמתן של מרפאות בריאות הנפש במחוז לקראת הרפורמה בבריאות הנפש והייתה אחראית על יישום תוכניות עבודה, גיוס כוח אדם ומתן ייעוץ מקצועי. קודם לכן, ובמשך 10 שנים, ניהלה את מחלקת המיון במרכז הרפואי לבריאות הנפש לב השרון. במקביל, בשנים 2008-2004 שימשה כסגנית הפסיכיאטר המחוזי של משרד הבריאות במחוז מרכז. אורית בוגרת הפקולטה לרפואה ובעלת תואר שני במנהל עסקים, שניהם מאוניברסיטת תל אביב, מומחית בפסיכיאטריה ובמנהל רפואי. משך שנים רבות מנחה בחוג לחינוך רפואי בפקולטה לרפואה באוניברסיטת תל אביב. במסגרת עשייתה החברתית היא חברת דירקטוריון עמותת אנוש, משמשת כמנטורית לרופאות צעירות בתוכנית Womed, ומתנדבת בעמותת הופכות את היוצרות המסייעת לנשים במעגל הזנות. התמחות רפואית: אורית מומחית בפסיכיאטריה. את התמחותה ואת הסטאז' ברפואה ביצעה במרכז הרפואי ע""ש שיבא בתל השומר."
אלישיב רייכנר,עיתונאי ופובליציסט בעיתון מקור ראשון ומנחה במעוז,"אלישיב הוא בוגר המחזור הראשון של ישיבת ההסדר בירוחם וחבר במליאת בני עקיבא, היה חבר מערכת בעיתון נקודה וכותב במקור ראשון משנת 2000. עבד בתחום התוכן בערוצי טלוויזיה. פרסם שבעה ספרים על החברה הישראלית."
שי רייכנר,ראש המועצה האזורית נחל שורק,"כיום כראש המועצה האזורית נחל שורק, יו""ר החברה הכלכלית נחל שורק, יו״ר הנהלת איגוד ערים אשדוד-חבל יבנה לאיכות סביבה וחבר ועדת תכנון ובניה מחוז מרכז.
בנוסף חבר הנהלת פורום המועצות האזוריות ויו״ר ועדות צעירם ורכב. 
בתפקידו הקודם משנת 2018-2021 שימש כסמנכ""ל דיגיטל ופיתוח כלכלי וסמנכ""ל כספים בפועל בחברה למתנ""סים וכן חבר הנהלה בתוכניות הלאומיות ""קרב"" ו""הילה""."
צחי רייכנשטיין,"מנכ""ל הפועל תל אביב","צחי הוא מנכ""ל הפועל תל אביב בכדורסל. בתפקידו הקודם צחי כיהן כמנכ""ל חברת פינטק ומנכ""ל סייפוקס סקיוריטי. לפני כן כיהן כסמנכ''ל חברת מטריקס טכנולוגיות, כדירקטור וכנושא משרה בחברות בנות, ובמסגרת זאת ניהל את מערך הפרויקטים, ההתקשרויות וההזדמנויות העסקיות בקבוצה (עסקי, כלכלי, מודיעין, משפטי). כמו כן צחי מנהל אסטרטגיות עסקיות, חדשנות טכנולוגית ופרויקטים רוחביים ומאתר חברות להשקעה. שופט ומוביל עסקי של סטארטאפים, הייטק ויזמות. בעבר כיהן כחבר בוועדות טכנולוגיות ועסקיות ברלב''ד, במשרד התחבורה ובמשרד ראש הממשלה. ניהל את מערך הפרויקטים והעסקים בחברה בת בקבוצת דוידוף (Femi) ובחברת YK Systems. צחי התמחה ועסק בעריכת דין במשרדי עו""ד מ' פירון ושות', רון גזית ו-AYR, וכן כעורך דין במחלקה המשפטית-מסחרית בחברת פרטנר תקשורת. הוא ממייסדי עמותת הפורום הישראלי למנהיגות ILF למתן מענה לאתגרים ציבוריים ולקידום החברה הישראלית (Public accelerator), פעיל חברתי ומתנדב."
שלמה ריין,"מנהל מחלקת הייעוץ לבריאות הנפש, מנהל מרכז ״האזינו״, מגן לחולה",יועץ חינוכי ובריאות הנפש
עדי רבקה ריינזילבר,ראשת תשתיות מנהל ובינוי בשירותי בריאות כללית,"עדי היא ראשת תשתיות, מנהל ובינוי בכללית – הגוף המקצועי האחראי על תכנון, הקמה ותחזוקה של מוסדות כללית והתשתיות למתן שירותי בריאות. לפני כעשור עזבה את תחום ההייטק ומאז כיהנה במגוון תפקידים בכירים בהנהלה הראשית של כללית, ביניהם: עוזרת סמנכ""ל חטיבת קהילה, מנהלת מחלקת תכנון, פיתוח ובקרה, סגנית ראש אגף רפואה מקוונת ומ""מ ראש האגף. בנוסף, שימשה כעוזרת סמנכ""ל וראש חטיבת משאבי אנוש במטה. בתפקידה האחרון הייתה המנהלת האדמיניסטרטיבית של המרכז הרפואי שניידר לילדים, כחלק מהנהלתו הבכירה."
מיכל רייקין,מייסדת פורום קרנות צפון ומנהלת תוכניות המנהיגות האזוריות: גליליסט וגלילווסט,"מיכל היא מנהלת פורום קרנות צפון ויושבת ראש חבר הנאמנים של מכללת תל חי. בעברה שימשה כמלווה ויועצת בנושאי פיתוח אזורי. בתפקידה הקודם ניהלה את ההקמה של מעוז צפון. מאז שנת 2013 היא משמשת כמנהלת תוכניות הצוערים לשלטון המקומי בעמותת ידידי עתידים - מיזם משותף של משרד הפנים, משרד האוצר והעמותה. קודם לכן היא כיהנה כמנהלת אגף חברה וקהילה במועצה האזורית גולן ובמסגרת תפקידה הייתה אחראית על חמש מחלקות: חינוך ותרבות, נוער וספורט, קליטה וצמיחה דמוגרפית, תחבורה ומחלקת שירותים חברתיים ורווחה. לפני כן היא הייתה סגנית ראש המועצה האזורית גולן ובמסגרת זו ריכזה תחומי פעילות מערכתיים במועצה. את שירותה הצבאי סיימה מיכל כקצינת אימוץ חיילים בודדים."
אלה רינגל,"מנכ""לית ארגון הרבעון הרביעי","אלה היא מנכ""לית ארגון הרבעון הרביעי. לפני כן ניהלה את מקום - מיזם משותף עם משרד הפנים וארגון מעוז שנועד לגבש את העתודה הניהולית לאיוש תפקידים בכירים במרחב המקומי, בחברה האזרחית, במרחב העסקי ובשלטון המרכזי במטרה לטפח דור עתידי של מנהיגים ומנהיגות ממלכתיים ומובילי שינוי במרחב המקומי. בתפקידה הקודם במעוז היא ניהלה והנחתה את ענבר - תוכנית עתודות לניהול במערכת הבריאות. לאלה ניסיון של שמונה שנים בתפקידי ניהול והנחיה בבית הספר למנהיגות של צה”ל ובתפקידה האחרון שימשה כיועצת וכראש צוות יועצים לקורסים פיקודיים שונים. במסגרת תפקידה עסקה בליווי ייעוצי ארוך טווח של יחידות לוחמות בזרוע היבשה ובחיל הים וכן ליוותה מפקדים וסגל בתהליכי הכניסה לתפקיד. בנוסף, הייתה אחראית על בניית תוכנית הכנת מפקדים לקראת משלחות לחו""ל. קודם לכן עבדה אלה כיועצת תעסוקתית ומאבחנת במכון רום לייעוץ תעסוקתי ואבחון לקויות למידה."
לירון ריפמן,"Content Strategy Manager, Public Policy Europe, TikTok","עו״ד לירון ריפמן, מנהלת מדיניות ציבורית בטיקטוק ישראל. חברה בצוות ההנהלה של טיקטוק ישראל ומובילה את כל ענייני החוץ וקשרי הממשל של טיקטוק בישראל. לפני הצטרפותה לטיקטוק ניהלה את מחלקת Trust and Safety Policies בחברת Fiverr שקבעה את כללי הקהילה ומדיניות התוכן של הפלטפורמה. את דרכה המקצועית התחילה באגף טיוב רגולציה באגף ממשל וחברה במשרד ראש הממשלה, שהוביל את התוכנית הממשלתית להפחתת הנטל הרגולטורי והחלת חובת תהליך הערכת השפעות רגולציה עבור רגולציות חדשות."
לינור רכב,"המשנה למנהל בית החולים - המרכז לבריאות הנפש, באר שבע","המשנה למנהל בית החולים במרכז לבריאות הנפש - באר שבע, משרד הבריאות. במסגרת התפקיד אחראית בין השאר על השירותים האמבולטוריים של בית החולים ועל המקצועות הפארא רפואיים.
לפני כן במשך עשור ניהלה את השירות לעבודה סוציאלית ואת המרפאה להפרעות אכילה במרכז לבריאות הנפש באר שבע. 
חברה בועדה העליונה למומחיות בעבודה סוציאלית ומשמשת כיו""ר ועדת מומחיות בבריאות הנפש - משרד העבודה והרווחה. חברה בוועד חוג באלינט ישראל.
מרצה ומדריכה בפקולטה לרפואה ובמחלקה לעבודה סוציאלית - אוניברסיטת בן גוריון.
פעלה כחברה בצוות המו""מ עם משרד האוצר בנושא הסכם השכר הקיבוצי של העו""ס וכחברה במועצה הלאומית לבריאות הנפש. 
בעלת תואר ראשון ושני בעבודה סוציאלית (MSW) מאוניברסיטת חיפה, ותואר שני במנהל עסקים (MBA, התמחות במערכות בריאות) מאוניברסיטת תל אביב."
אהוד רמר,מנהל פיתוח עסקי גלובלי בחברת מובילאיי (Mobileye),"אודי הוא מנהל פיתוח עסקי גלובלי בחברת מובילאיי. קודם לכן שימש כראש מטה ויועץ כלכלי בכיר למנכ""לית משרד האוצר והוביל את התוכנית האסטרטגית של המשרד. בתפקידיו הקודמים במשרד האוצר שימש כרכז מאקרו וכרפרנט אנרגיה באגף התקציבים. הוא היה אחראי על גיבוש המדיניות הכלכלית ועל הובלת רפורמות בתחומי המאקרו ובשוק האנרגיה. בעבר הקים חברה לייצור ולהפצה של חולצות טי-שירט מקוריות ולפני כן עבד כמתרגל בקורסי מיקרו ומאקרו כלכלה באוניברסיטת בן-גוריון."
יובל רן,סגן מנהלת המרכז הרפואי שמיר,"משנת 2000 הוא שירת במגוון תפקידים בחיל הרפואה של צה""ל החל מתפקיד רופא גדודי וחטיבתי, דרך תפקידים במטה החיל, קצין רפואה אוגדתי ומפקד רפואה של פיקוד המרכז. בתפקידו הצבאי האחרון היה יובל ראש שירותי הרפואה של צה""ל. משנת 2021 ד""ר יובל רן עובד בהנהלת המרכז הרפואי תל אביב במשרד המשנה הרפואי למנכ""ל."
עומאר אבו רקייק,עורך דין עצמאי,"עו”ד עצמאי, עוסק בתחום האזרחי ובייצוג לקוחות מול המוסד לביטוח לאומי, רשויות המדינה ובתי המשפט. בעבר שימש כראש המועצה המקומית תל שבע והוביל תהליכים ציבוריים וקהילתיים משמעותיים. הוא בעל תואר בסיעוד מאוניברסיטת בן-גוריון וניסיון רב בעבודה ציבורית, חברתית וקהילתית בנגב. שילוב ניסיונו בתחומי המשפט, הבריאות והשלטון המקומי מאפשר לו לפעול לקידום זכויות הפרט והקהילה."
אמיר רשף,מנכ״ל נגב גז טבעי,"אמיר מנהל שותפויות אסטרטגיות Remilk. בתפקידו הקודם כיהן כסגן הממונה על התקציבים (ביטחון וממשל) במשרד האוצר. לפני כן שימש כרכז אנרגיה באגף התקציבים באוצר ולפני כן כרכז התעשייה והמסחר באותו אגף. במסגרת תפקידו עבד מול משרדי הממשלה השונים, ובפרט משרד הכלכלה והתעשייה, לקידום צעדי מדיניות שמטרתם הגברת ההשקעות במשק, הגברת התחרות בשווקים של מוצרי הצריכה והפחתת יוקר המחיה. הוא קידם את רפורמת הקורנפלקס אשר הקלה על ייבוא מזון, רפורמה מקיפה בענף התקינה, הקלות רגולטוריות לשם האצת חיבור מפעלים לגז טבעי ועוד. כמו כן כיהן כיו""ר ועדת המחירים במשרד האוצר וכרפרנט מקרקעין ותכנון באגף תקציבים. את שירותו הצבאי עשה אמיר בגדוד 50 של הנח""ל כלוחם, מ""כ, מ""מ וסמ""פ של הפלוגה המסייעת."
איל שאול,דיקן תוכנית וראש תחום מנהיגות בבית הספר מנדל למנהיגות חינוכית,"איל משמש כראש תחום מנהיגות וניהול ומנהל תוכנית עמיתים בבית הספר מנדל למנהיגות חינוכית. בתפקידו הקודם היה ראש תחום התפתחות מקצועית במכללה האקדמית בית ברל וכמרצה בחוג לחינוך שלה בתוכנית להכשרת מנהלי בתי ספר. לפני כן היה ראש תחום התפתחות ולמידה באבני ראשה, מפקח כולל של משרד החינוך על החינוך העל-יסודי בתל אביב-יפו והוביל את מדיניות משרד החינוך ומינהל החינוך של העיר. כמפקח, הוא הוביל גם תוכניות לשיפור תהליכי הוראה ולמידה, העצמת מנהלים, מניעת נשירה ועוד. בנוסף, ניהל את קריית החינוך אורט יד סינגאלובסקי בתל אביב. את שירותו הצבאי סיים איל כמפקד במערך הגיוס של חיל הים."
נסרין שאמי,"מייסדת ומנכ""לית FORSA - שירותי ייעוץ ארגוני, הנחיית קבוצות, פיתוח צוותים ותוכן. מנטורית בתכנית מנדל למנהיגות חברתית בצפון","נסרין היא מייסדת ומנכ""לית של FORSA - שירותי ייעוץ ארגוני, הנחיית קבוצות, פיתוח צוותים ותוכן, ומנטורית בתכנית מנדל למנהיגות חברתית בצפון. לפני כן היא הייתה מנהלת תחום מיעוטים במשרד לפיתוח הנגב והגליל ובמסגרת תפקידה הייתה אחראית על יישום, ליווי, מעקב ובקרה אחר החלטות ממשלה ועל ניהול תוכניות ופרויקטים לצד יצירת שיתופי פעולה עם רשויות מקומיות, ארגונים, מוסדות אקדמאים ועמותות. קודם לכן עבדה כעצמאית בהנחיית סדנאות והרצאות בנושאים מעולם התעסוקה ולפני כן עבדה כרכזת תעסוקה ומעסיקים בעיר כרמל מטעם המרכז היהודי-ערבי לפיתוח כלכלי. נסרין השתתפה בפרויקטים חברתיים רבים והייתה מנהלת סניף הנוער העובד והלומד בדלית אל כרמל, רכזת לתוכנית שנת התנדבות בקהילה בעיר כרמל, ומדריכת הסברה במגזר הערבי למען בעלי צרכים מיוחדים בקהילה."
הנאדי שאער,"סמנכ""לית, ארגון אג'יק מכון הנגב","בתחילת דרכה המקצועית הנאדי ניהלה מסגרות לנערות מהחברה הערבית בנגב שמתמודדות עם מצבי סיכון ומצוקה, הנחתה קבוצות טיפוליות לנשים המתמודדות עם אלימות וקבוצות נוער בגיל ההתבגרות, וקידמה דיאלוג בין ערבים ליהודים. בשנת 2017 התחילה לעבוד בארגון אג'יק בקידום מדיניות וניהול שותפויות מול משרדים ממשלתיים ורשויות מקומיות. בנוסף, היא הקימה קבוצה לנשים וצעירות מכפר יפיע שכיום מונה 5,500 בנות, ומטרתה לאפשר מרחב בטוח לנשים ולקדם יוזמות קהילתיות. במאי 2024 מונתה לתפקיד סמנכ""לית בארגון אג'יק מכון הנגב."
ופיק שבאט,היועץ המשפטי של ההסתדרות הכללית במרחב צפון,"ופיק הוא עורך דין עצמאי, במשך 16 שנים עד אוגוסט 2024 מלא תפקיד היועץ המשפטי, התובע העירוני ומייצג בבתי המשפט של עיריית מע'אר. הוא עורך דין משנת 2002 ועבד 12 שנים כבעל משרד עצמאי בתחומי המשפט האזרחי.  
כיום עורך דין עצמאי הנותן ייעוץ משפטי לרשויות מקומיות, מוסדות וגורמים פרטיים.
משנת 1997 עד שנת 2005 שרת בתפקיד מיוחד בצה״ל."
הילה שבורון,"סמנכ״לית ומנהלת תחום קהילה וחוסן, נט""ל","עו""ס, סמנכ""לית עמותת נט""ל ומנהלת תחום קהילה וחוסן. במסגרת תפקידי, יוזמת ומפעילה תכניות ארציות שמטרתן בנית חוסן ומניעת התפתחות סימפטומים ארוכי טווח של מפגש עם טראומת מלחמה וטרור. מרצה ומדריכה מנהלים ועו""סים שיקומיים. בעבר, יזמת ובעלים של אתר אינטרנטי שהציע פתרון בתחום בריאות הנפש, ניהלתי מרכזים להתפתחות הילד ועבדתי בבית איזי שפירא כמנהלת השירותים הטיפוליים לקהילה. הקמתי וניהלתי פנימיה פוסט אשפוזית לילדים עם לקויות שמיעה ועבדתי במסגרות שיקומיות לאנשים עם מוגבלות."
קרן זילברמן שביט,מנהלת תכנית המנהיגות האזורית במנדל צפון ואחראית תחום רוחב צפון,"קרן מנהלת תכנית המנהיגות האזורית במנדל צפון, לפני כן הייתה קרן שותפה וסמנ""כלית תפעול ראשית (COO) בחברת Sweetch Health המפתחת פתרון טכנולוגי לחולים אשר חיים עם מחלות כרוניות ששינוי התנהגותי יכול להשפיע על בריאותם. בנוסף, היא לוקחת חלק בוועדים מנהלים ובדירקטוריונים של כמה ארגונים חברתיים בישראל ופעילה בתחום העשייה החברתית הקהילתית באזור הצפון. קודם לתפקידה הנוכחי היא שימשה כשותפה מייסדת וכסמנכ""לית תפעול COO בחברת H3 אשר פיתחה טכנולוגיה להעברת מרכז הטיפול והאשפוז לבית המטופל. לפני כן ייסדה במקסיקו את IDEA הפועלת לפיתוח תרבות של חדשנות ויזמות במגזר הממשלתי, החברתי והעסקי דרך מסעות ותהליכי למידה מקצועיים במרחב הבינלאומי. כמו כן היא ממייסדי מנהיגות עסקית צעירה (חל""צ) לפיתוח מנהיגות בפריפריה ושימשה כמנכ״לית הארגון וממנהליה הראשונים של עמותת חינוך לפסגות עם היווסדה. את שירותה הצבאי היא סיימה כקצינת הדרכה בדרגת סגן ביחידת מורן . לקרן תואר שני בהתנהגות ארגונית מביה""ס רקנאטי באוניברסיטת ת""א ותואר ראשון במדעי ההתנהגות מהאקדמית ת""א-יפו. בימים אלה קרן לוקחת חלק פעיל כדוקטורנטית בפקולטה לרפואה של בר אילן בצפת בחקר מרכזי בריאות מצטיינים בעולם אשר ממוקמים בפריפריה גיאוגרפית, מטרת המחקר היישומי הינה לקדם את אקוסיסטם הבריאות בצפון ובאזורי פריפריה גיאוגרפית וחברתית ככלל. היא מלווה בדוקטורט ע״י פרופסור מיכאל אדלשטיין וד״ר סיון  שפיצר."
יקיר שגב,"יו""ר המרחב החברתי","יקיר משמש כיו""ר המרחב החברתי, בעבר שימש כיו""ר עמותת כל אחד ממקומו. לפני כן ניהל את מכון מגיד ובמהלך כהונתו כחבר מועצה בעיריית ירושלים שימש כיזם פרטי בתחום ההשכלה הגבוהה בישראל. במהלך לימודיו הוא היה יו""ר אגודת הסטודנטים באוניברסיטה העברית, שותף בהקמת עמותת רוח חדשה ויו""ר שותף של העמותה. יקיר כיהן כיו""ר דירקטוריון בחברות איסתא ואקדמון, וחיבר את הספר ""כל אחד ממקומו"" ביחד עם הרב בני לאו. בצבא שירת כקצין ביחידת אגוז והוא ממשיך בשירות מילואים פעיל כמפקד גדוד."
אפרת שגב,משנה למנכ״ל SQ,"אפרת היא מנכ״לית לשכת אשראי לישראל. בעברה שימשה כסמנכ""לית דאטה ואנליזה בדן אנד ברדסטריט ישראל. במסגרת תפקידה הייתה אחראית להובלת שיתופי פעולה אסטרטגיים, ניהול הקשר עם מטה החברה בחו""ל, הובלת פרויקטים חוצי-חברה וניהול מחלקת Dun’s 100 – דירוג החברות המובילות במשק הישראלי. קודם לכן שימשה כמנהלת תחום באגף תכנון ואסטרטגיה בחברת פרטנר תקשורת, תפקיד שבמסגרתו ניהלה צוות של מנהלי פרויקטים והובילה מהלכים לשיפור השירות ללקוח. בשירותה הצבאי הייתה אפרת פקחית טיסה ובהמשך שלישת בסיס בחיל האוויר."
טל אלכסנדרוביץ – שגב,"מנכ""לית ובעלים של בן חורין אלכסנדרוביץ' אסטרטגיה ותקשורת","טל היא מנכ""לית בן חורין אלכסנדרוביץ' - חברה לייעוץ תקשורת, דיגיטל, ניהול משברים ואסטרטגיה, מהגדולות בישראל, יועצת תקשורת מנוסה במגזר העסקי, הממשלתי והציבורי, ומרצה. טל שירתה ביחידת דובר צה""ל ונבחרה לאחת מ-50 הנשים המשפיעות של ישראל מטעם פורבס."
גליה שגיא,מנהלת אסטרטגיה ושותפויות בהתאחדות התעשיינים,"גליה היא מנהלת רשת מנהיגות עסקית ב'ישראל מתגייסת'. בעבר שימשה כמנכ״לית טריביו, סטארט-אפ חברתי לקידום התנדבות. לפני כן ניהלה את איגוד תעשיות המזון והמשקאות בהתאחדות התעשיינים - הגוף היציג של התעשיינים בישראל. במסגרת תפקידה הקודם ייצגה את יצרני המזון והמשקאות בפני הרגולטורים השונים ובפני הוועדות השונות בכנסת ופעלה לשיפור הסביבה העסקית של יצרן המזון ושל ענף פעילותו. קודם לכן ניהלה את עמותת שקיפות בינלאומית ישראל - הסניף הישראלי של ארגון Transparency International הפועל לקידום האתיקה והשקיפות כחלק מהמאבק בשחיתות. קודם לכן הייתה גליה עורכת דין פלילית במחלקה המשפטית באגף המכס והמע""מ ברשות המיסים."
ענב נוף שדה,"Founder and CEO at WOTCH Primary Medicine, Ltd","ד""ר ענב נוף שדה היא Founder and CEO at WOTCH Primary Medicine, Ltd. בתפקידה הקודם הייתה סגנית ראש אגף רפואה ומקצועות הבריאות ומנהלת המערך לרפואה ראשונית במכבי שירותי בריאות. לפני כן היא כיהנה במטה מכבי כמנהלת תחום רפואת המשפחה. במסגרת תפקידה  היא אחראית על הובלת תחום רפואת המשפחה בארגון ועל פיתוחו ועוסקת בגיבוש המדיניות ותוכניות העבודה ובמיצוב רפואת המשפחה בליבת העשייה הרפואית של הארגון. קודם לכן שימשה שם כמנהלת רפואית במרחב לב תל אביב-בלפור. במקביל, היא ממשיכה להיות רופאת המשפחה של מאות מטופלים במרכז HIV תל אביב כשותפה במרפאה עצמאית ומתמקדת במטופלים מקהילת הלהט""ב. במסגרת עשייתה החברתית היא מתנדבת כחברת הנהלה של הוועד למלחמה באיידס, כמנהלת רפואית של מרכזי HIV וכיועצת רפואית והובילה יוזמה לקידום הטיפול ב-HIV ברפואת המשפחה. ענב היא מומחית במנהל רפואי וברפואת המשפחה. את התמחותה ביצעה במכבי שירותי בריאות ואת הסטאז' ברפואה ביצעה בבית החולים אסף הרופא."
שרה שדמי-וורטמן,"מנכ""לית מייסדת מרכז ורדה - המרכז הבינלאומי לבינוי קהילה וחברת סגל במכללת אורנים","שרה היא מייסדת שותפה ומנכ""לית של מרכז ורדה – מרכז לאומי ובינלאומי לבינוי קהילה. קודם לכן היא כיהנה כיו""ר קמ""ה – היחידה לקהילה, מנהיגות והשראה במכללת אורנים, המתמקדת בתוכניות ובפעולות לשינוי חברתי בישראל ובעולם. בנוסף, היא המנהלת האקדמית של חותם - תוכנית להכשרת מורים המבוססת על חבורות מחנכים ומחנכות לביסוסן כמנהיגות משנות חברה. כמו כן היא שותפה להקמה ולניהול של שדמות – מרכז למנהיגות בקהילה במכללת אורנים, שהוביל את השינוי במודל החברה למתנ""סים, מנותני שירותים למחוללי חוסן קהילתי. היא עוסקת גם בבניית חוסן קהילתי בנפאל ובאפריקה במסגרת ארגון תבל בצדק, בתהליכי בינוי קהילה בארה""ב ובקהילות יהודיות וישראליות ברחבי העולם ובפיתוח תחום קהילות צעירים בארץ. שרה היא מנהלת ושותפה להקמה של המדרשה לחינוך יהודי במכללת אורנים, ואחרי רצח יצחק רבין הייתה ממקימי המנהל לחינוך ערכי במשרד החינוך ומונתה למפקחת מחוזית בתחום במחוז צפון של משרד החינוך."
רוני שוב,פסיכולוגית חברתית / תעסוקתית,"רוני היא פסיכולוגית תעסוקתית במקצועה. בשנת 2013 הקימה את מצפן, והיא משמשת מנהלת התכניות וההכשרות של המרכז. המרכז מתמחה בשירותי ייעוץ ופיתוח קריירה לנשים ולנערות חרדיות. בעבר עבדה רוני בתחום התקשורת. בין השאר הייתה עורכת ראשית של מוסף הנשים של מקור ראשון, כתבת מגזין, פובליציסטית ובעלת טורים. כמו כן הקימה וערכה את מוסף הנשים של המגזין החרדי בקהילה."
דינה שובל,"משנה למנכ""לית דוראל אורבן","בתפקידה האחרון שימשה דינה כמנכ""לית חטיבת האוכל בשטראוס ומומחית לאסטרטגיה, שיווק, חדשנות, דיגיטל ופיתוח עסקי. לפני כן היא מילאה שורה של תפקידי שיווק וניהול: מנהלת דיגיטל במטה קבוצת שטראוס, מנהלת חדשנות ושיווק דיגיטלי בשטראוס ישראל, מנהלת שיווק עסקי ומנהלת מטה, טכנולוגיה ומנועי צמיחה. דינה נבחרה לרשימת נבחרת המנהיגות הצעירה 40 עד 40 של גלובס לשנת 2022."
אינה שוגייב,מנהלת המרכז הרפואי פלימן,"אינה מכהנת כמנהלת בית החולים הגריאטרי-שיקומי פלימן בחיפה. בתפקידה הקודם הייתה סגנית המנהל במוסד זה, , ולפני כן מנהלת מחלקת גריאטריה חריפה א' בד בבד, והחל משנת 2005 היא חברה באיגוד הגריאטריה הישראלי. היא פעילה בכנסים של האיגוד, ובשנים 2015-2012 הייתה גם חברה בוועדת הביקורת של האיגוד. בנוסף, אינה מרצה בפקולטה לרפואה בטכניון, מדריכה סטודנטים ומרצה בקורסים להכשרה בגריאטריה לרופאי בתי אבות במשרד הבריאות. בשנים 2015-2014 הייתה רופאה ראשית במחלקה פנימית א'1 במרכז הרפואי כרמל בחיפה. קודם לכן, בשנים 2014-2013, הייתה רופאה בכירה בחטיבה הפנימית של המרכז הרפואי. בעבר הייתה גם רופאה בכירה של שירותי בריאות כללית במרפאה הגריאטרית המחוזית של מחוז חיפה והגליל המערבי. בשנת 2015 קיבלה תעודת הערכה על תרומה יוצאת דופן להוראה בחוג לגריאטריה מהפקולטה לרפואה של הטכניון בחיפה. היא מומחית בגריאטריה וברפואה פנימית. את התמחותה בגריאטריה עשתה במרכז הגריאטרי-שיקומי פלימן בחיפה, השלימה את ההתמחות ברפואה פנימית במרכז הרפואי כרמל ואת הסטאז' ברפואה עשתה במרכז הרפואי בני ציון בחיפה. אינה בוגרת קורס תלת-שנתי בפסיכוגריאטריה באוניברסיטת תל אביב."
יהודה שווייגר,"מנכ""ל מועצה מקומית צור הדסה","יהודה הוא מנכ""ל המועצה המקומית צור הדסה החל משנת 2023. קודם לכן שימש כמנכ""ל המועצה המקומית אפרת. במסגרת תפקידו היה אחראי להכנה, תכנון, ביצוע ובקרה של תוכניות העבודה השנתיות והרב-שנתיות של המועצה, לניהול ולתיאום בין מחלקות המועצה ולקידום תכניות ופרויקטים רשותיים. לפני כן היה מנהל מחלקות הביטחון והנוער במועצה. לצד עיסוקו המקצועי הוא משרת כמג""ד במילואים."
יפעת אורון שוורץ,מנהלת אגף תפעול ופיתוח בעיריית ירושלים,"יפעת  מנהלת את אגף תפעול ופיתוח במינהל החינוך בעיריית ירושלים, האמון על כלל ההיבטים הפיזיים והתפעוליים של מערכת החינוך העירונית – מהגדולות והמורכבות בישראל. האגף אחראי על תחומי הבטיחות, התחזוקה, הניקיון, הנגישות הפרטנית והמוסדית, התכנון האדריכלי, שיפוצים ובינוי, היערכות לפתיחת שנת הלימודים, ניהול נכסים ומענים תפעוליים בשגרה ובחירום עבור למעלה מאלף מוסדות חינוך וכ-300 אלף תלמידי ירושלים. במסגרת תפקידה מובילה יפעת מערכות מקצועיות רחבות, ממשקים עירוניים וממשלתיים, תקציבים משמעותיים ותהליכי עבודה מורכבים, במטרה להבטיח סביבה חינוכית בטוחה, איכותית, נגישה ומיטבית לכלל תלמידי העיר.
לפני כן שימשה כמנהלת האגף לפרויקטים אסטרטגיים בבינוי והובילה את מערך בינוי מוסדות החינוך בעיריית ירושלים. במסגרת תפקידיה הובילה, ניהלה וקידמה בניית אלפי כיתות לימוד וגני ילדים, משלב מיפוי הצרכים העירוניים, דרך תכנון, שילוב חדשנות ומרחבי למידה מתקדמים ועד לביצוע, אכלוס והפעלה של פרויקטים בהיקף תקציבי של מאות מיליוני שקלים בשנה.
בתפקידה הקודם כיהנה במשך שבע שנים כממונה על יישום היעדים האסטרטגיים של עיריית ירושלים ושימשה עוזרת בכירה למנכ""ל העירייה, תוך הובלת תהליכים עירוניים משמעותיים בתחומי החינוך, התשתיות והשירות לתושב.
ליפעת תואר שני בניהול ומנהיגות בחינוך מהאוניברסיטה העברית והיא בוגרת קורס דירקטורים. היא בעלת ניסיון רב בהובלת תהליכים חוצי ארגון, בקידום שיתופי פעולה מורכבים ובהנעת ממשקים מגוונים להשגת יעדים מערכתיים. לצד עשייתה המקצועית, היא פעילה בהתנדבות בקהילה, מכהנת כחברת הנהלה במינהל הקהילתי בשכונת מגוריה, חברה בוועד המנהל של מוזיאון המדע בירושלים ומתנדבת בעמותת ""כנפי דרור""."
אביעד שוורץ,"מנהל תחום בכיר תעסוקת חרדים, משרד העבודה","מנהל את אגף תעסוקת החרדים במשרד העבודה, ואחראי על תכניות רבות לקידום תעסוקת חרדים ויישום מדיניות הממשלה בתחום. 
לפני כן היה בצוות תעסוקה באגף התקציבים באוצר ועסק בין היתר בתכנון וקידום מדיניות הממשלה להתמודדות עם השלכות מגיפת הקורונה על שוק העבודה, ובהתווית יעדי התעסוקה לממשלה לשנת 2030 ושילוב אוכלוסיות. קודם לכן עבד במחקר כלכלי בתחום התעסוקה ומדיניות רווחה בבנק ישראל.
בעבר עבד גם מספר שנים בעולמות החינוך הבלתי פורמלי, עם בני נוער, ש""ש ובמכינה קדם צבאית."
אבנר שוורצברג,מכון דוידסון,"אבנר הוא מנהל חטיבת השיווק והתקשורת במכון דוידסון. לפני כן שימש כסמנכ״ל שיווק וחבר הנהלה במרכז לטכנולוגיה חינוכית, חברה לתועלת הציבור. במסגרת תפקידו היה אחראי על מגוון רחב של פעילויות כולל זיהוי צרכים במערכת החינוך, קביעת סל הפתרונות  של מטח עבור מערכת החינוך, קידום והטמעת מוצרי ושירותי החברה בבתי הספר והובלת שותפויות ופעילות מול גופים שונים ואגפים שונים במשרד החינוך.
אל החינוך הגיע אבנר מחברת פלאפון בה ניהל את אגף ציוד קצה בחטיבת השיווק."
יהודה שוחט,"מרצה בקריה האקדמית אונו, דוקטורנט, יזם חברתי, כותב צללים ויוצר תוכן","יהודה הוא העורך הראשי של המגזין ליברל, מרצה בקריה האקדמית אונו, מוביל פרויקטים לשילוב מיעוטים בתקשורת ומנהל חברת תוכן, כתיבת צללים, ייעוץ וסטוריטלינג. לפני כן עבד בקבוצת ידיעות אחרונות כעורך, כרכז כתבים, ככותב מגזין, כסגן עורך מגזין יומי, כמנהל מחלקת תחקירים ועוד."
ליאת שוחט,ראשת עיריית אור יהודה,"ליאת היא ראשת העיר אור יהודה. במסגרת תפקידה היא פועלת לקידום מערכת החינוך בעיר באמצעות רפורמות שמשפיעות באופן ישיר על מדדי החינוך של תלמידי העיר. כמו כן, היא הובילה לחתימת הסכם גג היסטורי שבמסגרתו יוקמו שתי שכונות חדשות שיאפשרו לצעירי העיר להישאר באור יהודה, לשדרוג מבני הציבור והחינוך בשכונות הוותיקות ולהקמת פארק תעסוקה ענק. במקביל, ליאת מקדמת פרויקטים להתחדשות עירונית ופעילויות ספורט ותרבות לכל הגילאים ולכל המגזרים."
נעמה שולץ,"מנכ""לית 'בונים מחדש'","נעמה היא מנכ""לית 'בונים מחדש', מכון מדיניות ישומי. לפני כן שירתה כעשור בשירות הציבורי בתפקידים שונים. בתפקיד האחרון בשירות הציבורי שימשה כמנכ""לית משרד ראש הממשלה. בשנת 2012 היא הצטרפה לצוות ההקמה של מפלגת יש עתיד, הייתה יועצת בכירה לשר האוצר וממונה על קידום יעדים חברתיים ודיור. במסגרת תפקידה עסקה בניהול ובריכוז עבודת המטה של קבינט הדיור והקבינט החברתי-כלכלי. לאחר מכן שימשה כמנהלת האסטרטגיה של המפלגה , דירקטורית בקק""ל וחברה בנשיאות הוועד הפועל של ההסתדרות הציונית העולמית. 
."
ליאורה שוקן,Head of content marketing - Salto,"ליאורה היא סמנכ""לית שיווק ואסטרטגיה של קבוצת ""הארץ"", תפקיד שהתחילה בשנת 2018. במסגרת תפקידה, היא אחראית על תפיסת המותג, על שירות קהל רחב, על הגדלת ה-reach של  התכנים של הקבוצה ועל הרחבת בסיס המנויים, כולל עיסוק בתקציב, במוצר, בתקשורת שיווקית, בשיתופי פעולה ובפיתוח עסקי למטרות impact  וקיימות עסקית. לפני כן הייתה ליאורה מנהלת שיווק ומוצר בחברת אורקל וב-Ravello Systems - סטארט-אפ ישראלי שעסק בתשתיות ענן, שם פיתחה את מנגנוני השיווק ואת תשתית המעבר של הזדמנויות משיווק למכירות."
אשכול שוקרון,"מנכ""ל מועצה אזורית גולן לשעבר","אשכול כיהן כמנכ""ל מועצה אזורית גולן. לפני כן כיהן כמנכ""ל עיריית קריית שמונה וניהל את מטה הבחירות של ראש העירייה. הוא שירת בצבא במשך 25 שנים במערך הלוחם ומילא תפקידי פיקוד, מרמת המחלקה ועד החטיבה המרחבית וחטיבת המילואים. השתחרר מהצבא בדרגת אלוף משנה."
ענבר מזוז שור,"מנהלת מינהל סיוע בדיור, משרד הבינוי והשיכון","ענבר אחראית על תכניות סיוע בתחום הדיור במשרד הבינוי והשיכון, ביניהן סיוע בשכר דירה לזכאים ועולים חדשים, זכאות לדיור ציבורי ו״דירה בהנחה״. עבדה במספר תפקידים בתחום הדיור בממשלה. בוגרת תכנית ""צוערים לשירות המדינה""."
עבד שחאדה,יועץ הוועד הארצי לראשי הרשויות הערביות,"עבד הוא יועץ הוועד הארצי לראשי הרשויות הערביות. במסגרת תפקידו הוא אחראי על תחומים עיקריים מול תוכנית החומש 550 במקביל לעבודתו כעצמאי בשיתוף ציבור בתהליכי קבלת החלטות. הוא ניהל עבודת שטח בעמותת עלם לנוער במצבי סיכון בשכונות מצוקה ברמלה ובלוד וניהל את פעילות ארגון שתי""ל בערים המעורבות באזור המרכז בתחום זכויות הדיור. בשנים  2021-2017 הוא היה מנהל החטיבה העליונה בתיכון השש שנתי הערבי בשכונת הרכבת בלוד לצד עיסוקו בתחום ההכוון התעסוקתי והאקדמאי במטרה לשלב צעירים בתעסוקה איכותי"
נור עבדאלהאדי שחברי,"ראש מטה יישום תכנית הבריאות המערכתית בחברה ערבית, משרד הבריאות וג'וינט אלכא","ד""ר נור עבדאלהאדי שחברי מכהנת היום את התפקיד של ראש מטה יישום תכנית הבריאות המערכתית לחברה ערבית במינהל תכנון אסטרטגי כלכלי,  במשרד הבריאות. המטה מלווה ע""י אלכא ג'וינט כך שבמסגרת הליווי, ג'וינט אלכא מקנים מעטפת מקצועית מקיפה בהקמת המטה ותכלולו. לפני כן, נור עבדה במשרד הבריאות בדסק חברה ערבית במגן ישראל, המרכז הארצי לשליטה וניהול במגפת הקורונה והייתה אחראית על תכנון התערבויות לאומיות ייעודיות לחברה ערבית והובלתן בירושלים המזרחית ובכפרים הבלתי מוכרים בנגב. קודם לכן, עבדה בארגון מעוז כמובילת ידע ואסטרטגיה וכאחראית חברה ערבית והייתה מהצוות המוביל של הקמה וניהול חדר המצב הלאומי של הוועד הערבי לחירום בחברה ערבית בתחילת מגפת הקורונה. בתחילת דרכה עבדה במכללת עמק יזרעאל ובאוניברסיטת חיפה בתחום ההוראה והמחקר."
יעל שחור-מיוחס,"סגנית מנהל בית החולים רמב""ם","החל ממאי 2020, יעל משמשת כסגנית מנהל בית החולים רמב""ם בחיפה. בתפקידה הקודם, מאז שנת 2016 הייתה יעל סגנית ראש אגף רפואת ילדים במרכז הרפואי רמב""ם. במסגרת תפקידה הייתה יעל אחראית לפיתוח סגל הרופאים הצעירים והמתמחים ולהובלת פרויקטים רוחביים בתחום רפואת הילדים. בד בבד הייתה יעל רופאה בכירה ביחידה למחלות זיהומיות בילדים. במסגרת תפקידה, שהחלה בו עוד קודם לכן, היא ייעצה בנושאים הקשורים למחלות זיהומיות במחלקות בית החולים רות לילדים. תחום העיסוק העיקרי שלה קשור למטופלים הסובלים מדיכוי מערכת החיסון – הן בפן הקליני הן בפן המחקרי. בשנים 2017-2015 הייתה חברת ועד החוג הישראלי למחלות זיהומיות בישראל, וחברה בוועדות בחינות ההתמחות ברפואת ילדים ובמחלות זיהומיות. נוסף לכך, מאז שנת 2015 יעל היא מרצה בכירה קלינית בפקולטה לרפואה של הטכניון בחיפה. יעל חברה באיגודים הישראלי והאירופי למחלות זיהומיות ולמחלות זיהומיות בילדים (ESPID ECCMID), ומדריכה סטודנטים לרפואה בתחום המחלות הזיהומיות ונציגת הטכניון בועדת הסטאז' הארצית. בשנים 2014-2007 נתנה יעל ייעוץ בנושאי מחלות זיהומיות למטיילים לקראת נסיעתם לחו""ל, במרפאת המטיילים של שירותי בריאות כללית בחיפה. בשנת 2010 זכתה יעל בפרס ליניאל למצוינות קלינית במרכז הרפואי רמב""ם. בשנים 2013 ו-2014 נבחרה למרצה מצטיינת בפקולטה לרפואה, ובשנת 2017 זכתה בפרס מרים בן חיים על תרומה משמעותית בקורס ""להיות רופא"" של הטכניון. בשנת 2017 נבחרה לעובדת מצטיינת בקריה הרפואית רמב״ם. במסגרת עשייתה החברתית הנחתה יעל בעבר קבוצות תלמידים בבית הספר עלייה בשכונת בת גלים (הסמוכה לבית חולים רמב""ם) בנושאים הקשורים להיגיינה ולאורח חיים בריא. יעל הייתה חברה בפורום ההורים בבית ספר כרמל זבולון (ביגור). כיום היא מתנדבת בצוות ההחייאה ביישוב מגוריה. יעל סיימה בהצטיינות התמחות ברפואת ילדים (2006) ובמחלות זיהומיות (2009). את תקופת הסטאז׳ ואת ההתמחויות עשתה במרכז הרפואי רמב""ם בחיפה."
יאיר שחל,"סמנכ""ל מ.א בנימין אחראי על אגף חינוך רווחה ומתנס","יאיר משמש כסמנכ""ל מ.א בנימין אחראי על אגף חינוך רווחה ומתנס. לפני כן שימש כמזכ""ל תנועת הנוער בני עקיבא בישראל. במסגרת תפקידו הקודם ניהל את התנועה מבחינה אידיאולוגית וחינוכית. בני עקיבא היא תנועת הנוער הגדולה ביותר בציונות הדתית ומונה 60,000 חניכים. קודם לכן שימש יאיר כסמזכ""ל התנועה בתחומי בוגרים ומינהל כספי. את דרכו התחיל כרכז מחוז דרום בתנועה וריכז את הפעילות בסניפיה."
אורי שחם,"ראש לשכת מנכ""ל ומנהל מחלקת צלב אדום במגן דוד אדום","אורי הוא ראש לשכת מנכ""ל ומנהל מחלקת צלב אדום, מגן דוד אדום."
גל שחם,"מנכ""ל UPS חטיבת השילוח הבינלאומי","גל הוא מנכ""ל UPS חטיבת השילוח הבינלאומי. לפני כן היה בעלים ומנכ""ל חברת Delta Novel. הוא שירת בשייטת  13 כמפעיל מערכות וראש צוות, ועם סיום שירותו הצבאי עבד כארבע שנים באבטחת ראש הממשלה, הנשיא ושר הביטחון. לאחר מכן עבד בתפקיד ניהולי בתחום התפעול בחברת הייטק גדולה ויזם הקמה של חברה בת העוסקת בייצוא ובתפעול."
אור שחף,יועץ ומנהל פרויקטים בתאגיד כפרי גליל תחתון,"אור מנהל את החברה הכלכלית לחיפה - תאגיד עירוני מהגדולים בארץ וזרוע הביצוע של עיריית חיפה לפרויקטים כלכליים משמעותיים וליצירת עוגנים כלכליים, עסקיים ומסחריים המהווים פלטפורמה ליצירת מקומות תעסוקה, מסחר, ספורט ופנאי בעיר. לחברה היקף נכסים של מעל מיליארד ₪ וחמש חברות בנות המנהלות את פארק מת""ם, אצטדיון סמי עופר, פארק מדעי החיים ועוד. בעבר היה בעל עסקים בחיפה ולאחר מכן ניהל בתפקידים בכירים בתחום השיווק והמכירות בחברת דיפלומט, נציגת P&G בישראל ובחברת אסם, נציגת Nestle בישראל."
עמית בן שחר,סמנכ״ל הנדסה ומהנדס ראשי בחברת ערים,"עמית הוא סמנכ״ל הנדסה ומהנדס ראשי בחברת ערים קודם לכן היה סמנכ""ל פיתוח ותשתיות בעיריית בת ים. קודם לכן היה מנהל אגף מבני ציבור בעירייה. בעבר עסק בניהול פרוייקטי בנייה ופיתוח שיטת בנייה אקולוגית. בהמשך עסק בחינוך נוער בסיכון וניהל בית ספר מקצועי בנתניה. לעיריית בת ים הוא הצטרף על מנת לשלב את אהבותיו לבנייה ולחינוך באמצעות הקמת מבני חינוך שמדייקים את הצורך הפדגוגי ומתרגמים אותו לתכנון הפיזי, ובניית תשתיות המותאמות לעיר במרקם צפוף מתוך התחשבות בערכים חברתיים המותאמים לתושב."
אפרת שחר,"סמנכ""לית הקרן לידידות","מאז 2019 אפרת היא סמנכ""לית תוכניות בקרן לידידות. במסגרת תפקידה היא אחראית על ניהול והובלה של כלל יחידות התוכן והפעילות הארגונית. התפקיד כולל הובלת תחומים אסטרטגיים ותהליכים חוצי ארגון, ניהול צוות הפרוס ברחבי הארץ, פיתוח תוכניות חדשות, ניהול תקציב של למעלה מ-100 מיליון דולר וכפיתוח שותפויות עם בכירים נוספים בעולם הציבורי ועסקי. מזה יותר מעשור אפרת עוסקת בעולם הציבורי במגוון תפקידי ניהול."
אלית שחר-כהן,מנהלת אגף בכיר הון אנושי במשרד החינוך,"בשבע השנים האחרונות אלית היא מנהלת אגף משאבי אנוש במשרד החינוך, ובמסגרת תפקידה אחראית על העסקתם של כ-2,200 עובדי הנהלת משרד החינוך בפריסה ארצית, החל מאיתורם, וגיוסם וקליטתם ועד פרישתם. כמו כן היא אחראית על יישום והטמעת תהליכי העבודה בתחומי ההון האנושי, ניהול הליך הערכת עובד לכלל עובדי המשרד, הובלת שינויים מערכתיים רחבי היקף, מחוברות ותקשורת פנים ארגונית, הכשרות מנהלים לשימוש בכלי הון אנושי ככלי ניהולי וקשר מול נציבות שירות המדינה וארגונים עובדים. בנוסף, היא אמונה על ניהול ישיר ועקיף של 25 עובדות מקצועיות ואחראית מקצועית על פעילות משאבי אנוש באמרכלויות המחוזיות. בתפקידה הקודם כמנהלת תחום תקינה ומבנה ארגוני באגף משאבי אנוש במשרד החינוך, היא כיהנה כשמונה שנים וניהלה את יחידת התקן של המשרד במיקוד על טיפול במבנים ארגוניים, ניתוח עיסוקים ודרישות סף וכישורים, כולל עבודה אינטנסיבית מול נש""מ, ניהול תקציב משרות ושעות נוספות של עובדי המשרד, וניהול צוות של שלוש עובדות מקצועיות."
נריה שטאובר,"סמנכ""ל תכנון תקצוב ותמחור (בפועל), משרד הבריאות","נריה היא ראש אגף כלכלה במשרד הבריאות. במסגרת תפקידה היא אחראית על הרגולציה הכלכלית במערכת ובכלל זה קביעת מחירי תרופות ושירותים רפואיים וכללי ההתחשבנות בין קופות החולים ובין בתי חולים וספקים נוספים. כמו כן משמשת נריה כיו""ר ועדת התמיכות, אחראית על תקצוב תכניות ההתערבות בתחום כוח האדם במערכת הבריאות ועל הליווי הכלכלי של ועדת סל התרופות. בעבר היתה נריה יועצת בחברת הייעוץ ""פארטו"", וכן חלק מפרויקט קשרי אקדמיה עם סין והודו בועדה לתכנון ותקצוב."
ליאור שטול,"מנכ""ל מוסדות בני דוד","ליאור הוא מנכ""ל מוסדות בני דוד- מכינה קדם צבאית וישיבה לבוגרי צבא בעלי, שבהן לומדים כ-500 תלמידים בגילאים 30-18. משנת 1995 ועד לאחרונה הוא שימש כיו""ר הוועד המקומי עלי וכמזכיר היישוב, ובנוסף, היה חבר דירקטוריון החברה לפיתוח מטה בנימין וחבר מליאה במועצה אזורית מטה בנימין. בעבר הוא שימש כרכז קליטה וכמזכיר הפנים של עלי, ובמסגרת תפקידו הוביל את היישוב לקליטת מאות משפחות ולמכירת מאות יחידות דיור. את שירותו הצבאי - במסגרת ישיבת ההסדר ימית שהייתה בנווה דקלים - סיים ליאור כלוחם בגדוד צבר בחטיבת גבעתי."
רחלי שטיין,"מנכ""לית מרכז תל""ם","רחלי היא מנכ""לית מרכז תל""ם המטפל בנערות נושרות מהקהילה החרדית וכולל תיכונים, מרכזי נוער, מענה חירום ומרכז הכשרה לצוותים ולהורים. במסגרת תפקידה היא יוזמת שיתופי פעולה עם הרשויות, מפתחת תהליכים חינוכיים ומובילה אותם. בנוסף, היא הקימה את יוצאות לחיים - מיזם תעסוקתי לצעירות בסיכון מרקע חרדי המאפשר להן לרכוש מקצוע במעטפת טיפולית רחבה. קודם לכן רחלי שימשה כסמנכ""לית בעמותת אח""י המקדמת שוויון הזדמנויות בחינוך בקרב אוכלוסיות מוחלשות, ובמסגרת תפקידה יצרה שיתופי פעולה עם גורמים ממשלתיים, חברתיים ועסקיים, ניהלה מערך הכשרות ויזמה פרויקטים של מנהיגות נשית בקרב יוצאות אתיופיה."
טל שטיינמן,"Head of Israel, LinkedIn Talent Solutions","לפני תפקידה הנוכחי טל הייתה סמנכ""לית מכירות ב-Gett. לפני כן ניהלה את מגזר הממשלה בחטיבת ה-Enterprise במיקרוסופט ישראל והייתה אחראית על ניהול הקשר העסקי של החברה עם ממשלת ישראל על משרדיה השונים ויחידות הסמך. בנוסף, שימשה כחברת צוות הנהלת חטיבת המגזר הציבורי והייתה שותפה לקביעת מדיניות החטיבה. בשנים 2010-2007 ניהלה את תיקי לקוחות בריאות וטלקום ועסקה בניהול מכירות בתיקי לקוחות אסטרטגיים ובהובלת תהליכי תכנון ופיתוח עסקי של תיקי הלקוחות. בשנים 2004-2002 היא ביצעה כמה תפקידים בחברת מרקורי מוצרי מדע ותעשייה ובתפקידה האחרון ניהלה שם את חטיבת המכירות. בשנתיים הקודמות לכך עבדה טל כמנהלת סניף הייטק בחבר הון אנושי וקודם לכן שימשה כיועצת העסקה בסניף."
אריאל שטינברג,"מנכ""ל אשמורת בהסתדרות המורים. יו״ר מנהלת ליגת העל בכדורסל","אריאל הוא מנכ""ל אשמורת - מועדון הצרכנות והמינהל הכלכלי של הסתדרות המורים ויו״ר מנהלת ליגת העל בכדורסל. בשנת אלפיים הקים את רשת הזכיינות BBB ומשנת 2009 עבר למגזר הציבורי לאחר מכירת הרשת. הוא כיהן במשך עשור בתפקידים בכירים במרכז השלטון המקומי: ראש מטה היו""ר וסמנכ""ל כספים ופיתוח עסקי ובשנים האחרונות מכהן כמשנה למנכ""ל. בין הפרויקטים שהוביל: MUNIEXPO - יריד החדשנות של השלטון המקומי. כמו כן הקים את UNIVERCITY - מרכז ההכשרה והפיתוח של המנהלים ברשויות המקומיות ואת שלך - מועדון הצרכנות לעובדי הרשויות המקומיות שבו כיהן כיו""ר. כיהן גם כיו""ר רום - קרן ההשתלמות לעובדי הרשויות המקומיות המנהלת נכסים בסך של 3.5 מילארד ₪."
עודד שטמר,מנהל מחוז מרכז בלאומית שירותי בריאות,"עודד הוא מנהל מחוז מרכז בלאומית שירותי בריאות. כמו כן הוא שותף להקמת קהילת רפואה מרחוק ובעל ניסיון כמנהל בכיר ומומחה בהובלה ובמנהיגות בינאישית, בייזום, בהקמה ובהפעלת מערכי שירות, תפעול ומכירות בארץ ובעולם תוך עמידה ביעדים ושיפור שביעות רצון הלקוחות. בצעירותו היה עודד ראש שבט בתנועת הצופים."
מיכאל בן שטרית,"מנהל פיתוח ושותפויות בעמותת מסלולים, מרצה ויועץ ארגוני.","מיכאל הוא עצמאי, מרצה ויועץ ארגוני. קודם לכן שימש כמנהל תיכון בית חינוך שער הנגב. בתפקידו הקודם היה מנכ""ל עמותת שיעור אחר. לפני כן כיהן כמנהל אגף החינוך בעיריית קריית מלאכי וקודם לכן ייסד וניהל את תיכון מעוף ברנקו וייס מודיעין המיועד לנערים הנושרים של העיר, וגם כיהן כמנהל כיתות מעוף בתיכון עירוני ב' בעיר. בנוסף, הוא שימש כרכז שכבה וכמחנך כיתת תפנית לנוער בסיכון וכמרצה במכינה האקדמית של מכללת אחווה. מיכאל הנחה והוביל פעילויות חברתיות בקרב האוכלוסייה המוחלשת בבית שמש ובמטה יהודה, וגם פתיחת כיתת לימוד לנשים אנאלפביתיות ממושב זכריה."
ברוך שטרן,מנהל מרחב בני ברק מכבי שירותי בריאות,"החל משנת 2019 ברוך מנהל את מרחב בני ברק במכבי שירותי בריאות. קודם לכן משנת 2013 כיהן במספר תפקידי ניהול בארגון, בשנים 2016-2019 ניהל את מרחב אלעד, ולפני כן ניהל מרכזים רפואיים בגבעת שמואל של מכבי. ברוך שימש בעבר כראש מטה בעיריית אלעד, ובמכבי החל את עבודתו כמתאם קשרי לקוחות, כאשר בהמשך התקדם לתפקידי ניהול בארגון. לברוך השכלה ישיבתית תורנית ותואר ראשון במשפטים."
צחי שטרן,מנהל מחוז צפון לאומית שירותי בריאות,"החל משנת 2021 משמש כמנהל מחוז צפון בלאומית שירותי בריאות , קודם לכן והחל משנת 2013 שימשתי כמנהל אזור גליל מערבי בלאומית שרותי בריאות . לפני כן ובמשך 12 שנה שימשתי במגוון תפקידי ניהול באופיס דיפו כאשר האחרון סמנכ""ל רשת החנויות וראש אגף התפעול בישראל . במסגרת השנים באופיס דיפו שימשתי כמנהל סניף , מנהל אזור ומנהל תפעול ארצי . במקביל ובמשך שנים מנחה קבוצות בחברות מובילות במשק .
צחי בוגר לימודי תואר ראשון בסוציולוגיה ומדעי המדינה ותואר שני במנהל עסקים"
רחלי שטרן,"ראש החטיבה למענים סוציאליים לפוסט טראומה, אגף השיקום, משרד הבטחון","עו""ס - ר' החטיבה למענים סוציאליים לפוסט טראומה באגף השיקום, משרד הביטחון, אנו באגף עוסקים רבות מענים ייעודים לפוסט טראומה, מענים שיקומים לצד מענים בשעת משבר,  לפני כן, ניהלתי את תחום העבודה הסוציאלית בבריאות הנפש במשרד הבריאות ( 5 שנים), בעברי הייתי רכזת סל שיקום במחוז ת""א, צמחתי בתוך לשכת הפסיכיאטר במחוזי ועשיתי תפקידים שונים, נושא השיקום קרוב ומשמעותי בחיי, זכות גדולה לפיתוח שירותי שיקום בקהילה, ולהיות חלק משילוב של  מתמודדי נפש בקהילה"
תומר שגב (שטרקשל),מנהל מרכז שוורץ/רייסמן לחינוך מדעי בעכו,
נעמי שי,מפקחת מתאמת החינוך היסודי במחוז החרדי במשרד החינוך,"נעמי היא מפקחת פיתוח מקצועי והדרכה במחוז החרדי במשרד החינוך. במסגרת תפקידה היא אמונה על הלמידה המקצועית של מפקחים, מנהלים, בעלי תפקידים ועובדי הוראה בפריסה ארצית, ממונה על מערך ההדרכה המחוזי ומובילה את תחום התקשוב בחינוך החרדי. קודם לכן עבדה בעיריית ירושלים בתפקיד מנהלת היחידה הטכנולוגית במִנהל החינוך. כאשת חינוך היא ריכזה מגמות הנדסת תוכנה והתמחות הנדסאים בסמינרים בירושלים. נעמי היא פעילה חברתית ופועלת להשמת בוגרות סמינרים בחברות הייטק."
אסתר שי,"אסתר שי מפקחת על היעוץ בחמ""ד במחוז ההתישבותי, משרד החינוך המנהל לחינוך התישבותי","מפקחת על הייעוץ החינוכי  במנהל לחינוך התיישבותי  ועליית הנוער במשרד החינוך. בהכשרתי גם יועצת ארגונית ומאמנת מנטלית לספורטאים, ומרצה 
 בתואר השני ליעוץ במכללת עמק יזרעאל. הקמתי  והכשרתי פורום לצוותי מוגנות ישוביים בקבה""ד למניעה וטיפול בפגיעות מיניות בקהילה.  בשנה האחרונה  מגויסת למילואים ועוסקת בעיבוד חוויות לחימה עם קבוצות לוחמים ביציאתם מהשטח ולקראת חזרתם ללחימה, ובקבוצות תמיכה עבור נשות המגויסים. תחום פיתוח חוסן וקידום רווחה נפשית הינו המוקד לעבודת היועצים בשנה זו בפרט ואני עסוקה במציאת המודל האופטימלי עבור צוותים ותלמידים, כיוון שלהערכתי המציאות הנוכחית תמשיך איתנו לשנים קדימה, וכאנשי מקצוע מחפשת את תמהיל התקווה , פיתוח תחושת המסוגלות וגורמי תמיכה שיאפשרו לנו להחזיק  קהילות החוות שכול, אבל מתמשך וטראומה."
רויטל שיינברג,"רופאת ילדים, מחוז מרכז, שירותי בריאות כללית","מנהלת מינהלת אשדוד במחוז מרכז, שירותי בריאות כללית. בנוסף משמשת כרופאת ילדים בקהילה. עד שנת 2024 שימשה כחברת הנהלה במרכז הרפואי שמיר, מנהלת היחידה לניהול סיכונים ובטיחות הטיפול ורופאת ילדים בכירה. עורכת דין, חברה בלשכת עורכי הדין, התמחתה במשרד עורכי דין מוביל בתחום הרשלנות הרפואית. מומחית ברפואת ילדים ומינהל רפואי. בעלת תואר ראשון במשפטים מהאוניברסיטה העברית, תואר ד""ר לרפואה מאוניברסיטת בן גוריון בנגב, תואר MHA מאוניברסיטת בר אילן, סטודנטית לתואר MBA באוניברסיטת תל אביב. עוסקת במחקר מגיל צעיר בתחום רפואת ילדים, פרמקולוגיה קלינית וטוקסיקולוגיה"
לילך שיינגורטן,ניהול ואסטראטגיה של פרויקטים חברתיים,"לילך היא מנהלת פרויקט דרום עמותת נירים. לפני כן שימשה כמנכ""לית מועצה אזורית שער הנגב, ובמסגרת תפקידה התמודדה עם האתגר של ניהול מועצה תחת איום ביטחוני מתמשך, עבודת כרמ""ט חירום באירועי חירום, הובלת ניהול תחום ההון האנושי במועצה ופעולות גיבוש תוכניות אסטרטגיות ויישומן, ניהול תקציב המועצה וניהול פורומים מקצועיים עם הנהלות היישובים. ללילך רקע מקצועי בתחום החוסן הקהילתי שבו עסקה במשרד הביטחון ובעמותות המגזר השלישי. כמו כן עבדה ברשות החירום הלאומית במשרד הביטחון וניהלה בשותפות את השולחן הבין-מגזרי לחיזוק החוסן החברתי בישראל."
אמירה בוזגלו בן שימול,"אשת תקשורת , עצמאית","אשת תקשורת- עורכת תוכן ופיתוח פורמטים, מגישה ברדיו ובטלויזיה, מלהקת. עסק של ליהוק הגדול בישראל כולל: ליהןק סדרות, פרסומות, סרטים, תכניות ריאליטי ודוקו. בימים אלו מתמודדת בבחירות המוניציפליות להיות חברת מועצה בעיריית תא יפו, מתעתדת להיות יועצת ראש העיר לענייני תרבות."
יאיר שינדל,מייסד ושותף מנהל בקרן אמון פרטנרס - השקעות ברפואה ומדעי החיים,יאיר הוא מייסד ושותף מנהל בקרן אמון פרטנרס - השקעות ברפואה ומדעי החיים.
הילה שינוק,סגנית ראש אגף כלכלה ומנהלת מחלקת אסטרטגיה ומדיניות,"הילה היא סגנית ראש אגף כלכלה ומנהלת מחלקת אסטרטגיה ומדיניות בהסתדרות העובדים הכללית. בתפקידה הקודם ניהלה את מחלקת מאקרו ומדיניות באותו ארגון. לפני כן עבדה כמנהלת תחום מדיניות רגולציה בזרוע העבודה, כראש מטה ליו""ר ועדת העבודה והרווחה בכנסת וכעורכת דין לדיני עבודה. היא עוסקת בסוגיות רוחב של יחסי עבודה ושוק התעסוקה, ליווי הליכי חקיקה ורפורמות משקיות, ניתוח רגולציה וייעוץ במו""מ."
מוטי שיף,"סגן ראש אח״מ, משטרת ישראל",בעל תואר ראשון ושני במשפטים ומוסמך כעורך דין
אסף שירמן,ציר כלכלי למדינות אסיה וחבר דירקטוריון הבנק האסייתי להשקעה בתשתיות,"אסף משמש כציר כלכלי למדינות אסיה וחבר דירקטוריון הבנק האסייתי להשקעה בתשתיות מתאם משרד האוצר. בתפקידו הקודם שימש כיועץ כלכלי בכיר לשר האוצר. לפני כן ניהל את תחום חינוך והשכלה גבוהה באגף השכר והסכמי עבודה במשרד האוצר. מתוקף תפקידו הוא אחראי על קביעת מדיניות השכר ותנאי ההעסקה של עובדי ההוראה במערכת החינוך, ושל הסגל האקדמי הבכיר, הזוטר והמנהלי במוסדות להשכלה גבוהה. בין היתר, הוא עוסק בקידום רפורמות במערכת החינוך ובהובלת תהליכי משא ומתן מול ארגוני המורים וארגוני הסגל במערכת ההשכלה הגבוהה. זאת, תוך עבודה משותפת עם גורמים בכירים במשרד החינוך, במועצה להשכלה גבוהה, במוסדות האקדמיים, בכנסת, בממשלה ובארגון ה-OECD. בתפקידו הקודם היה אסף כלכלן באגף, אחראי על מערכת הביטחון ועל משרד התחבורה."
עלמה שירן,VP Employee Experience & Operations / HR Israel- Similarweb,"עלמה היא VP Employee Experience & Operations / HR Israel- Similarweb. לפני כן שימשה כמנהלת אגף קהילה דרום בעיריית תל אביב-יפו. במסגרת תפקידה הייתה אחראית על המרכזים ועל הקאנטרים הקהילתיים בדרום העיר, על תוכניות לעידוד קהילתיות וחוסן שכונתי ועל הקשר של העירייה עם התושבים בשכונות דרום העיר. היא וצוותה היו שותפים לתהליכים בנושאי תרבות, תחבורה, מדיניות תכנון, ביטחון אישי וניקיון, וניהלו את הקשר עם העסקים בדרום העיר. קודם לכן היא הייתה מנהלת המחלקה לרווחה ושיקום בחינוך בעיריית תל אביב-יפו והייתה אחראית על ייזום, פיתוח והפעלת תוכניות לקהלים שונים וכן על תוכניות לצמצום פערים בדרום תל אביב. בין תפקידיה הקודמים הייתה מנהלת מרכז קהילתי שפירא, מנהלת המחלקה הבינלאומית של תנועת הצופים ומרצה בתחום הקולנוע באוניברסיטה הפתוחה. כמו כן עבדה באוניברסיטת תל אביב כמנהלת הפסטיבל הבינלאומי ה-9 לסרטי סטודנטים וכמתרגלת ועוזרת הוראה בחוג לקולנוע וטלוויזיה. את דרכה המקצועית החלה עלמה בתנועת הצופים, שם שימשה כרכזת חינוך והדרכה מרכזית ולפני כן כרכזת הדרכה בשבטים בעיר."
לאה שכטר,מנהלת אגף משאבי אנוש בעיריית בני ברק,"משנת 1993 לאה ממלאת תפקידי ניהול בתחום המשאב האנושי בעיריית בני ברק וכיום היא מנהלת שם את אגף משאבי האנוש. במסגרת תפקידיה היא אחראית להון האנושי ברשות משלב המיון והקליטה ועד לפרישה ופועלת לזיהוי ולפיתוח שדרה ניהולית באמצעות קידום והכוונת עובדים בעלי פוטנציאל ניהולי. כמו כן היא חברה בוועדת לימודים המעודדת את עובדי הרשות לצאת ללימודים אקדמיים ותומכת בהם ומרצה על היבטים משפטיים ברשויות ועל משאבי אנוש במכללות, בסמינרים ובמרכז השלטון המקומי. לאה מתנדבת במתן ייעוץ ארגוני ומשפטי בתחום דיני עבודה לעמותת עזר מציון ומסייעת בארגון מחנות נופש לנערים מאותגרים ולתשושי נפש."
נמרוד שלבי,"סמנכ״ל כספים, אלביאדר לפיתוח כלכלי חברתי בע״מ (חל״צ)","סמנכ״ל כספים בארגון אלביאדר לפיתוח כלכלי חברתי הפועל לקידום ופיתוח כלכלי חברתי של החברה הערבית, והכולל הכשרות מקצועיות, ידע ומחקר, קידום מיזמים משותפים עם משרדי הממשלה לאספקת שירותים ממשלתיים וציבוריים, חיזוק ארגוני החברה האזרחית. 

בנוסף, אני בעל משרד ייעוץ וראיית חשבון להתנהלות עמותות במסגרתו אני נותן שירותי ייעוץ לייעול עבודת ארגוני החברה האזרחית והשלטון המקומי בכלל והחברה הערבית בפרט. 

בעבר שימששתי כמנהל אגף א' תקציב ומינהל במזכירות הפדגוגית במשרד החינוך.
אגף זה מרכז את פעילות המזכירות הפדגוגית בתחומים שאינם פדגוגיים. האגף אחראי על תכנון ומימוש התקציב של כלל האגפים השונים. בנוסף, באחריות האגף תחום משאבי האנוש וההדרכה של כלל עובדי המזכירות הפדגוגית. 
במשך 10 שנים עבדתי במשרד המשפטים בתפקידים שונים: גזבר מחוזי בסניגוריה הציבורית, כלכלן ביחידת החילוט באפוטרופוס הכללי וכן כמבקר תאגידים בזרוע המלכ""רית של רשות התאגידים.
טרם כניסתי לשירות הציבורי נמרוד עבדתי כרואה חשבון בפירמת PWC בירושלים."
מורן שניידר-רוזנבלום,ראש החטיבה החברתית במשרד המשפטים,"מורן היא ראש החטיבה החברתית במשרד המשפטים, אותה הקימה בשנת 2023. החטיבה בראשותה אמונה על קידום סוגיות משפטיות-חברתיות בנושאים שונים: צמצום תופעת הזנות, מאבק בסחר בבני אדם, אלימות במשפחה, קידום זכויות ילדים ונוער, תכניות המשרד בחברה הערבית ובחברה החרדית, השלכות תופעת הפוליגמיה ועוד. 

בתפקידים קודמים, שימשה מורן כסגנית היועצת המשפטית וראש אשכול החקיקה בלשכה המשפטית, כיועצת מקצועית לשרי משפטים שונים, וכרפרנטית באשכול החוקתי העוסק בזכויות יסוד ביעוץ וחקיקה. 

טרם החלה את עבודתה בשירות הציבורי, שימשה מורן כעוזרת הוראה ועוזרת מחקר באוניברסיטה העברית, עבדה במחלקה המשפטית של התנועה לאיכות השלטון (ע""ר), והתנדבה במחלקה המשפטית של המועצה הלאומית לשלום הילד."
שירי שניצקי,"מנהלת אגף קיימות וסביבה, אשכול רשויות המפרץ","שירי היא מנהלת אגף קיימות באשכול המפרץ המעניק שירות ל-18 רשויות מקומיות באזור חיפה והצפון, בו היא פועלת לקידום ראייה אזורית בתחומי סביבה, פסולת ואנרגיה. 
שימשה מעל לעשור כמשרתת ציבור במשרד הפנים, משרד התחבורה ומשרד ראש הממשלה. 
בוגרת תכנית ""עתידים - צוערים לשירות המדינה"". 
כחלק מעבודתה במשרדי הממשלה פעלה לקידום נושאים בענייני השלטון המקומי, פיתוח כלכלי, תכנון עירוני, שיתופי פעולה בין מגזריים ותשתיות. 
בתפקידיה שימשה בין היתר כמנהלת תחום בכירה תיאום תשתיות ברשות המטרו, כמנהלת אגף תכנון מפת השלטון המקומי וכיועצת למנכ""ל בתחום התכנון והבנייה במשרד הפנים."
מעיין שניר,מייסדת ומנכ״לית Connecta - מומחית קהילות ורשתות,"מעיין היא עורכת דין ופסיכולוגית ארגונית. בעלת חברת ייעוץ, מרצה ומייעצת לגופים ציבוריים ופרטיים בנושאים של קהילות, חיבורים ונטוורקינג, יועצת למנהלים בנושאי קריירה. מייסדת ומנהלת Day Job> המקום לנשים עסוקות, שנבחרה כאחת מהקהילות המשפיעות בפייסבוק ישראל ומונה כ-25,000 נשים. שותפה לשעבר באחד ממשרדי עורכי הדין הגדולים הארץ FBC&Co."
אבי שניר,"מייסד ומנכ""ל Elevation, Elevation","יזם חברתי, אבא, בעל ומאמין. מייסד ומנכ""ל Elevation, סטרטאפ אימפקט שפועל לפתור את המחסור בכוח אדם מיומן ולייצר עולם שוויוני יותר ללא שכר לימוד. מרצה בתחום Future of Work."
ציון שנקור,"מפקד מחוז יו""ש, כבאות והצלה לישראל","פיקוד וניהול מטה המחוז בהתאם להנחיות מפקד המחוז ובכלל זה:
סיוע בגיבוש יעדים, הכנת תוכניות עבודה שנתיות ורב שנתיות, משימות וסדרי עדיפויות, הקצאת תשומות כ.א וציוד כבאות והצלה.
אחריות על הרמה המקצועית של עובדי המטה במחוז וכלל עובדי המחוז ותחנות הכיבוי באמצעות תכנון וארגון השתלמויות מקצועיות.
מנהל את תקציב המחוז, אחראי על בטיחות ,שילוב מתנדבים,למידה מתחקירים, לוגיסטיקה ובקרה בתחנות.
באירועי חירום ניהול זירות אירוע במקביל למפקד המחוז."
חסן אבו שעלי,"יזם וחדשן חברתי, מנהל מוצר בכיר ב Microsoft AI","חסן הוא יזם וחדשן חברתי, טכנולוג ומעצב חוויית שימוש, שפועל לקידום חדשנות עם משמעות ויוזמות עם השפעה חברתית בת קיימא. הוא היזם המייסד של עמותת חאסוב הפועלת לקידום יזמות טכנולוגית כמנוף כלכלי לחברה הערבית, ושל ארגון אבתיקאר שפעל  לקידום חינוך טכנולוגי ותרבות המייקרים בחברה הערבית. כיום הוא עובד כמנהל מוצר בתחום אבטחת המידע בחברת Microsoft ומשרת בבורד של עמותת חאסוב, בבורד של Recrear International ובוועדה המייעצת של תוכנית GATHER הבינלאומית למחוללי שינוי חברתי. הוא מוביל ומתנדב בפרויקטים חברתיים ומייעץ ליוזמות טכנולוגיות וחברתיות. חסן נבחר ברשימת Forbes Under 30 לשנת 2017 וגם ברשימת 40/40 הצעירים המבטיחים בארץ בעיתון TheMarker. ההרצאה שלו ב-TEDx זכתה ליותר מ-50,000 צפיות ולשיתוף העמוד הרשמי של TEDx ותורגמה לכמה שפות."
שי לי שפיגלמן,"מנכ""לית תאגיד הבריאות, המרכז הרפואי תל-אביב, איכילוב","שי לי היא פרויקטורית פיתוח ותקומה במכללת ספיר. קודם לכן שימשה כמנכ""לית Fiverr Business. בתפקידה הקודם הייתה מנכ""לית משרד המדע והטכנולוגיה. קודם לכן שימשה כראש מטה ישראל דיגיטלית וכיהנה כחברת מועצה בסביון וכמחזיקת תיק החינוך המשלים והקהילה. לפני כן עבדה בחברת מיקרוסופט ישראל כמנהלת רגולציה, קשרי ממשל ואחריות חברתית ובתפקידה האחרון שם כיהנה כסמנכ""לית שיווק ואחריות חברתית וכחברת הנהלה של מרכז המחקר והפיתוח. בעבר . את שירותה הצבאי סיימה שי-לי כראש משמרת חדר התרעה בחיל האוויר, והיא בוגרת קורס מודיעין אוויר."
גיא שפיגלמן,EMEA Lead Healthcare and Life Sciences Startups at Amazon Web Services,"גיא משמש כמנהל פיתוח עיסקי, בריאות ומדעי החיים באמאזון ישראל. לפני כן היה Entrepreneur in Residence בaMoon. בתפקידו הקודם כיהן גיא כמנכ""ל Israel PresenTense, ארגון המתמקד בהנגשת יזמות ושימוש ביזמות ככלי להיטיב עם החברה, על ידי חיזוק הכלכלה המקומית, העשרת והעצמת חיי הקהילה וסיוע בפתרון סוגיות מרכזיות בחברה. במסגרת תפקידו, גיא הקים והוביל 8 אקסלרטורים פורצי דרך בעולם העסקי, החברתי והקהילתי, כולל האקסלרטור הטכנולוגי הראשון לחברה הערבית בישראל והאקסלרטור הראשון בעולם למיזמים לבעלי מוגבלויות. קודם לכן שימש בתפקידים בכירים בסטארט-אפים שונים, בין היתר כמנכ""ל אפוס מדיקל בבריטניה, כסמנכ""ל מכירות בחברת Radview Software, כסמנכ""ל אסיה-פסיפיק בחברת XMPiE ועוד. לצד הקריירה העיסקית, גיא שימש במשך 6 שנים כיו""ר ועד מנהל במכון מרחבים לאזרחות משותפת. גיא פעיל במפלגת ""העבודה"", בה משמש כעורך מגזין החדשות הבינלאומי של המפלגה והתמודד ברשימת המפלגה בבחירות לכנסת בשנת 2006. במקביל, הוביל קמפיין לשינוי מימון השכלה על-תיכונית יחד עם שרת החינוך, יולי תמיר. לפני עלייתו לישראל, היה מזכ""ל בתנועת הנוער ""הבונים"" באוסטרליה."
יהודה שפיצר,יועץ ארגוני לארגונים/קהילות במגזר החרדי,"יהודה הוא יועץ ארגוני לארגונים/קהילות במגזר החרדי. בתפקידו הקודם היה מנכ""ל עיריית ביתר עילית ובמסגרת תפקידו הוביל עם ראש העיר תהליכי התייעלות והבראה שהביאו את העירייה לאיזון כלכלי וקידם תהליכים ארגוניים. קודם לכן היה סמנכ""ל בחברה לפיתוח ביתר עילית ובמסגרת תפקידו הוביל תהליכים שהביאו את החברה לרווחיות, וכן תהליך של הבנייה הציבורית המתבצעת על ידי החברה לפיתוח – החל בשלב התכנון וכלה בשלב הביצוע, כולל גיוס המשאבים. בעבר מילא מגוון תפקידים במועצה הדתית ירושלים."
מיכל צוק שפיר,יועצת משפטית בבית הנשיא,"מיכל מכהנת כיום כיועצת המשפטית ומנהלת המחלקה המשפטית בבית הנשיא. בראשית דרכה כמשפטנית הייתה מיכל ממקימי הרשות לאיסור הלבנת הון ומימון טרור במשרד המשפטים. בהמשך שימשה כעשר שנים כפרקליטה במחלקת הבג""צים וייצגה את משרדי הממשלה ורשויות שונות לפני בג""ץ. היא התמחתה במגוון נושאים, ביניהם דיני בריאות, חופש הביטוי, תכנון ובנייה. בשלהי תקופת כהונתו של הנשיא פרס ז""ל ובראשית תקופת כהונתו של הנשיא ריבלין היא שימשה כמ""מ היועצת המשפטית לנשיא המדינה. מאז 2017 כיהנה כראשת בתי דין מנהליים בתחום ההגירה במשרד המשפטים, תפקיד המהווה שילוב בין נשיא ערכאה לבין מנהלת של הנהלת בתי דין. בנוסף, בזמן משבר הקורונה היא הובילה הקמה של בית דין מקוון לטיפול בעררים בתחום הקורונה לטובת מעסיקים שהחזירו עובדים מחל""ת ולא קיבלו מענק משירות התעסוקה. מיכל היא בוגרת קורסי ניהול בכירים ותוכנית מנטורים לאנשים עם מוגבלות, בעלת תואר ראשון במשפטים, מתרגלת בתחום המשפט החוקתי ואיסור הלבנת הון ומרצה בתחום המשפט וההגירה."
ארנון שפירא,"מנכ""ל יוניליוור ישראל","ארנון הוא מנכ""ל יוניליוור ישראל. קודם לכן שימש כסמנכ""ל המכירות ביוניליוור ישראל, תאגיד מוצרי הצריכה החמישי בגודלו בארץ. בתפקידו הקודם שימש סמנכ""ל שיווק ומנהל היחידה העסקית של תחומי המזון, הטיפוח האישי וטיפוח הבית בחברה, ובעבר מילא שורה של תפקידי מפתח בתחומי השיווק והמכירות ביוניליוור בישראל ובמטה יוניליוור העולמית באירופה. ארנון בעל ניסיון רב בניהול והובלת אנשים, בהובלת תהליכי שינוי מורכבים, ובבניית אסטרטגיה עסקית, מסחרית ושיווקית, בכלל זה חדשנות מוצרית ופרסום. בשירותו הצבאי ארנון שימש כקצין ביחידה 8200."
רויטל שפירא,מנהלת מחוז תל אביב משרד החינוך,"רויטל היא מנהלת מנהלת מחוז תל אביב במשרד החינוך, היתה אחראית על כ1900 עובדים לפני כן ניהלה כ6 שנים את  חינוך בעיריית רעננה. לפני כן היא ניהלה את אגף החינוך העל יסודי בפתח תקווה ובמסגרת תפקידה הייתה אחראית על 13,000 תלמידי כיתות ז'-י""ב, ב-26 בתי ספר, על הקונסרבטוריון העירוני ועל בית הספר לשגרירים צעירים. בנוסף, היא ניהלה במשך חמש שנים את תיכון בן גוריון בפתח תקווה. בשנים 1998–2007 היא הייתה רכזת מב""ר עירונית ובמסגרת תפקידה והייתה אחראית על הכשרות מורים ועל קידום תלמידי המב""ר בעיר. בשנים 1990–1995 היא מילאה תפקידים רבים בחינוך הבלתי פורמלי באגף הנוער והצעירים של עיריית פתח תקווה, ובהם הדרכה בקורסי מדצ""ים, הנחיית מועצת תלמידים אזורית, רכזת נוער, רכזת פרס הנוער הישראלי ועוד. בשירותה הצבאי הייתה רויטל קצינת קישור ומפקדת מחלקה בקורס קצינות."
שירה שפירא,סמנכ״לית משרד המורשת,"מנהלת בכירה בשירות הציבורי, אדריכלית ומתכננת ערים. בעלת ניסיון רב בהקמה ובניהול תוכניות לאומיות ופרוייקטים רחבי היקף ותקציב, בשיתוף משרדי הממשלה, רשויות מקומיות ומוסדות התרבות, המורשת והמוזיאונים המובילים בישראל ובעולם.

מאז 7.10 מובילה את התוכנית האסטרטגית הממשלתית לתיעוד, מורשת והנצחה בחבל תקומה - כולל ניהול שותפויות בארץ ובעולם ועבודה מאומצת מול קרנות וגופים פילנתרופיים. במקביל פועלת להנחלת מורשתו של בני ענר שפירא, שנפל בקרב גבורה במיגונית ברעים, ומייסדת העמותה על שמו.

מתמחה ביזמות ציבורית וממשלתית, והפיכת חזון למציאות: משלב הרעיון, בניית אסטרטגיה, גיבוש שותפויות ועד הוצאה לפועל וניהול היקף פעילות נרחב של תוכניות בהיקפים תקציביים של מאות מיליונים.

ניסיון בהובלת שותפויות מורכבות, יצירת קשרים בין אישיים ורתימת שותפים – בין משרדי ממשלה, תאגידים סטטוטוריים, עמותות, רשויות מקומיות, אקדמיה וגופי תוכן מישראל ומהעולם."
אסא שפירא,"מנכ""ל NUDGE וראש מסלול פרסום ושיווק באוניברסיטת תל אביב","אסא הוא מנכ""ל NUDGE וראש מסלול פרסום ושיווק באוניברסיטת תל אביב. בעל ניסיון של יותר מעשור כמנהל האסטרטגיה הפרסומית של כמה מהמותגים המובילים בישראל. הוא מתמחה בחקר התנהגות צרכנים ועיצוב התנהגות תוך שילוב תובנות מחקר התרבות וסמיוטיקה ועד לכלכלה התנהגותית ופסיכולוגיה אבולוציונית. אסא פעל על מנת לסייע לשחקנים המובילים במשק לעבור טרנספורמציה דיגיטלית לעולם השיווק של המחר."
שחר שפירא,סמנכ''ל אמבולטוריקה ומנהל המרכז לרפואת אסונות במרכז הרפואי שיבא,"ד""ר שחר שפירא הוא סמנכ''ל אמבולטוריקה ומנהל המרכז לרפואת אסונות במרכז הרפואי שיבא. בתפקידו הקודם שימש עוזר למנהל בית החולים הכללי בהנהלת המרכז הרפואי שיבא והקים את פרויקט חוזרים לחיים - המרכז לטראומה נפשית. לפני כן פיקד על מערך הרפואה בחיל האוויר, לפני כן פיקד על מערך הרפואה בחיל הים. בנוסף, הוא שירת כרופא צבאי בחיל האוויר, בחיל הים ובכוחות היבשה. את ההתמחות כמומחה בכירורגיה אורטופדית ואת התמחות העל במנהל רפואי הוא ביצע בבית חולים שיבא."
הדס שפירא-מדמוני,ראש אגף ההדרכה במשטרת ישראל,"הדס הייתה מפקדת קורס הלוחמות הראשון במג""ב בשנת 96' ולאורך השנים עשתה מגוון תפקידים במשטרה בין תפקידיה האחרונים: ראש מחלקת פרט במשטרה, קצינת החינוך הראשית, ראש מחלקת קהילה, ראש חטיבת הדוברות וסגנית ראש אגף משאבי אנוש. כיום בדרגת ניצב. 
הדס בוגרת המכללה לביטחון לאומי, קורס דירקטורים וקורס גישור."
אפרת שפר,"יועצת עסקית ומנטורית. יו""ר שותפות בוסטון-חיפה.","יועצת עסקית ומנטורית ויו""ר שותפות בוסטון-חיפה. בתפקידה הקודם הייתה נשיאת פיליפס ישראל, חברה המונה כ-1,700 עובדים בישראל ועוסקת בפיתוח, ייצור ושיווק בתחומי הטכנולוגיה הרפואית, רפואה דיגיטלית, רדיולוגיה, קרדיולוגיה והדמיה רפואית. קודם לכן הייתה מנכ""לית החטיבה הגלובלית של פיליפס לאפליקציות דימות קליניות (Imaging Clinical Application Platform) והקימה את מיזם מערכות המידע האונקולוגיות (Oncology Informatics) של פיליפס הממוקד בפיתוח מערכות מידע תומכות החלטה לתחום האונקולוגי. לפני כן ניהלה קבוצת מחקר קליני בתחום הדימות. אפרת מכהנת כחברה במועצת המנהלים של IATI ( האיגוד הישראלי לתעשיות מתקדמות) וחברה ב 8400 - רשת הבריאות."
אפרת שפרוט,"מנכ""לית אגף ישראל מעבר למגבלות, חוסן ובריאות נפשית בג'וינט ישראל","אפרת היא מנכ""לית עמותת נט""ל - נפגעי טראומה על רקע לאומי. בשנים 2016-2020 שימשה כמנכ""לית קרן הזדמנות לקידום השירות האזרחי. משנת 2010 שימשה כמנכ""לית עמותת עלם – עמותה לנוער במצבי סיכון המהווה ארגון ארצי, מבוזר ומקצועי, מהארגונים המובילים במגזר השלישי בישראל. בתפקידיה הקודמים בעלם ניהלה את המחלקה לפיתוח משאבים ואת המחלקה המשפטית בעמותה. בעברה שימשה כעורכת דין מסחרית במחלקת שוק ההון במשרד עורכי הדין ברץ ושות‘. אפרת ממלאת תפקידים ציבוריים: יו""רית השולחן העגול התלת מגזרי במשרד רוה""מ בראשות ראש הממשלה, דירקטורית בחברת יוזמות תעסוקתיות לנוער בע""מ ודירקטורית בחברת קבוצת ליליות בע""מ. את שירותה הצבאי סיימה כקצינת חינוך ביחידת ההסברה בהר גילה."
רינת שפרן,"סמנכ""לית פיתוח ומנועי צמיחה, משרד העלייה והקליטה","רינת היא מנהלת אגף בכיר מדע וקהילה במשרד החדשנות, המדע והטכנולוגיה. במסגרת תפקידה היא מובילה את המטרות החברתיות של משרד המדע ובהם צמצום פערים באמצעות מדע וטכנולוגיה, מו""פ בפריפריה החברתית והגיאוגרפית, הבטחת נגישות למדע ומחקר לכלל האוכלוסיות וקידום גיוון ופיתוח דור העתיד של המצוינות המדעית בישראל. בשנים 2020-2017 היא כיהנה כמנהלת אגף חדשנות ודיגיטציה ברשויות המקומיות במשרד הפנים, המופקד על פיתוח מדיניות ופעולות המשרד בתחום הערים החכמות, המעבר לשירותים דיגיטליים והטמעת תחום החדשנות, הדאטה והשקיפות ברשויות המקומיות. במקביל, היא הקימה וניהלה את תוכנית החומש לפיתוח כלכלי-חברתי של הרשויות הבדואיות בנגב במסגרת החלטת ממשלה 2397. בתפקידה הקודם במשרד הפנים היא ניהלה את אגף ההדרכה ברשויות המקומיות. לפני כניסתה לשירות המדינה היא שימשה כשליחת הסוכנות היהודית בעיר קייפטאון, דרום אפריקה, וכמנהלת תוכניות חינוכיות לנוער ולסטודנטים מקהילות יהודיות ברחבי העולם במסגרת החוויה הישראלית – חברה בת של הסוכנות היהודית. רינת היא בוגרת המחזור הראשון של תוכנית צוערים לשירות המדינה, ומשרתת במילואים כקצינת נפגעים."
דקלה אהרן שפרן,כתבת פרלמנטרית ומגישה בתאגיד השידור כאן,"דקלה היא כתבת לענייני בריאות ומגישה בתאגיד השידור כאן. היא החלה את דרכה התקשורתית ככתבת לענייני ירושלים ברשת ב' של קול ישראל, ולאחר מכן שימשה ככתבת דתות ובריאות והגישה יומני חדשות ותוכניות אקטואליה ודעה. עם הקמת תאגיד השידור הציבורי החלה לשדר בפלטפורמות השידור השונות: טלוויזיה, רדיו ודיגיטל. במסגרת עבודתה פרסמה תחקירים, בין השאר על ההפרדה בין יולדות יהודיות וערביות, ועקבה מקרוב אחר תהליכי עומק כמו הרפורמה בבריאות הנפש והשלכותיה."
אדר שץ,מנהלת מחלקת תכנון ופרויקטים באסותא מרכזים רפואיים,"אדר מנהלת מחלקת תכנון ופרויקטים באסותא מרכזים רפואיים. בתפקידה הקודם שימשה אדר כמנהלת תחום בכירה של תוכניות עבודה בחטיבת המרכזים הרפואיים הממשלתיים של משרד הבריאות. במסגרת תפקידה היא הובילה את תהליכי גיבוש האסטרטגיה, התכנון, המדידה והבקרה ברשת המרכזים הרפואיים הממשלתיים, יוזמת ומובילת פרויקט מפה אסטרטגית לרשת הממשלתית, ושימשה כמובילה עסקית של פיתוח מערך ה-BI בחטיבה. לפני כן ניהלה את תחום התקציב באגף תכנון, תקצוב ותמחור במשרד הבריאות, ולפני כן עבדה במכון ברוקדייל למחקר יישומי בתחומי החברה והבריאות."
תמר פוריה שרביט,"סמנכ""לית תכנון ICR-ISRAEL CANADA REM","תמר היא מהנדסת העיר באר שבע וראש מנהל ההנדסה. במקצועה אדריכלית ומתכננת ערים בעלת ניסיון עשיר בשירות בתפקידים שונים במגזר הציבורי בתחום התכנון והבנייה. במסגרת תפקידיה השונים במגזר הציבורי מובילה מזה שנים תהליכי פיתוח עירוניים הכוללים הקמת שכונות מגורים בעלות אלפי יח""ד, מרכזי תעסוקה ומסחר, תיירות, מבני ציבור והקמת פרוייקטים הנדסיים ותשתיתיים מורכבים מזה כ-4 שנים מכהנת כמהנדסת העיר באר שבע , מנהלת ומובילה את כלל תהליכי התכנון, הבנייה והפיתוח בעיר המטרופולין לרבות בתהליכים מחוללי שינוי בנגב כגון הסכם הגג, התחדשות עירונית בשכונות הותיקות, מעבר צה""ל דרומה, תכנון הקו הראשון של הרכבת הקלה באזור, פיתוח והתחדשות העיר העתיקה ורובע החדשנות הראשון של מדינת ישראל מנהלת את מנהל ההנדסה בעירייה המונה כ-150 עובדים תוך הטמעת תהליכי העצמה אישיים ומקצועיים. הצוות שלה הם המשאב המשמעותי ביותר מבחינתה, תמר  מאמינה שתהליכים אלה מהווים בסיס להמשך יצירה משותפת."
חני שרודר,"מנהלת האגף לתכנון מדיניות, משרד הבריאות","מנהלת את האגף לתכנון מדיניות במנהל תכנון אסטרטגי וכלכלי במשרד הבריאות. במסגרת התפקיד, יזמתי, הקמתי וניהלתי מספר תכניות אסטרטגיות לאומית בתחום הבריאות, כגון התכנית הלאומית לתכנון פריסה אופטימלית של שירותי בריאות. אני מנהלת צוות של 14 עובדים ואחראית על תקציבים בהיקף של כ-35 מלש""ח. בחירום אני מנהלת את הדסק החרדי בחמ""ל של משרד הבריאות. לפני התפקיד הנוכחי עבדתי כמנהלת תחום מחקר בתכנית הלאומית למדדי איכות של בתי-החולים.
ובתפקיד הקודם הייתי אחות אחראית בלשכת-הבריאות ירושלים. בעשור האחרון אני מכשירה את דור העתיד של האחיות, כמרצה בבית-הספר לסיעוד של הדסה והאוניברסיטה העברית."
יובל שרייבמן,"סמנכ""ל למידה והוראה באוניברסיטת בר-אילן","יובל הוא סמנכ""ל למידה והוראה באוניברסיטת בר-אילן. לפני כן ייסד ומינכ""ל את המרכז לחדשנות בלמידה באוניברסיטת תל אביב. המרכז לחדשנות בלמידה הוקם כדי להתמודד עם אחד האתגרים המשמעותיים במערכת ההשכלה הגבוהה: כיצד ניתן לייצר למידה מותאמת אישית ומבוססת נתונים? את התשובה לכך מספק המרכז באמצעות תיכון אקדמי מקוון - תוכנית לאומית בשיתוף משרד החינוך המנגישה השכלה אקדמאית לכל תלמיד, בעיקר בפריפריה דרך יצירת מסלול קבלה חדש לאוניברסיטה ללא מבחן פסיכומטרי, המבוסס על קורסים מקוונים, והקמת Minducate - מרכז מחקר בתחום מדעי המוח והלמידה. בנוסף, המרכז מפתח קורסים מקוונים אשר זכו בפרסים עולמיים עם מעל מיליון לומדים מהעולם, והיה שותף להקמת כנס שנתי בנושא חדשנות בלמידה (אד-טק). בתפקידיו הקודמים יובל שימש כיועץ בכיר לנשיא אוניברסיטת תל אביב ולפני כן היה יועץ בכיר לממונה על השכר במשרד האוצר ובמסגרת זו היה בצוות שגיבש את הסכם אופק חדש."
משה שריקי,"סמנכ""ל מדיניות ופיתוח- קרן משפחת ליאון","סמנכ""ל מדיניות ופיתוח בקרן משפחת ליאון. קודם לכן כיהן כסמנכ""ל חינוך באליאנס כל ישראל חברים לאחר שהיה מנהל החינוך באירגון. הוא החל את דרכו במערכת החינוך כמורה להיסטוריה והתקדם לתפקיד מנהל בית ספר בירושלים. במקביל, הקים עמותה לקידום הישגים ולמצוינות שפעלה אף היא בעיר. בהמשך עסק בפעילות חינוכית וחברתית ובפיתוח מנהיגות בקרב סטודנטים וצעירים במסגרת ""ממזרח שמש"" מבית כל ישראל חברים. בתפקידו הקודם הוביל הכשרה למחנכות ולמורים."
סלאם שרקייה,"סמנכ""ל שיווק בגלובס לשעבר","סלאם הוא סמנכ""ל שיווק בגלובס. לפני כן כיהן כמנהל שיווק קהלים בחברת קוקה-קולה ישראל והיה אחראי על ניהול הפעילות השיווקית בתחום קהלים בחברה. בשנת 2003 התחיל את פעילותו כיו""ר אגודת סטודנטים במכללת דוד ילין בירושלים, בהמשך כיהן כמזכ""ל ארגון הסטודנטים הארצי וכעבור כשלוש שנים שימש כיועץ השר לשעבר עמי אילון בנושאי צעירים, סטודנטים וקהילות. בשנת 2009 הצטרף סלאם לחברת פרטנר שהייתה הזכיינית למותג Orange וכיהן במגוון תפקידים ניהוליים בחטיבת השיווק והתוכן: מנהל שיווק מוצרים מתקדמים (Mobilebroadband), מנהל שיווק 012 מובייל ומנהל שיווק מגזרים תוך ניהול הפעילות העסקית, השיווקית והפרסומית של החברה בקרב קהלי היעד השונים."
ג'מיל שרקייה,ממונה על החינוך היסודי באגף הערבי במינהל החינוך בעיריית ירושלים,"מאז ספטמבר 2019 ג'מיל ממונה על מערכת החינוך היסודי במינהל חינוך ירושלים באגף הערבי. הוא אמון על 48 בתי ספר יסודיים, כ-24,000 תלמידים ותלמידות, ואחראי על ניהול ותכנון פעילותה ופיתוחה החינוכית, הארגונית והקהילתית של מערכת החינוך היסודי באגף תוך פיקוח ותיאום פעילות היחידות השונות במערכת החינוך היסודי. לפני כן הוא ניהל את תוכנית הלימוד המשותף מטעם מט""ח יחד עם צוות של מנח""י וביחד הצליחו לבנות תוכניות לימוד משותף בין בתי ספר ממגזרים מגוונים בירושלים. ג'מיל מאמין שהחינוך הוא מנוף לשילוב החברה במרחב בטוח ולבניית מערכת יחסים מבוססת שיח ואחריות משותפת."
ליזה תבורי,"סמנכ""לית בכירה למשאבי אנוש וחברת הנהלה בחברת אורמת","ליזה היא סמנכ""לית בכירה למשאבי אנוש וחברת הנהלה באורמת - חברה ציבורית גלובלי לאנרגיה ירוקה, המונה כ-1,500 עובדים, מרביתם בישראל ובארה""ב. במסגת תפקידה היא אחראית על אסטרטגיית ההון האנושי והיבטיו מקצה לקצה. בעברה כיהנה כסמנכ""לית משאבי אנוש בחטיבת הפוספטים הבינלאומית בכימקלים לישראל ICL וכאחראית על חטיבה רחבה בפריסה גלובלית ואחראית על פעילות משאבי אנוש ב-15 מדינות. לפני כן היא ניהלה את תחום משאבי האנוש בחטיבות התפעול והחלב בתנובה, ובמסגרת זו הייתה אחראית על ניהול המשאב האנושי בשש מחלבות תנובה בפריסה ארצית וגילמה בתחומי אחריותה את מחזור חיי העובד והמנהל בארגון - מגיוס ועד פרישה, כולל ליווי וייעוץ למנהלים בתפקיד וניהול תקציב משאבי האנוש. בעבר עבדה בחברת אסם כמנהלת מש""א ומצוינות תפעולית והובילה מתודולוגיית TPM לשיפור ביצועי התפעול ולמקסום המשאבים בניהול רזה. כיום היא מובילה ומקדמת פרויקטים  אסטרטגיים בתחום הפיתוח האישי והמקצועי, גיוון בתעסוקה, מסלולי קריירה ועיצוב תהליכי למידה. ליזה היא בעלת ניסיון כעצמאית בחברה לייעוץ ולהפקת אירועים וכמרצה וכיועצת אקדמית באוניברסיטה הפתוחה."
עופר תודר,"מנכ""ל עיריית אום אל פחם","מנכל עיריית אום אל פחם 
מנכל עיריית אור יהודה 
מנכל עיריית רמלה
גזבר עיריית רמלה
סמנכל חברת אורבניקס"
דורון דוד תורג'מן,בעלים של חברה לחדשנות בטחונית,"דורון הוא מפקד מחוז ירושלים בדרגת ניצב החל משנת 2021. משנת 2018 ועד פברואר 2021 שימש כבדרגת תת ניצב כמפקד על מרחב קדם במחוז ירושלים, שגזרת אחריותו היא על הצד המזרחי של ירושלים. לאורך שירותו הצבאי ובמשטרת ישראל הוא פעל ופועל בתחום הביטחוני והמבצעי ויש לו ניסיון רב בבילוש ומודיעין, מבצעים וסיור בהיבט הפיקודי, אירועי סדר ציבורי, פשיעה חמורה ופעילות חבלנית עוינת. לפני תפקידו הנוכחי הוא היה בין השאר מפקד מודיעין בילוש מרחבי, ראש ענף מבצעים בירושלים, מפקד משטרת לוד, מפקד משטרת נתניה ומפקד מרחב דוד.לצד פעילותו המבצעית הוביל דורון פעילות קהילתית משמעותית מול אוכלוסייה מורכבת בדגש מול נוער."
